Household
Date;P # (MW)
2014-01-01 00:00:00;305.63e-6
2014-01-01 00:15:00;303.97e-6
2014-01-01 00:30:00;309.16e-6
2014-01-01 00:45:00;320.81e-6
2014-01-01 01:00:00;332.69e-6
2014-01-01 01:15:00;347.84e-6
2014-01-01 01:30:00;358.82e-6
2014-01-01 01:45:00;370.45e-6
2014-01-01 02:00:00;378.99e-6
2014-01-01 02:15:00;383.02e-6
2014-01-01 02:30:00;384.52e-6
2014-01-01 02:45:00;380.99e-6
2014-01-01 03:00:00;369.04e-6
2014-01-01 03:15:00;350.23e-6
2014-01-01 03:30:00;327.21e-6
2014-01-01 03:45:00;306.76e-6
2014-01-01 04:00:00;295.22e-6
2014-01-01 04:15:00;281.23e-6
2014-01-01 04:30:00;271.77e-6
2014-01-01 04:45:00;259.51e-6
2014-01-01 05:00:00;248.55e-6
2014-01-01 05:15:00;244.54e-6
2014-01-01 05:30:00;248.77e-6
2014-01-01 05:45:00;265.43e-6
2014-01-01 06:00:00;299.34e-6
2014-01-01 06:15:00;337.77e-6
2014-01-01 06:30:00;403.79e-6
2014-01-01 06:45:00;418.56e-6
2014-01-01 07:00:00;458.32e-6
2014-01-01 07:15:00;494.86e-6
2014-01-01 07:30:00;558.44e-6
2014-01-01 07:45:00;606.81e-6
2014-01-01 08:00:00;659.72e-6
2014-01-01 08:15:00;710.16e-6
2014-01-01 08:30:00;725.31e-6
2014-01-01 08:45:00;744.38e-6
2014-01-01 09:00:00;754.23e-6
2014-01-01 09:15:00;768.92e-6
2014-01-01 09:30:00;780.77e-6
2014-01-01 09:45:00;793.40e-6
2014-01-01 10:00:00;809.18e-6
2014-01-01 10:15:00;830.37e-6
2014-01-01 10:30:00;852.47e-6
2014-01-01 10:45:00;886.29e-6
2014-01-01 11:00:00;931.75e-6
2014-01-01 11:15:00;999.73e-6
2014-01-01 11:30:00;1007.12e-6
2014-01-01 11:45:00;965.50e-6
2014-01-01 12:00:00;881.55e-6
2014-01-01 12:15:00;796.66e-6
2014-01-01 12:30:00;745.01e-6
2014-01-01 12:45:00;720.47e-6
2014-01-01 13:00:00;692.64e-6
2014-01-01 13:15:00;675.53e-6
2014-01-01 13:30:00;665.02e-6
2014-01-01 13:45:00;661.80e-6
2014-01-01 14:00:00;664.48e-6
2014-01-01 14:15:00;666.90e-6
2014-01-01 14:30:00;668.06e-6
2014-01-01 14:45:00;668.49e-6
2014-01-01 15:00:00;667.69e-6
2014-01-01 15:15:00;666.78e-6
2014-01-01 15:30:00;669.32e-6
2014-01-01 15:45:00;675.03e-6
2014-01-01 16:00:00;686.50e-6
2014-01-01 16:15:00;693.76e-6
2014-01-01 16:30:00;722.34e-6
2014-01-01 16:45:00;747.64e-6
2014-01-01 17:00:00;776.13e-6
2014-01-01 17:15:00;797.54e-6
2014-01-01 17:30:00;818.88e-6
2014-01-01 17:45:00;837.87e-6
2014-01-01 18:00:00;856.31e-6
2014-01-01 18:15:00;863.50e-6
2014-01-01 18:30:00;875.34e-6
2014-01-01 18:45:00;869.53e-6
2014-01-01 19:00:00;853.69e-6
2014-01-01 19:15:00;828.15e-6
2014-01-01 19:30:00;785.59e-6
2014-01-01 19:45:00;763.63e-6
2014-01-01 20:00:00;751.80e-6
2014-01-01 20:15:00;729.09e-6
2014-01-01 20:30:00;702.23e-6
2014-01-01 20:45:00;683.58e-6
2014-01-01 21:00:00;657.92e-6
2014-01-01 21:15:00;630.58e-6
2014-01-01 21:30:00;596.57e-6
2014-01-01 21:45:00;557.17e-6
2014-01-01 22:00:00;510.12e-6
2014-01-01 22:15:00;458.43e-6
2014-01-01 22:30:00;409.72e-6
2014-01-01 22:45:00;364.99e-6
2014-01-01 23:00:00;326.96e-6
2014-01-01 23:15:00;289.89e-6
2014-01-01 23:30:00;270.71e-6
2014-01-01 23:45:00;257.73e-6
2014-01-02 00:00:00;232.47e-6
2014-01-02 00:15:00;236.83e-6
2014-01-02 00:30:00;251.47e-6
2014-01-02 00:45:00;269.28e-6
2014-01-02 01:00:00;287.61e-6
2014-01-02 01:15:00;306.91e-6
2014-01-02 01:30:00;323.95e-6
2014-01-02 01:45:00;339.14e-6
2014-01-02 02:00:00;352.22e-6
2014-01-02 02:15:00;357.83e-6
2014-01-02 02:30:00;358.66e-6
2014-01-02 02:45:00;356.27e-6
2014-01-02 03:00:00;346.64e-6
2014-01-02 03:15:00;331.96e-6
2014-01-02 03:30:00;312.50e-6
2014-01-02 03:45:00;291.31e-6
2014-01-02 04:00:00;279.27e-6
2014-01-02 04:15:00;266.04e-6
2014-01-02 04:30:00;262.26e-6
2014-01-02 04:45:00;269.51e-6
2014-01-02 05:00:00;276.27e-6
2014-01-02 05:15:00;294.19e-6
2014-01-02 05:30:00;321.54e-6
2014-01-02 05:45:00;360.79e-6
2014-01-02 06:00:00;415.96e-6
2014-01-02 06:15:00;467.95e-6
2014-01-02 06:30:00;554.55e-6
2014-01-02 06:45:00;559.77e-6
2014-01-02 07:00:00;578.47e-6
2014-01-02 07:15:00;586.11e-6
2014-01-02 07:30:00;588.52e-6
2014-01-02 07:45:00;567.77e-6
2014-01-02 08:00:00;555.37e-6
2014-01-02 08:15:00;535.78e-6
2014-01-02 08:30:00;506.45e-6
2014-01-02 08:45:00;480.01e-6
2014-01-02 09:00:00;455.86e-6
2014-01-02 09:15:00;445.74e-6
2014-01-02 09:30:00;445.88e-6
2014-01-02 09:45:00;448.10e-6
2014-01-02 10:00:00;452.68e-6
2014-01-02 10:15:00;454.75e-6
2014-01-02 10:30:00;458.53e-6
2014-01-02 10:45:00;469.30e-6
2014-01-02 11:00:00;488.04e-6
2014-01-02 11:15:00;512.66e-6
2014-01-02 11:30:00;518.31e-6
2014-01-02 11:45:00;508.73e-6
2014-01-02 12:00:00;483.58e-6
2014-01-02 12:15:00;469.57e-6
2014-01-02 12:30:00;462.76e-6
2014-01-02 12:45:00;464.23e-6
2014-01-02 13:00:00;466.14e-6
2014-01-02 13:15:00;472.60e-6
2014-01-02 13:30:00;481.75e-6
2014-01-02 13:45:00;493.46e-6
2014-01-02 14:00:00;506.73e-6
2014-01-02 14:15:00;516.11e-6
2014-01-02 14:30:00;521.08e-6
2014-01-02 14:45:00;522.59e-6
2014-01-02 15:00:00;521.08e-6
2014-01-02 15:15:00;518.22e-6
2014-01-02 15:30:00;518.13e-6
2014-01-02 15:45:00;521.40e-6
2014-01-02 16:00:00;530.36e-6
2014-01-02 16:15:00;536.21e-6
2014-01-02 16:30:00;560.91e-6
2014-01-02 16:45:00;589.32e-6
2014-01-02 17:00:00;624.19e-6
2014-01-02 17:15:00;651.96e-6
2014-01-02 17:30:00;680.00e-6
2014-01-02 17:45:00;708.66e-6
2014-01-02 18:00:00;732.25e-6
2014-01-02 18:15:00;753.50e-6
2014-01-02 18:30:00;772.08e-6
2014-01-02 18:45:00;781.74e-6
2014-01-02 19:00:00;781.16e-6
2014-01-02 19:15:00;775.83e-6
2014-01-02 19:30:00;778.54e-6
2014-01-02 19:45:00;763.84e-6
2014-01-02 20:00:00;752.44e-6
2014-01-02 20:15:00;731.87e-6
2014-01-02 20:30:00;706.86e-6
2014-01-02 20:45:00;682.78e-6
2014-01-02 21:00:00;660.89e-6
2014-01-02 21:15:00;631.09e-6
2014-01-02 21:30:00;597.15e-6
2014-01-02 21:45:00;556.96e-6
2014-01-02 22:00:00;509.86e-6
2014-01-02 22:15:00;457.95e-6
2014-01-02 22:30:00;408.64e-6
2014-01-02 22:45:00;362.10e-6
2014-01-02 23:00:00;322.50e-6
2014-01-02 23:15:00;280.34e-6
2014-01-02 23:30:00;261.99e-6
2014-01-02 23:45:00;250.82e-6
2014-01-03 00:00:00;232.80e-6
2014-01-03 00:15:00;237.16e-6
2014-01-03 00:30:00;251.82e-6
2014-01-03 00:45:00;269.66e-6
2014-01-03 01:00:00;288.01e-6
2014-01-03 01:15:00;307.34e-6
2014-01-03 01:30:00;324.40e-6
2014-01-03 01:45:00;339.62e-6
2014-01-03 02:00:00;352.71e-6
2014-01-03 02:15:00;358.34e-6
2014-01-03 02:30:00;359.16e-6
2014-01-03 02:45:00;356.77e-6
2014-01-03 03:00:00;347.13e-6
2014-01-03 03:15:00;332.43e-6
2014-01-03 03:30:00;312.94e-6
2014-01-03 03:45:00;291.72e-6
2014-01-03 04:00:00;279.67e-6
2014-01-03 04:15:00;266.41e-6
2014-01-03 04:30:00;262.63e-6
2014-01-03 04:45:00;269.89e-6
2014-01-03 05:00:00;276.66e-6
2014-01-03 05:15:00;294.61e-6
2014-01-03 05:30:00;321.99e-6
2014-01-03 05:45:00;361.30e-6
2014-01-03 06:00:00;416.55e-6
2014-01-03 06:15:00;468.61e-6
2014-01-03 06:30:00;555.34e-6
2014-01-03 06:45:00;560.56e-6
2014-01-03 07:00:00;579.29e-6
2014-01-03 07:15:00;586.94e-6
2014-01-03 07:30:00;589.35e-6
2014-01-03 07:45:00;568.57e-6
2014-01-03 08:00:00;556.15e-6
2014-01-03 08:15:00;536.54e-6
2014-01-03 08:30:00;507.17e-6
2014-01-03 08:45:00;480.68e-6
2014-01-03 09:00:00;456.50e-6
2014-01-03 09:15:00;446.37e-6
2014-01-03 09:30:00;446.51e-6
2014-01-03 09:45:00;448.73e-6
2014-01-03 10:00:00;453.32e-6
2014-01-03 10:15:00;455.39e-6
2014-01-03 10:30:00;459.18e-6
2014-01-03 10:45:00;469.96e-6
2014-01-03 11:00:00;488.73e-6
2014-01-03 11:15:00;513.39e-6
2014-01-03 11:30:00;519.04e-6
2014-01-03 11:45:00;509.45e-6
2014-01-03 12:00:00;484.26e-6
2014-01-03 12:15:00;470.23e-6
2014-01-03 12:30:00;463.42e-6
2014-01-03 12:45:00;464.89e-6
2014-01-03 13:00:00;466.80e-6
2014-01-03 13:15:00;473.26e-6
2014-01-03 13:30:00;482.43e-6
2014-01-03 13:45:00;494.15e-6
2014-01-03 14:00:00;507.45e-6
2014-01-03 14:15:00;516.84e-6
2014-01-03 14:30:00;521.82e-6
2014-01-03 14:45:00;523.33e-6
2014-01-03 15:00:00;521.82e-6
2014-01-03 15:15:00;518.95e-6
2014-01-03 15:30:00;518.87e-6
2014-01-03 15:45:00;522.13e-6
2014-01-03 16:00:00;531.10e-6
2014-01-03 16:15:00;536.97e-6
2014-01-03 16:30:00;561.70e-6
2014-01-03 16:45:00;590.15e-6
2014-01-03 17:00:00;625.07e-6
2014-01-03 17:15:00;652.88e-6
2014-01-03 17:30:00;680.96e-6
2014-01-03 17:45:00;709.66e-6
2014-01-03 18:00:00;733.28e-6
2014-01-03 18:15:00;754.56e-6
2014-01-03 18:30:00;773.17e-6
2014-01-03 18:45:00;782.84e-6
2014-01-03 19:00:00;782.26e-6
2014-01-03 19:15:00;776.93e-6
2014-01-03 19:30:00;779.64e-6
2014-01-03 19:45:00;764.92e-6
2014-01-03 20:00:00;753.50e-6
2014-01-03 20:15:00;732.90e-6
2014-01-03 20:30:00;707.86e-6
2014-01-03 20:45:00;683.74e-6
2014-01-03 21:00:00;661.82e-6
2014-01-03 21:15:00;631.98e-6
2014-01-03 21:30:00;597.99e-6
2014-01-03 21:45:00;557.75e-6
2014-01-03 22:00:00;510.58e-6
2014-01-03 22:15:00;458.59e-6
2014-01-03 22:30:00;409.22e-6
2014-01-03 22:45:00;362.61e-6
2014-01-03 23:00:00;322.96e-6
2014-01-03 23:15:00;280.73e-6
2014-01-03 23:30:00;262.36e-6
2014-01-03 23:45:00;251.17e-6
2014-01-04 00:00:00;278.39e-6
2014-01-04 00:15:00;268.68e-6
2014-01-04 00:30:00;266.38e-6
2014-01-04 00:45:00;269.54e-6
2014-01-04 01:00:00;280.36e-6
2014-01-04 01:15:00;297.12e-6
2014-01-04 01:30:00;314.01e-6
2014-01-04 01:45:00;329.57e-6
2014-01-04 02:00:00;342.52e-6
2014-01-04 02:15:00;351.08e-6
2014-01-04 02:30:00;353.09e-6
2014-01-04 02:45:00;351.11e-6
2014-01-04 03:00:00;342.62e-6
2014-01-04 03:15:00;327.37e-6
2014-01-04 03:30:00;307.13e-6
2014-01-04 03:45:00;287.09e-6
2014-01-04 04:00:00;274.19e-6
2014-01-04 04:15:00;261.58e-6
2014-01-04 04:30:00;252.78e-6
2014-01-04 04:45:00;242.06e-6
2014-01-04 05:00:00;233.18e-6
2014-01-04 05:15:00;232.34e-6
2014-01-04 05:30:00;240.77e-6
2014-01-04 05:45:00;262.72e-6
2014-01-04 06:00:00;303.04e-6
2014-01-04 06:15:00;347.02e-6
2014-01-04 06:30:00;421.25e-6
2014-01-04 06:45:00;437.14e-6
2014-01-04 07:00:00;470.74e-6
2014-01-04 07:15:00;494.57e-6
2014-01-04 07:30:00;533.64e-6
2014-01-04 07:45:00;549.51e-6
2014-01-04 08:00:00;571.23e-6
2014-01-04 08:15:00;587.61e-6
2014-01-04 08:30:00;572.46e-6
2014-01-04 08:45:00;574.55e-6
2014-01-04 09:00:00;578.23e-6
2014-01-04 09:15:00;587.36e-6
2014-01-04 09:30:00;596.41e-6
2014-01-04 09:45:00;605.36e-6
2014-01-04 10:00:00;614.52e-6
2014-01-04 10:15:00;623.80e-6
2014-01-04 10:30:00;635.47e-6
2014-01-04 10:45:00;657.55e-6
2014-01-04 11:00:00;691.75e-6
2014-01-04 11:15:00;749.38e-6
2014-01-04 11:30:00;769.25e-6
2014-01-04 11:45:00;756.99e-6
2014-01-04 12:00:00;706.54e-6
2014-01-04 12:15:00;649.75e-6
2014-01-04 12:30:00;620.60e-6
2014-01-04 12:45:00;609.22e-6
2014-01-04 13:00:00;597.17e-6
2014-01-04 13:15:00;593.92e-6
2014-01-04 13:30:00;597.19e-6
2014-01-04 13:45:00;607.45e-6
2014-01-04 14:00:00;623.49e-6
2014-01-04 14:15:00;639.28e-6
2014-01-04 14:30:00;653.39e-6
2014-01-04 14:45:00;665.60e-6
2014-01-04 15:00:00;674.95e-6
2014-01-04 15:15:00;682.50e-6
2014-01-04 15:30:00;691.46e-6
2014-01-04 15:45:00;701.93e-6
2014-01-04 16:00:00;716.40e-6
2014-01-04 16:15:00;727.18e-6
2014-01-04 16:30:00;755.13e-6
2014-01-04 16:45:00;784.21e-6
2014-01-04 17:00:00;811.89e-6
2014-01-04 17:15:00;831.57e-6
2014-01-04 17:30:00;849.28e-6
2014-01-04 17:45:00;863.28e-6
2014-01-04 18:00:00;874.47e-6
2014-01-04 18:15:00;878.64e-6
2014-01-04 18:30:00;886.35e-6
2014-01-04 18:45:00;871.92e-6
2014-01-04 19:00:00;847.30e-6
2014-01-04 19:15:00;817.79e-6
2014-01-04 19:30:00;780.74e-6
2014-01-04 19:45:00;756.50e-6
2014-01-04 20:00:00;742.86e-6
2014-01-04 20:15:00;722.26e-6
2014-01-04 20:30:00;699.97e-6
2014-01-04 20:45:00;682.90e-6
2014-01-04 21:00:00;664.56e-6
2014-01-04 21:15:00;642.51e-6
2014-01-04 21:30:00;615.73e-6
2014-01-04 21:45:00;584.26e-6
2014-01-04 22:00:00;546.82e-6
2014-01-04 22:15:00;504.93e-6
2014-01-04 22:30:00;465.21e-6
2014-01-04 22:45:00;427.93e-6
2014-01-04 23:00:00;393.76e-6
2014-01-04 23:15:00;362.62e-6
2014-01-04 23:30:00;336.37e-6
2014-01-04 23:45:00;326.40e-6
2014-01-05 00:00:00;307.29e-6
2014-01-05 00:15:00;305.62e-6
2014-01-05 00:30:00;310.84e-6
2014-01-05 00:45:00;322.55e-6
2014-01-05 01:00:00;334.50e-6
2014-01-05 01:15:00;349.73e-6
2014-01-05 01:30:00;360.77e-6
2014-01-05 01:45:00;372.46e-6
2014-01-05 02:00:00;381.05e-6
2014-01-05 02:15:00;385.11e-6
2014-01-05 02:30:00;386.61e-6
2014-01-05 02:45:00;383.06e-6
2014-01-05 03:00:00;371.05e-6
2014-01-05 03:15:00;352.13e-6
2014-01-05 03:30:00;328.99e-6
2014-01-05 03:45:00;308.43e-6
2014-01-05 04:00:00;296.83e-6
2014-01-05 04:15:00;282.76e-6
2014-01-05 04:30:00;273.25e-6
2014-01-05 04:45:00;260.92e-6
2014-01-05 05:00:00;249.90e-6
2014-01-05 05:15:00;245.87e-6
2014-01-05 05:30:00;250.12e-6
2014-01-05 05:45:00;266.88e-6
2014-01-05 06:00:00;300.97e-6
2014-01-05 06:15:00;339.61e-6
2014-01-05 06:30:00;405.98e-6
2014-01-05 06:45:00;420.83e-6
2014-01-05 07:00:00;460.81e-6
2014-01-05 07:15:00;497.55e-6
2014-01-05 07:30:00;561.48e-6
2014-01-05 07:45:00;610.11e-6
2014-01-05 08:00:00;663.31e-6
2014-01-05 08:15:00;714.02e-6
2014-01-05 08:30:00;729.25e-6
2014-01-05 08:45:00;748.43e-6
2014-01-05 09:00:00;758.33e-6
2014-01-05 09:15:00;773.10e-6
2014-01-05 09:30:00;785.02e-6
2014-01-05 09:45:00;797.72e-6
2014-01-05 10:00:00;813.58e-6
2014-01-05 10:15:00;834.88e-6
2014-01-05 10:30:00;857.11e-6
2014-01-05 10:45:00;891.11e-6
2014-01-05 11:00:00;936.81e-6
2014-01-05 11:15:00;1005.16e-6
2014-01-05 11:30:00;1012.59e-6
2014-01-05 11:45:00;970.75e-6
2014-01-05 12:00:00;886.35e-6
2014-01-05 12:15:00;801.00e-6
2014-01-05 12:30:00;749.06e-6
2014-01-05 12:45:00;724.39e-6
2014-01-05 13:00:00;696.41e-6
2014-01-05 13:15:00;679.20e-6
2014-01-05 13:30:00;668.64e-6
2014-01-05 13:45:00;665.40e-6
2014-01-05 14:00:00;668.10e-6
2014-01-05 14:15:00;670.53e-6
2014-01-05 14:30:00;671.69e-6
2014-01-05 14:45:00;672.13e-6
2014-01-05 15:00:00;671.33e-6
2014-01-05 15:15:00;670.40e-6
2014-01-05 15:30:00;672.96e-6
2014-01-05 15:45:00;678.70e-6
2014-01-05 16:00:00;690.24e-6
2014-01-05 16:15:00;697.53e-6
2014-01-05 16:30:00;726.26e-6
2014-01-05 16:45:00;751.71e-6
2014-01-05 17:00:00;780.35e-6
2014-01-05 17:15:00;801.88e-6
2014-01-05 17:30:00;823.33e-6
2014-01-05 17:45:00;842.42e-6
2014-01-05 18:00:00;860.97e-6
2014-01-05 18:15:00;868.20e-6
2014-01-05 18:30:00;880.10e-6
2014-01-05 18:45:00;874.26e-6
2014-01-05 19:00:00;858.33e-6
2014-01-05 19:15:00;832.65e-6
2014-01-05 19:30:00;789.87e-6
2014-01-05 19:45:00;767.78e-6
2014-01-05 20:00:00;755.89e-6
2014-01-05 20:15:00;733.06e-6
2014-01-05 20:30:00;706.05e-6
2014-01-05 20:45:00;687.30e-6
2014-01-05 21:00:00;661.50e-6
2014-01-05 21:15:00;634.01e-6
2014-01-05 21:30:00;599.82e-6
2014-01-05 21:45:00;560.20e-6
2014-01-05 22:00:00;512.90e-6
2014-01-05 22:15:00;460.92e-6
2014-01-05 22:30:00;411.95e-6
2014-01-05 22:45:00;366.98e-6
2014-01-05 23:00:00;328.73e-6
2014-01-05 23:15:00;291.46e-6
2014-01-05 23:30:00;272.18e-6
2014-01-05 23:45:00;259.13e-6
2014-01-06 00:00:00;233.63e-6
2014-01-06 00:15:00;238.01e-6
2014-01-06 00:30:00;252.72e-6
2014-01-06 00:45:00;270.62e-6
2014-01-06 01:00:00;289.05e-6
2014-01-06 01:15:00;308.44e-6
2014-01-06 01:30:00;325.57e-6
2014-01-06 01:45:00;340.84e-6
2014-01-06 02:00:00;353.98e-6
2014-01-06 02:15:00;359.62e-6
2014-01-06 02:30:00;360.45e-6
2014-01-06 02:45:00;358.05e-6
2014-01-06 03:00:00;348.37e-6
2014-01-06 03:15:00;333.62e-6
2014-01-06 03:30:00;314.06e-6
2014-01-06 03:45:00;292.77e-6
2014-01-06 04:00:00;280.67e-6
2014-01-06 04:15:00;267.37e-6
2014-01-06 04:30:00;263.57e-6
2014-01-06 04:45:00;270.86e-6
2014-01-06 05:00:00;277.65e-6
2014-01-06 05:15:00;295.66e-6
2014-01-06 05:30:00;323.14e-6
2014-01-06 05:45:00;362.59e-6
2014-01-06 06:00:00;418.04e-6
2014-01-06 06:15:00;470.28e-6
2014-01-06 06:30:00;557.33e-6
2014-01-06 06:45:00;562.56e-6
2014-01-06 07:00:00;581.37e-6
2014-01-06 07:15:00;589.04e-6
2014-01-06 07:30:00;591.46e-6
2014-01-06 07:45:00;570.61e-6
2014-01-06 08:00:00;558.14e-6
2014-01-06 08:15:00;538.46e-6
2014-01-06 08:30:00;508.99e-6
2014-01-06 08:45:00;482.41e-6
2014-01-06 09:00:00;458.14e-6
2014-01-06 09:15:00;447.97e-6
2014-01-06 09:30:00;448.11e-6
2014-01-06 09:45:00;450.34e-6
2014-01-06 10:00:00;454.94e-6
2014-01-06 10:15:00;457.02e-6
2014-01-06 10:30:00;460.83e-6
2014-01-06 10:45:00;471.65e-6
2014-01-06 11:00:00;490.48e-6
2014-01-06 11:15:00;515.23e-6
2014-01-06 11:30:00;520.90e-6
2014-01-06 11:45:00;511.28e-6
2014-01-06 12:00:00;485.99e-6
2014-01-06 12:15:00;471.92e-6
2014-01-06 12:30:00;465.08e-6
2014-01-06 12:45:00;466.55e-6
2014-01-06 13:00:00;468.47e-6
2014-01-06 13:15:00;474.96e-6
2014-01-06 13:30:00;484.16e-6
2014-01-06 13:45:00;495.93e-6
2014-01-06 14:00:00;509.27e-6
2014-01-06 14:15:00;518.69e-6
2014-01-06 14:30:00;523.69e-6
2014-01-06 14:45:00;525.20e-6
2014-01-06 15:00:00;523.69e-6
2014-01-06 15:15:00;520.81e-6
2014-01-06 15:30:00;520.73e-6
2014-01-06 15:45:00;524.01e-6
2014-01-06 16:00:00;533.01e-6
2014-01-06 16:15:00;538.89e-6
2014-01-06 16:30:00;563.72e-6
2014-01-06 16:45:00;592.27e-6
2014-01-06 17:00:00;627.31e-6
2014-01-06 17:15:00;655.22e-6
2014-01-06 17:30:00;683.40e-6
2014-01-06 17:45:00;712.20e-6
2014-01-06 18:00:00;735.91e-6
2014-01-06 18:15:00;757.27e-6
2014-01-06 18:30:00;775.94e-6
2014-01-06 18:45:00;785.65e-6
2014-01-06 19:00:00;785.06e-6
2014-01-06 19:15:00;779.71e-6
2014-01-06 19:30:00;782.43e-6
2014-01-06 19:45:00;767.66e-6
2014-01-06 20:00:00;756.20e-6
2014-01-06 20:15:00;735.53e-6
2014-01-06 20:30:00;710.40e-6
2014-01-06 20:45:00;686.19e-6
2014-01-06 21:00:00;664.19e-6
2014-01-06 21:15:00;634.24e-6
2014-01-06 21:30:00;600.13e-6
2014-01-06 21:45:00;559.75e-6
2014-01-06 22:00:00;512.41e-6
2014-01-06 22:15:00;460.23e-6
2014-01-06 22:30:00;410.69e-6
2014-01-06 22:45:00;363.91e-6
2014-01-06 23:00:00;324.11e-6
2014-01-06 23:15:00;281.74e-6
2014-01-06 23:30:00;263.30e-6
2014-01-06 23:45:00;252.08e-6
2014-01-07 00:00:00;233.86e-6
2014-01-07 00:15:00;238.24e-6
2014-01-07 00:30:00;252.97e-6
2014-01-07 00:45:00;270.89e-6
2014-01-07 01:00:00;289.33e-6
2014-01-07 01:15:00;308.74e-6
2014-01-07 01:30:00;325.89e-6
2014-01-07 01:45:00;341.17e-6
2014-01-07 02:00:00;354.33e-6
2014-01-07 02:15:00;359.98e-6
2014-01-07 02:30:00;360.80e-6
2014-01-07 02:45:00;358.40e-6
2014-01-07 03:00:00;348.71e-6
2014-01-07 03:15:00;333.95e-6
2014-01-07 03:30:00;314.37e-6
2014-01-07 03:45:00;293.06e-6
2014-01-07 04:00:00;280.95e-6
2014-01-07 04:15:00;267.63e-6
2014-01-07 04:30:00;263.83e-6
2014-01-07 04:45:00;271.13e-6
2014-01-07 05:00:00;277.93e-6
2014-01-07 05:15:00;295.95e-6
2014-01-07 05:30:00;323.46e-6
2014-01-07 05:45:00;362.95e-6
2014-01-07 06:00:00;418.45e-6
2014-01-07 06:15:00;470.75e-6
2014-01-07 06:30:00;557.87e-6
2014-01-07 06:45:00;563.12e-6
2014-01-07 07:00:00;581.94e-6
2014-01-07 07:15:00;589.62e-6
2014-01-07 07:30:00;592.04e-6
2014-01-07 07:45:00;571.17e-6
2014-01-07 08:00:00;558.69e-6
2014-01-07 08:15:00;538.99e-6
2014-01-07 08:30:00;509.49e-6
2014-01-07 08:45:00;482.88e-6
2014-01-07 09:00:00;458.59e-6
2014-01-07 09:15:00;448.41e-6
2014-01-07 09:30:00;448.55e-6
2014-01-07 09:45:00;450.78e-6
2014-01-07 10:00:00;455.39e-6
2014-01-07 10:15:00;457.47e-6
2014-01-07 10:30:00;461.28e-6
2014-01-07 10:45:00;472.11e-6
2014-01-07 11:00:00;490.96e-6
2014-01-07 11:15:00;515.73e-6
2014-01-07 11:30:00;521.42e-6
2014-01-07 11:45:00;511.78e-6
2014-01-07 12:00:00;486.47e-6
2014-01-07 12:15:00;472.38e-6
2014-01-07 12:30:00;465.53e-6
2014-01-07 12:45:00;467.01e-6
2014-01-07 13:00:00;468.93e-6
2014-01-07 13:15:00;475.43e-6
2014-01-07 13:30:00;484.64e-6
2014-01-07 13:45:00;496.41e-6
2014-01-07 14:00:00;509.77e-6
2014-01-07 14:15:00;519.20e-6
2014-01-07 14:30:00;524.20e-6
2014-01-07 14:45:00;525.72e-6
2014-01-07 15:00:00;524.20e-6
2014-01-07 15:15:00;521.32e-6
2014-01-07 15:30:00;521.24e-6
2014-01-07 15:45:00;524.52e-6
2014-01-07 16:00:00;533.53e-6
2014-01-07 16:15:00;539.42e-6
2014-01-07 16:30:00;564.27e-6
2014-01-07 16:45:00;592.85e-6
2014-01-07 17:00:00;627.93e-6
2014-01-07 17:15:00;655.87e-6
2014-01-07 17:30:00;684.07e-6
2014-01-07 17:45:00;712.90e-6
2014-01-07 18:00:00;736.64e-6
2014-01-07 18:15:00;758.01e-6
2014-01-07 18:30:00;776.70e-6
2014-01-07 18:45:00;786.42e-6
2014-01-07 19:00:00;785.84e-6
2014-01-07 19:15:00;780.48e-6
2014-01-07 19:30:00;783.20e-6
2014-01-07 19:45:00;768.42e-6
2014-01-07 20:00:00;756.95e-6
2014-01-07 20:15:00;736.25e-6
2014-01-07 20:30:00;711.10e-6
2014-01-07 20:45:00;686.87e-6
2014-01-07 21:00:00;664.84e-6
2014-01-07 21:15:00;634.87e-6
2014-01-07 21:30:00;600.72e-6
2014-01-07 21:45:00;560.30e-6
2014-01-07 22:00:00;512.91e-6
2014-01-07 22:15:00;460.69e-6
2014-01-07 22:30:00;411.09e-6
2014-01-07 22:45:00;364.26e-6
2014-01-07 23:00:00;324.43e-6
2014-01-07 23:15:00;282.02e-6
2014-01-07 23:30:00;263.55e-6
2014-01-07 23:45:00;252.32e-6
2014-01-08 00:00:00;234.07e-6
2014-01-08 00:15:00;238.45e-6
2014-01-08 00:30:00;253.20e-6
2014-01-08 00:45:00;271.13e-6
2014-01-08 01:00:00;289.58e-6
2014-01-08 01:15:00;309.02e-6
2014-01-08 01:30:00;326.17e-6
2014-01-08 01:45:00;341.47e-6
2014-01-08 02:00:00;354.64e-6
2014-01-08 02:15:00;360.29e-6
2014-01-08 02:30:00;361.12e-6
2014-01-08 02:45:00;358.71e-6
2014-01-08 03:00:00;349.02e-6
2014-01-08 03:15:00;334.24e-6
2014-01-08 03:30:00;314.65e-6
2014-01-08 03:45:00;293.31e-6
2014-01-08 04:00:00;281.19e-6
2014-01-08 04:15:00;267.86e-6
2014-01-08 04:30:00;264.06e-6
2014-01-08 04:45:00;271.36e-6
2014-01-08 05:00:00;278.17e-6
2014-01-08 05:15:00;296.21e-6
2014-01-08 05:30:00;323.75e-6
2014-01-08 05:45:00;363.27e-6
2014-01-08 06:00:00;418.82e-6
2014-01-08 06:15:00;471.16e-6
2014-01-08 06:30:00;558.37e-6
2014-01-08 06:45:00;563.61e-6
2014-01-08 07:00:00;582.45e-6
2014-01-08 07:15:00;590.14e-6
2014-01-08 07:30:00;592.56e-6
2014-01-08 07:45:00;571.67e-6
2014-01-08 08:00:00;559.18e-6
2014-01-08 08:15:00;539.46e-6
2014-01-08 08:30:00;509.93e-6
2014-01-08 08:45:00;483.30e-6
2014-01-08 09:00:00;458.99e-6
2014-01-08 09:15:00;448.80e-6
2014-01-08 09:30:00;448.95e-6
2014-01-08 09:45:00;451.18e-6
2014-01-08 10:00:00;455.79e-6
2014-01-08 10:15:00;457.87e-6
2014-01-08 10:30:00;461.68e-6
2014-01-08 10:45:00;472.53e-6
2014-01-08 11:00:00;491.39e-6
2014-01-08 11:15:00;516.18e-6
2014-01-08 11:30:00;521.87e-6
2014-01-08 11:45:00;512.23e-6
2014-01-08 12:00:00;486.90e-6
2014-01-08 12:15:00;472.80e-6
2014-01-08 12:30:00;465.94e-6
2014-01-08 12:45:00;467.42e-6
2014-01-08 13:00:00;469.34e-6
2014-01-08 13:15:00;475.84e-6
2014-01-08 13:30:00;485.06e-6
2014-01-08 13:45:00;496.85e-6
2014-01-08 14:00:00;510.22e-6
2014-01-08 14:15:00;519.66e-6
2014-01-08 14:30:00;524.66e-6
2014-01-08 14:45:00;526.18e-6
2014-01-08 15:00:00;524.66e-6
2014-01-08 15:15:00;521.78e-6
2014-01-08 15:30:00;521.70e-6
2014-01-08 15:45:00;524.98e-6
2014-01-08 16:00:00;534.00e-6
2014-01-08 16:15:00;539.90e-6
2014-01-08 16:30:00;564.77e-6
2014-01-08 16:45:00;593.37e-6
2014-01-08 17:00:00;628.48e-6
2014-01-08 17:15:00;656.44e-6
2014-01-08 17:30:00;684.67e-6
2014-01-08 17:45:00;713.53e-6
2014-01-08 18:00:00;737.28e-6
2014-01-08 18:15:00;758.68e-6
2014-01-08 18:30:00;777.38e-6
2014-01-08 18:45:00;787.11e-6
2014-01-08 19:00:00;786.53e-6
2014-01-08 19:15:00;781.16e-6
2014-01-08 19:30:00;783.89e-6
2014-01-08 19:45:00;769.09e-6
2014-01-08 20:00:00;757.61e-6
2014-01-08 20:15:00;736.90e-6
2014-01-08 20:30:00;711.72e-6
2014-01-08 20:45:00;687.47e-6
2014-01-08 21:00:00;665.43e-6
2014-01-08 21:15:00;635.43e-6
2014-01-08 21:30:00;601.25e-6
2014-01-08 21:45:00;560.79e-6
2014-01-08 22:00:00;513.36e-6
2014-01-08 22:15:00;461.09e-6
2014-01-08 22:30:00;411.45e-6
2014-01-08 22:45:00;364.59e-6
2014-01-08 23:00:00;324.72e-6
2014-01-08 23:15:00;282.27e-6
2014-01-08 23:30:00;263.79e-6
2014-01-08 23:45:00;252.54e-6
2014-01-09 00:00:00;234.25e-6
2014-01-09 00:15:00;238.64e-6
2014-01-09 00:30:00;253.39e-6
2014-01-09 00:45:00;271.34e-6
2014-01-09 01:00:00;289.81e-6
2014-01-09 01:15:00;309.26e-6
2014-01-09 01:30:00;326.43e-6
2014-01-09 01:45:00;341.74e-6
2014-01-09 02:00:00;354.91e-6
2014-01-09 02:15:00;360.57e-6
2014-01-09 02:30:00;361.40e-6
2014-01-09 02:45:00;358.99e-6
2014-01-09 03:00:00;349.29e-6
2014-01-09 03:15:00;334.50e-6
2014-01-09 03:30:00;314.89e-6
2014-01-09 03:45:00;293.54e-6
2014-01-09 04:00:00;281.41e-6
2014-01-09 04:15:00;268.07e-6
2014-01-09 04:30:00;264.26e-6
2014-01-09 04:45:00;271.58e-6
2014-01-09 05:00:00;278.39e-6
2014-01-09 05:15:00;296.45e-6
2014-01-09 05:30:00;324.00e-6
2014-01-09 05:45:00;363.55e-6
2014-01-09 06:00:00;419.15e-6
2014-01-09 06:15:00;471.53e-6
2014-01-09 06:30:00;558.80e-6
2014-01-09 06:45:00;564.05e-6
2014-01-09 07:00:00;582.90e-6
2014-01-09 07:15:00;590.60e-6
2014-01-09 07:30:00;593.02e-6
2014-01-09 07:45:00;572.12e-6
2014-01-09 08:00:00;559.62e-6
2014-01-09 08:15:00;539.88e-6
2014-01-09 08:30:00;510.33e-6
2014-01-09 08:45:00;483.68e-6
2014-01-09 09:00:00;459.35e-6
2014-01-09 09:15:00;449.15e-6
2014-01-09 09:30:00;449.30e-6
2014-01-09 09:45:00;451.53e-6
2014-01-09 10:00:00;456.14e-6
2014-01-09 10:15:00;458.23e-6
2014-01-09 10:30:00;462.04e-6
2014-01-09 10:45:00;472.89e-6
2014-01-09 11:00:00;491.78e-6
2014-01-09 11:15:00;516.59e-6
2014-01-09 11:30:00;522.28e-6
2014-01-09 11:45:00;512.63e-6
2014-01-09 12:00:00;487.28e-6
2014-01-09 12:15:00;473.17e-6
2014-01-09 12:30:00;466.31e-6
2014-01-09 12:45:00;467.79e-6
2014-01-09 13:00:00;469.71e-6
2014-01-09 13:15:00;476.21e-6
2014-01-09 13:30:00;485.44e-6
2014-01-09 13:45:00;497.24e-6
2014-01-09 14:00:00;510.61e-6
2014-01-09 14:15:00;520.06e-6
2014-01-09 14:30:00;525.07e-6
2014-01-09 14:45:00;526.59e-6
2014-01-09 15:00:00;525.07e-6
2014-01-09 15:15:00;522.19e-6
2014-01-09 15:30:00;522.10e-6
2014-01-09 15:45:00;525.39e-6
2014-01-09 16:00:00;534.42e-6
2014-01-09 16:15:00;540.32e-6
2014-01-09 16:30:00;565.21e-6
2014-01-09 16:45:00;593.83e-6
2014-01-09 17:00:00;628.97e-6
2014-01-09 17:15:00;656.96e-6
2014-01-09 17:30:00;685.20e-6
2014-01-09 17:45:00;714.08e-6
2014-01-09 18:00:00;737.86e-6
2014-01-09 18:15:00;759.27e-6
2014-01-09 18:30:00;777.99e-6
2014-01-09 18:45:00;787.73e-6
2014-01-09 19:00:00;787.14e-6
2014-01-09 19:15:00;781.77e-6
2014-01-09 19:30:00;784.50e-6
2014-01-09 19:45:00;769.69e-6
2014-01-09 20:00:00;758.20e-6
2014-01-09 20:15:00;737.47e-6
2014-01-09 20:30:00;712.27e-6
2014-01-09 20:45:00;688.00e-6
2014-01-09 21:00:00;665.94e-6
2014-01-09 21:15:00;635.92e-6
2014-01-09 21:30:00;601.72e-6
2014-01-09 21:45:00;561.23e-6
2014-01-09 22:00:00;513.76e-6
2014-01-09 22:15:00;461.45e-6
2014-01-09 22:30:00;411.77e-6
2014-01-09 22:45:00;364.87e-6
2014-01-09 23:00:00;324.97e-6
2014-01-09 23:15:00;282.48e-6
2014-01-09 23:30:00;263.99e-6
2014-01-09 23:45:00;252.74e-6
2014-01-10 00:00:00;234.41e-6
2014-01-10 00:15:00;238.80e-6
2014-01-10 00:30:00;253.56e-6
2014-01-10 00:45:00;271.52e-6
2014-01-10 01:00:00;290.01e-6
2014-01-10 01:15:00;309.47e-6
2014-01-10 01:30:00;326.65e-6
2014-01-10 01:45:00;341.97e-6
2014-01-10 02:00:00;355.16e-6
2014-01-10 02:15:00;360.82e-6
2014-01-10 02:30:00;361.65e-6
2014-01-10 02:45:00;359.24e-6
2014-01-10 03:00:00;349.53e-6
2014-01-10 03:15:00;334.73e-6
2014-01-10 03:30:00;315.11e-6
2014-01-10 03:45:00;293.74e-6
2014-01-10 04:00:00;281.60e-6
2014-01-10 04:15:00;268.26e-6
2014-01-10 04:30:00;264.44e-6
2014-01-10 04:45:00;271.76e-6
2014-01-10 05:00:00;278.58e-6
2014-01-10 05:15:00;296.65e-6
2014-01-10 05:30:00;324.22e-6
2014-01-10 05:45:00;363.80e-6
2014-01-10 06:00:00;419.43e-6
2014-01-10 06:15:00;471.85e-6
2014-01-10 06:30:00;559.18e-6
2014-01-10 06:45:00;564.43e-6
2014-01-10 07:00:00;583.30e-6
2014-01-10 07:15:00;591.00e-6
2014-01-10 07:30:00;593.43e-6
2014-01-10 07:45:00;572.51e-6
2014-01-10 08:00:00;560.00e-6
2014-01-10 08:15:00;540.25e-6
2014-01-10 08:30:00;510.68e-6
2014-01-10 08:45:00;484.01e-6
2014-01-10 09:00:00;459.66e-6
2014-01-10 09:15:00;449.46e-6
2014-01-10 09:30:00;449.60e-6
2014-01-10 09:45:00;451.84e-6
2014-01-10 10:00:00;456.45e-6
2014-01-10 10:15:00;458.54e-6
2014-01-10 10:30:00;462.36e-6
2014-01-10 10:45:00;473.22e-6
2014-01-10 11:00:00;492.11e-6
2014-01-10 11:15:00;516.94e-6
2014-01-10 11:30:00;522.64e-6
2014-01-10 11:45:00;512.98e-6
2014-01-10 12:00:00;487.61e-6
2014-01-10 12:15:00;473.49e-6
2014-01-10 12:30:00;466.62e-6
2014-01-10 12:45:00;468.10e-6
2014-01-10 13:00:00;470.03e-6
2014-01-10 13:15:00;476.54e-6
2014-01-10 13:30:00;485.77e-6
2014-01-10 13:45:00;497.57e-6
2014-01-10 14:00:00;510.96e-6
2014-01-10 14:15:00;520.42e-6
2014-01-10 14:30:00;525.43e-6
2014-01-10 14:45:00;526.95e-6
2014-01-10 15:00:00;525.43e-6
2014-01-10 15:15:00;522.54e-6
2014-01-10 15:30:00;522.46e-6
2014-01-10 15:45:00;525.75e-6
2014-01-10 16:00:00;534.78e-6
2014-01-10 16:15:00;540.68e-6
2014-01-10 16:30:00;565.59e-6
2014-01-10 16:45:00;594.24e-6
2014-01-10 17:00:00;629.40e-6
2014-01-10 17:15:00;657.40e-6
2014-01-10 17:30:00;685.67e-6
2014-01-10 17:45:00;714.57e-6
2014-01-10 18:00:00;738.36e-6
2014-01-10 18:15:00;759.78e-6
2014-01-10 18:30:00;778.52e-6
2014-01-10 18:45:00;788.26e-6
2014-01-10 19:00:00;787.67e-6
2014-01-10 19:15:00;782.30e-6
2014-01-10 19:30:00;785.03e-6
2014-01-10 19:45:00;770.21e-6
2014-01-10 20:00:00;758.72e-6
2014-01-10 20:15:00;737.97e-6
2014-01-10 20:30:00;712.76e-6
2014-01-10 20:45:00;688.47e-6
2014-01-10 21:00:00;666.40e-6
2014-01-10 21:15:00;636.35e-6
2014-01-10 21:30:00;602.13e-6
2014-01-10 21:45:00;561.61e-6
2014-01-10 22:00:00;514.11e-6
2014-01-10 22:15:00;461.76e-6
2014-01-10 22:30:00;412.05e-6
2014-01-10 22:45:00;365.12e-6
2014-01-10 23:00:00;325.19e-6
2014-01-10 23:15:00;282.68e-6
2014-01-10 23:30:00;264.17e-6
2014-01-10 23:45:00;252.91e-6
2014-01-11 00:00:00;280.12e-6
2014-01-11 00:15:00;270.34e-6
2014-01-11 00:30:00;268.03e-6
2014-01-11 00:45:00;271.21e-6
2014-01-11 01:00:00;282.09e-6
2014-01-11 01:15:00;298.96e-6
2014-01-11 01:30:00;315.95e-6
2014-01-11 01:45:00;331.62e-6
2014-01-11 02:00:00;344.65e-6
2014-01-11 02:15:00;353.26e-6
2014-01-11 02:30:00;355.28e-6
2014-01-11 02:45:00;353.29e-6
2014-01-11 03:00:00;344.74e-6
2014-01-11 03:15:00;329.40e-6
2014-01-11 03:30:00;309.03e-6
2014-01-11 03:45:00;288.87e-6
2014-01-11 04:00:00;275.89e-6
2014-01-11 04:15:00;263.20e-6
2014-01-11 04:30:00;254.35e-6
2014-01-11 04:45:00;243.56e-6
2014-01-11 05:00:00;234.63e-6
2014-01-11 05:15:00;233.78e-6
2014-01-11 05:30:00;242.26e-6
2014-01-11 05:45:00;264.34e-6
2014-01-11 06:00:00;304.91e-6
2014-01-11 06:15:00;349.17e-6
2014-01-11 06:30:00;423.86e-6
2014-01-11 06:45:00;439.85e-6
2014-01-11 07:00:00;473.65e-6
2014-01-11 07:15:00;497.64e-6
2014-01-11 07:30:00;536.94e-6
2014-01-11 07:45:00;552.92e-6
2014-01-11 08:00:00;574.77e-6
2014-01-11 08:15:00;591.25e-6
2014-01-11 08:30:00;576.01e-6
2014-01-11 08:45:00;578.11e-6
2014-01-11 09:00:00;581.82e-6
2014-01-11 09:15:00;591.00e-6
2014-01-11 09:30:00;600.11e-6
2014-01-11 09:45:00;609.11e-6
2014-01-11 10:00:00;618.33e-6
2014-01-11 10:15:00;627.67e-6
2014-01-11 10:30:00;639.40e-6
2014-01-11 10:45:00;661.63e-6
2014-01-11 11:00:00;696.04e-6
2014-01-11 11:15:00;754.02e-6
2014-01-11 11:30:00;774.02e-6
2014-01-11 11:45:00;761.68e-6
2014-01-11 12:00:00;710.92e-6
2014-01-11 12:15:00;653.78e-6
2014-01-11 12:30:00;624.44e-6
2014-01-11 12:45:00;612.99e-6
2014-01-11 13:00:00;600.87e-6
2014-01-11 13:15:00;597.60e-6
2014-01-11 13:30:00;600.89e-6
2014-01-11 13:45:00;611.21e-6
2014-01-11 14:00:00;627.35e-6
2014-01-11 14:15:00;643.24e-6
2014-01-11 14:30:00;657.44e-6
2014-01-11 14:45:00;669.73e-6
2014-01-11 15:00:00;679.14e-6
2014-01-11 15:15:00;686.73e-6
2014-01-11 15:30:00;695.75e-6
2014-01-11 15:45:00;706.27e-6
2014-01-11 16:00:00;720.84e-6
2014-01-11 16:15:00;731.69e-6
2014-01-11 16:30:00;759.81e-6
2014-01-11 16:45:00;789.07e-6
2014-01-11 17:00:00;816.93e-6
2014-01-11 17:15:00;836.72e-6
2014-01-11 17:30:00;854.54e-6
2014-01-11 17:45:00;868.62e-6
2014-01-11 18:00:00;879.89e-6
2014-01-11 18:15:00;884.09e-6
2014-01-11 18:30:00;891.84e-6
2014-01-11 18:45:00;877.32e-6
2014-01-11 19:00:00;852.55e-6
2014-01-11 19:15:00;822.86e-6
2014-01-11 19:30:00;785.58e-6
2014-01-11 19:45:00;761.18e-6
2014-01-11 20:00:00;747.46e-6
2014-01-11 20:15:00;726.74e-6
2014-01-11 20:30:00;704.30e-6
2014-01-11 20:45:00;687.14e-6
2014-01-11 21:00:00;668.67e-6
2014-01-11 21:15:00;646.49e-6
2014-01-11 21:30:00;619.55e-6
2014-01-11 21:45:00;587.88e-6
2014-01-11 22:00:00;550.21e-6
2014-01-11 22:15:00;508.06e-6
2014-01-11 22:30:00;468.09e-6
2014-01-11 22:45:00;430.58e-6
2014-01-11 23:00:00;396.20e-6
2014-01-11 23:15:00;364.87e-6
2014-01-11 23:30:00;338.46e-6
2014-01-11 23:45:00;328.42e-6
2014-01-12 00:00:00;308.97e-6
2014-01-12 00:15:00;307.30e-6
2014-01-12 00:30:00;312.54e-6
2014-01-12 00:45:00;324.32e-6
2014-01-12 01:00:00;336.33e-6
2014-01-12 01:15:00;351.65e-6
2014-01-12 01:30:00;362.75e-6
2014-01-12 01:45:00;374.50e-6
2014-01-12 02:00:00;383.14e-6
2014-01-12 02:15:00;387.22e-6
2014-01-12 02:30:00;388.73e-6
2014-01-12 02:45:00;385.17e-6
2014-01-12 03:00:00;373.09e-6
2014-01-12 03:15:00;354.07e-6
2014-01-12 03:30:00;330.79e-6
2014-01-12 03:45:00;310.12e-6
2014-01-12 04:00:00;298.46e-6
2014-01-12 04:15:00;284.31e-6
2014-01-12 04:30:00;274.75e-6
2014-01-12 04:45:00;262.35e-6
2014-01-12 05:00:00;251.27e-6
2014-01-12 05:15:00;247.22e-6
2014-01-12 05:30:00;251.50e-6
2014-01-12 05:45:00;268.34e-6
2014-01-12 06:00:00;302.62e-6
2014-01-12 06:15:00;341.47e-6
2014-01-12 06:30:00;408.21e-6
2014-01-12 06:45:00;423.14e-6
2014-01-12 07:00:00;463.34e-6
2014-01-12 07:15:00;500.28e-6
2014-01-12 07:30:00;564.56e-6
2014-01-12 07:45:00;613.45e-6
2014-01-12 08:00:00;666.95e-6
2014-01-12 08:15:00;717.94e-6
2014-01-12 08:30:00;733.25e-6
2014-01-12 08:45:00;752.53e-6
2014-01-12 09:00:00;762.49e-6
2014-01-12 09:15:00;777.34e-6
2014-01-12 09:30:00;789.33e-6
2014-01-12 09:45:00;802.09e-6
2014-01-12 10:00:00;818.04e-6
2014-01-12 10:15:00;839.46e-6
2014-01-12 10:30:00;861.81e-6
2014-01-12 10:45:00;896.00e-6
2014-01-12 11:00:00;941.95e-6
2014-01-12 11:15:00;1010.68e-6
2014-01-12 11:30:00;1018.15e-6
2014-01-12 11:45:00;976.08e-6
2014-01-12 12:00:00;891.21e-6
2014-01-12 12:15:00;805.39e-6
2014-01-12 12:30:00;753.17e-6
2014-01-12 12:45:00;728.36e-6
2014-01-12 13:00:00;700.23e-6
2014-01-12 13:15:00;682.93e-6
2014-01-12 13:30:00;672.31e-6
2014-01-12 13:45:00;669.05e-6
2014-01-12 14:00:00;671.76e-6
2014-01-12 14:15:00;674.21e-6
2014-01-12 14:30:00;675.38e-6
2014-01-12 14:45:00;675.82e-6
2014-01-12 15:00:00;675.01e-6
2014-01-12 15:15:00;674.08e-6
2014-01-12 15:30:00;676.65e-6
2014-01-12 15:45:00;682.42e-6
2014-01-12 16:00:00;694.02e-6
2014-01-12 16:15:00;701.36e-6
2014-01-12 16:30:00;730.25e-6
2014-01-12 16:45:00;755.83e-6
2014-01-12 17:00:00;784.63e-6
2014-01-12 17:15:00;806.28e-6
2014-01-12 17:30:00;827.85e-6
2014-01-12 17:45:00;847.04e-6
2014-01-12 18:00:00;865.70e-6
2014-01-12 18:15:00;872.96e-6
2014-01-12 18:30:00;884.93e-6
2014-01-12 18:45:00;879.06e-6
2014-01-12 19:00:00;863.04e-6
2014-01-12 19:15:00;837.22e-6
2014-01-12 19:30:00;794.20e-6
2014-01-12 19:45:00;771.99e-6
2014-01-12 20:00:00;760.03e-6
2014-01-12 20:15:00;737.08e-6
2014-01-12 20:30:00;709.93e-6
2014-01-12 20:45:00;691.07e-6
2014-01-12 21:00:00;665.13e-6
2014-01-12 21:15:00;637.49e-6
2014-01-12 21:30:00;603.11e-6
2014-01-12 21:45:00;563.27e-6
2014-01-12 22:00:00;515.71e-6
2014-01-12 22:15:00;463.45e-6
2014-01-12 22:30:00;414.21e-6
2014-01-12 22:45:00;368.99e-6
2014-01-12 23:00:00;330.54e-6
2014-01-12 23:15:00;293.06e-6
2014-01-12 23:30:00;273.68e-6
2014-01-12 23:45:00;260.55e-6
2014-01-13 00:00:00;234.75e-6
2014-01-13 00:15:00;239.15e-6
2014-01-13 00:30:00;253.93e-6
2014-01-13 00:45:00;271.92e-6
2014-01-13 01:00:00;290.43e-6
2014-01-13 01:15:00;309.92e-6
2014-01-13 01:30:00;327.13e-6
2014-01-13 01:45:00;342.47e-6
2014-01-13 02:00:00;355.67e-6
2014-01-13 02:15:00;361.35e-6
2014-01-13 02:30:00;362.17e-6
2014-01-13 02:45:00;359.76e-6
2014-01-13 03:00:00;350.04e-6
2014-01-13 03:15:00;335.22e-6
2014-01-13 03:30:00;315.57e-6
2014-01-13 03:45:00;294.17e-6
2014-01-13 04:00:00;282.01e-6
2014-01-13 04:15:00;268.65e-6
2014-01-13 04:30:00;264.83e-6
2014-01-13 04:45:00;272.16e-6
2014-01-13 05:00:00;278.98e-6
2014-01-13 05:15:00;297.08e-6
2014-01-13 05:30:00;324.69e-6
2014-01-13 05:45:00;364.33e-6
2014-01-13 06:00:00;420.04e-6
2014-01-13 06:15:00;472.54e-6
2014-01-13 06:30:00;560.00e-6
2014-01-13 06:45:00;565.26e-6
2014-01-13 07:00:00;584.15e-6
2014-01-13 07:15:00;591.86e-6
2014-01-13 07:30:00;594.29e-6
2014-01-13 07:45:00;573.34e-6
2014-01-13 08:00:00;560.82e-6
2014-01-13 08:15:00;541.04e-6
2014-01-13 08:30:00;511.42e-6
2014-01-13 08:45:00;484.72e-6
2014-01-13 09:00:00;460.33e-6
2014-01-13 09:15:00;450.11e-6
2014-01-13 09:30:00;450.26e-6
2014-01-13 09:45:00;452.50e-6
2014-01-13 10:00:00;457.12e-6
2014-01-13 10:15:00;459.21e-6
2014-01-13 10:30:00;463.03e-6
2014-01-13 10:45:00;473.91e-6
2014-01-13 11:00:00;492.83e-6
2014-01-13 11:15:00;517.69e-6
2014-01-13 11:30:00;523.40e-6
2014-01-13 11:45:00;513.73e-6
2014-01-13 12:00:00;488.32e-6
2014-01-13 12:15:00;474.18e-6
2014-01-13 12:30:00;467.30e-6
2014-01-13 12:45:00;468.79e-6
2014-01-13 13:00:00;470.71e-6
2014-01-13 13:15:00;477.23e-6
2014-01-13 13:30:00;486.48e-6
2014-01-13 13:45:00;498.30e-6
2014-01-13 14:00:00;511.71e-6
2014-01-13 14:15:00;521.18e-6
2014-01-13 14:30:00;526.19e-6
2014-01-13 14:45:00;527.72e-6
2014-01-13 15:00:00;526.20e-6
2014-01-13 15:15:00;523.31e-6
2014-01-13 15:30:00;523.22e-6
2014-01-13 15:45:00;526.51e-6
2014-01-13 16:00:00;535.56e-6
2014-01-13 16:15:00;541.47e-6
2014-01-13 16:30:00;566.42e-6
2014-01-13 16:45:00;595.10e-6
2014-01-13 17:00:00;630.32e-6
2014-01-13 17:15:00;658.36e-6
2014-01-13 17:30:00;686.67e-6
2014-01-13 17:45:00;715.61e-6
2014-01-13 18:00:00;739.44e-6
2014-01-13 18:15:00;760.89e-6
2014-01-13 18:30:00;779.66e-6
2014-01-13 18:45:00;789.41e-6
2014-01-13 19:00:00;788.82e-6
2014-01-13 19:15:00;783.45e-6
2014-01-13 19:30:00;786.18e-6
2014-01-13 19:45:00;771.34e-6
2014-01-13 20:00:00;759.83e-6
2014-01-13 20:15:00;739.05e-6
2014-01-13 20:30:00;713.80e-6
2014-01-13 20:45:00;689.48e-6
2014-01-13 21:00:00;667.37e-6
2014-01-13 21:15:00;637.28e-6
2014-01-13 21:30:00;603.01e-6
2014-01-13 21:45:00;562.43e-6
2014-01-13 22:00:00;514.86e-6
2014-01-13 22:15:00;462.44e-6
2014-01-13 22:30:00;412.65e-6
2014-01-13 22:45:00;365.65e-6
2014-01-13 23:00:00;325.67e-6
2014-01-13 23:15:00;283.09e-6
2014-01-13 23:30:00;264.56e-6
2014-01-13 23:45:00;253.28e-6
2014-01-14 00:00:00;234.82e-6
2014-01-14 00:15:00;239.22e-6
2014-01-14 00:30:00;254.01e-6
2014-01-14 00:45:00;272.00e-6
2014-01-14 01:00:00;290.52e-6
2014-01-14 01:15:00;310.01e-6
2014-01-14 01:30:00;327.22e-6
2014-01-14 01:45:00;342.57e-6
2014-01-14 02:00:00;355.78e-6
2014-01-14 02:15:00;361.45e-6
2014-01-14 02:30:00;362.28e-6
2014-01-14 02:45:00;359.87e-6
2014-01-14 03:00:00;350.14e-6
2014-01-14 03:15:00;335.32e-6
2014-01-14 03:30:00;315.66e-6
2014-01-14 03:45:00;294.26e-6
2014-01-14 04:00:00;282.10e-6
2014-01-14 04:15:00;268.73e-6
2014-01-14 04:30:00;264.91e-6
2014-01-14 04:45:00;272.24e-6
2014-01-14 05:00:00;279.07e-6
2014-01-14 05:15:00;297.17e-6
2014-01-14 05:30:00;324.79e-6
2014-01-14 05:45:00;364.44e-6
2014-01-14 06:00:00;420.17e-6
2014-01-14 06:15:00;472.68e-6
2014-01-14 06:30:00;560.16e-6
2014-01-14 06:45:00;565.43e-6
2014-01-14 07:00:00;584.33e-6
2014-01-14 07:15:00;592.04e-6
2014-01-14 07:30:00;594.47e-6
2014-01-14 07:45:00;573.51e-6
2014-01-14 08:00:00;560.98e-6
2014-01-14 08:15:00;541.20e-6
2014-01-14 08:30:00;511.58e-6
2014-01-14 08:45:00;484.86e-6
2014-01-14 09:00:00;460.47e-6
2014-01-14 09:15:00;450.25e-6
2014-01-14 09:30:00;450.39e-6
2014-01-14 09:45:00;452.63e-6
2014-01-14 10:00:00;457.26e-6
2014-01-14 10:15:00;459.35e-6
2014-01-14 10:30:00;463.17e-6
2014-01-14 10:45:00;474.05e-6
2014-01-14 11:00:00;492.98e-6
2014-01-14 11:15:00;517.85e-6
2014-01-14 11:30:00;523.56e-6
2014-01-14 11:45:00;513.88e-6
2014-01-14 12:00:00;488.47e-6
2014-01-14 12:15:00;474.32e-6
2014-01-14 12:30:00;467.44e-6
2014-01-14 12:45:00;468.93e-6
2014-01-14 13:00:00;470.85e-6
2014-01-14 13:15:00;477.38e-6
2014-01-14 13:30:00;486.63e-6
2014-01-14 13:45:00;498.45e-6
2014-01-14 14:00:00;511.86e-6
2014-01-14 14:15:00;521.33e-6
2014-01-14 14:30:00;526.35e-6
2014-01-14 14:45:00;527.88e-6
2014-01-14 15:00:00;526.35e-6
2014-01-14 15:15:00;523.46e-6
2014-01-14 15:30:00;523.38e-6
2014-01-14 15:45:00;526.67e-6
2014-01-14 16:00:00;535.72e-6
2014-01-14 16:15:00;541.63e-6
2014-01-14 16:30:00;566.59e-6
2014-01-14 16:45:00;595.28e-6
2014-01-14 17:00:00;630.50e-6
2014-01-14 17:15:00;658.56e-6
2014-01-14 17:30:00;686.88e-6
2014-01-14 17:45:00;715.83e-6
2014-01-14 18:00:00;739.66e-6
2014-01-14 18:15:00;761.12e-6
2014-01-14 18:30:00;779.89e-6
2014-01-14 18:45:00;789.65e-6
2014-01-14 19:00:00;789.06e-6
2014-01-14 19:15:00;783.68e-6
2014-01-14 19:30:00;786.42e-6
2014-01-14 19:45:00;771.57e-6
2014-01-14 20:00:00;760.05e-6
2014-01-14 20:15:00;739.27e-6
2014-01-14 20:30:00;714.01e-6
2014-01-14 20:45:00;689.68e-6
2014-01-14 21:00:00;667.57e-6
2014-01-14 21:15:00;637.47e-6
2014-01-14 21:30:00;603.19e-6
2014-01-14 21:45:00;562.60e-6
2014-01-14 22:00:00;515.02e-6
2014-01-14 22:15:00;462.58e-6
2014-01-14 22:30:00;412.78e-6
2014-01-14 22:45:00;365.76e-6
2014-01-14 23:00:00;325.76e-6
2014-01-14 23:15:00;283.17e-6
2014-01-14 23:30:00;264.64e-6
2014-01-14 23:45:00;253.36e-6
2014-01-15 00:00:00;234.87e-6
2014-01-15 00:15:00;239.27e-6
2014-01-15 00:30:00;254.06e-6
2014-01-15 00:45:00;272.06e-6
2014-01-15 01:00:00;290.58e-6
2014-01-15 01:15:00;310.08e-6
2014-01-15 01:30:00;327.29e-6
2014-01-15 01:45:00;342.64e-6
2014-01-15 02:00:00;355.85e-6
2014-01-15 02:15:00;361.53e-6
2014-01-15 02:30:00;362.36e-6
2014-01-15 02:45:00;359.94e-6
2014-01-15 03:00:00;350.22e-6
2014-01-15 03:15:00;335.39e-6
2014-01-15 03:30:00;315.73e-6
2014-01-15 03:45:00;294.32e-6
2014-01-15 04:00:00;282.16e-6
2014-01-15 04:15:00;268.78e-6
2014-01-15 04:30:00;264.96e-6
2014-01-15 04:45:00;272.29e-6
2014-01-15 05:00:00;279.13e-6
2014-01-15 05:15:00;297.23e-6
2014-01-15 05:30:00;324.86e-6
2014-01-15 05:45:00;364.51e-6
2014-01-15 06:00:00;420.26e-6
2014-01-15 06:15:00;472.78e-6
2014-01-15 06:30:00;560.28e-6
2014-01-15 06:45:00;565.55e-6
2014-01-15 07:00:00;584.45e-6
2014-01-15 07:15:00;592.16e-6
2014-01-15 07:30:00;594.60e-6
2014-01-15 07:45:00;573.63e-6
2014-01-15 08:00:00;561.10e-6
2014-01-15 08:15:00;541.31e-6
2014-01-15 08:30:00;511.68e-6
2014-01-15 08:45:00;484.96e-6
2014-01-15 09:00:00;460.56e-6
2014-01-15 09:15:00;450.34e-6
2014-01-15 09:30:00;450.49e-6
2014-01-15 09:45:00;452.73e-6
2014-01-15 10:00:00;457.35e-6
2014-01-15 10:15:00;459.44e-6
2014-01-15 10:30:00;463.27e-6
2014-01-15 10:45:00;474.15e-6
2014-01-15 11:00:00;493.08e-6
2014-01-15 11:15:00;517.96e-6
2014-01-15 11:30:00;523.66e-6
2014-01-15 11:45:00;513.99e-6
2014-01-15 12:00:00;488.57e-6
2014-01-15 12:15:00;474.42e-6
2014-01-15 12:30:00;467.54e-6
2014-01-15 12:45:00;469.03e-6
2014-01-15 13:00:00;470.95e-6
2014-01-15 13:15:00;477.48e-6
2014-01-15 13:30:00;486.73e-6
2014-01-15 13:45:00;498.55e-6
2014-01-15 14:00:00;511.97e-6
2014-01-15 14:15:00;521.44e-6
2014-01-15 14:30:00;526.46e-6
2014-01-15 14:45:00;527.99e-6
2014-01-15 15:00:00;526.46e-6
2014-01-15 15:15:00;523.57e-6
2014-01-15 15:30:00;523.48e-6
2014-01-15 15:45:00;526.78e-6
2014-01-15 16:00:00;535.83e-6
2014-01-15 16:15:00;541.75e-6
2014-01-15 16:30:00;566.70e-6
2014-01-15 16:45:00;595.41e-6
2014-01-15 17:00:00;630.63e-6
2014-01-15 17:15:00;658.70e-6
2014-01-15 17:30:00;687.02e-6
2014-01-15 17:45:00;715.98e-6
2014-01-15 18:00:00;739.81e-6
2014-01-15 18:15:00;761.28e-6
2014-01-15 18:30:00;780.05e-6
2014-01-15 18:45:00;789.81e-6
2014-01-15 19:00:00;789.22e-6
2014-01-15 19:15:00;783.84e-6
2014-01-15 19:30:00;786.58e-6
2014-01-15 19:45:00;771.73e-6
2014-01-15 20:00:00;760.21e-6
2014-01-15 20:15:00;739.43e-6
2014-01-15 20:30:00;714.16e-6
2014-01-15 20:45:00;689.83e-6
2014-01-15 21:00:00;667.71e-6
2014-01-15 21:15:00;637.60e-6
2014-01-15 21:30:00;603.31e-6
2014-01-15 21:45:00;562.71e-6
2014-01-15 22:00:00;515.12e-6
2014-01-15 22:15:00;462.67e-6
2014-01-15 22:30:00;412.86e-6
2014-01-15 22:45:00;365.84e-6
2014-01-15 23:00:00;325.83e-6
2014-01-15 23:15:00;283.23e-6
2014-01-15 23:30:00;264.69e-6
2014-01-15 23:45:00;253.41e-6
2014-01-16 00:00:00;234.90e-6
2014-01-16 00:15:00;239.30e-6
2014-01-16 00:30:00;254.09e-6
2014-01-16 00:45:00;272.09e-6
2014-01-16 01:00:00;290.61e-6
2014-01-16 01:15:00;310.11e-6
2014-01-16 01:30:00;327.33e-6
2014-01-16 01:45:00;342.68e-6
2014-01-16 02:00:00;355.90e-6
2014-01-16 02:15:00;361.57e-6
2014-01-16 02:30:00;362.40e-6
2014-01-16 02:45:00;359.99e-6
2014-01-16 03:00:00;350.26e-6
2014-01-16 03:15:00;335.43e-6
2014-01-16 03:30:00;315.77e-6
2014-01-16 03:45:00;294.36e-6
2014-01-16 04:00:00;282.19e-6
2014-01-16 04:15:00;268.82e-6
2014-01-16 04:30:00;265.00e-6
2014-01-16 04:45:00;272.33e-6
2014-01-16 05:00:00;279.16e-6
2014-01-16 05:15:00;297.27e-6
2014-01-16 05:30:00;324.89e-6
2014-01-16 05:45:00;364.56e-6
2014-01-16 06:00:00;420.31e-6
2014-01-16 06:15:00;472.83e-6
2014-01-16 06:30:00;560.35e-6
2014-01-16 06:45:00;565.61e-6
2014-01-16 07:00:00;584.52e-6
2014-01-16 07:15:00;592.23e-6
2014-01-16 07:30:00;594.67e-6
2014-01-16 07:45:00;573.70e-6
2014-01-16 08:00:00;561.17e-6
2014-01-16 08:15:00;541.38e-6
2014-01-16 08:30:00;511.74e-6
2014-01-16 08:45:00;485.02e-6
2014-01-16 09:00:00;460.62e-6
2014-01-16 09:15:00;450.40e-6
2014-01-16 09:30:00;450.54e-6
2014-01-16 09:45:00;452.78e-6
2014-01-16 10:00:00;457.41e-6
2014-01-16 10:15:00;459.50e-6
2014-01-16 10:30:00;463.32e-6
2014-01-16 10:45:00;474.20e-6
2014-01-16 11:00:00;493.14e-6
2014-01-16 11:15:00;518.02e-6
2014-01-16 11:30:00;523.73e-6
2014-01-16 11:45:00;514.05e-6
2014-01-16 12:00:00;488.63e-6
2014-01-16 12:15:00;474.48e-6
2014-01-16 12:30:00;467.60e-6
2014-01-16 12:45:00;469.08e-6
2014-01-16 13:00:00;471.01e-6
2014-01-16 13:15:00;477.53e-6
2014-01-16 13:30:00;486.79e-6
2014-01-16 13:45:00;498.61e-6
2014-01-16 14:00:00;512.03e-6
2014-01-16 14:15:00;521.50e-6
2014-01-16 14:30:00;526.52e-6
2014-01-16 14:45:00;528.05e-6
2014-01-16 15:00:00;526.52e-6
2014-01-16 15:15:00;523.63e-6
2014-01-16 15:30:00;523.55e-6
2014-01-16 15:45:00;526.84e-6
2014-01-16 16:00:00;535.90e-6
2014-01-16 16:15:00;541.81e-6
2014-01-16 16:30:00;566.77e-6
2014-01-16 16:45:00;595.48e-6
2014-01-16 17:00:00;630.71e-6
2014-01-16 17:15:00;658.77e-6
2014-01-16 17:30:00;687.10e-6
2014-01-16 17:45:00;716.06e-6
2014-01-16 18:00:00;739.90e-6
2014-01-16 18:15:00;761.37e-6
2014-01-16 18:30:00;780.14e-6
2014-01-16 18:45:00;789.91e-6
2014-01-16 19:00:00;789.32e-6
2014-01-16 19:15:00;783.94e-6
2014-01-16 19:30:00;786.67e-6
2014-01-16 19:45:00;771.82e-6
2014-01-16 20:00:00;760.30e-6
2014-01-16 20:15:00;739.51e-6
2014-01-16 20:30:00;714.25e-6
2014-01-16 20:45:00;689.91e-6
2014-01-16 21:00:00;667.79e-6
2014-01-16 21:15:00;637.68e-6
2014-01-16 21:30:00;603.38e-6
2014-01-16 21:45:00;562.78e-6
2014-01-16 22:00:00;515.19e-6
2014-01-16 22:15:00;462.73e-6
2014-01-16 22:30:00;412.91e-6
2014-01-16 22:45:00;365.88e-6
2014-01-16 23:00:00;325.87e-6
2014-01-16 23:15:00;283.27e-6
2014-01-16 23:30:00;264.72e-6
2014-01-16 23:45:00;253.44e-6
2014-01-17 00:00:00;234.91e-6
2014-01-17 00:15:00;239.31e-6
2014-01-17 00:30:00;254.10e-6
2014-01-17 00:45:00;272.10e-6
2014-01-17 01:00:00;290.62e-6
2014-01-17 01:15:00;310.12e-6
2014-01-17 01:30:00;327.34e-6
2014-01-17 01:45:00;342.69e-6
2014-01-17 02:00:00;355.91e-6
2014-01-17 02:15:00;361.58e-6
2014-01-17 02:30:00;362.41e-6
2014-01-17 02:45:00;360.00e-6
2014-01-17 03:00:00;350.27e-6
2014-01-17 03:15:00;335.44e-6
2014-01-17 03:30:00;315.77e-6
2014-01-17 03:45:00;294.36e-6
2014-01-17 04:00:00;282.20e-6
2014-01-17 04:15:00;268.82e-6
2014-01-17 04:30:00;265.00e-6
2014-01-17 04:45:00;272.33e-6
2014-01-17 05:00:00;279.17e-6
2014-01-17 05:15:00;297.27e-6
2014-01-17 05:30:00;324.90e-6
2014-01-17 05:45:00;364.57e-6
2014-01-17 06:00:00;420.32e-6
2014-01-17 06:15:00;472.85e-6
2014-01-17 06:30:00;560.36e-6
2014-01-17 06:45:00;565.63e-6
2014-01-17 07:00:00;584.53e-6
2014-01-17 07:15:00;592.25e-6
2014-01-17 07:30:00;594.68e-6
2014-01-17 07:45:00;573.72e-6
2014-01-17 08:00:00;561.18e-6
2014-01-17 08:15:00;541.39e-6
2014-01-17 08:30:00;511.76e-6
2014-01-17 08:45:00;485.03e-6
2014-01-17 09:00:00;460.63e-6
2014-01-17 09:15:00;450.41e-6
2014-01-17 09:30:00;450.55e-6
2014-01-17 09:45:00;452.79e-6
2014-01-17 10:00:00;457.42e-6
2014-01-17 10:15:00;459.51e-6
2014-01-17 10:30:00;463.34e-6
2014-01-17 10:45:00;474.22e-6
2014-01-17 11:00:00;493.15e-6
2014-01-17 11:15:00;518.03e-6
2014-01-17 11:30:00;523.74e-6
2014-01-17 11:45:00;514.06e-6
2014-01-17 12:00:00;488.64e-6
2014-01-17 12:15:00;474.49e-6
2014-01-17 12:30:00;467.61e-6
2014-01-17 12:45:00;469.10e-6
2014-01-17 13:00:00;471.02e-6
2014-01-17 13:15:00;477.55e-6
2014-01-17 13:30:00;486.80e-6
2014-01-17 13:45:00;498.63e-6
2014-01-17 14:00:00;512.04e-6
2014-01-17 14:15:00;521.52e-6
2014-01-17 14:30:00;526.54e-6
2014-01-17 14:45:00;528.06e-6
2014-01-17 15:00:00;526.54e-6
2014-01-17 15:15:00;523.65e-6
2014-01-17 15:30:00;523.56e-6
2014-01-17 15:45:00;526.86e-6
2014-01-17 16:00:00;535.91e-6
2014-01-17 16:15:00;541.83e-6
2014-01-17 16:30:00;566.79e-6
2014-01-17 16:45:00;595.49e-6
2014-01-17 17:00:00;630.73e-6
2014-01-17 17:15:00;658.79e-6
2014-01-17 17:30:00;687.12e-6
2014-01-17 17:45:00;716.08e-6
2014-01-17 18:00:00;739.92e-6
2014-01-17 18:15:00;761.39e-6
2014-01-17 18:30:00;780.17e-6
2014-01-17 18:45:00;789.93e-6
2014-01-17 19:00:00;789.34e-6
2014-01-17 19:15:00;783.96e-6
2014-01-17 19:30:00;786.70e-6
2014-01-17 19:45:00;771.84e-6
2014-01-17 20:00:00;760.32e-6
2014-01-17 20:15:00;739.54e-6
2014-01-17 20:30:00;714.27e-6
2014-01-17 20:45:00;689.93e-6
2014-01-17 21:00:00;667.81e-6
2014-01-17 21:15:00;637.70e-6
2014-01-17 21:30:00;603.40e-6
2014-01-17 21:45:00;562.80e-6
2014-01-17 22:00:00;515.20e-6
2014-01-17 22:15:00;462.74e-6
2014-01-17 22:30:00;412.92e-6
2014-01-17 22:45:00;365.89e-6
2014-01-17 23:00:00;325.88e-6
2014-01-17 23:15:00;283.28e-6
2014-01-17 23:30:00;264.73e-6
2014-01-17 23:45:00;253.45e-6
2014-01-18 00:00:00;280.53e-6
2014-01-18 00:15:00;270.74e-6
2014-01-18 00:30:00;268.43e-6
2014-01-18 00:45:00;271.61e-6
2014-01-18 01:00:00;282.51e-6
2014-01-18 01:15:00;299.41e-6
2014-01-18 01:30:00;316.42e-6
2014-01-18 01:45:00;332.11e-6
2014-01-18 02:00:00;345.16e-6
2014-01-18 02:15:00;353.78e-6
2014-01-18 02:30:00;355.80e-6
2014-01-18 02:45:00;353.81e-6
2014-01-18 03:00:00;345.25e-6
2014-01-18 03:15:00;329.89e-6
2014-01-18 03:30:00;309.49e-6
2014-01-18 03:45:00;289.29e-6
2014-01-18 04:00:00;276.29e-6
2014-01-18 04:15:00;263.59e-6
2014-01-18 04:30:00;254.73e-6
2014-01-18 04:45:00;243.92e-6
2014-01-18 05:00:00;234.98e-6
2014-01-18 05:15:00;234.12e-6
2014-01-18 05:30:00;242.62e-6
2014-01-18 05:45:00;264.74e-6
2014-01-18 06:00:00;305.37e-6
2014-01-18 06:15:00;349.69e-6
2014-01-18 06:30:00;424.49e-6
2014-01-18 06:45:00;440.50e-6
2014-01-18 07:00:00;474.35e-6
2014-01-18 07:15:00;498.37e-6
2014-01-18 07:30:00;537.74e-6
2014-01-18 07:45:00;553.74e-6
2014-01-18 08:00:00;575.62e-6
2014-01-18 08:15:00;592.13e-6
2014-01-18 08:30:00;576.86e-6
2014-01-18 08:45:00;578.96e-6
2014-01-18 09:00:00;582.68e-6
2014-01-18 09:15:00;591.88e-6
2014-01-18 09:30:00;600.99e-6
2014-01-18 09:45:00;610.01e-6
2014-01-18 10:00:00;619.24e-6
2014-01-18 10:15:00;628.60e-6
2014-01-18 10:30:00;640.35e-6
2014-01-18 10:45:00;662.60e-6
2014-01-18 11:00:00;697.07e-6
2014-01-18 11:15:00;755.14e-6
2014-01-18 11:30:00;775.16e-6
2014-01-18 11:45:00;762.81e-6
2014-01-18 12:00:00;711.97e-6
2014-01-18 12:15:00;654.74e-6
2014-01-18 12:30:00;625.36e-6
2014-01-18 12:45:00;613.90e-6
2014-01-18 13:00:00;601.76e-6
2014-01-18 13:15:00;598.48e-6
2014-01-18 13:30:00;601.78e-6
2014-01-18 13:45:00;612.12e-6
2014-01-18 14:00:00;628.28e-6
2014-01-18 14:15:00;644.20e-6
2014-01-18 14:30:00;658.41e-6
2014-01-18 14:45:00;670.72e-6
2014-01-18 15:00:00;680.14e-6
2014-01-18 15:15:00;687.74e-6
2014-01-18 15:30:00;696.77e-6
2014-01-18 15:45:00;707.32e-6
2014-01-18 16:00:00;721.90e-6
2014-01-18 16:15:00;732.77e-6
2014-01-18 16:30:00;760.93e-6
2014-01-18 16:45:00;790.24e-6
2014-01-18 17:00:00;818.13e-6
2014-01-18 17:15:00;837.96e-6
2014-01-18 17:30:00;855.80e-6
2014-01-18 17:45:00;869.91e-6
2014-01-18 18:00:00;881.19e-6
2014-01-18 18:15:00;885.39e-6
2014-01-18 18:30:00;893.16e-6
2014-01-18 18:45:00;878.62e-6
2014-01-18 19:00:00;853.81e-6
2014-01-18 19:15:00;824.08e-6
2014-01-18 19:30:00;786.74e-6
2014-01-18 19:45:00;762.31e-6
2014-01-18 20:00:00;748.56e-6
2014-01-18 20:15:00;727.81e-6
2014-01-18 20:30:00;705.35e-6
2014-01-18 20:45:00;688.15e-6
2014-01-18 21:00:00;669.66e-6
2014-01-18 21:15:00;647.44e-6
2014-01-18 21:30:00;620.46e-6
2014-01-18 21:45:00;588.75e-6
2014-01-18 22:00:00;551.02e-6
2014-01-18 22:15:00;508.81e-6
2014-01-18 22:30:00;468.78e-6
2014-01-18 22:45:00;431.21e-6
2014-01-18 23:00:00;396.79e-6
2014-01-18 23:15:00;365.41e-6
2014-01-18 23:30:00;338.96e-6
2014-01-18 23:45:00;328.91e-6
2014-01-19 00:00:00;309.24e-6
2014-01-19 00:15:00;307.56e-6
2014-01-19 00:30:00;312.81e-6
2014-01-19 00:45:00;324.60e-6
2014-01-19 01:00:00;336.62e-6
2014-01-19 01:15:00;351.95e-6
2014-01-19 01:30:00;363.06e-6
2014-01-19 01:45:00;374.82e-6
2014-01-19 02:00:00;383.47e-6
2014-01-19 02:15:00;387.55e-6
2014-01-19 02:30:00;389.06e-6
2014-01-19 02:45:00;385.49e-6
2014-01-19 03:00:00;373.40e-6
2014-01-19 03:15:00;354.37e-6
2014-01-19 03:30:00;331.07e-6
2014-01-19 03:45:00;310.38e-6
2014-01-19 04:00:00;298.71e-6
2014-01-19 04:15:00;284.56e-6
2014-01-19 04:30:00;274.98e-6
2014-01-19 04:45:00;262.57e-6
2014-01-19 05:00:00;251.48e-6
2014-01-19 05:15:00;247.43e-6
2014-01-19 05:30:00;251.71e-6
2014-01-19 05:45:00;268.57e-6
2014-01-19 06:00:00;302.88e-6
2014-01-19 06:15:00;341.76e-6
2014-01-19 06:30:00;408.56e-6
2014-01-19 06:45:00;423.50e-6
2014-01-19 07:00:00;463.73e-6
2014-01-19 07:15:00;500.71e-6
2014-01-19 07:30:00;565.04e-6
2014-01-19 07:45:00;613.97e-6
2014-01-19 08:00:00;667.51e-6
2014-01-19 08:15:00;718.55e-6
2014-01-19 08:30:00;733.87e-6
2014-01-19 08:45:00;753.17e-6
2014-01-19 09:00:00;763.14e-6
2014-01-19 09:15:00;778.00e-6
2014-01-19 09:30:00;790.00e-6
2014-01-19 09:45:00;802.77e-6
2014-01-19 10:00:00;818.74e-6
2014-01-19 10:15:00;840.18e-6
2014-01-19 10:30:00;862.54e-6
2014-01-19 10:45:00;896.76e-6
2014-01-19 11:00:00;942.75e-6
2014-01-19 11:15:00;1011.54e-6
2014-01-19 11:30:00;1019.01e-6
2014-01-19 11:45:00;976.91e-6
2014-01-19 12:00:00;891.97e-6
2014-01-19 12:15:00;806.07e-6
2014-01-19 12:30:00;753.81e-6
2014-01-19 12:45:00;728.98e-6
2014-01-19 13:00:00;700.82e-6
2014-01-19 13:15:00;683.51e-6
2014-01-19 13:30:00;672.88e-6
2014-01-19 13:45:00;669.62e-6
2014-01-19 14:00:00;672.33e-6
2014-01-19 14:15:00;674.78e-6
2014-01-19 14:30:00;675.95e-6
2014-01-19 14:45:00;676.39e-6
2014-01-19 15:00:00;675.58e-6
2014-01-19 15:15:00;674.65e-6
2014-01-19 15:30:00;677.23e-6
2014-01-19 15:45:00;683.00e-6
2014-01-19 16:00:00;694.61e-6
2014-01-19 16:15:00;701.95e-6
2014-01-19 16:30:00;730.87e-6
2014-01-19 16:45:00;756.48e-6
2014-01-19 17:00:00;785.30e-6
2014-01-19 17:15:00;806.96e-6
2014-01-19 17:30:00;828.55e-6
2014-01-19 17:45:00;847.76e-6
2014-01-19 18:00:00;866.43e-6
2014-01-19 18:15:00;873.70e-6
2014-01-19 18:30:00;885.68e-6
2014-01-19 18:45:00;879.80e-6
2014-01-19 19:00:00;863.77e-6
2014-01-19 19:15:00;837.93e-6
2014-01-19 19:30:00;794.87e-6
2014-01-19 19:45:00;772.65e-6
2014-01-19 20:00:00;760.68e-6
2014-01-19 20:15:00;737.70e-6
2014-01-19 20:30:00;710.53e-6
2014-01-19 20:45:00;691.66e-6
2014-01-19 21:00:00;665.69e-6
2014-01-19 21:15:00;638.03e-6
2014-01-19 21:30:00;603.62e-6
2014-01-19 21:45:00;563.75e-6
2014-01-19 22:00:00;516.15e-6
2014-01-19 22:15:00;463.84e-6
2014-01-19 22:30:00;414.56e-6
2014-01-19 22:45:00;369.30e-6
2014-01-19 23:00:00;330.82e-6
2014-01-19 23:15:00;293.31e-6
2014-01-19 23:30:00;273.91e-6
2014-01-19 23:45:00;260.77e-6
2014-01-20 00:00:00;234.81e-6
2014-01-20 00:15:00;239.21e-6
2014-01-20 00:30:00;253.99e-6
2014-01-20 00:45:00;271.98e-6
2014-01-20 01:00:00;290.50e-6
2014-01-20 01:15:00;309.99e-6
2014-01-20 01:30:00;327.20e-6
2014-01-20 01:45:00;342.55e-6
2014-01-20 02:00:00;355.76e-6
2014-01-20 02:15:00;361.43e-6
2014-01-20 02:30:00;362.26e-6
2014-01-20 02:45:00;359.84e-6
2014-01-20 03:00:00;350.12e-6
2014-01-20 03:15:00;335.30e-6
2014-01-20 03:30:00;315.64e-6
2014-01-20 03:45:00;294.24e-6
2014-01-20 04:00:00;282.08e-6
2014-01-20 04:15:00;268.71e-6
2014-01-20 04:30:00;264.89e-6
2014-01-20 04:45:00;272.22e-6
2014-01-20 05:00:00;279.05e-6
2014-01-20 05:15:00;297.15e-6
2014-01-20 05:30:00;324.77e-6
2014-01-20 05:45:00;364.41e-6
2014-01-20 06:00:00;420.14e-6
2014-01-20 06:15:00;472.65e-6
2014-01-20 06:30:00;560.13e-6
2014-01-20 06:45:00;565.39e-6
2014-01-20 07:00:00;584.28e-6
2014-01-20 07:15:00;592.00e-6
2014-01-20 07:30:00;594.43e-6
2014-01-20 07:45:00;573.47e-6
2014-01-20 08:00:00;560.95e-6
2014-01-20 08:15:00;541.16e-6
2014-01-20 08:30:00;511.54e-6
2014-01-20 08:45:00;484.83e-6
2014-01-20 09:00:00;460.44e-6
2014-01-20 09:15:00;450.22e-6
2014-01-20 09:30:00;450.36e-6
2014-01-20 09:45:00;452.60e-6
2014-01-20 10:00:00;457.22e-6
2014-01-20 10:15:00;459.32e-6
2014-01-20 10:30:00;463.14e-6
2014-01-20 10:45:00;474.02e-6
2014-01-20 11:00:00;492.94e-6
2014-01-20 11:15:00;517.81e-6
2014-01-20 11:30:00;523.52e-6
2014-01-20 11:45:00;513.84e-6
2014-01-20 12:00:00;488.43e-6
2014-01-20 12:15:00;474.29e-6
2014-01-20 12:30:00;467.41e-6
2014-01-20 12:45:00;468.90e-6
2014-01-20 13:00:00;470.82e-6
2014-01-20 13:15:00;477.34e-6
2014-01-20 13:30:00;486.59e-6
2014-01-20 13:45:00;498.41e-6
2014-01-20 14:00:00;511.83e-6
2014-01-20 14:15:00;521.30e-6
2014-01-20 14:30:00;526.31e-6
2014-01-20 14:45:00;527.84e-6
2014-01-20 15:00:00;526.32e-6
2014-01-20 15:15:00;523.43e-6
2014-01-20 15:30:00;523.34e-6
2014-01-20 15:45:00;526.64e-6
2014-01-20 16:00:00;535.68e-6
2014-01-20 16:15:00;541.60e-6
2014-01-20 16:30:00;566.55e-6
2014-01-20 16:45:00;595.24e-6
2014-01-20 17:00:00;630.46e-6
2014-01-20 17:15:00;658.51e-6
2014-01-20 17:30:00;686.83e-6
2014-01-20 17:45:00;715.78e-6
2014-01-20 18:00:00;739.61e-6
2014-01-20 18:15:00;761.07e-6
2014-01-20 18:30:00;779.83e-6
2014-01-20 18:45:00;789.59e-6
2014-01-20 19:00:00;789.01e-6
2014-01-20 19:15:00;783.63e-6
2014-01-20 19:30:00;786.36e-6
2014-01-20 19:45:00;771.52e-6
2014-01-20 20:00:00;760.00e-6
2014-01-20 20:15:00;739.22e-6
2014-01-20 20:30:00;713.96e-6
2014-01-20 20:45:00;689.64e-6
2014-01-20 21:00:00;667.52e-6
2014-01-20 21:15:00;637.43e-6
2014-01-20 21:30:00;603.15e-6
2014-01-20 21:45:00;562.56e-6
2014-01-20 22:00:00;514.98e-6
2014-01-20 22:15:00;462.55e-6
2014-01-20 22:30:00;412.75e-6
2014-01-20 22:45:00;365.73e-6
2014-01-20 23:00:00;325.74e-6
2014-01-20 23:15:00;283.15e-6
2014-01-20 23:30:00;264.62e-6
2014-01-20 23:45:00;253.34e-6
2014-01-21 00:00:00;234.73e-6
2014-01-21 00:15:00;239.13e-6
2014-01-21 00:30:00;253.91e-6
2014-01-21 00:45:00;271.90e-6
2014-01-21 01:00:00;290.41e-6
2014-01-21 01:15:00;309.89e-6
2014-01-21 01:30:00;327.10e-6
2014-01-21 01:45:00;342.44e-6
2014-01-21 02:00:00;355.65e-6
2014-01-21 02:15:00;361.32e-6
2014-01-21 02:30:00;362.15e-6
2014-01-21 02:45:00;359.73e-6
2014-01-21 03:00:00;350.01e-6
2014-01-21 03:15:00;335.19e-6
2014-01-21 03:30:00;315.54e-6
2014-01-21 03:45:00;294.15e-6
2014-01-21 04:00:00;281.99e-6
2014-01-21 04:15:00;268.63e-6
2014-01-21 04:30:00;264.81e-6
2014-01-21 04:45:00;272.14e-6
2014-01-21 05:00:00;278.96e-6
2014-01-21 05:15:00;297.06e-6
2014-01-21 05:30:00;324.67e-6
2014-01-21 05:45:00;364.30e-6
2014-01-21 06:00:00;420.01e-6
2014-01-21 06:15:00;472.50e-6
2014-01-21 06:30:00;559.95e-6
2014-01-21 06:45:00;565.21e-6
2014-01-21 07:00:00;584.10e-6
2014-01-21 07:15:00;591.82e-6
2014-01-21 07:30:00;594.25e-6
2014-01-21 07:45:00;573.30e-6
2014-01-21 08:00:00;560.77e-6
2014-01-21 08:15:00;541.00e-6
2014-01-21 08:30:00;511.38e-6
2014-01-21 08:45:00;484.68e-6
2014-01-21 09:00:00;460.29e-6
2014-01-21 09:15:00;450.08e-6
2014-01-21 09:30:00;450.22e-6
2014-01-21 09:45:00;452.46e-6
2014-01-21 10:00:00;457.08e-6
2014-01-21 10:15:00;459.17e-6
2014-01-21 10:30:00;463.00e-6
2014-01-21 10:45:00;473.87e-6
2014-01-21 11:00:00;492.79e-6
2014-01-21 11:15:00;517.65e-6
2014-01-21 11:30:00;523.36e-6
2014-01-21 11:45:00;513.69e-6
2014-01-21 12:00:00;488.28e-6
2014-01-21 12:15:00;474.14e-6
2014-01-21 12:30:00;467.27e-6
2014-01-21 12:45:00;468.75e-6
2014-01-21 13:00:00;470.68e-6
2014-01-21 13:15:00;477.20e-6
2014-01-21 13:30:00;486.44e-6
2014-01-21 13:45:00;498.26e-6
2014-01-21 14:00:00;511.67e-6
2014-01-21 14:15:00;521.14e-6
2014-01-21 14:30:00;526.15e-6
2014-01-21 14:45:00;527.68e-6
2014-01-21 15:00:00;526.15e-6
2014-01-21 15:15:00;523.26e-6
2014-01-21 15:30:00;523.18e-6
2014-01-21 15:45:00;526.47e-6
2014-01-21 16:00:00;535.52e-6
2014-01-21 16:15:00;541.43e-6
2014-01-21 16:30:00;566.37e-6
2014-01-21 16:45:00;595.06e-6
2014-01-21 17:00:00;630.27e-6
2014-01-21 17:15:00;658.31e-6
2014-01-21 17:30:00;686.62e-6
2014-01-21 17:45:00;715.56e-6
2014-01-21 18:00:00;739.38e-6
2014-01-21 18:15:00;760.83e-6
2014-01-21 18:30:00;779.59e-6
2014-01-21 18:45:00;789.35e-6
2014-01-21 19:00:00;788.76e-6
2014-01-21 19:15:00;783.38e-6
2014-01-21 19:30:00;786.12e-6
2014-01-21 19:45:00;771.28e-6
2014-01-21 20:00:00;759.77e-6
2014-01-21 20:15:00;738.99e-6
2014-01-21 20:30:00;713.74e-6
2014-01-21 20:45:00;689.42e-6
2014-01-21 21:00:00;667.32e-6
2014-01-21 21:15:00;637.23e-6
2014-01-21 21:30:00;602.96e-6
2014-01-21 21:45:00;562.38e-6
2014-01-21 22:00:00;514.82e-6
2014-01-21 22:15:00;462.40e-6
2014-01-21 22:30:00;412.62e-6
2014-01-21 22:45:00;365.62e-6
2014-01-21 23:00:00;325.64e-6
2014-01-21 23:15:00;283.07e-6
2014-01-21 23:30:00;264.54e-6
2014-01-21 23:45:00;253.26e-6
2014-01-22 00:00:00;234.64e-6
2014-01-22 00:15:00;239.04e-6
2014-01-22 00:30:00;253.82e-6
2014-01-22 00:45:00;271.79e-6
2014-01-22 01:00:00;290.29e-6
2014-01-22 01:15:00;309.77e-6
2014-01-22 01:30:00;326.97e-6
2014-01-22 01:45:00;342.31e-6
2014-01-22 02:00:00;355.51e-6
2014-01-22 02:15:00;361.18e-6
2014-01-22 02:30:00;362.00e-6
2014-01-22 02:45:00;359.59e-6
2014-01-22 03:00:00;349.88e-6
2014-01-22 03:15:00;335.06e-6
2014-01-22 03:30:00;315.42e-6
2014-01-22 03:45:00;294.03e-6
2014-01-22 04:00:00;281.88e-6
2014-01-22 04:15:00;268.52e-6
2014-01-22 04:30:00;264.71e-6
2014-01-22 04:45:00;272.03e-6
2014-01-22 05:00:00;278.85e-6
2014-01-22 05:15:00;296.94e-6
2014-01-22 05:30:00;324.54e-6
2014-01-22 05:45:00;364.16e-6
2014-01-22 06:00:00;419.85e-6
2014-01-22 06:15:00;472.32e-6
2014-01-22 06:30:00;559.73e-6
2014-01-22 06:45:00;564.99e-6
2014-01-22 07:00:00;583.88e-6
2014-01-22 07:15:00;591.59e-6
2014-01-22 07:30:00;594.02e-6
2014-01-22 07:45:00;573.07e-6
2014-01-22 08:00:00;560.55e-6
2014-01-22 08:15:00;540.79e-6
2014-01-22 08:30:00;511.18e-6
2014-01-22 08:45:00;484.49e-6
2014-01-22 09:00:00;460.11e-6
2014-01-22 09:15:00;449.90e-6
2014-01-22 09:30:00;450.05e-6
2014-01-22 09:45:00;452.28e-6
2014-01-22 10:00:00;456.91e-6
2014-01-22 10:15:00;459.00e-6
2014-01-22 10:30:00;462.81e-6
2014-01-22 10:45:00;473.68e-6
2014-01-22 11:00:00;492.60e-6
2014-01-22 11:15:00;517.45e-6
2014-01-22 11:30:00;523.15e-6
2014-01-22 11:45:00;513.49e-6
2014-01-22 12:00:00;488.09e-6
2014-01-22 12:15:00;473.96e-6
2014-01-22 12:30:00;467.09e-6
2014-01-22 12:45:00;468.57e-6
2014-01-22 13:00:00;470.49e-6
2014-01-22 13:15:00;477.01e-6
2014-01-22 13:30:00;486.25e-6
2014-01-22 13:45:00;498.07e-6
2014-01-22 14:00:00;511.47e-6
2014-01-22 14:15:00;520.93e-6
2014-01-22 14:30:00;525.95e-6
2014-01-22 14:45:00;527.47e-6
2014-01-22 15:00:00;525.95e-6
2014-01-22 15:15:00;523.06e-6
2014-01-22 15:30:00;522.97e-6
2014-01-22 15:45:00;526.27e-6
2014-01-22 16:00:00;535.31e-6
2014-01-22 16:15:00;541.22e-6
2014-01-22 16:30:00;566.15e-6
2014-01-22 16:45:00;594.82e-6
2014-01-22 17:00:00;630.02e-6
2014-01-22 17:15:00;658.05e-6
2014-01-22 17:30:00;686.35e-6
2014-01-22 17:45:00;715.28e-6
2014-01-22 18:00:00;739.09e-6
2014-01-22 18:15:00;760.54e-6
2014-01-22 18:30:00;779.29e-6
2014-01-22 18:45:00;789.04e-6
2014-01-22 19:00:00;788.45e-6
2014-01-22 19:15:00;783.08e-6
2014-01-22 19:30:00;785.81e-6
2014-01-22 19:45:00;770.98e-6
2014-01-22 20:00:00;759.47e-6
2014-01-22 20:15:00;738.70e-6
2014-01-22 20:30:00;713.46e-6
2014-01-22 20:45:00;689.15e-6
2014-01-22 21:00:00;667.06e-6
2014-01-22 21:15:00;636.98e-6
2014-01-22 21:30:00;602.72e-6
2014-01-22 21:45:00;562.16e-6
2014-01-22 22:00:00;514.62e-6
2014-01-22 22:15:00;462.22e-6
2014-01-22 22:30:00;412.46e-6
2014-01-22 22:45:00;365.48e-6
2014-01-22 23:00:00;325.51e-6
2014-01-22 23:15:00;282.96e-6
2014-01-22 23:30:00;264.43e-6
2014-01-22 23:45:00;253.16e-6
2014-01-23 00:00:00;234.53e-6
2014-01-23 00:15:00;238.93e-6
2014-01-23 00:30:00;253.70e-6
2014-01-23 00:45:00;271.66e-6
2014-01-23 01:00:00;290.16e-6
2014-01-23 01:15:00;309.63e-6
2014-01-23 01:30:00;326.82e-6
2014-01-23 01:45:00;342.15e-6
2014-01-23 02:00:00;355.34e-6
2014-01-23 02:15:00;361.01e-6
2014-01-23 02:30:00;361.83e-6
2014-01-23 02:45:00;359.42e-6
2014-01-23 03:00:00;349.71e-6
2014-01-23 03:15:00;334.90e-6
2014-01-23 03:30:00;315.27e-6
2014-01-23 03:45:00;293.90e-6
2014-01-23 04:00:00;281.75e-6
2014-01-23 04:15:00;268.39e-6
2014-01-23 04:30:00;264.58e-6
2014-01-23 04:45:00;271.90e-6
2014-01-23 05:00:00;278.72e-6
2014-01-23 05:15:00;296.80e-6
2014-01-23 05:30:00;324.39e-6
2014-01-23 05:45:00;363.99e-6
2014-01-23 06:00:00;419.65e-6
2014-01-23 06:15:00;472.09e-6
2014-01-23 06:30:00;559.47e-6
2014-01-23 06:45:00;564.73e-6
2014-01-23 07:00:00;583.60e-6
2014-01-23 07:15:00;591.31e-6
2014-01-23 07:30:00;593.74e-6
2014-01-23 07:45:00;572.80e-6
2014-01-23 08:00:00;560.29e-6
2014-01-23 08:15:00;540.53e-6
2014-01-23 08:30:00;510.94e-6
2014-01-23 08:45:00;484.26e-6
2014-01-23 09:00:00;459.90e-6
2014-01-23 09:15:00;449.69e-6
2014-01-23 09:30:00;449.83e-6
2014-01-23 09:45:00;452.07e-6
2014-01-23 10:00:00;456.69e-6
2014-01-23 10:15:00;458.78e-6
2014-01-23 10:30:00;462.60e-6
2014-01-23 10:45:00;473.46e-6
2014-01-23 11:00:00;492.37e-6
2014-01-23 11:15:00;517.21e-6
2014-01-23 11:30:00;522.91e-6
2014-01-23 11:45:00;513.24e-6
2014-01-23 12:00:00;487.86e-6
2014-01-23 12:15:00;473.73e-6
2014-01-23 12:30:00;466.87e-6
2014-01-23 12:45:00;468.35e-6
2014-01-23 13:00:00;470.27e-6
2014-01-23 13:15:00;476.79e-6
2014-01-23 13:30:00;486.02e-6
2014-01-23 13:45:00;497.83e-6
2014-01-23 14:00:00;511.23e-6
2014-01-23 14:15:00;520.69e-6
2014-01-23 14:30:00;525.70e-6
2014-01-23 14:45:00;527.22e-6
2014-01-23 15:00:00;525.70e-6
2014-01-23 15:15:00;522.81e-6
2014-01-23 15:30:00;522.73e-6
2014-01-23 15:45:00;526.02e-6
2014-01-23 16:00:00;535.06e-6
2014-01-23 16:15:00;540.96e-6
2014-01-23 16:30:00;565.88e-6
2014-01-23 16:45:00;594.54e-6
2014-01-23 17:00:00;629.72e-6
2014-01-23 17:15:00;657.74e-6
2014-01-23 17:30:00;686.03e-6
2014-01-23 17:45:00;714.94e-6
2014-01-23 18:00:00;738.74e-6
2014-01-23 18:15:00;760.18e-6
2014-01-23 18:30:00;778.92e-6
2014-01-23 18:45:00;788.67e-6
2014-01-23 19:00:00;788.08e-6
2014-01-23 19:15:00;782.71e-6
2014-01-23 19:30:00;785.44e-6
2014-01-23 19:45:00;770.61e-6
2014-01-23 20:00:00;759.11e-6
2014-01-23 20:15:00;738.36e-6
2014-01-23 20:30:00;713.13e-6
2014-01-23 20:45:00;688.83e-6
2014-01-23 21:00:00;666.74e-6
2014-01-23 21:15:00;636.68e-6
2014-01-23 21:30:00;602.44e-6
2014-01-23 21:45:00;561.90e-6
2014-01-23 22:00:00;514.38e-6
2014-01-23 22:15:00;462.00e-6
2014-01-23 22:30:00;412.27e-6
2014-01-23 22:45:00;365.31e-6
2014-01-23 23:00:00;325.36e-6
2014-01-23 23:15:00;282.82e-6
2014-01-23 23:30:00;264.31e-6
2014-01-23 23:45:00;253.04e-6
2014-01-24 00:00:00;234.40e-6
2014-01-24 00:15:00;238.79e-6
2014-01-24 00:30:00;253.56e-6
2014-01-24 00:45:00;271.52e-6
2014-01-24 01:00:00;290.00e-6
2014-01-24 01:15:00;309.46e-6
2014-01-24 01:30:00;326.64e-6
2014-01-24 01:45:00;341.96e-6
2014-01-24 02:00:00;355.14e-6
2014-01-24 02:15:00;360.81e-6
2014-01-24 02:30:00;361.64e-6
2014-01-24 02:45:00;359.23e-6
2014-01-24 03:00:00;349.52e-6
2014-01-24 03:15:00;334.72e-6
2014-01-24 03:30:00;315.10e-6
2014-01-24 03:45:00;293.73e-6
2014-01-24 04:00:00;281.59e-6
2014-01-24 04:15:00;268.25e-6
2014-01-24 04:30:00;264.44e-6
2014-01-24 04:45:00;271.75e-6
2014-01-24 05:00:00;278.57e-6
2014-01-24 05:15:00;296.64e-6
2014-01-24 05:30:00;324.21e-6
2014-01-24 05:45:00;363.79e-6
2014-01-24 06:00:00;419.42e-6
2014-01-24 06:15:00;471.83e-6
2014-01-24 06:30:00;559.16e-6
2014-01-24 06:45:00;564.42e-6
2014-01-24 07:00:00;583.28e-6
2014-01-24 07:15:00;590.98e-6
2014-01-24 07:30:00;593.41e-6
2014-01-24 07:45:00;572.49e-6
2014-01-24 08:00:00;559.98e-6
2014-01-24 08:15:00;540.23e-6
2014-01-24 08:30:00;510.66e-6
2014-01-24 08:45:00;483.99e-6
2014-01-24 09:00:00;459.65e-6
2014-01-24 09:15:00;449.44e-6
2014-01-24 09:30:00;449.59e-6
2014-01-24 09:45:00;451.82e-6
2014-01-24 10:00:00;456.44e-6
2014-01-24 10:15:00;458.53e-6
2014-01-24 10:30:00;462.34e-6
2014-01-24 10:45:00;473.20e-6
2014-01-24 11:00:00;492.10e-6
2014-01-24 11:15:00;516.92e-6
2014-01-24 11:30:00;522.62e-6
2014-01-24 11:45:00;512.96e-6
2014-01-24 12:00:00;487.59e-6
2014-01-24 12:15:00;473.47e-6
2014-01-24 12:30:00;466.61e-6
2014-01-24 12:45:00;468.09e-6
2014-01-24 13:00:00;470.01e-6
2014-01-24 13:15:00;476.52e-6
2014-01-24 13:30:00;485.76e-6
2014-01-24 13:45:00;497.56e-6
2014-01-24 14:00:00;510.95e-6
2014-01-24 14:15:00;520.40e-6
2014-01-24 14:30:00;525.41e-6
2014-01-24 14:45:00;526.93e-6
2014-01-24 15:00:00;525.41e-6
2014-01-24 15:15:00;522.53e-6
2014-01-24 15:30:00;522.44e-6
2014-01-24 15:45:00;525.73e-6
2014-01-24 16:00:00;534.76e-6
2014-01-24 16:15:00;540.67e-6
2014-01-24 16:30:00;565.57e-6
2014-01-24 16:45:00;594.22e-6
2014-01-24 17:00:00;629.38e-6
2014-01-24 17:15:00;657.38e-6
2014-01-24 17:30:00;685.65e-6
2014-01-24 17:45:00;714.55e-6
2014-01-24 18:00:00;738.34e-6
2014-01-24 18:15:00;759.76e-6
2014-01-24 18:30:00;778.49e-6
2014-01-24 18:45:00;788.24e-6
2014-01-24 19:00:00;787.65e-6
2014-01-24 19:15:00;782.28e-6
2014-01-24 19:30:00;785.01e-6
2014-01-24 19:45:00;770.19e-6
2014-01-24 20:00:00;758.69e-6
2014-01-24 20:15:00;737.95e-6
2014-01-24 20:30:00;712.74e-6
2014-01-24 20:45:00;688.45e-6
2014-01-24 21:00:00;666.38e-6
2014-01-24 21:15:00;636.33e-6
2014-01-24 21:30:00;602.11e-6
2014-01-24 21:45:00;561.59e-6
2014-01-24 22:00:00;514.10e-6
2014-01-24 22:15:00;461.75e-6
2014-01-24 22:30:00;412.04e-6
2014-01-24 22:45:00;365.11e-6
2014-01-24 23:00:00;325.18e-6
2014-01-24 23:15:00;282.67e-6
2014-01-24 23:30:00;264.16e-6
2014-01-24 23:45:00;252.91e-6
2014-01-25 00:00:00;279.77e-6
2014-01-25 00:15:00;270.01e-6
2014-01-25 00:30:00;267.70e-6
2014-01-25 00:45:00;270.88e-6
2014-01-25 01:00:00;281.75e-6
2014-01-25 01:15:00;298.59e-6
2014-01-25 01:30:00;315.56e-6
2014-01-25 01:45:00;331.21e-6
2014-01-25 02:00:00;344.22e-6
2014-01-25 02:15:00;352.82e-6
2014-01-25 02:30:00;354.84e-6
2014-01-25 02:45:00;352.85e-6
2014-01-25 03:00:00;344.31e-6
2014-01-25 03:15:00;328.99e-6
2014-01-25 03:30:00;308.65e-6
2014-01-25 03:45:00;288.51e-6
2014-01-25 04:00:00;275.54e-6
2014-01-25 04:15:00;262.88e-6
2014-01-25 04:30:00;254.04e-6
2014-01-25 04:45:00;243.25e-6
2014-01-25 05:00:00;234.34e-6
2014-01-25 05:15:00;233.49e-6
2014-01-25 05:30:00;241.96e-6
2014-01-25 05:45:00;264.02e-6
2014-01-25 06:00:00;304.54e-6
2014-01-25 06:15:00;348.74e-6
2014-01-25 06:30:00;423.34e-6
2014-01-25 06:45:00;439.31e-6
2014-01-25 07:00:00;473.07e-6
2014-01-25 07:15:00;497.02e-6
2014-01-25 07:30:00;536.28e-6
2014-01-25 07:45:00;552.23e-6
2014-01-25 08:00:00;574.06e-6
2014-01-25 08:15:00;590.52e-6
2014-01-25 08:30:00;575.29e-6
2014-01-25 08:45:00;577.39e-6
2014-01-25 09:00:00;581.10e-6
2014-01-25 09:15:00;590.27e-6
2014-01-25 09:30:00;599.36e-6
2014-01-25 09:45:00;608.36e-6
2014-01-25 10:00:00;617.56e-6
2014-01-25 10:15:00;626.89e-6
2014-01-25 10:30:00;638.61e-6
2014-01-25 10:45:00;660.81e-6
2014-01-25 11:00:00;695.17e-6
2014-01-25 11:15:00;753.09e-6
2014-01-25 11:30:00;773.06e-6
2014-01-25 11:45:00;760.74e-6
2014-01-25 12:00:00;710.04e-6
2014-01-25 12:15:00;652.97e-6
2014-01-25 12:30:00;623.67e-6
2014-01-25 12:45:00;612.23e-6
2014-01-25 13:00:00;600.12e-6
2014-01-25 13:15:00;596.86e-6
2014-01-25 13:30:00;600.15e-6
2014-01-25 13:45:00;610.46e-6
2014-01-25 14:00:00;626.58e-6
2014-01-25 14:15:00;642.45e-6
2014-01-25 14:30:00;656.62e-6
2014-01-25 14:45:00;668.90e-6
2014-01-25 15:00:00;678.29e-6
2014-01-25 15:15:00;685.88e-6
2014-01-25 15:30:00;694.89e-6
2014-01-25 15:45:00;705.40e-6
2014-01-25 16:00:00;719.94e-6
2014-01-25 16:15:00;730.78e-6
2014-01-25 16:30:00;758.87e-6
2014-01-25 16:45:00;788.09e-6
2014-01-25 17:00:00;815.91e-6
2014-01-25 17:15:00;835.68e-6
2014-01-25 17:30:00;853.48e-6
2014-01-25 17:45:00;867.55e-6
2014-01-25 18:00:00;878.80e-6
2014-01-25 18:15:00;882.99e-6
2014-01-25 18:30:00;890.73e-6
2014-01-25 18:45:00;876.23e-6
2014-01-25 19:00:00;851.49e-6
2014-01-25 19:15:00;821.84e-6
2014-01-25 19:30:00;784.61e-6
2014-01-25 19:45:00;760.24e-6
2014-01-25 20:00:00;746.53e-6
2014-01-25 20:15:00;725.84e-6
2014-01-25 20:30:00;703.43e-6
2014-01-25 20:45:00;686.28e-6
2014-01-25 21:00:00;667.85e-6
2014-01-25 21:15:00;645.69e-6
2014-01-25 21:30:00;618.78e-6
2014-01-25 21:45:00;587.15e-6
2014-01-25 22:00:00;549.53e-6
2014-01-25 22:15:00;507.43e-6
2014-01-25 22:30:00;467.51e-6
2014-01-25 22:45:00;430.04e-6
2014-01-25 23:00:00;395.71e-6
2014-01-25 23:15:00;364.42e-6
2014-01-25 23:30:00;338.04e-6
2014-01-25 23:45:00;328.01e-6
2014-01-26 00:00:00;308.23e-6
2014-01-26 00:15:00;306.55e-6
2014-01-26 00:30:00;311.79e-6
2014-01-26 00:45:00;323.53e-6
2014-01-26 01:00:00;335.52e-6
2014-01-26 01:15:00;350.80e-6
2014-01-26 01:30:00;361.87e-6
2014-01-26 01:45:00;373.59e-6
2014-01-26 02:00:00;382.21e-6
2014-01-26 02:15:00;386.28e-6
2014-01-26 02:30:00;387.79e-6
2014-01-26 02:45:00;384.23e-6
2014-01-26 03:00:00;372.18e-6
2014-01-26 03:15:00;353.21e-6
2014-01-26 03:30:00;329.99e-6
2014-01-26 03:45:00;309.37e-6
2014-01-26 04:00:00;297.73e-6
2014-01-26 04:15:00;283.62e-6
2014-01-26 04:30:00;274.08e-6
2014-01-26 04:45:00;261.71e-6
2014-01-26 05:00:00;250.66e-6
2014-01-26 05:15:00;246.62e-6
2014-01-26 05:30:00;250.89e-6
2014-01-26 05:45:00;267.69e-6
2014-01-26 06:00:00;301.89e-6
2014-01-26 06:15:00;340.64e-6
2014-01-26 06:30:00;407.22e-6
2014-01-26 06:45:00;422.12e-6
2014-01-26 07:00:00;462.21e-6
2014-01-26 07:15:00;499.07e-6
2014-01-26 07:30:00;563.19e-6
2014-01-26 07:45:00;611.97e-6
2014-01-26 08:00:00;665.33e-6
2014-01-26 08:15:00;716.20e-6
2014-01-26 08:30:00;731.47e-6
2014-01-26 08:45:00;750.71e-6
2014-01-26 09:00:00;760.64e-6
2014-01-26 09:15:00;775.46e-6
2014-01-26 09:30:00;787.41e-6
2014-01-26 09:45:00;800.15e-6
2014-01-26 10:00:00;816.06e-6
2014-01-26 10:15:00;837.43e-6
2014-01-26 10:30:00;859.72e-6
2014-01-26 10:45:00;893.82e-6
2014-01-26 11:00:00;939.67e-6
2014-01-26 11:15:00;1008.23e-6
2014-01-26 11:30:00;1015.68e-6
2014-01-26 11:45:00;973.71e-6
2014-01-26 12:00:00;889.05e-6
2014-01-26 12:15:00;803.44e-6
2014-01-26 12:30:00;751.34e-6
2014-01-26 12:45:00;726.60e-6
2014-01-26 13:00:00;698.53e-6
2014-01-26 13:15:00;681.27e-6
2014-01-26 13:30:00;670.68e-6
2014-01-26 13:45:00;667.43e-6
2014-01-26 14:00:00;670.13e-6
2014-01-26 14:15:00;672.57e-6
2014-01-26 14:30:00;673.74e-6
2014-01-26 14:45:00;674.18e-6
2014-01-26 15:00:00;673.37e-6
2014-01-26 15:15:00;672.45e-6
2014-01-26 15:30:00;675.01e-6
2014-01-26 15:45:00;680.76e-6
2014-01-26 16:00:00;692.34e-6
2014-01-26 16:15:00;699.66e-6
2014-01-26 16:30:00;728.48e-6
2014-01-26 16:45:00;754.00e-6
2014-01-26 17:00:00;782.73e-6
2014-01-26 17:15:00;804.32e-6
2014-01-26 17:30:00;825.84e-6
2014-01-26 17:45:00;844.99e-6
2014-01-26 18:00:00;863.60e-6
2014-01-26 18:15:00;870.84e-6
2014-01-26 18:30:00;882.78e-6
2014-01-26 18:45:00;876.92e-6
2014-01-26 19:00:00;860.95e-6
2014-01-26 19:15:00;835.19e-6
2014-01-26 19:30:00;792.27e-6
2014-01-26 19:45:00;770.12e-6
2014-01-26 20:00:00;758.19e-6
2014-01-26 20:15:00;735.29e-6
2014-01-26 20:30:00;708.20e-6
2014-01-26 20:45:00;689.39e-6
2014-01-26 21:00:00;663.52e-6
2014-01-26 21:15:00;635.94e-6
2014-01-26 21:30:00;601.65e-6
2014-01-26 21:45:00;561.90e-6
2014-01-26 22:00:00;514.46e-6
2014-01-26 22:15:00;462.33e-6
2014-01-26 22:30:00;413.21e-6
2014-01-26 22:45:00;368.10e-6
2014-01-26 23:00:00;329.74e-6
2014-01-26 23:15:00;292.35e-6
2014-01-26 23:30:00;273.01e-6
2014-01-26 23:45:00;259.92e-6
2014-01-27 00:00:00;233.91e-6
2014-01-27 00:15:00;238.29e-6
2014-01-27 00:30:00;253.02e-6
2014-01-27 00:45:00;270.94e-6
2014-01-27 01:00:00;289.39e-6
2014-01-27 01:15:00;308.80e-6
2014-01-27 01:30:00;325.95e-6
2014-01-27 01:45:00;341.24e-6
2014-01-27 02:00:00;354.40e-6
2014-01-27 02:15:00;360.05e-6
2014-01-27 02:30:00;360.87e-6
2014-01-27 02:45:00;358.47e-6
2014-01-27 03:00:00;348.78e-6
2014-01-27 03:15:00;334.01e-6
2014-01-27 03:30:00;314.43e-6
2014-01-27 03:45:00;293.11e-6
2014-01-27 04:00:00;281.00e-6
2014-01-27 04:15:00;267.68e-6
2014-01-27 04:30:00;263.88e-6
2014-01-27 04:45:00;271.18e-6
2014-01-27 05:00:00;277.98e-6
2014-01-27 05:15:00;296.01e-6
2014-01-27 05:30:00;323.52e-6
2014-01-27 05:45:00;363.02e-6
2014-01-27 06:00:00;418.53e-6
2014-01-27 06:15:00;470.84e-6
2014-01-27 06:30:00;557.98e-6
2014-01-27 06:45:00;563.23e-6
2014-01-27 07:00:00;582.05e-6
2014-01-27 07:15:00;589.74e-6
2014-01-27 07:30:00;592.16e-6
2014-01-27 07:45:00;571.28e-6
2014-01-27 08:00:00;558.80e-6
2014-01-27 08:15:00;539.10e-6
2014-01-27 08:30:00;509.59e-6
2014-01-27 08:45:00;482.97e-6
2014-01-27 09:00:00;458.68e-6
2014-01-27 09:15:00;448.50e-6
2014-01-27 09:30:00;448.64e-6
2014-01-27 09:45:00;450.87e-6
2014-01-27 10:00:00;455.48e-6
2014-01-27 10:15:00;457.56e-6
2014-01-27 10:30:00;461.37e-6
2014-01-27 10:45:00;472.20e-6
2014-01-27 11:00:00;491.06e-6
2014-01-27 11:15:00;515.83e-6
2014-01-27 11:30:00;521.52e-6
2014-01-27 11:45:00;511.88e-6
2014-01-27 12:00:00;486.57e-6
2014-01-27 12:15:00;472.48e-6
2014-01-27 12:30:00;465.63e-6
2014-01-27 12:45:00;467.10e-6
2014-01-27 13:00:00;469.02e-6
2014-01-27 13:15:00;475.52e-6
2014-01-27 13:30:00;484.73e-6
2014-01-27 13:45:00;496.51e-6
2014-01-27 14:00:00;509.87e-6
2014-01-27 14:15:00;519.30e-6
2014-01-27 14:30:00;524.30e-6
2014-01-27 14:45:00;525.82e-6
2014-01-27 15:00:00;524.30e-6
2014-01-27 15:15:00;521.43e-6
2014-01-27 15:30:00;521.34e-6
2014-01-27 15:45:00;524.62e-6
2014-01-27 16:00:00;533.64e-6
2014-01-27 16:15:00;539.53e-6
2014-01-27 16:30:00;564.38e-6
2014-01-27 16:45:00;592.97e-6
2014-01-27 17:00:00;628.05e-6
2014-01-27 17:15:00;656.00e-6
2014-01-27 17:30:00;684.20e-6
2014-01-27 17:45:00;713.04e-6
2014-01-27 18:00:00;736.78e-6
2014-01-27 18:15:00;758.16e-6
2014-01-27 18:30:00;776.85e-6
2014-01-27 18:45:00;786.58e-6
2014-01-27 19:00:00;785.99e-6
2014-01-27 19:15:00;780.63e-6
2014-01-27 19:30:00;783.36e-6
2014-01-27 19:45:00;768.57e-6
2014-01-27 20:00:00;757.09e-6
2014-01-27 20:15:00;736.40e-6
2014-01-27 20:30:00;711.23e-6
2014-01-27 20:45:00;687.00e-6
2014-01-27 21:00:00;664.97e-6
2014-01-27 21:15:00;634.99e-6
2014-01-27 21:30:00;600.84e-6
2014-01-27 21:45:00;560.41e-6
2014-01-27 22:00:00;513.01e-6
2014-01-27 22:15:00;460.78e-6
2014-01-27 22:30:00;411.17e-6
2014-01-27 22:45:00;364.34e-6
2014-01-27 23:00:00;324.50e-6
2014-01-27 23:15:00;282.07e-6
2014-01-27 23:30:00;263.61e-6
2014-01-27 23:45:00;252.37e-6
2014-01-28 00:00:00;233.71e-6
2014-01-28 00:15:00;238.09e-6
2014-01-28 00:30:00;252.81e-6
2014-01-28 00:45:00;270.71e-6
2014-01-28 01:00:00;289.14e-6
2014-01-28 01:15:00;308.54e-6
2014-01-28 01:30:00;325.67e-6
2014-01-28 01:45:00;340.95e-6
2014-01-28 02:00:00;354.09e-6
2014-01-28 02:15:00;359.74e-6
2014-01-28 02:30:00;360.57e-6
2014-01-28 02:45:00;358.16e-6
2014-01-28 03:00:00;348.48e-6
2014-01-28 03:15:00;333.73e-6
2014-01-28 03:30:00;314.17e-6
2014-01-28 03:45:00;292.86e-6
2014-01-28 04:00:00;280.76e-6
2014-01-28 04:15:00;267.45e-6
2014-01-28 04:30:00;263.65e-6
2014-01-28 04:45:00;270.95e-6
2014-01-28 05:00:00;277.74e-6
2014-01-28 05:15:00;295.76e-6
2014-01-28 05:30:00;323.25e-6
2014-01-28 05:45:00;362.71e-6
2014-01-28 06:00:00;418.18e-6
2014-01-28 06:15:00;470.44e-6
2014-01-28 06:30:00;557.51e-6
2014-01-28 06:45:00;562.75e-6
2014-01-28 07:00:00;581.55e-6
2014-01-28 07:15:00;589.23e-6
2014-01-28 07:30:00;591.65e-6
2014-01-28 07:45:00;570.79e-6
2014-01-28 08:00:00;558.32e-6
2014-01-28 08:15:00;538.64e-6
2014-01-28 08:30:00;509.15e-6
2014-01-28 08:45:00;482.56e-6
2014-01-28 09:00:00;458.29e-6
2014-01-28 09:15:00;448.11e-6
2014-01-28 09:30:00;448.26e-6
2014-01-28 09:45:00;450.49e-6
2014-01-28 10:00:00;455.09e-6
2014-01-28 10:15:00;457.17e-6
2014-01-28 10:30:00;460.97e-6
2014-01-28 10:45:00;471.80e-6
2014-01-28 11:00:00;490.64e-6
2014-01-28 11:15:00;515.39e-6
2014-01-28 11:30:00;521.07e-6
2014-01-28 11:45:00;511.44e-6
2014-01-28 12:00:00;486.15e-6
2014-01-28 12:15:00;472.07e-6
2014-01-28 12:30:00;465.23e-6
2014-01-28 12:45:00;466.71e-6
2014-01-28 13:00:00;468.62e-6
2014-01-28 13:15:00;475.11e-6
2014-01-28 13:30:00;484.32e-6
2014-01-28 13:45:00;496.09e-6
2014-01-28 14:00:00;509.43e-6
2014-01-28 14:15:00;518.86e-6
2014-01-28 14:30:00;523.86e-6
2014-01-28 14:45:00;525.37e-6
2014-01-28 15:00:00;523.86e-6
2014-01-28 15:15:00;520.98e-6
2014-01-28 15:30:00;520.89e-6
2014-01-28 15:45:00;524.18e-6
2014-01-28 16:00:00;533.18e-6
2014-01-28 16:15:00;539.07e-6
2014-01-28 16:30:00;563.90e-6
2014-01-28 16:45:00;592.46e-6
2014-01-28 17:00:00;627.51e-6
2014-01-28 17:15:00;655.44e-6
2014-01-28 17:30:00;683.62e-6
2014-01-28 17:45:00;712.43e-6
2014-01-28 18:00:00;736.15e-6
2014-01-28 18:15:00;757.51e-6
2014-01-28 18:30:00;776.19e-6
2014-01-28 18:45:00;785.91e-6
2014-01-28 19:00:00;785.32e-6
2014-01-28 19:15:00;779.96e-6
2014-01-28 19:30:00;782.69e-6
2014-01-28 19:45:00;767.91e-6
2014-01-28 20:00:00;756.45e-6
2014-01-28 20:15:00;735.77e-6
2014-01-28 20:30:00;710.63e-6
2014-01-28 20:45:00;686.41e-6
2014-01-28 21:00:00;664.41e-6
2014-01-28 21:15:00;634.45e-6
2014-01-28 21:30:00;600.33e-6
2014-01-28 21:45:00;559.93e-6
2014-01-28 22:00:00;512.58e-6
2014-01-28 22:15:00;460.38e-6
2014-01-28 22:30:00;410.82e-6
2014-01-28 22:45:00;364.03e-6
2014-01-28 23:00:00;324.22e-6
2014-01-28 23:15:00;281.83e-6
2014-01-28 23:30:00;263.38e-6
2014-01-28 23:45:00;252.16e-6
2014-01-29 00:00:00;233.49e-6
2014-01-29 00:15:00;237.87e-6
2014-01-29 00:30:00;252.57e-6
2014-01-29 00:45:00;270.46e-6
2014-01-29 01:00:00;288.87e-6
2014-01-29 01:15:00;308.26e-6
2014-01-29 01:30:00;325.37e-6
2014-01-29 01:45:00;340.63e-6
2014-01-29 02:00:00;353.77e-6
2014-01-29 02:15:00;359.41e-6
2014-01-29 02:30:00;360.23e-6
2014-01-29 02:45:00;357.83e-6
2014-01-29 03:00:00;348.16e-6
2014-01-29 03:15:00;333.42e-6
2014-01-29 03:30:00;313.87e-6
2014-01-29 03:45:00;292.59e-6
2014-01-29 04:00:00;280.50e-6
2014-01-29 04:15:00;267.21e-6
2014-01-29 04:30:00;263.41e-6
2014-01-29 04:45:00;270.70e-6
2014-01-29 05:00:00;277.49e-6
2014-01-29 05:15:00;295.49e-6
2014-01-29 05:30:00;322.95e-6
2014-01-29 05:45:00;362.38e-6
2014-01-29 06:00:00;417.79e-6
2014-01-29 06:15:00;470.00e-6
2014-01-29 06:30:00;556.99e-6
2014-01-29 06:45:00;562.23e-6
2014-01-29 07:00:00;581.02e-6
2014-01-29 07:15:00;588.69e-6
2014-01-29 07:30:00;591.11e-6
2014-01-29 07:45:00;570.27e-6
2014-01-29 08:00:00;557.81e-6
2014-01-29 08:15:00;538.14e-6
2014-01-29 08:30:00;508.68e-6
2014-01-29 08:45:00;482.12e-6
2014-01-29 09:00:00;457.86e-6
2014-01-29 09:15:00;447.70e-6
2014-01-29 09:30:00;447.84e-6
2014-01-29 09:45:00;450.07e-6
2014-01-29 10:00:00;454.67e-6
2014-01-29 10:15:00;456.75e-6
2014-01-29 10:30:00;460.55e-6
2014-01-29 10:45:00;471.36e-6
2014-01-29 11:00:00;490.18e-6
2014-01-29 11:15:00;514.92e-6
2014-01-29 11:30:00;520.59e-6
2014-01-29 11:45:00;510.97e-6
2014-01-29 12:00:00;485.70e-6
2014-01-29 12:15:00;471.64e-6
2014-01-29 12:30:00;464.80e-6
2014-01-29 12:45:00;466.27e-6
2014-01-29 13:00:00;468.19e-6
2014-01-29 13:15:00;474.67e-6
2014-01-29 13:30:00;483.87e-6
2014-01-29 13:45:00;495.63e-6
2014-01-29 14:00:00;508.96e-6
2014-01-29 14:15:00;518.38e-6
2014-01-29 14:30:00;523.37e-6
2014-01-29 14:45:00;524.89e-6
2014-01-29 15:00:00;523.37e-6
2014-01-29 15:15:00;520.50e-6
2014-01-29 15:30:00;520.41e-6
2014-01-29 15:45:00;523.69e-6
2014-01-29 16:00:00;532.69e-6
2014-01-29 16:15:00;538.57e-6
2014-01-29 16:30:00;563.38e-6
2014-01-29 16:45:00;591.91e-6
2014-01-29 17:00:00;626.93e-6
2014-01-29 17:15:00;654.83e-6
2014-01-29 17:30:00;682.99e-6
2014-01-29 17:45:00;711.77e-6
2014-01-29 18:00:00;735.47e-6
2014-01-29 18:15:00;756.81e-6
2014-01-29 18:30:00;775.47e-6
2014-01-29 18:45:00;785.18e-6
2014-01-29 19:00:00;784.59e-6
2014-01-29 19:15:00;779.24e-6
2014-01-29 19:30:00;781.96e-6
2014-01-29 19:45:00;767.20e-6
2014-01-29 20:00:00;755.75e-6
2014-01-29 20:15:00;735.09e-6
2014-01-29 20:30:00;709.97e-6
2014-01-29 20:45:00;685.78e-6
2014-01-29 21:00:00;663.79e-6
2014-01-29 21:15:00;633.86e-6
2014-01-29 21:30:00;599.77e-6
2014-01-29 21:45:00;559.41e-6
2014-01-29 22:00:00;512.10e-6
2014-01-29 22:15:00;459.96e-6
2014-01-29 22:30:00;410.44e-6
2014-01-29 22:45:00;363.69e-6
2014-01-29 23:00:00;323.92e-6
2014-01-29 23:15:00;281.57e-6
2014-01-29 23:30:00;263.14e-6
2014-01-29 23:45:00;251.92e-6
2014-01-30 00:00:00;233.26e-6
2014-01-30 00:15:00;237.63e-6
2014-01-30 00:30:00;252.32e-6
2014-01-30 00:45:00;270.19e-6
2014-01-30 01:00:00;288.58e-6
2014-01-30 01:15:00;307.95e-6
2014-01-30 01:30:00;325.05e-6
2014-01-30 01:45:00;340.29e-6
2014-01-30 02:00:00;353.41e-6
2014-01-30 02:15:00;359.05e-6
2014-01-30 02:30:00;359.87e-6
2014-01-30 02:45:00;357.47e-6
2014-01-30 03:00:00;347.81e-6
2014-01-30 03:15:00;333.09e-6
2014-01-30 03:30:00;313.56e-6
2014-01-30 03:45:00;292.30e-6
2014-01-30 04:00:00;280.22e-6
2014-01-30 04:15:00;266.94e-6
2014-01-30 04:30:00;263.15e-6
2014-01-30 04:45:00;270.43e-6
2014-01-30 05:00:00;277.21e-6
2014-01-30 05:15:00;295.19e-6
2014-01-30 05:30:00;322.63e-6
2014-01-30 05:45:00;362.01e-6
2014-01-30 06:00:00;417.37e-6
2014-01-30 06:15:00;469.53e-6
2014-01-30 06:30:00;556.44e-6
2014-01-30 06:45:00;561.66e-6
2014-01-30 07:00:00;580.44e-6
2014-01-30 07:15:00;588.10e-6
2014-01-30 07:30:00;590.52e-6
2014-01-30 07:45:00;569.70e-6
2014-01-30 08:00:00;557.25e-6
2014-01-30 08:15:00;537.60e-6
2014-01-30 08:30:00;508.17e-6
2014-01-30 08:45:00;481.63e-6
2014-01-30 09:00:00;457.40e-6
2014-01-30 09:15:00;447.25e-6
2014-01-30 09:30:00;447.39e-6
2014-01-30 09:45:00;449.62e-6
2014-01-30 10:00:00;454.21e-6
2014-01-30 10:15:00;456.29e-6
2014-01-30 10:30:00;460.09e-6
2014-01-30 10:45:00;470.89e-6
2014-01-30 11:00:00;489.70e-6
2014-01-30 11:15:00;514.40e-6
2014-01-30 11:30:00;520.07e-6
2014-01-30 11:45:00;510.46e-6
2014-01-30 12:00:00;485.22e-6
2014-01-30 12:15:00;471.16e-6
2014-01-30 12:30:00;464.33e-6
2014-01-30 12:45:00;465.81e-6
2014-01-30 13:00:00;467.72e-6
2014-01-30 13:15:00;474.20e-6
2014-01-30 13:30:00;483.39e-6
2014-01-30 13:45:00;495.13e-6
2014-01-30 14:00:00;508.45e-6
2014-01-30 14:15:00;517.86e-6
2014-01-30 14:30:00;522.85e-6
2014-01-30 14:45:00;524.36e-6
2014-01-30 15:00:00;522.85e-6
2014-01-30 15:15:00;519.98e-6
2014-01-30 15:30:00;519.89e-6
2014-01-30 15:45:00;523.17e-6
2014-01-30 16:00:00;532.16e-6
2014-01-30 16:15:00;538.03e-6
2014-01-30 16:30:00;562.82e-6
2014-01-30 16:45:00;591.32e-6
2014-01-30 17:00:00;626.31e-6
2014-01-30 17:15:00;654.18e-6
2014-01-30 17:30:00;682.31e-6
2014-01-30 17:45:00;711.06e-6
2014-01-30 18:00:00;734.74e-6
2014-01-30 18:15:00;756.06e-6
2014-01-30 18:30:00;774.70e-6
2014-01-30 18:45:00;784.39e-6
2014-01-30 19:00:00;783.81e-6
2014-01-30 19:15:00;778.46e-6
2014-01-30 19:30:00;781.18e-6
2014-01-30 19:45:00;766.44e-6
2014-01-30 20:00:00;754.99e-6
2014-01-30 20:15:00;734.35e-6
2014-01-30 20:30:00;709.26e-6
2014-01-30 20:45:00;685.09e-6
2014-01-30 21:00:00;663.13e-6
2014-01-30 21:15:00;633.23e-6
2014-01-30 21:30:00;599.17e-6
2014-01-30 21:45:00;558.85e-6
2014-01-30 22:00:00;511.59e-6
2014-01-30 22:15:00;459.50e-6
2014-01-30 22:30:00;410.03e-6
2014-01-30 22:45:00;363.33e-6
2014-01-30 23:00:00;323.60e-6
2014-01-30 23:15:00;281.29e-6
2014-01-30 23:30:00;262.87e-6
2014-01-30 23:45:00;251.67e-6
2014-01-31 00:00:00;233.01e-6
2014-01-31 00:15:00;237.38e-6
2014-01-31 00:30:00;252.05e-6
2014-01-31 00:45:00;269.90e-6
2014-01-31 01:00:00;288.28e-6
2014-01-31 01:15:00;307.62e-6
2014-01-31 01:30:00;324.70e-6
2014-01-31 01:45:00;339.93e-6
2014-01-31 02:00:00;353.04e-6
2014-01-31 02:15:00;358.66e-6
2014-01-31 02:30:00;359.49e-6
2014-01-31 02:45:00;357.09e-6
2014-01-31 03:00:00;347.44e-6
2014-01-31 03:15:00;332.73e-6
2014-01-31 03:30:00;313.23e-6
2014-01-31 03:45:00;291.99e-6
2014-01-31 04:00:00;279.92e-6
2014-01-31 04:15:00;266.65e-6
2014-01-31 04:30:00;262.87e-6
2014-01-31 04:45:00;270.14e-6
2014-01-31 05:00:00;276.91e-6
2014-01-31 05:15:00;294.88e-6
2014-01-31 05:30:00;322.28e-6
2014-01-31 05:45:00;361.63e-6
2014-01-31 06:00:00;416.93e-6
2014-01-31 06:15:00;469.03e-6
2014-01-31 06:30:00;555.84e-6
2014-01-31 06:45:00;561.06e-6
2014-01-31 07:00:00;579.82e-6
2014-01-31 07:15:00;587.47e-6
2014-01-31 07:30:00;589.89e-6
2014-01-31 07:45:00;569.09e-6
2014-01-31 08:00:00;556.66e-6
2014-01-31 08:15:00;537.03e-6
2014-01-31 08:30:00;507.63e-6
2014-01-31 08:45:00;481.12e-6
2014-01-31 09:00:00;456.92e-6
2014-01-31 09:15:00;446.78e-6
2014-01-31 09:30:00;446.92e-6
2014-01-31 09:45:00;449.14e-6
2014-01-31 10:00:00;453.73e-6
2014-01-31 10:15:00;455.80e-6
2014-01-31 10:30:00;459.60e-6
2014-01-31 10:45:00;470.39e-6
2014-01-31 11:00:00;489.17e-6
2014-01-31 11:15:00;513.85e-6
2014-01-31 11:30:00;519.52e-6
2014-01-31 11:45:00;509.91e-6
2014-01-31 12:00:00;484.70e-6
2014-01-31 12:15:00;470.66e-6
2014-01-31 12:30:00;463.84e-6
2014-01-31 12:45:00;465.31e-6
2014-01-31 13:00:00;467.22e-6
2014-01-31 13:15:00;473.69e-6
2014-01-31 13:30:00;482.87e-6
2014-01-31 13:45:00;494.60e-6
2014-01-31 14:00:00;507.91e-6
2014-01-31 14:15:00;517.31e-6
2014-01-31 14:30:00;522.29e-6
2014-01-31 14:45:00;523.80e-6
2014-01-31 15:00:00;522.29e-6
2014-01-31 15:15:00;519.42e-6
2014-01-31 15:30:00;519.34e-6
2014-01-31 15:45:00;522.61e-6
2014-01-31 16:00:00;531.59e-6
2014-01-31 16:15:00;537.46e-6
2014-01-31 16:30:00;562.21e-6
2014-01-31 16:45:00;590.69e-6
2014-01-31 17:00:00;625.64e-6
2014-01-31 17:15:00;653.48e-6
2014-01-31 17:30:00;681.58e-6
2014-01-31 17:45:00;710.30e-6
2014-01-31 18:00:00;733.95e-6
2014-01-31 18:15:00;755.25e-6
2014-01-31 18:30:00;773.87e-6
2014-01-31 18:45:00;783.56e-6
2014-01-31 19:00:00;782.97e-6
2014-01-31 19:15:00;777.63e-6
2014-01-31 19:30:00;780.35e-6
2014-01-31 19:45:00;765.62e-6
2014-01-31 20:00:00;754.19e-6
2014-01-31 20:15:00;733.57e-6
2014-01-31 20:30:00;708.50e-6
2014-01-31 20:45:00;684.36e-6
2014-01-31 21:00:00;662.42e-6
2014-01-31 21:15:00;632.55e-6
2014-01-31 21:30:00;598.53e-6
2014-01-31 21:45:00;558.26e-6
2014-01-31 22:00:00;511.04e-6
2014-01-31 22:15:00;459.01e-6
2014-01-31 22:30:00;409.59e-6
2014-01-31 22:45:00;362.94e-6
2014-01-31 23:00:00;323.25e-6
2014-01-31 23:15:00;280.99e-6
2014-01-31 23:30:00;262.59e-6
2014-01-31 23:45:00;251.40e-6
2014-02-01 00:00:00;277.97e-6
2014-02-01 00:15:00;268.27e-6
2014-02-01 00:30:00;265.97e-6
2014-02-01 00:45:00;269.13e-6
2014-02-01 01:00:00;279.93e-6
2014-02-01 01:15:00;296.67e-6
2014-02-01 01:30:00;313.53e-6
2014-02-01 01:45:00;329.07e-6
2014-02-01 02:00:00;342.00e-6
2014-02-01 02:15:00;350.54e-6
2014-02-01 02:30:00;352.55e-6
2014-02-01 02:45:00;350.58e-6
2014-02-01 03:00:00;342.09e-6
2014-02-01 03:15:00;326.87e-6
2014-02-01 03:30:00;306.66e-6
2014-02-01 03:45:00;286.65e-6
2014-02-01 04:00:00;273.77e-6
2014-02-01 04:15:00;261.18e-6
2014-02-01 04:30:00;252.40e-6
2014-02-01 04:45:00;241.69e-6
2014-02-01 05:00:00;232.83e-6
2014-02-01 05:15:00;231.98e-6
2014-02-01 05:30:00;240.40e-6
2014-02-01 05:45:00;262.31e-6
2014-02-01 06:00:00;302.57e-6
2014-02-01 06:15:00;346.49e-6
2014-02-01 06:30:00;420.61e-6
2014-02-01 06:45:00;436.48e-6
2014-02-01 07:00:00;470.02e-6
2014-02-01 07:15:00;493.82e-6
2014-02-01 07:30:00;532.82e-6
2014-02-01 07:45:00;548.67e-6
2014-02-01 08:00:00;570.36e-6
2014-02-01 08:15:00;586.71e-6
2014-02-01 08:30:00;571.58e-6
2014-02-01 08:45:00;573.67e-6
2014-02-01 09:00:00;577.35e-6
2014-02-01 09:15:00;586.47e-6
2014-02-01 09:30:00;595.50e-6
2014-02-01 09:45:00;604.44e-6
2014-02-01 10:00:00;613.58e-6
2014-02-01 10:15:00;622.85e-6
2014-02-01 10:30:00;634.49e-6
2014-02-01 10:45:00;656.55e-6
2014-02-01 11:00:00;690.69e-6
2014-02-01 11:15:00;748.23e-6
2014-02-01 11:30:00;768.08e-6
2014-02-01 11:45:00;755.84e-6
2014-02-01 12:00:00;705.46e-6
2014-02-01 12:15:00;648.76e-6
2014-02-01 12:30:00;619.65e-6
2014-02-01 12:45:00;608.29e-6
2014-02-01 13:00:00;596.25e-6
2014-02-01 13:15:00;593.01e-6
2014-02-01 13:30:00;596.28e-6
2014-02-01 13:45:00;606.52e-6
2014-02-01 14:00:00;622.54e-6
2014-02-01 14:15:00;638.31e-6
2014-02-01 14:30:00;652.39e-6
2014-02-01 14:45:00;664.58e-6
2014-02-01 15:00:00;673.92e-6
2014-02-01 15:15:00;681.45e-6
2014-02-01 15:30:00;690.40e-6
2014-02-01 15:45:00;700.85e-6
2014-02-01 16:00:00;715.30e-6
2014-02-01 16:15:00;726.07e-6
2014-02-01 16:30:00;753.97e-6
2014-02-01 16:45:00;783.01e-6
2014-02-01 17:00:00;810.65e-6
2014-02-01 17:15:00;830.30e-6
2014-02-01 17:30:00;847.98e-6
2014-02-01 17:45:00;861.96e-6
2014-02-01 18:00:00;873.13e-6
2014-02-01 18:15:00;877.30e-6
2014-02-01 18:30:00;884.99e-6
2014-02-01 18:45:00;870.58e-6
2014-02-01 19:00:00;846.00e-6
2014-02-01 19:15:00;816.54e-6
2014-02-01 19:30:00;779.55e-6
2014-02-01 19:45:00;755.34e-6
2014-02-01 20:00:00;741.72e-6
2014-02-01 20:15:00;721.16e-6
2014-02-01 20:30:00;698.90e-6
2014-02-01 20:45:00;681.86e-6
2014-02-01 21:00:00;663.54e-6
2014-02-01 21:15:00;641.52e-6
2014-02-01 21:30:00;614.79e-6
2014-02-01 21:45:00;583.37e-6
2014-02-01 22:00:00;545.99e-6
2014-02-01 22:15:00;504.16e-6
2014-02-01 22:30:00;464.50e-6
2014-02-01 22:45:00;427.27e-6
2014-02-01 23:00:00;393.16e-6
2014-02-01 23:15:00;362.07e-6
2014-02-01 23:30:00;335.86e-6
2014-02-01 23:45:00;325.90e-6
2014-02-02 00:00:00;306.08e-6
2014-02-02 00:15:00;304.42e-6
2014-02-02 00:30:00;309.62e-6
2014-02-02 00:45:00;321.29e-6
2014-02-02 01:00:00;333.18e-6
2014-02-02 01:15:00;348.36e-6
2014-02-02 01:30:00;359.35e-6
2014-02-02 01:45:00;371.00e-6
2014-02-02 02:00:00;379.56e-6
2014-02-02 02:15:00;383.59e-6
2014-02-02 02:30:00;385.09e-6
2014-02-02 02:45:00;381.56e-6
2014-02-02 03:00:00;369.60e-6
2014-02-02 03:15:00;350.75e-6
2014-02-02 03:30:00;327.70e-6
2014-02-02 03:45:00;307.22e-6
2014-02-02 04:00:00;295.66e-6
2014-02-02 04:15:00;281.65e-6
2014-02-02 04:30:00;272.18e-6
2014-02-02 04:45:00;259.90e-6
2014-02-02 05:00:00;248.92e-6
2014-02-02 05:15:00;244.90e-6
2014-02-02 05:30:00;249.14e-6
2014-02-02 05:45:00;265.83e-6
2014-02-02 06:00:00;299.79e-6
2014-02-02 06:15:00;338.27e-6
2014-02-02 06:30:00;404.39e-6
2014-02-02 06:45:00;419.18e-6
2014-02-02 07:00:00;459.00e-6
2014-02-02 07:15:00;495.60e-6
2014-02-02 07:30:00;559.28e-6
2014-02-02 07:45:00;607.71e-6
2014-02-02 08:00:00;660.71e-6
2014-02-02 08:15:00;711.22e-6
2014-02-02 08:30:00;726.39e-6
2014-02-02 08:45:00;745.49e-6
2014-02-02 09:00:00;755.36e-6
2014-02-02 09:15:00;770.07e-6
2014-02-02 09:30:00;781.94e-6
2014-02-02 09:45:00;794.59e-6
2014-02-02 10:00:00;810.39e-6
2014-02-02 10:15:00;831.61e-6
2014-02-02 10:30:00;853.75e-6
2014-02-02 10:45:00;887.61e-6
2014-02-02 11:00:00;933.14e-6
2014-02-02 11:15:00;1001.22e-6
2014-02-02 11:30:00;1008.62e-6
2014-02-02 11:45:00;966.95e-6
2014-02-02 12:00:00;882.87e-6
2014-02-02 12:15:00;797.85e-6
2014-02-02 12:30:00;746.12e-6
2014-02-02 12:45:00;721.55e-6
2014-02-02 13:00:00;693.68e-6
2014-02-02 13:15:00;676.54e-6
2014-02-02 13:30:00;666.02e-6
2014-02-02 13:45:00;662.79e-6
2014-02-02 14:00:00;665.48e-6
2014-02-02 14:15:00;667.90e-6
2014-02-02 14:30:00;669.06e-6
2014-02-02 14:45:00;669.49e-6
2014-02-02 15:00:00;668.69e-6
2014-02-02 15:15:00;667.77e-6
2014-02-02 15:30:00;670.32e-6
2014-02-02 15:45:00;676.03e-6
2014-02-02 16:00:00;687.53e-6
2014-02-02 16:15:00;694.79e-6
2014-02-02 16:30:00;723.42e-6
2014-02-02 16:45:00;748.76e-6
2014-02-02 17:00:00;777.29e-6
2014-02-02 17:15:00;798.73e-6
2014-02-02 17:30:00;820.10e-6
2014-02-02 17:45:00;839.12e-6
2014-02-02 18:00:00;857.59e-6
2014-02-02 18:15:00;864.79e-6
2014-02-02 18:30:00;876.65e-6
2014-02-02 18:45:00;870.83e-6
2014-02-02 19:00:00;854.97e-6
2014-02-02 19:15:00;829.39e-6
2014-02-02 19:30:00;786.77e-6
2014-02-02 19:45:00;764.77e-6
2014-02-02 20:00:00;752.92e-6
2014-02-02 20:15:00;730.18e-6
2014-02-02 20:30:00;703.28e-6
2014-02-02 20:45:00;684.60e-6
2014-02-02 21:00:00;658.91e-6
2014-02-02 21:15:00;631.52e-6
2014-02-02 21:30:00;597.47e-6
2014-02-02 21:45:00;558.00e-6
2014-02-02 22:00:00;510.88e-6
2014-02-02 22:15:00;459.11e-6
2014-02-02 22:30:00;410.34e-6
2014-02-02 22:45:00;365.54e-6
2014-02-02 23:00:00;327.45e-6
2014-02-02 23:15:00;290.32e-6
2014-02-02 23:30:00;271.12e-6
2014-02-02 23:45:00;258.11e-6
2014-02-03 00:00:00;232.17e-6
2014-02-03 00:15:00;236.52e-6
2014-02-03 00:30:00;251.14e-6
2014-02-03 00:45:00;268.93e-6
2014-02-03 01:00:00;287.23e-6
2014-02-03 01:15:00;306.51e-6
2014-02-03 01:30:00;323.53e-6
2014-02-03 01:45:00;338.70e-6
2014-02-03 02:00:00;351.76e-6
2014-02-03 02:15:00;357.37e-6
2014-02-03 02:30:00;358.19e-6
2014-02-03 02:45:00;355.80e-6
2014-02-03 03:00:00;346.19e-6
2014-02-03 03:15:00;331.53e-6
2014-02-03 03:30:00;312.09e-6
2014-02-03 03:45:00;290.93e-6
2014-02-03 04:00:00;278.91e-6
2014-02-03 04:15:00;265.69e-6
2014-02-03 04:30:00;261.92e-6
2014-02-03 04:45:00;269.16e-6
2014-02-03 05:00:00;275.91e-6
2014-02-03 05:15:00;293.81e-6
2014-02-03 05:30:00;321.12e-6
2014-02-03 05:45:00;360.32e-6
2014-02-03 06:00:00;415.42e-6
2014-02-03 06:15:00;467.34e-6
2014-02-03 06:30:00;553.83e-6
2014-02-03 06:45:00;559.04e-6
2014-02-03 07:00:00;577.72e-6
2014-02-03 07:15:00;585.35e-6
2014-02-03 07:30:00;587.75e-6
2014-02-03 07:45:00;567.03e-6
2014-02-03 08:00:00;554.64e-6
2014-02-03 08:15:00;535.08e-6
2014-02-03 08:30:00;505.79e-6
2014-02-03 08:45:00;479.38e-6
2014-02-03 09:00:00;455.26e-6
2014-02-03 09:15:00;445.16e-6
2014-02-03 09:30:00;445.30e-6
2014-02-03 09:45:00;447.52e-6
2014-02-03 10:00:00;452.09e-6
2014-02-03 10:15:00;454.16e-6
2014-02-03 10:30:00;457.94e-6
2014-02-03 10:45:00;468.69e-6
2014-02-03 11:00:00;487.40e-6
2014-02-03 11:15:00;511.99e-6
2014-02-03 11:30:00;517.64e-6
2014-02-03 11:45:00;508.07e-6
2014-02-03 12:00:00;482.95e-6
2014-02-03 12:15:00;468.96e-6
2014-02-03 12:30:00;462.16e-6
2014-02-03 12:45:00;463.63e-6
2014-02-03 13:00:00;465.53e-6
2014-02-03 13:15:00;471.98e-6
2014-02-03 13:30:00;481.13e-6
2014-02-03 13:45:00;492.82e-6
2014-02-03 14:00:00;506.08e-6
2014-02-03 14:15:00;515.44e-6
2014-02-03 14:30:00;520.40e-6
2014-02-03 14:45:00;521.91e-6
2014-02-03 15:00:00;520.40e-6
2014-02-03 15:15:00;517.55e-6
2014-02-03 15:30:00;517.46e-6
2014-02-03 15:45:00;520.72e-6
2014-02-03 16:00:00;529.67e-6
2014-02-03 16:15:00;535.51e-6
2014-02-03 16:30:00;560.18e-6
2014-02-03 16:45:00;588.55e-6
2014-02-03 17:00:00;623.38e-6
2014-02-03 17:15:00;651.12e-6
2014-02-03 17:30:00;679.11e-6
2014-02-03 17:45:00;707.74e-6
2014-02-03 18:00:00;731.30e-6
2014-02-03 18:15:00;752.52e-6
2014-02-03 18:30:00;771.07e-6
2014-02-03 18:45:00;780.72e-6
2014-02-03 19:00:00;780.14e-6
2014-02-03 19:15:00;774.82e-6
2014-02-03 19:30:00;777.53e-6
2014-02-03 19:45:00;762.85e-6
2014-02-03 20:00:00;751.46e-6
2014-02-03 20:15:00;730.92e-6
2014-02-03 20:30:00;705.94e-6
2014-02-03 20:45:00;681.89e-6
2014-02-03 21:00:00;660.02e-6
2014-02-03 21:15:00;630.27e-6
2014-02-03 21:30:00;596.37e-6
2014-02-03 21:45:00;556.24e-6
2014-02-03 22:00:00;509.20e-6
2014-02-03 22:15:00;457.35e-6
2014-02-03 22:30:00;408.11e-6
2014-02-03 22:45:00;361.63e-6
2014-02-03 23:00:00;322.08e-6
2014-02-03 23:15:00;279.97e-6
2014-02-03 23:30:00;261.64e-6
2014-02-03 23:45:00;250.49e-6
2014-02-04 00:00:00;231.86e-6
2014-02-04 00:15:00;236.20e-6
2014-02-04 00:30:00;250.80e-6
2014-02-04 00:45:00;268.57e-6
2014-02-04 01:00:00;286.85e-6
2014-02-04 01:15:00;306.10e-6
2014-02-04 01:30:00;323.09e-6
2014-02-04 01:45:00;338.24e-6
2014-02-04 02:00:00;351.29e-6
2014-02-04 02:15:00;356.89e-6
2014-02-04 02:30:00;357.71e-6
2014-02-04 02:45:00;355.33e-6
2014-02-04 03:00:00;345.72e-6
2014-02-04 03:15:00;331.08e-6
2014-02-04 03:30:00;311.68e-6
2014-02-04 03:45:00;290.54e-6
2014-02-04 04:00:00;278.54e-6
2014-02-04 04:15:00;265.33e-6
2014-02-04 04:30:00;261.56e-6
2014-02-04 04:45:00;268.80e-6
2014-02-04 05:00:00;275.54e-6
2014-02-04 05:15:00;293.42e-6
2014-02-04 05:30:00;320.69e-6
2014-02-04 05:45:00;359.84e-6
2014-02-04 06:00:00;414.86e-6
2014-02-04 06:15:00;466.71e-6
2014-02-04 06:30:00;553.09e-6
2014-02-04 06:45:00;558.29e-6
2014-02-04 07:00:00;576.95e-6
2014-02-04 07:15:00;584.57e-6
2014-02-04 07:30:00;586.97e-6
2014-02-04 07:45:00;566.27e-6
2014-02-04 08:00:00;553.90e-6
2014-02-04 08:15:00;534.37e-6
2014-02-04 08:30:00;505.12e-6
2014-02-04 08:45:00;478.74e-6
2014-02-04 09:00:00;454.65e-6
2014-02-04 09:15:00;444.56e-6
2014-02-04 09:30:00;444.70e-6
2014-02-04 09:45:00;446.92e-6
2014-02-04 10:00:00;451.48e-6
2014-02-04 10:15:00;453.55e-6
2014-02-04 10:30:00;457.32e-6
2014-02-04 10:45:00;468.06e-6
2014-02-04 11:00:00;486.75e-6
2014-02-04 11:15:00;511.31e-6
2014-02-04 11:30:00;516.94e-6
2014-02-04 11:45:00;507.39e-6
2014-02-04 12:00:00;482.30e-6
2014-02-04 12:15:00;468.33e-6
2014-02-04 12:30:00;461.54e-6
2014-02-04 12:45:00;463.01e-6
2014-02-04 13:00:00;464.91e-6
2014-02-04 13:15:00;471.35e-6
2014-02-04 13:30:00;480.48e-6
2014-02-04 13:45:00;492.15e-6
2014-02-04 14:00:00;505.40e-6
2014-02-04 14:15:00;514.75e-6
2014-02-04 14:30:00;519.70e-6
2014-02-04 14:45:00;521.21e-6
2014-02-04 15:00:00;519.71e-6
2014-02-04 15:15:00;516.85e-6
2014-02-04 15:30:00;516.77e-6
2014-02-04 15:45:00;520.02e-6
2014-02-04 16:00:00;528.96e-6
2014-02-04 16:15:00;534.79e-6
2014-02-04 16:30:00;559.43e-6
2014-02-04 16:45:00;587.76e-6
2014-02-04 17:00:00;622.54e-6
2014-02-04 17:15:00;650.24e-6
2014-02-04 17:30:00;678.20e-6
2014-02-04 17:45:00;706.79e-6
2014-02-04 18:00:00;730.32e-6
2014-02-04 18:15:00;751.51e-6
2014-02-04 18:30:00;770.04e-6
2014-02-04 18:45:00;779.68e-6
2014-02-04 19:00:00;779.10e-6
2014-02-04 19:15:00;773.78e-6
2014-02-04 19:30:00;776.48e-6
2014-02-04 19:45:00;761.83e-6
2014-02-04 20:00:00;750.45e-6
2014-02-04 20:15:00;729.94e-6
2014-02-04 20:30:00;705.00e-6
2014-02-04 20:45:00;680.97e-6
2014-02-04 21:00:00;659.14e-6
2014-02-04 21:15:00;629.42e-6
2014-02-04 21:30:00;595.57e-6
2014-02-04 21:45:00;555.49e-6
2014-02-04 22:00:00;508.51e-6
2014-02-04 22:15:00;456.74e-6
2014-02-04 22:30:00;407.56e-6
2014-02-04 22:45:00;361.14e-6
2014-02-04 23:00:00;321.65e-6
2014-02-04 23:15:00;279.60e-6
2014-02-04 23:30:00;261.29e-6
2014-02-04 23:45:00;250.16e-6
2014-02-05 00:00:00;231.53e-6
2014-02-05 00:15:00;235.87e-6
2014-02-05 00:30:00;250.45e-6
2014-02-05 00:45:00;268.19e-6
2014-02-05 01:00:00;286.45e-6
2014-02-05 01:15:00;305.67e-6
2014-02-05 01:30:00;322.64e-6
2014-02-05 01:45:00;337.77e-6
2014-02-05 02:00:00;350.79e-6
2014-02-05 02:15:00;356.39e-6
2014-02-05 02:30:00;357.20e-6
2014-02-05 02:45:00;354.83e-6
2014-02-05 03:00:00;345.24e-6
2014-02-05 03:15:00;330.62e-6
2014-02-05 03:30:00;311.24e-6
2014-02-05 03:45:00;290.14e-6
2014-02-05 04:00:00;278.14e-6
2014-02-05 04:15:00;264.96e-6
2014-02-05 04:30:00;261.20e-6
2014-02-05 04:45:00;268.42e-6
2014-02-05 05:00:00;275.16e-6
2014-02-05 05:15:00;293.00e-6
2014-02-05 05:30:00;320.24e-6
2014-02-05 05:45:00;359.33e-6
2014-02-05 06:00:00;414.28e-6
2014-02-05 06:15:00;466.05e-6
2014-02-05 06:30:00;552.31e-6
2014-02-05 06:45:00;557.50e-6
2014-02-05 07:00:00;576.13e-6
2014-02-05 07:15:00;583.74e-6
2014-02-05 07:30:00;586.14e-6
2014-02-05 07:45:00;565.47e-6
2014-02-05 08:00:00;553.12e-6
2014-02-05 08:15:00;533.62e-6
2014-02-05 08:30:00;504.41e-6
2014-02-05 08:45:00;478.07e-6
2014-02-05 09:00:00;454.01e-6
2014-02-05 09:15:00;443.94e-6
2014-02-05 09:30:00;444.08e-6
2014-02-05 09:45:00;446.29e-6
2014-02-05 10:00:00;450.85e-6
2014-02-05 10:15:00;452.91e-6
2014-02-05 10:30:00;456.68e-6
2014-02-05 10:45:00;467.40e-6
2014-02-05 11:00:00;486.07e-6
2014-02-05 11:15:00;510.59e-6
2014-02-05 11:30:00;516.22e-6
2014-02-05 11:45:00;506.68e-6
2014-02-05 12:00:00;481.62e-6
2014-02-05 12:15:00;467.67e-6
2014-02-05 12:30:00;460.89e-6
2014-02-05 12:45:00;462.36e-6
2014-02-05 13:00:00;464.25e-6
2014-02-05 13:15:00;470.69e-6
2014-02-05 13:30:00;479.81e-6
2014-02-05 13:45:00;491.46e-6
2014-02-05 14:00:00;504.69e-6
2014-02-05 14:15:00;514.02e-6
2014-02-05 14:30:00;518.97e-6
2014-02-05 14:45:00;520.48e-6
2014-02-05 15:00:00;518.98e-6
2014-02-05 15:15:00;516.13e-6
2014-02-05 15:30:00;516.04e-6
2014-02-05 15:45:00;519.29e-6
2014-02-05 16:00:00;528.21e-6
2014-02-05 16:15:00;534.04e-6
2014-02-05 16:30:00;558.64e-6
2014-02-05 16:45:00;586.94e-6
2014-02-05 17:00:00;621.67e-6
2014-02-05 17:15:00;649.33e-6
2014-02-05 17:30:00;677.25e-6
2014-02-05 17:45:00;705.79e-6
2014-02-05 18:00:00;729.29e-6
2014-02-05 18:15:00;750.45e-6
2014-02-05 18:30:00;768.96e-6
2014-02-05 18:45:00;778.58e-6
2014-02-05 19:00:00;778.00e-6
2014-02-05 19:15:00;772.70e-6
2014-02-05 19:30:00;775.39e-6
2014-02-05 19:45:00;760.76e-6
2014-02-05 20:00:00;749.40e-6
2014-02-05 20:15:00;728.91e-6
2014-02-05 20:30:00;704.01e-6
2014-02-05 20:45:00;680.02e-6
2014-02-05 21:00:00;658.21e-6
2014-02-05 21:15:00;628.54e-6
2014-02-05 21:30:00;594.73e-6
2014-02-05 21:45:00;554.71e-6
2014-02-05 22:00:00;507.80e-6
2014-02-05 22:15:00;456.09e-6
2014-02-05 22:30:00;406.99e-6
2014-02-05 22:45:00;360.63e-6
2014-02-05 23:00:00;321.20e-6
2014-02-05 23:15:00;279.21e-6
2014-02-05 23:30:00;260.93e-6
2014-02-05 23:45:00;249.81e-6
2014-02-06 00:00:00;231.19e-6
2014-02-06 00:15:00;235.52e-6
2014-02-06 00:30:00;250.08e-6
2014-02-06 00:45:00;267.79e-6
2014-02-06 01:00:00;286.02e-6
2014-02-06 01:15:00;305.22e-6
2014-02-06 01:30:00;322.16e-6
2014-02-06 01:45:00;337.27e-6
2014-02-06 02:00:00;350.28e-6
2014-02-06 02:15:00;355.86e-6
2014-02-06 02:30:00;356.68e-6
2014-02-06 02:45:00;354.30e-6
2014-02-06 03:00:00;344.73e-6
2014-02-06 03:15:00;330.13e-6
2014-02-06 03:30:00;310.78e-6
2014-02-06 03:45:00;289.71e-6
2014-02-06 04:00:00;277.74e-6
2014-02-06 04:15:00;264.57e-6
2014-02-06 04:30:00;260.81e-6
2014-02-06 04:45:00;268.03e-6
2014-02-06 05:00:00;274.75e-6
2014-02-06 05:15:00;292.57e-6
2014-02-06 05:30:00;319.77e-6
2014-02-06 05:45:00;358.80e-6
2014-02-06 06:00:00;413.67e-6
2014-02-06 06:15:00;465.37e-6
2014-02-06 06:30:00;551.50e-6
2014-02-06 06:45:00;556.68e-6
2014-02-06 07:00:00;575.29e-6
2014-02-06 07:15:00;582.88e-6
2014-02-06 07:30:00;585.28e-6
2014-02-06 07:45:00;564.64e-6
2014-02-06 08:00:00;552.31e-6
2014-02-06 08:15:00;532.83e-6
2014-02-06 08:30:00;503.66e-6
2014-02-06 08:45:00;477.36e-6
2014-02-06 09:00:00;453.35e-6
2014-02-06 09:15:00;443.29e-6
2014-02-06 09:30:00;443.43e-6
2014-02-06 09:45:00;445.63e-6
2014-02-06 10:00:00;450.18e-6
2014-02-06 10:15:00;452.24e-6
2014-02-06 10:30:00;456.01e-6
2014-02-06 10:45:00;466.72e-6
2014-02-06 11:00:00;485.35e-6
2014-02-06 11:15:00;509.84e-6
2014-02-06 11:30:00;515.46e-6
2014-02-06 11:45:00;505.93e-6
2014-02-06 12:00:00;480.91e-6
2014-02-06 12:15:00;466.99e-6
2014-02-06 12:30:00;460.21e-6
2014-02-06 12:45:00;461.68e-6
2014-02-06 13:00:00;463.57e-6
2014-02-06 13:15:00;469.99e-6
2014-02-06 13:30:00;479.10e-6
2014-02-06 13:45:00;490.74e-6
2014-02-06 14:00:00;503.94e-6
2014-02-06 14:15:00;513.27e-6
2014-02-06 14:30:00;518.21e-6
2014-02-06 14:45:00;519.71e-6
2014-02-06 15:00:00;518.21e-6
2014-02-06 15:15:00;515.37e-6
2014-02-06 15:30:00;515.28e-6
2014-02-06 15:45:00;518.53e-6
2014-02-06 16:00:00;527.44e-6
2014-02-06 16:15:00;533.26e-6
2014-02-06 16:30:00;557.82e-6
2014-02-06 16:45:00;586.07e-6
2014-02-06 17:00:00;620.75e-6
2014-02-06 17:15:00;648.37e-6
2014-02-06 17:30:00;676.25e-6
2014-02-06 17:45:00;704.76e-6
2014-02-06 18:00:00;728.22e-6
2014-02-06 18:15:00;749.35e-6
2014-02-06 18:30:00;767.83e-6
2014-02-06 18:45:00;777.44e-6
2014-02-06 19:00:00;776.86e-6
2014-02-06 19:15:00;771.56e-6
2014-02-06 19:30:00;774.25e-6
2014-02-06 19:45:00;759.64e-6
2014-02-06 20:00:00;748.30e-6
2014-02-06 20:15:00;727.84e-6
2014-02-06 20:30:00;702.97e-6
2014-02-06 20:45:00;679.02e-6
2014-02-06 21:00:00;657.25e-6
2014-02-06 21:15:00;627.61e-6
2014-02-06 21:30:00;593.86e-6
2014-02-06 21:45:00;553.90e-6
2014-02-06 22:00:00;507.05e-6
2014-02-06 22:15:00;455.42e-6
2014-02-06 22:30:00;406.39e-6
2014-02-06 22:45:00;360.10e-6
2014-02-06 23:00:00;320.73e-6
2014-02-06 23:15:00;278.79e-6
2014-02-06 23:30:00;260.54e-6
2014-02-06 23:45:00;249.44e-6
2014-02-07 00:00:00;230.84e-6
2014-02-07 00:15:00;235.16e-6
2014-02-07 00:30:00;249.70e-6
2014-02-07 00:45:00;267.38e-6
2014-02-07 01:00:00;285.59e-6
2014-02-07 01:15:00;304.75e-6
2014-02-07 01:30:00;321.67e-6
2014-02-07 01:45:00;336.75e-6
2014-02-07 02:00:00;349.74e-6
2014-02-07 02:15:00;355.32e-6
2014-02-07 02:30:00;356.13e-6
2014-02-07 02:45:00;353.76e-6
2014-02-07 03:00:00;344.20e-6
2014-02-07 03:15:00;329.63e-6
2014-02-07 03:30:00;310.30e-6
2014-02-07 03:45:00;289.26e-6
2014-02-07 04:00:00;277.31e-6
2014-02-07 04:15:00;264.17e-6
2014-02-07 04:30:00;260.41e-6
2014-02-07 04:45:00;267.62e-6
2014-02-07 05:00:00;274.33e-6
2014-02-07 05:15:00;292.12e-6
2014-02-07 05:30:00;319.28e-6
2014-02-07 05:45:00;358.25e-6
2014-02-07 06:00:00;413.04e-6
2014-02-07 06:15:00;464.65e-6
2014-02-07 06:30:00;550.65e-6
2014-02-07 06:45:00;555.83e-6
2014-02-07 07:00:00;574.41e-6
2014-02-07 07:15:00;581.99e-6
2014-02-07 07:30:00;584.38e-6
2014-02-07 07:45:00;563.78e-6
2014-02-07 08:00:00;551.46e-6
2014-02-07 08:15:00;532.01e-6
2014-02-07 08:30:00;502.89e-6
2014-02-07 08:45:00;476.63e-6
2014-02-07 09:00:00;452.65e-6
2014-02-07 09:15:00;442.61e-6
2014-02-07 09:30:00;442.75e-6
2014-02-07 09:45:00;444.95e-6
2014-02-07 10:00:00;449.49e-6
2014-02-07 10:15:00;451.55e-6
2014-02-07 10:30:00;455.31e-6
2014-02-07 10:45:00;466.00e-6
2014-02-07 11:00:00;484.61e-6
2014-02-07 11:15:00;509.06e-6
2014-02-07 11:30:00;514.67e-6
2014-02-07 11:45:00;505.16e-6
2014-02-07 12:00:00;480.18e-6
2014-02-07 12:15:00;466.27e-6
2014-02-07 12:30:00;459.51e-6
2014-02-07 12:45:00;460.97e-6
2014-02-07 13:00:00;462.86e-6
2014-02-07 13:15:00;469.27e-6
2014-02-07 13:30:00;478.37e-6
2014-02-07 13:45:00;489.99e-6
2014-02-07 14:00:00;503.17e-6
2014-02-07 14:15:00;512.48e-6
2014-02-07 14:30:00;517.42e-6
2014-02-07 14:45:00;518.91e-6
2014-02-07 15:00:00;517.42e-6
2014-02-07 15:15:00;514.58e-6
2014-02-07 15:30:00;514.49e-6
2014-02-07 15:45:00;517.73e-6
2014-02-07 16:00:00;526.63e-6
2014-02-07 16:15:00;532.44e-6
2014-02-07 16:30:00;556.97e-6
2014-02-07 16:45:00;585.18e-6
2014-02-07 17:00:00;619.80e-6
2014-02-07 17:15:00;647.38e-6
2014-02-07 17:30:00;675.22e-6
2014-02-07 17:45:00;703.67e-6
2014-02-07 18:00:00;727.10e-6
2014-02-07 18:15:00;748.20e-6
2014-02-07 18:30:00;766.65e-6
2014-02-07 18:45:00;776.24e-6
2014-02-07 19:00:00;775.66e-6
2014-02-07 19:15:00;770.38e-6
2014-02-07 19:30:00;773.06e-6
2014-02-07 19:45:00;758.47e-6
2014-02-07 20:00:00;747.15e-6
2014-02-07 20:15:00;726.72e-6
2014-02-07 20:30:00;701.89e-6
2014-02-07 20:45:00;677.98e-6
2014-02-07 21:00:00;656.24e-6
2014-02-07 21:15:00;626.65e-6
2014-02-07 21:30:00;592.95e-6
2014-02-07 21:45:00;553.05e-6
2014-02-07 22:00:00;506.27e-6
2014-02-07 22:15:00;454.72e-6
2014-02-07 22:30:00;405.77e-6
2014-02-07 22:45:00;359.55e-6
2014-02-07 23:00:00;320.23e-6
2014-02-07 23:15:00;278.37e-6
2014-02-07 23:30:00;260.14e-6
2014-02-07 23:45:00;249.06e-6
2014-02-08 00:00:00;275.25e-6
2014-02-08 00:15:00;265.64e-6
2014-02-08 00:30:00;263.37e-6
2014-02-08 00:45:00;266.49e-6
2014-02-08 01:00:00;277.19e-6
2014-02-08 01:15:00;293.77e-6
2014-02-08 01:30:00;310.46e-6
2014-02-08 01:45:00;325.85e-6
2014-02-08 02:00:00;338.65e-6
2014-02-08 02:15:00;347.11e-6
2014-02-08 02:30:00;349.10e-6
2014-02-08 02:45:00;347.15e-6
2014-02-08 03:00:00;338.75e-6
2014-02-08 03:15:00;323.67e-6
2014-02-08 03:30:00;303.66e-6
2014-02-08 03:45:00;283.84e-6
2014-02-08 04:00:00;271.09e-6
2014-02-08 04:15:00;258.63e-6
2014-02-08 04:30:00;249.93e-6
2014-02-08 04:45:00;239.32e-6
2014-02-08 05:00:00;230.55e-6
2014-02-08 05:15:00;229.71e-6
2014-02-08 05:30:00;238.05e-6
2014-02-08 05:45:00;259.75e-6
2014-02-08 06:00:00;299.61e-6
2014-02-08 06:15:00;343.10e-6
2014-02-08 06:30:00;416.49e-6
2014-02-08 06:45:00;432.20e-6
2014-02-08 07:00:00;465.42e-6
2014-02-08 07:15:00;488.98e-6
2014-02-08 07:30:00;527.61e-6
2014-02-08 07:45:00;543.30e-6
2014-02-08 08:00:00;564.78e-6
2014-02-08 08:15:00;580.97e-6
2014-02-08 08:30:00;565.99e-6
2014-02-08 08:45:00;568.06e-6
2014-02-08 09:00:00;571.70e-6
2014-02-08 09:15:00;580.73e-6
2014-02-08 09:30:00;589.67e-6
2014-02-08 09:45:00;598.52e-6
2014-02-08 10:00:00;607.57e-6
2014-02-08 10:15:00;616.75e-6
2014-02-08 10:30:00;628.28e-6
2014-02-08 10:45:00;650.12e-6
2014-02-08 11:00:00;683.93e-6
2014-02-08 11:15:00;740.91e-6
2014-02-08 11:30:00;760.56e-6
2014-02-08 11:45:00;748.44e-6
2014-02-08 12:00:00;698.56e-6
2014-02-08 12:15:00;642.41e-6
2014-02-08 12:30:00;613.58e-6
2014-02-08 12:45:00;602.33e-6
2014-02-08 13:00:00;590.42e-6
2014-02-08 13:15:00;587.20e-6
2014-02-08 13:30:00;590.44e-6
2014-02-08 13:45:00;600.59e-6
2014-02-08 14:00:00;616.45e-6
2014-02-08 14:15:00;632.06e-6
2014-02-08 14:30:00;646.00e-6
2014-02-08 14:45:00;658.08e-6
2014-02-08 15:00:00;667.32e-6
2014-02-08 15:15:00;674.78e-6
2014-02-08 15:30:00;683.65e-6
2014-02-08 15:45:00;693.99e-6
2014-02-08 16:00:00;708.30e-6
2014-02-08 16:15:00;718.96e-6
2014-02-08 16:30:00;746.59e-6
2014-02-08 16:45:00;775.35e-6
2014-02-08 17:00:00;802.72e-6
2014-02-08 17:15:00;822.17e-6
2014-02-08 17:30:00;839.68e-6
2014-02-08 17:45:00;853.52e-6
2014-02-08 18:00:00;864.59e-6
2014-02-08 18:15:00;868.71e-6
2014-02-08 18:30:00;876.33e-6
2014-02-08 18:45:00;862.06e-6
2014-02-08 19:00:00;837.72e-6
2014-02-08 19:15:00;808.55e-6
2014-02-08 19:30:00;771.92e-6
2014-02-08 19:45:00;747.95e-6
2014-02-08 20:00:00;734.46e-6
2014-02-08 20:15:00;714.10e-6
2014-02-08 20:30:00;692.06e-6
2014-02-08 20:45:00;675.19e-6
2014-02-08 21:00:00;657.05e-6
2014-02-08 21:15:00;635.24e-6
2014-02-08 21:30:00;608.77e-6
2014-02-08 21:45:00;577.66e-6
2014-02-08 22:00:00;540.64e-6
2014-02-08 22:15:00;499.22e-6
2014-02-08 22:30:00;459.95e-6
2014-02-08 22:45:00;423.09e-6
2014-02-08 23:00:00;389.31e-6
2014-02-08 23:15:00;358.53e-6
2014-02-08 23:30:00;332.57e-6
2014-02-08 23:45:00;322.71e-6
2014-02-09 00:00:00;302.95e-6
2014-02-09 00:15:00;301.31e-6
2014-02-09 00:30:00;306.45e-6
2014-02-09 00:45:00;318.00e-6
2014-02-09 01:00:00;329.77e-6
2014-02-09 01:15:00;344.80e-6
2014-02-09 01:30:00;355.68e-6
2014-02-09 01:45:00;367.20e-6
2014-02-09 02:00:00;375.67e-6
2014-02-09 02:15:00;379.67e-6
2014-02-09 02:30:00;381.15e-6
2014-02-09 02:45:00;377.66e-6
2014-02-09 03:00:00;365.81e-6
2014-02-09 03:15:00;347.16e-6
2014-02-09 03:30:00;324.34e-6
2014-02-09 03:45:00;304.08e-6
2014-02-09 04:00:00;292.64e-6
2014-02-09 04:15:00;278.77e-6
2014-02-09 04:30:00;269.39e-6
2014-02-09 04:45:00;257.24e-6
2014-02-09 05:00:00;246.37e-6
2014-02-09 05:15:00;242.40e-6
2014-02-09 05:30:00;246.59e-6
2014-02-09 05:45:00;263.11e-6
2014-02-09 06:00:00;296.72e-6
2014-02-09 06:15:00;334.81e-6
2014-02-09 06:30:00;400.25e-6
2014-02-09 06:45:00;414.89e-6
2014-02-09 07:00:00;454.31e-6
2014-02-09 07:15:00;490.53e-6
2014-02-09 07:30:00;553.55e-6
2014-02-09 07:45:00;601.49e-6
2014-02-09 08:00:00;653.94e-6
2014-02-09 08:15:00;703.94e-6
2014-02-09 08:30:00;718.96e-6
2014-02-09 08:45:00;737.86e-6
2014-02-09 09:00:00;747.63e-6
2014-02-09 09:15:00;762.19e-6
2014-02-09 09:30:00;773.94e-6
2014-02-09 09:45:00;786.45e-6
2014-02-09 10:00:00;802.10e-6
2014-02-09 10:15:00;823.10e-6
2014-02-09 10:30:00;845.01e-6
2014-02-09 10:45:00;878.53e-6
2014-02-09 11:00:00;923.59e-6
2014-02-09 11:15:00;990.98e-6
2014-02-09 11:30:00;998.30e-6
2014-02-09 11:45:00;957.05e-6
2014-02-09 12:00:00;873.84e-6
2014-02-09 12:15:00;789.69e-6
2014-02-09 12:30:00;738.48e-6
2014-02-09 12:45:00;714.16e-6
2014-02-09 13:00:00;686.58e-6
2014-02-09 13:15:00;669.61e-6
2014-02-09 13:30:00;659.20e-6
2014-02-09 13:45:00;656.01e-6
2014-02-09 14:00:00;658.67e-6
2014-02-09 14:15:00;661.06e-6
2014-02-09 14:30:00;662.21e-6
2014-02-09 14:45:00;662.64e-6
2014-02-09 15:00:00;661.85e-6
2014-02-09 15:15:00;660.94e-6
2014-02-09 15:30:00;663.46e-6
2014-02-09 15:45:00;669.12e-6
2014-02-09 16:00:00;680.49e-6
2014-02-09 16:15:00;687.68e-6
2014-02-09 16:30:00;716.01e-6
2014-02-09 16:45:00;741.10e-6
2014-02-09 17:00:00;769.33e-6
2014-02-09 17:15:00;790.56e-6
2014-02-09 17:30:00;811.71e-6
2014-02-09 17:45:00;830.53e-6
2014-02-09 18:00:00;848.82e-6
2014-02-09 18:15:00;855.94e-6
2014-02-09 18:30:00;867.68e-6
2014-02-09 18:45:00;861.92e-6
2014-02-09 19:00:00;846.22e-6
2014-02-09 19:15:00;820.90e-6
2014-02-09 19:30:00;778.72e-6
2014-02-09 19:45:00;756.94e-6
2014-02-09 20:00:00;745.22e-6
2014-02-09 20:15:00;722.71e-6
2014-02-09 20:30:00;696.09e-6
2014-02-09 20:45:00;677.60e-6
2014-02-09 21:00:00;652.16e-6
2014-02-09 21:15:00;625.06e-6
2014-02-09 21:30:00;591.35e-6
2014-02-09 21:45:00;552.29e-6
2014-02-09 22:00:00;505.66e-6
2014-02-09 22:15:00;454.41e-6
2014-02-09 22:30:00;406.14e-6
2014-02-09 22:45:00;361.80e-6
2014-02-09 23:00:00;324.09e-6
2014-02-09 23:15:00;287.35e-6
2014-02-09 23:30:00;268.34e-6
2014-02-09 23:45:00;255.47e-6
2014-02-10 00:00:00;229.69e-6
2014-02-10 00:15:00;233.99e-6
2014-02-10 00:30:00;248.46e-6
2014-02-10 00:45:00;266.06e-6
2014-02-10 01:00:00;284.17e-6
2014-02-10 01:15:00;303.23e-6
2014-02-10 01:30:00;320.07e-6
2014-02-10 01:45:00;335.08e-6
2014-02-10 02:00:00;348.00e-6
2014-02-10 02:15:00;353.55e-6
2014-02-10 02:30:00;354.36e-6
2014-02-10 02:45:00;352.00e-6
2014-02-10 03:00:00;342.49e-6
2014-02-10 03:15:00;327.99e-6
2014-02-10 03:30:00;308.76e-6
2014-02-10 03:45:00;287.83e-6
2014-02-10 04:00:00;275.93e-6
2014-02-10 04:15:00;262.85e-6
2014-02-10 04:30:00;259.12e-6
2014-02-10 04:45:00;266.29e-6
2014-02-10 05:00:00;272.97e-6
2014-02-10 05:15:00;290.67e-6
2014-02-10 05:30:00;317.69e-6
2014-02-10 05:45:00;356.47e-6
2014-02-10 06:00:00;410.98e-6
2014-02-10 06:15:00;462.35e-6
2014-02-10 06:30:00;547.92e-6
2014-02-10 06:45:00;553.07e-6
2014-02-10 07:00:00;571.55e-6
2014-02-10 07:15:00;579.10e-6
2014-02-10 07:30:00;581.48e-6
2014-02-10 07:45:00;560.98e-6
2014-02-10 08:00:00;548.72e-6
2014-02-10 08:15:00;529.37e-6
2014-02-10 08:30:00;500.39e-6
2014-02-10 08:45:00;474.26e-6
2014-02-10 09:00:00;450.40e-6
2014-02-10 09:15:00;440.41e-6
2014-02-10 09:30:00;440.55e-6
2014-02-10 09:45:00;442.74e-6
2014-02-10 10:00:00;447.26e-6
2014-02-10 10:15:00;449.31e-6
2014-02-10 10:30:00;453.05e-6
2014-02-10 10:45:00;463.69e-6
2014-02-10 11:00:00;482.20e-6
2014-02-10 11:15:00;506.53e-6
2014-02-10 11:30:00;512.11e-6
2014-02-10 11:45:00;502.65e-6
2014-02-10 12:00:00;477.79e-6
2014-02-10 12:15:00;463.95e-6
2014-02-10 12:30:00;457.23e-6
2014-02-10 12:45:00;458.68e-6
2014-02-10 13:00:00;460.56e-6
2014-02-10 13:15:00;466.94e-6
2014-02-10 13:30:00;475.99e-6
2014-02-10 13:45:00;487.55e-6
2014-02-10 14:00:00;500.67e-6
2014-02-10 14:15:00;509.94e-6
2014-02-10 14:30:00;514.85e-6
2014-02-10 14:45:00;516.34e-6
2014-02-10 15:00:00;514.85e-6
2014-02-10 15:15:00;512.02e-6
2014-02-10 15:30:00;511.94e-6
2014-02-10 15:45:00;515.16e-6
2014-02-10 16:00:00;524.01e-6
2014-02-10 16:15:00;529.80e-6
2014-02-10 16:30:00;554.20e-6
2014-02-10 16:45:00;582.27e-6
2014-02-10 17:00:00;616.72e-6
2014-02-10 17:15:00;644.16e-6
2014-02-10 17:30:00;671.86e-6
2014-02-10 17:45:00;700.18e-6
2014-02-10 18:00:00;723.49e-6
2014-02-10 18:15:00;744.49e-6
2014-02-10 18:30:00;762.84e-6
2014-02-10 18:45:00;772.39e-6
2014-02-10 19:00:00;771.81e-6
2014-02-10 19:15:00;766.55e-6
2014-02-10 19:30:00;769.23e-6
2014-02-10 19:45:00;754.71e-6
2014-02-10 20:00:00;743.44e-6
2014-02-10 20:15:00;723.11e-6
2014-02-10 20:30:00;698.41e-6
2014-02-10 20:45:00;674.61e-6
2014-02-10 21:00:00;652.98e-6
2014-02-10 21:15:00;623.54e-6
2014-02-10 21:30:00;590.00e-6
2014-02-10 21:45:00;550.30e-6
2014-02-10 22:00:00;503.76e-6
2014-02-10 22:15:00;452.47e-6
2014-02-10 22:30:00;403.76e-6
2014-02-10 22:45:00;357.77e-6
2014-02-10 23:00:00;318.64e-6
2014-02-10 23:15:00;276.99e-6
2014-02-10 23:30:00;258.85e-6
2014-02-10 23:45:00;247.82e-6
2014-02-11 00:00:00;229.28e-6
2014-02-11 00:15:00;233.58e-6
2014-02-11 00:30:00;248.02e-6
2014-02-11 00:45:00;265.58e-6
2014-02-11 01:00:00;283.66e-6
2014-02-11 01:15:00;302.70e-6
2014-02-11 01:30:00;319.50e-6
2014-02-11 01:45:00;334.49e-6
2014-02-11 02:00:00;347.39e-6
2014-02-11 02:15:00;352.92e-6
2014-02-11 02:30:00;353.73e-6
2014-02-11 02:45:00;351.38e-6
2014-02-11 03:00:00;341.88e-6
2014-02-11 03:15:00;327.41e-6
2014-02-11 03:30:00;308.21e-6
2014-02-11 03:45:00;287.32e-6
2014-02-11 04:00:00;275.44e-6
2014-02-11 04:15:00;262.39e-6
2014-02-11 04:30:00;258.66e-6
2014-02-11 04:45:00;265.81e-6
2014-02-11 05:00:00;272.48e-6
2014-02-11 05:15:00;290.16e-6
2014-02-11 05:30:00;317.13e-6
2014-02-11 05:45:00;355.84e-6
2014-02-11 06:00:00;410.25e-6
2014-02-11 06:15:00;461.53e-6
2014-02-11 06:30:00;546.95e-6
2014-02-11 06:45:00;552.09e-6
2014-02-11 07:00:00;570.54e-6
2014-02-11 07:15:00;578.07e-6
2014-02-11 07:30:00;580.45e-6
2014-02-11 07:45:00;559.98e-6
2014-02-11 08:00:00;547.75e-6
2014-02-11 08:15:00;528.43e-6
2014-02-11 08:30:00;499.50e-6
2014-02-11 08:45:00;473.42e-6
2014-02-11 09:00:00;449.60e-6
2014-02-11 09:15:00;439.63e-6
2014-02-11 09:30:00;439.76e-6
2014-02-11 09:45:00;441.95e-6
2014-02-11 10:00:00;446.47e-6
2014-02-11 10:15:00;448.51e-6
2014-02-11 10:30:00;452.24e-6
2014-02-11 10:45:00;462.86e-6
2014-02-11 11:00:00;481.34e-6
2014-02-11 11:15:00;505.63e-6
2014-02-11 11:30:00;511.20e-6
2014-02-11 11:45:00;501.75e-6
2014-02-11 12:00:00;476.94e-6
2014-02-11 12:15:00;463.13e-6
2014-02-11 12:30:00;456.41e-6
2014-02-11 12:45:00;457.86e-6
2014-02-11 13:00:00;459.74e-6
2014-02-11 13:15:00;466.11e-6
2014-02-11 13:30:00;475.14e-6
2014-02-11 13:45:00;486.69e-6
2014-02-11 14:00:00;499.78e-6
2014-02-11 14:15:00;509.03e-6
2014-02-11 14:30:00;513.93e-6
2014-02-11 14:45:00;515.42e-6
2014-02-11 15:00:00;513.93e-6
2014-02-11 15:15:00;511.11e-6
2014-02-11 15:30:00;511.03e-6
2014-02-11 15:45:00;514.25e-6
2014-02-11 16:00:00;523.08e-6
2014-02-11 16:15:00;528.85e-6
2014-02-11 16:30:00;553.22e-6
2014-02-11 16:45:00;581.24e-6
2014-02-11 17:00:00;615.63e-6
2014-02-11 17:15:00;643.02e-6
2014-02-11 17:30:00;670.67e-6
2014-02-11 17:45:00;698.94e-6
2014-02-11 18:00:00;722.21e-6
2014-02-11 18:15:00;743.16e-6
2014-02-11 18:30:00;761.49e-6
2014-02-11 18:45:00;771.02e-6
2014-02-11 19:00:00;770.44e-6
2014-02-11 19:15:00;765.19e-6
2014-02-11 19:30:00;767.86e-6
2014-02-11 19:45:00;753.36e-6
2014-02-11 20:00:00;742.12e-6
2014-02-11 20:15:00;721.83e-6
2014-02-11 20:30:00;697.17e-6
2014-02-11 20:45:00;673.41e-6
2014-02-11 21:00:00;651.82e-6
2014-02-11 21:15:00;622.43e-6
2014-02-11 21:30:00;588.96e-6
2014-02-11 21:45:00;549.32e-6
2014-02-11 22:00:00;502.86e-6
2014-02-11 22:15:00;451.66e-6
2014-02-11 22:30:00;403.04e-6
2014-02-11 22:45:00;357.13e-6
2014-02-11 23:00:00;318.08e-6
2014-02-11 23:15:00;276.49e-6
2014-02-11 23:30:00;258.39e-6
2014-02-11 23:45:00;247.38e-6
2014-02-12 00:00:00;228.86e-6
2014-02-12 00:15:00;233.15e-6
2014-02-12 00:30:00;247.56e-6
2014-02-12 00:45:00;265.10e-6
2014-02-12 01:00:00;283.14e-6
2014-02-12 01:15:00;302.14e-6
2014-02-12 01:30:00;318.92e-6
2014-02-12 01:45:00;333.87e-6
2014-02-12 02:00:00;346.75e-6
2014-02-12 02:15:00;352.28e-6
2014-02-12 02:30:00;353.08e-6
2014-02-12 02:45:00;350.73e-6
2014-02-12 03:00:00;341.25e-6
2014-02-12 03:15:00;326.81e-6
2014-02-12 03:30:00;307.65e-6
2014-02-12 03:45:00;286.79e-6
2014-02-12 04:00:00;274.94e-6
2014-02-12 04:15:00;261.90e-6
2014-02-12 04:30:00;258.18e-6
2014-02-12 04:45:00;265.33e-6
2014-02-12 05:00:00;271.98e-6
2014-02-12 05:15:00;289.62e-6
2014-02-12 05:30:00;316.54e-6
2014-02-12 05:45:00;355.19e-6
2014-02-12 06:00:00;409.50e-6
2014-02-12 06:15:00;460.68e-6
2014-02-12 06:30:00;545.94e-6
2014-02-12 06:45:00;551.07e-6
2014-02-12 07:00:00;569.49e-6
2014-02-12 07:15:00;577.01e-6
2014-02-12 07:30:00;579.38e-6
2014-02-12 07:45:00;558.95e-6
2014-02-12 08:00:00;546.74e-6
2014-02-12 08:15:00;527.46e-6
2014-02-12 08:30:00;498.59e-6
2014-02-12 08:45:00;472.55e-6
2014-02-12 09:00:00;448.78e-6
2014-02-12 09:15:00;438.82e-6
2014-02-12 09:30:00;438.96e-6
2014-02-12 09:45:00;441.14e-6
2014-02-12 10:00:00;445.65e-6
2014-02-12 10:15:00;447.69e-6
2014-02-12 10:30:00;451.41e-6
2014-02-12 10:45:00;462.01e-6
2014-02-12 11:00:00;480.46e-6
2014-02-12 11:15:00;504.70e-6
2014-02-12 11:30:00;510.26e-6
2014-02-12 11:45:00;500.83e-6
2014-02-12 12:00:00;476.07e-6
2014-02-12 12:15:00;462.28e-6
2014-02-12 12:30:00;455.58e-6
2014-02-12 12:45:00;457.02e-6
2014-02-12 13:00:00;458.90e-6
2014-02-12 13:15:00;465.26e-6
2014-02-12 13:30:00;474.27e-6
2014-02-12 13:45:00;485.79e-6
2014-02-12 14:00:00;498.86e-6
2014-02-12 14:15:00;508.10e-6
2014-02-12 14:30:00;512.99e-6
2014-02-12 14:45:00;514.47e-6
2014-02-12 15:00:00;512.99e-6
2014-02-12 15:15:00;510.17e-6
2014-02-12 15:30:00;510.09e-6
2014-02-12 15:45:00;513.30e-6
2014-02-12 16:00:00;522.12e-6
2014-02-12 16:15:00;527.88e-6
2014-02-12 16:30:00;552.20e-6
2014-02-12 16:45:00;580.17e-6
2014-02-12 17:00:00;614.50e-6
2014-02-12 17:15:00;641.84e-6
2014-02-12 17:30:00;669.44e-6
2014-02-12 17:45:00;697.65e-6
2014-02-12 18:00:00;720.88e-6
2014-02-12 18:15:00;741.80e-6
2014-02-12 18:30:00;760.09e-6
2014-02-12 18:45:00;769.60e-6
2014-02-12 19:00:00;769.03e-6
2014-02-12 19:15:00;763.78e-6
2014-02-12 19:30:00;766.45e-6
2014-02-12 19:45:00;751.98e-6
2014-02-12 20:00:00;740.76e-6
2014-02-12 20:15:00;720.50e-6
2014-02-12 20:30:00;695.88e-6
2014-02-12 20:45:00;672.17e-6
2014-02-12 21:00:00;650.62e-6
2014-02-12 21:15:00;621.29e-6
2014-02-12 21:30:00;587.87e-6
2014-02-12 21:45:00;548.31e-6
2014-02-12 22:00:00;501.94e-6
2014-02-12 22:15:00;450.83e-6
2014-02-12 22:30:00;402.30e-6
2014-02-12 22:45:00;356.47e-6
2014-02-12 23:00:00;317.49e-6
2014-02-12 23:15:00;275.98e-6
2014-02-12 23:30:00;257.92e-6
2014-02-12 23:45:00;246.93e-6
2014-02-13 00:00:00;228.43e-6
2014-02-13 00:15:00;232.71e-6
2014-02-13 00:30:00;247.09e-6
2014-02-13 00:45:00;264.59e-6
2014-02-13 01:00:00;282.61e-6
2014-02-13 01:15:00;301.57e-6
2014-02-13 01:30:00;318.31e-6
2014-02-13 01:45:00;333.24e-6
2014-02-13 02:00:00;346.09e-6
2014-02-13 02:15:00;351.61e-6
2014-02-13 02:30:00;352.42e-6
2014-02-13 02:45:00;350.07e-6
2014-02-13 03:00:00;340.61e-6
2014-02-13 03:15:00;326.19e-6
2014-02-13 03:30:00;307.07e-6
2014-02-13 03:45:00;286.25e-6
2014-02-13 04:00:00;274.42e-6
2014-02-13 04:15:00;261.41e-6
2014-02-13 04:30:00;257.69e-6
2014-02-13 04:45:00;264.82e-6
2014-02-13 05:00:00;271.47e-6
2014-02-13 05:15:00;289.08e-6
2014-02-13 05:30:00;315.94e-6
2014-02-13 05:45:00;354.51e-6
2014-02-13 06:00:00;408.72e-6
2014-02-13 06:15:00;459.80e-6
2014-02-13 06:30:00;544.91e-6
2014-02-13 06:45:00;550.03e-6
2014-02-13 07:00:00;568.41e-6
2014-02-13 07:15:00;575.92e-6
2014-02-13 07:30:00;578.28e-6
2014-02-13 07:45:00;557.89e-6
2014-02-13 08:00:00;545.71e-6
2014-02-13 08:15:00;526.46e-6
2014-02-13 08:30:00;497.64e-6
2014-02-13 08:45:00;471.66e-6
2014-02-13 09:00:00;447.93e-6
2014-02-13 09:15:00;437.99e-6
2014-02-13 09:30:00;438.13e-6
2014-02-13 09:45:00;440.30e-6
2014-02-13 10:00:00;444.80e-6
2014-02-13 10:15:00;446.84e-6
2014-02-13 10:30:00;450.56e-6
2014-02-13 10:45:00;461.14e-6
2014-02-13 11:00:00;479.55e-6
2014-02-13 11:15:00;503.74e-6
2014-02-13 11:30:00;509.30e-6
2014-02-13 11:45:00;499.88e-6
2014-02-13 12:00:00;475.16e-6
2014-02-13 12:15:00;461.40e-6
2014-02-13 12:30:00;454.71e-6
2014-02-13 12:45:00;456.16e-6
2014-02-13 13:00:00;458.03e-6
2014-02-13 13:15:00;464.37e-6
2014-02-13 13:30:00;473.37e-6
2014-02-13 13:45:00;484.87e-6
2014-02-13 14:00:00;497.92e-6
2014-02-13 14:15:00;507.13e-6
2014-02-13 14:30:00;512.02e-6
2014-02-13 14:45:00;513.50e-6
2014-02-13 15:00:00;512.02e-6
2014-02-13 15:15:00;509.21e-6
2014-02-13 15:30:00;509.12e-6
2014-02-13 15:45:00;512.33e-6
2014-02-13 16:00:00;521.13e-6
2014-02-13 16:15:00;526.88e-6
2014-02-13 16:30:00;551.16e-6
2014-02-13 16:45:00;579.07e-6
2014-02-13 17:00:00;613.33e-6
2014-02-13 17:15:00;640.62e-6
2014-02-13 17:30:00;668.17e-6
2014-02-13 17:45:00;696.33e-6
2014-02-13 18:00:00;719.51e-6
2014-02-13 18:15:00;740.39e-6
2014-02-13 18:30:00;758.65e-6
2014-02-13 18:45:00;768.14e-6
2014-02-13 19:00:00;767.57e-6
2014-02-13 19:15:00;762.34e-6
2014-02-13 19:30:00;765.00e-6
2014-02-13 19:45:00;750.56e-6
2014-02-13 20:00:00;739.35e-6
2014-02-13 20:15:00;719.14e-6
2014-02-13 20:30:00;694.57e-6
2014-02-13 20:45:00;670.90e-6
2014-02-13 21:00:00;649.39e-6
2014-02-13 21:15:00;620.11e-6
2014-02-13 21:30:00;586.76e-6
2014-02-13 21:45:00;547.27e-6
2014-02-13 22:00:00;500.99e-6
2014-02-13 22:15:00;449.98e-6
2014-02-13 22:30:00;401.54e-6
2014-02-13 22:45:00;355.80e-6
2014-02-13 23:00:00;316.89e-6
2014-02-13 23:15:00;275.46e-6
2014-02-13 23:30:00;257.43e-6
2014-02-13 23:45:00;246.46e-6
2014-02-14 00:00:00;227.98e-6
2014-02-14 00:15:00;232.25e-6
2014-02-14 00:30:00;246.61e-6
2014-02-14 00:45:00;264.08e-6
2014-02-14 01:00:00;282.05e-6
2014-02-14 01:15:00;300.98e-6
2014-02-14 01:30:00;317.69e-6
2014-02-14 01:45:00;332.59e-6
2014-02-14 02:00:00;345.42e-6
2014-02-14 02:15:00;350.92e-6
2014-02-14 02:30:00;351.73e-6
2014-02-14 02:45:00;349.39e-6
2014-02-14 03:00:00;339.94e-6
2014-02-14 03:15:00;325.55e-6
2014-02-14 03:30:00;306.47e-6
2014-02-14 03:45:00;285.69e-6
2014-02-14 04:00:00;273.88e-6
2014-02-14 04:15:00;260.90e-6
2014-02-14 04:30:00;257.19e-6
2014-02-14 04:45:00;264.31e-6
2014-02-14 05:00:00;270.94e-6
2014-02-14 05:15:00;288.51e-6
2014-02-14 05:30:00;315.33e-6
2014-02-14 05:45:00;353.82e-6
2014-02-14 06:00:00;407.93e-6
2014-02-14 06:15:00;458.91e-6
2014-02-14 06:30:00;543.84e-6
2014-02-14 06:45:00;548.95e-6
2014-02-14 07:00:00;567.30e-6
2014-02-14 07:15:00;574.79e-6
2014-02-14 07:30:00;577.15e-6
2014-02-14 07:45:00;556.80e-6
2014-02-14 08:00:00;544.64e-6
2014-02-14 08:15:00;525.43e-6
2014-02-14 08:30:00;496.67e-6
2014-02-14 08:45:00;470.74e-6
2014-02-14 09:00:00;447.05e-6
2014-02-14 09:15:00;437.13e-6
2014-02-14 09:30:00;437.27e-6
2014-02-14 09:45:00;439.44e-6
2014-02-14 10:00:00;443.93e-6
2014-02-14 10:15:00;445.97e-6
2014-02-14 10:30:00;449.68e-6
2014-02-14 10:45:00;460.24e-6
2014-02-14 11:00:00;478.61e-6
2014-02-14 11:15:00;502.76e-6
2014-02-14 11:30:00;508.30e-6
2014-02-14 11:45:00;498.91e-6
2014-02-14 12:00:00;474.24e-6
2014-02-14 12:15:00;460.50e-6
2014-02-14 12:30:00;453.83e-6
2014-02-14 12:45:00;455.27e-6
2014-02-14 13:00:00;457.14e-6
2014-02-14 13:15:00;463.47e-6
2014-02-14 13:30:00;472.45e-6
2014-02-14 13:45:00;483.93e-6
2014-02-14 14:00:00;496.95e-6
2014-02-14 14:15:00;506.14e-6
2014-02-14 14:30:00;511.02e-6
2014-02-14 14:45:00;512.50e-6
2014-02-14 15:00:00;511.02e-6
2014-02-14 15:15:00;508.21e-6
2014-02-14 15:30:00;508.13e-6
2014-02-14 15:45:00;511.33e-6
2014-02-14 16:00:00;520.11e-6
2014-02-14 16:15:00;525.85e-6
2014-02-14 16:30:00;550.08e-6
2014-02-14 16:45:00;577.94e-6
2014-02-14 17:00:00;612.13e-6
2014-02-14 17:15:00;639.37e-6
2014-02-14 17:30:00;666.86e-6
2014-02-14 17:45:00;694.97e-6
2014-02-14 18:00:00;718.11e-6
2014-02-14 18:15:00;738.95e-6
2014-02-14 18:30:00;757.17e-6
2014-02-14 18:45:00;766.64e-6
2014-02-14 19:00:00;766.07e-6
2014-02-14 19:15:00;760.85e-6
2014-02-14 19:30:00;763.50e-6
2014-02-14 19:45:00;749.09e-6
2014-02-14 20:00:00;737.91e-6
2014-02-14 20:15:00;717.73e-6
2014-02-14 20:30:00;693.21e-6
2014-02-14 20:45:00;669.59e-6
2014-02-14 21:00:00;648.12e-6
2014-02-14 21:15:00;618.90e-6
2014-02-14 21:30:00;585.61e-6
2014-02-14 21:45:00;546.21e-6
2014-02-14 22:00:00;500.01e-6
2014-02-14 22:15:00;449.10e-6
2014-02-14 22:30:00;400.75e-6
2014-02-14 22:45:00;355.10e-6
2014-02-14 23:00:00;316.27e-6
2014-02-14 23:15:00;274.92e-6
2014-02-14 23:30:00;256.93e-6
2014-02-14 23:45:00;245.98e-6
2014-02-15 00:00:00;271.73e-6
2014-02-15 00:15:00;262.25e-6
2014-02-15 00:30:00;260.01e-6
2014-02-15 00:45:00;263.09e-6
2014-02-15 01:00:00;273.65e-6
2014-02-15 01:15:00;290.01e-6
2014-02-15 01:30:00;306.49e-6
2014-02-15 01:45:00;321.69e-6
2014-02-15 02:00:00;334.33e-6
2014-02-15 02:15:00;342.68e-6
2014-02-15 02:30:00;344.64e-6
2014-02-15 02:45:00;342.71e-6
2014-02-15 03:00:00;334.42e-6
2014-02-15 03:15:00;319.54e-6
2014-02-15 03:30:00;299.78e-6
2014-02-15 03:45:00;280.22e-6
2014-02-15 04:00:00;267.63e-6
2014-02-15 04:15:00;255.32e-6
2014-02-15 04:30:00;246.74e-6
2014-02-15 04:45:00;236.26e-6
2014-02-15 05:00:00;227.60e-6
2014-02-15 05:15:00;226.78e-6
2014-02-15 05:30:00;235.01e-6
2014-02-15 05:45:00;256.43e-6
2014-02-15 06:00:00;295.79e-6
2014-02-15 06:15:00;338.72e-6
2014-02-15 06:30:00;411.17e-6
2014-02-15 06:45:00;426.68e-6
2014-02-15 07:00:00;459.47e-6
2014-02-15 07:15:00;482.74e-6
2014-02-15 07:30:00;520.87e-6
2014-02-15 07:45:00;536.36e-6
2014-02-15 08:00:00;557.56e-6
2014-02-15 08:15:00;573.55e-6
2014-02-15 08:30:00;558.76e-6
2014-02-15 08:45:00;560.80e-6
2014-02-15 09:00:00;564.40e-6
2014-02-15 09:15:00;573.31e-6
2014-02-15 09:30:00;582.14e-6
2014-02-15 09:45:00;590.88e-6
2014-02-15 10:00:00;599.81e-6
2014-02-15 10:15:00;608.87e-6
2014-02-15 10:30:00;620.26e-6
2014-02-15 10:45:00;641.82e-6
2014-02-15 11:00:00;675.20e-6
2014-02-15 11:15:00;731.45e-6
2014-02-15 11:30:00;750.85e-6
2014-02-15 11:45:00;738.88e-6
2014-02-15 12:00:00;689.64e-6
2014-02-15 12:15:00;634.20e-6
2014-02-15 12:30:00;605.74e-6
2014-02-15 12:45:00;594.64e-6
2014-02-15 13:00:00;582.88e-6
2014-02-15 13:15:00;579.70e-6
2014-02-15 13:30:00;582.90e-6
2014-02-15 13:45:00;592.91e-6
2014-02-15 14:00:00;608.57e-6
2014-02-15 14:15:00;623.99e-6
2014-02-15 14:30:00;637.75e-6
2014-02-15 14:45:00;649.67e-6
2014-02-15 15:00:00;658.80e-6
2014-02-15 15:15:00;666.16e-6
2014-02-15 15:30:00;674.92e-6
2014-02-15 15:45:00;685.13e-6
2014-02-15 16:00:00;699.25e-6
2014-02-15 16:15:00;709.78e-6
2014-02-15 16:30:00;737.06e-6
2014-02-15 16:45:00;765.44e-6
2014-02-15 17:00:00;792.47e-6
2014-02-15 17:15:00;811.67e-6
2014-02-15 17:30:00;828.96e-6
2014-02-15 17:45:00;842.62e-6
2014-02-15 18:00:00;853.54e-6
2014-02-15 18:15:00;857.62e-6
2014-02-15 18:30:00;865.13e-6
2014-02-15 18:45:00;851.05e-6
2014-02-15 19:00:00;827.02e-6
2014-02-15 19:15:00;798.22e-6
2014-02-15 19:30:00;762.06e-6
2014-02-15 19:45:00;738.39e-6
2014-02-15 20:00:00;725.08e-6
2014-02-15 20:15:00;704.98e-6
2014-02-15 20:30:00;683.22e-6
2014-02-15 20:45:00;666.56e-6
2014-02-15 21:00:00;648.65e-6
2014-02-15 21:15:00;627.13e-6
2014-02-15 21:30:00;601.00e-6
2014-02-15 21:45:00;570.28e-6
2014-02-15 22:00:00;533.74e-6
2014-02-15 22:15:00;492.85e-6
2014-02-15 22:30:00;454.08e-6
2014-02-15 22:45:00;417.69e-6
2014-02-15 23:00:00;384.34e-6
2014-02-15 23:15:00;353.95e-6
2014-02-15 23:30:00;328.32e-6
2014-02-15 23:45:00;318.59e-6
2014-02-16 00:00:00;298.96e-6
2014-02-16 00:15:00;297.34e-6
2014-02-16 00:30:00;302.41e-6
2014-02-16 00:45:00;313.81e-6
2014-02-16 01:00:00;325.43e-6
2014-02-16 01:15:00;340.25e-6
2014-02-16 01:30:00;350.99e-6
2014-02-16 01:45:00;362.36e-6
2014-02-16 02:00:00;370.73e-6
2014-02-16 02:15:00;374.67e-6
2014-02-16 02:30:00;376.13e-6
2014-02-16 02:45:00;372.68e-6
2014-02-16 03:00:00;360.99e-6
2014-02-16 03:15:00;342.59e-6
2014-02-16 03:30:00;320.07e-6
2014-02-16 03:45:00;300.07e-6
2014-02-16 04:00:00;288.78e-6
2014-02-16 04:15:00;275.10e-6
2014-02-16 04:30:00;265.84e-6
2014-02-16 04:45:00;253.85e-6
2014-02-16 05:00:00;243.13e-6
2014-02-16 05:15:00;239.20e-6
2014-02-16 05:30:00;243.34e-6
2014-02-16 05:45:00;259.64e-6
2014-02-16 06:00:00;292.82e-6
2014-02-16 06:15:00;330.40e-6
2014-02-16 06:30:00;394.98e-6
2014-02-16 06:45:00;409.43e-6
2014-02-16 07:00:00;448.32e-6
2014-02-16 07:15:00;484.07e-6
2014-02-16 07:30:00;546.26e-6
2014-02-16 07:45:00;593.57e-6
2014-02-16 08:00:00;645.33e-6
2014-02-16 08:15:00;694.67e-6
2014-02-16 08:30:00;709.49e-6
2014-02-16 08:45:00;728.14e-6
2014-02-16 09:00:00;737.78e-6
2014-02-16 09:15:00;752.15e-6
2014-02-16 09:30:00;763.74e-6
2014-02-16 09:45:00;776.09e-6
2014-02-16 10:00:00;791.53e-6
2014-02-16 10:15:00;812.25e-6
2014-02-16 10:30:00;833.88e-6
2014-02-16 10:45:00;866.96e-6
2014-02-16 11:00:00;911.42e-6
2014-02-16 11:15:00;977.92e-6
2014-02-16 11:30:00;985.15e-6
2014-02-16 11:45:00;944.44e-6
2014-02-16 12:00:00;862.33e-6
2014-02-16 12:15:00;779.29e-6
2014-02-16 12:30:00;728.76e-6
2014-02-16 12:45:00;704.76e-6
2014-02-16 13:00:00;677.53e-6
2014-02-16 13:15:00;660.79e-6
2014-02-16 13:30:00;650.52e-6
2014-02-16 13:45:00;647.37e-6
2014-02-16 14:00:00;649.99e-6
2014-02-16 14:15:00;652.35e-6
2014-02-16 14:30:00;653.49e-6
2014-02-16 14:45:00;653.91e-6
2014-02-16 15:00:00;653.13e-6
2014-02-16 15:15:00;652.23e-6
2014-02-16 15:30:00;654.72e-6
2014-02-16 15:45:00;660.30e-6
2014-02-16 16:00:00;671.53e-6
2014-02-16 16:15:00;678.63e-6
2014-02-16 16:30:00;706.58e-6
2014-02-16 16:45:00;731.34e-6
2014-02-16 17:00:00;759.20e-6
2014-02-16 17:15:00;780.14e-6
2014-02-16 17:30:00;801.02e-6
2014-02-16 17:45:00;819.59e-6
2014-02-16 18:00:00;837.64e-6
2014-02-16 18:15:00;844.67e-6
2014-02-16 18:30:00;856.25e-6
2014-02-16 18:45:00;850.56e-6
2014-02-16 19:00:00;835.07e-6
2014-02-16 19:15:00;810.09e-6
2014-02-16 19:30:00;768.46e-6
2014-02-16 19:45:00;746.97e-6
2014-02-16 20:00:00;735.40e-6
2014-02-16 20:15:00;713.19e-6
2014-02-16 20:30:00;686.92e-6
2014-02-16 20:45:00;668.67e-6
2014-02-16 21:00:00;643.57e-6
2014-02-16 21:15:00;616.83e-6
2014-02-16 21:30:00;583.56e-6
2014-02-16 21:45:00;545.01e-6
2014-02-16 22:00:00;498.99e-6
2014-02-16 22:15:00;448.43e-6
2014-02-16 22:30:00;400.79e-6
2014-02-16 22:45:00;357.03e-6
2014-02-16 23:00:00;319.83e-6
2014-02-16 23:15:00;283.57e-6
2014-02-16 23:30:00;264.81e-6
2014-02-16 23:45:00;252.10e-6
2014-02-17 00:00:00;226.57e-6
2014-02-17 00:15:00;230.82e-6
2014-02-17 00:30:00;245.09e-6
2014-02-17 00:45:00;262.45e-6
2014-02-17 01:00:00;280.31e-6
2014-02-17 01:15:00;299.12e-6
2014-02-17 01:30:00;315.73e-6
2014-02-17 01:45:00;330.54e-6
2014-02-17 02:00:00;343.28e-6
2014-02-17 02:15:00;348.76e-6
2014-02-17 02:30:00;349.56e-6
2014-02-17 02:45:00;347.23e-6
2014-02-17 03:00:00;337.85e-6
2014-02-17 03:15:00;323.54e-6
2014-02-17 03:30:00;304.57e-6
2014-02-17 03:45:00;283.92e-6
2014-02-17 04:00:00;272.19e-6
2014-02-17 04:15:00;259.29e-6
2014-02-17 04:30:00;255.60e-6
2014-02-17 04:45:00;262.68e-6
2014-02-17 05:00:00;269.27e-6
2014-02-17 05:15:00;286.73e-6
2014-02-17 05:30:00;313.38e-6
2014-02-17 05:45:00;351.64e-6
2014-02-17 06:00:00;405.41e-6
2014-02-17 06:15:00;456.08e-6
2014-02-17 06:30:00;540.49e-6
2014-02-17 06:45:00;545.57e-6
2014-02-17 07:00:00;563.80e-6
2014-02-17 07:15:00;571.25e-6
2014-02-17 07:30:00;573.59e-6
2014-02-17 07:45:00;553.37e-6
2014-02-17 08:00:00;541.28e-6
2014-02-17 08:15:00;522.19e-6
2014-02-17 08:30:00;493.61e-6
2014-02-17 08:45:00;467.83e-6
2014-02-17 09:00:00;444.29e-6
2014-02-17 09:15:00;434.43e-6
2014-02-17 09:30:00;434.57e-6
2014-02-17 09:45:00;436.73e-6
2014-02-17 10:00:00;441.19e-6
2014-02-17 10:15:00;443.21e-6
2014-02-17 10:30:00;446.90e-6
2014-02-17 10:45:00;457.40e-6
2014-02-17 11:00:00;475.66e-6
2014-02-17 11:15:00;499.66e-6
2014-02-17 11:30:00;505.17e-6
2014-02-17 11:45:00;495.83e-6
2014-02-17 12:00:00;471.31e-6
2014-02-17 12:15:00;457.66e-6
2014-02-17 12:30:00;451.02e-6
2014-02-17 12:45:00;452.46e-6
2014-02-17 13:00:00;454.31e-6
2014-02-17 13:15:00;460.61e-6
2014-02-17 13:30:00;469.53e-6
2014-02-17 13:45:00;480.94e-6
2014-02-17 14:00:00;493.88e-6
2014-02-17 14:15:00;503.02e-6
2014-02-17 14:30:00;507.86e-6
2014-02-17 14:45:00;509.33e-6
2014-02-17 15:00:00;507.86e-6
2014-02-17 15:15:00;505.08e-6
2014-02-17 15:30:00;504.99e-6
2014-02-17 15:45:00;508.17e-6
2014-02-17 16:00:00;516.90e-6
2014-02-17 16:15:00;522.61e-6
2014-02-17 16:30:00;546.68e-6
2014-02-17 16:45:00;574.37e-6
2014-02-17 17:00:00;608.36e-6
2014-02-17 17:15:00;635.43e-6
2014-02-17 17:30:00;662.75e-6
2014-02-17 17:45:00;690.68e-6
2014-02-17 18:00:00;713.68e-6
2014-02-17 18:15:00;734.39e-6
2014-02-17 18:30:00;752.49e-6
2014-02-17 18:45:00;761.91e-6
2014-02-17 19:00:00;761.34e-6
2014-02-17 19:15:00;756.15e-6
2014-02-17 19:30:00;758.79e-6
2014-02-17 19:45:00;744.47e-6
2014-02-17 20:00:00;733.35e-6
2014-02-17 20:15:00;713.30e-6
2014-02-17 20:30:00;688.93e-6
2014-02-17 20:45:00;665.46e-6
2014-02-17 21:00:00;644.12e-6
2014-02-17 21:15:00;615.08e-6
2014-02-17 21:30:00;582.00e-6
2014-02-17 21:45:00;542.83e-6
2014-02-17 22:00:00;496.93e-6
2014-02-17 22:15:00;446.33e-6
2014-02-17 22:30:00;398.28e-6
2014-02-17 22:45:00;352.91e-6
2014-02-17 23:00:00;314.32e-6
2014-02-17 23:15:00;273.23e-6
2014-02-17 23:30:00;255.34e-6
2014-02-17 23:45:00;244.46e-6
2014-02-18 00:00:00;226.08e-6
2014-02-18 00:15:00;230.32e-6
2014-02-18 00:30:00;244.56e-6
2014-02-18 00:45:00;261.88e-6
2014-02-18 01:00:00;279.70e-6
2014-02-18 01:15:00;298.47e-6
2014-02-18 01:30:00;315.05e-6
2014-02-18 01:45:00;329.82e-6
2014-02-18 02:00:00;342.54e-6
2014-02-18 02:15:00;348.00e-6
2014-02-18 02:30:00;348.80e-6
2014-02-18 02:45:00;346.48e-6
2014-02-18 03:00:00;337.11e-6
2014-02-18 03:15:00;322.84e-6
2014-02-18 03:30:00;303.91e-6
2014-02-18 03:45:00;283.31e-6
2014-02-18 04:00:00;271.60e-6
2014-02-18 04:15:00;258.73e-6
2014-02-18 04:30:00;255.05e-6
2014-02-18 04:45:00;262.11e-6
2014-02-18 05:00:00;268.68e-6
2014-02-18 05:15:00;286.11e-6
2014-02-18 05:30:00;312.70e-6
2014-02-18 05:45:00;350.87e-6
2014-02-18 06:00:00;404.53e-6
2014-02-18 06:15:00;455.09e-6
2014-02-18 06:30:00;539.31e-6
2014-02-18 06:45:00;544.38e-6
2014-02-18 07:00:00;562.58e-6
2014-02-18 07:15:00;570.01e-6
2014-02-18 07:30:00;572.35e-6
2014-02-18 07:45:00;552.17e-6
2014-02-18 08:00:00;540.10e-6
2014-02-18 08:15:00;521.06e-6
2014-02-18 08:30:00;492.54e-6
2014-02-18 08:45:00;466.82e-6
2014-02-18 09:00:00;443.33e-6
2014-02-18 09:15:00;433.49e-6
2014-02-18 09:30:00;433.63e-6
2014-02-18 09:45:00;435.78e-6
2014-02-18 10:00:00;440.24e-6
2014-02-18 10:15:00;442.25e-6
2014-02-18 10:30:00;445.93e-6
2014-02-18 10:45:00;456.41e-6
2014-02-18 11:00:00;474.63e-6
2014-02-18 11:15:00;498.57e-6
2014-02-18 11:30:00;504.07e-6
2014-02-18 11:45:00;494.75e-6
2014-02-18 12:00:00;470.29e-6
2014-02-18 12:15:00;456.67e-6
2014-02-18 12:30:00;450.05e-6
2014-02-18 12:45:00;451.48e-6
2014-02-18 13:00:00;453.33e-6
2014-02-18 13:15:00;459.61e-6
2014-02-18 13:30:00;468.52e-6
2014-02-18 13:45:00;479.90e-6
2014-02-18 14:00:00;492.81e-6
2014-02-18 14:15:00;501.93e-6
2014-02-18 14:30:00;506.76e-6
2014-02-18 14:45:00;508.23e-6
2014-02-18 15:00:00;506.76e-6
2014-02-18 15:15:00;503.98e-6
2014-02-18 15:30:00;503.90e-6
2014-02-18 15:45:00;507.07e-6
2014-02-18 16:00:00;515.78e-6
2014-02-18 16:15:00;521.48e-6
2014-02-18 16:30:00;545.50e-6
2014-02-18 16:45:00;573.13e-6
2014-02-18 17:00:00;607.04e-6
2014-02-18 17:15:00;634.05e-6
2014-02-18 17:30:00;661.31e-6
2014-02-18 17:45:00;689.18e-6
2014-02-18 18:00:00;712.13e-6
2014-02-18 18:15:00;732.79e-6
2014-02-18 18:30:00;750.86e-6
2014-02-18 18:45:00;760.26e-6
2014-02-18 19:00:00;759.69e-6
2014-02-18 19:15:00;754.51e-6
2014-02-18 19:30:00;757.15e-6
2014-02-18 19:45:00;742.85e-6
2014-02-18 20:00:00;731.76e-6
2014-02-18 20:15:00;711.76e-6
2014-02-18 20:30:00;687.44e-6
2014-02-18 20:45:00;664.01e-6
2014-02-18 21:00:00;642.72e-6
2014-02-18 21:15:00;613.75e-6
2014-02-18 21:30:00;580.74e-6
2014-02-18 21:45:00;541.66e-6
2014-02-18 22:00:00;495.85e-6
2014-02-18 22:15:00;445.36e-6
2014-02-18 22:30:00;397.41e-6
2014-02-18 22:45:00;352.15e-6
2014-02-18 23:00:00;313.64e-6
2014-02-18 23:15:00;272.63e-6
2014-02-18 23:30:00;254.79e-6
2014-02-18 23:45:00;243.93e-6
2014-02-19 00:00:00;225.58e-6
2014-02-19 00:15:00;229.81e-6
2014-02-19 00:30:00;244.01e-6
2014-02-19 00:45:00;261.30e-6
2014-02-19 01:00:00;279.08e-6
2014-02-19 01:15:00;297.81e-6
2014-02-19 01:30:00;314.35e-6
2014-02-19 01:45:00;329.09e-6
2014-02-19 02:00:00;341.78e-6
2014-02-19 02:15:00;347.23e-6
2014-02-19 02:30:00;348.02e-6
2014-02-19 02:45:00;345.71e-6
2014-02-19 03:00:00;336.36e-6
2014-02-19 03:15:00;322.12e-6
2014-02-19 03:30:00;303.24e-6
2014-02-19 03:45:00;282.68e-6
2014-02-19 04:00:00;271.00e-6
2014-02-19 04:15:00;258.15e-6
2014-02-19 04:30:00;254.48e-6
2014-02-19 04:45:00;261.52e-6
2014-02-19 05:00:00;268.08e-6
2014-02-19 05:15:00;285.47e-6
2014-02-19 05:30:00;312.01e-6
2014-02-19 05:45:00;350.10e-6
2014-02-19 06:00:00;403.63e-6
2014-02-19 06:15:00;454.07e-6
2014-02-19 06:30:00;538.12e-6
2014-02-19 06:45:00;543.17e-6
2014-02-19 07:00:00;561.33e-6
2014-02-19 07:15:00;568.74e-6
2014-02-19 07:30:00;571.07e-6
2014-02-19 07:45:00;550.94e-6
2014-02-19 08:00:00;538.90e-6
2014-02-19 08:15:00;519.90e-6
2014-02-19 08:30:00;491.44e-6
2014-02-19 08:45:00;465.78e-6
2014-02-19 09:00:00;442.35e-6
2014-02-19 09:15:00;432.53e-6
2014-02-19 09:30:00;432.67e-6
2014-02-19 09:45:00;434.82e-6
2014-02-19 10:00:00;439.26e-6
2014-02-19 10:15:00;441.27e-6
2014-02-19 10:30:00;444.94e-6
2014-02-19 10:45:00;455.39e-6
2014-02-19 11:00:00;473.57e-6
2014-02-19 11:15:00;497.47e-6
2014-02-19 11:30:00;502.95e-6
2014-02-19 11:45:00;493.65e-6
2014-02-19 12:00:00;469.24e-6
2014-02-19 12:15:00;455.65e-6
2014-02-19 12:30:00;449.05e-6
2014-02-19 12:45:00;450.47e-6
2014-02-19 13:00:00;452.32e-6
2014-02-19 13:15:00;458.59e-6
2014-02-19 13:30:00;467.47e-6
2014-02-19 13:45:00;478.83e-6
2014-02-19 14:00:00;491.71e-6
2014-02-19 14:15:00;500.81e-6
2014-02-19 14:30:00;505.63e-6
2014-02-19 14:45:00;507.10e-6
2014-02-19 15:00:00;505.64e-6
2014-02-19 15:15:00;502.86e-6
2014-02-19 15:30:00;502.78e-6
2014-02-19 15:45:00;505.94e-6
2014-02-19 16:00:00;514.64e-6
2014-02-19 16:15:00;520.32e-6
2014-02-19 16:30:00;544.29e-6
2014-02-19 16:45:00;571.85e-6
2014-02-19 17:00:00;605.69e-6
2014-02-19 17:15:00;632.64e-6
2014-02-19 17:30:00;659.84e-6
2014-02-19 17:45:00;687.65e-6
2014-02-19 18:00:00;710.55e-6
2014-02-19 18:15:00;731.16e-6
2014-02-19 18:30:00;749.19e-6
2014-02-19 18:45:00;758.57e-6
2014-02-19 19:00:00;758.00e-6
2014-02-19 19:15:00;752.84e-6
2014-02-19 19:30:00;755.46e-6
2014-02-19 19:45:00;741.20e-6
2014-02-19 20:00:00;730.14e-6
2014-02-19 20:15:00;710.18e-6
2014-02-19 20:30:00;685.91e-6
2014-02-19 20:45:00;662.54e-6
2014-02-19 21:00:00;641.30e-6
2014-02-19 21:15:00;612.38e-6
2014-02-19 21:30:00;579.45e-6
2014-02-19 21:45:00;540.45e-6
2014-02-19 22:00:00;494.75e-6
2014-02-19 22:15:00;444.37e-6
2014-02-19 22:30:00;396.53e-6
2014-02-19 22:45:00;351.36e-6
2014-02-19 23:00:00;312.94e-6
2014-02-19 23:15:00;272.03e-6
2014-02-19 23:30:00;254.22e-6
2014-02-19 23:45:00;243.39e-6
2014-02-20 00:00:00;225.07e-6
2014-02-20 00:15:00;229.28e-6
2014-02-20 00:30:00;243.46e-6
2014-02-20 00:45:00;260.70e-6
2014-02-20 01:00:00;278.45e-6
2014-02-20 01:15:00;297.13e-6
2014-02-20 01:30:00;313.63e-6
2014-02-20 01:45:00;328.34e-6
2014-02-20 02:00:00;341.00e-6
2014-02-20 02:15:00;346.44e-6
2014-02-20 02:30:00;347.23e-6
2014-02-20 02:45:00;344.92e-6
2014-02-20 03:00:00;335.60e-6
2014-02-20 03:15:00;321.39e-6
2014-02-20 03:30:00;302.55e-6
2014-02-20 03:45:00;282.04e-6
2014-02-20 04:00:00;270.38e-6
2014-02-20 04:15:00;257.56e-6
2014-02-20 04:30:00;253.90e-6
2014-02-20 04:45:00;260.93e-6
2014-02-20 05:00:00;267.47e-6
2014-02-20 05:15:00;284.82e-6
2014-02-20 05:30:00;311.30e-6
2014-02-20 05:45:00;349.30e-6
2014-02-20 06:00:00;402.71e-6
2014-02-20 06:15:00;453.04e-6
2014-02-20 06:30:00;536.89e-6
2014-02-20 06:45:00;541.94e-6
2014-02-20 07:00:00;560.05e-6
2014-02-20 07:15:00;567.45e-6
2014-02-20 07:30:00;569.78e-6
2014-02-20 07:45:00;549.69e-6
2014-02-20 08:00:00;537.68e-6
2014-02-20 08:15:00;518.72e-6
2014-02-20 08:30:00;490.32e-6
2014-02-20 08:45:00;464.72e-6
2014-02-20 09:00:00;441.34e-6
2014-02-20 09:15:00;431.55e-6
2014-02-20 09:30:00;431.68e-6
2014-02-20 09:45:00;433.83e-6
2014-02-20 10:00:00;438.26e-6
2014-02-20 10:15:00;440.27e-6
2014-02-20 10:30:00;443.93e-6
2014-02-20 10:45:00;454.36e-6
2014-02-20 11:00:00;472.50e-6
2014-02-20 11:15:00;496.33e-6
2014-02-20 11:30:00;501.81e-6
2014-02-20 11:45:00;492.53e-6
2014-02-20 12:00:00;468.18e-6
2014-02-20 12:15:00;454.62e-6
2014-02-20 12:30:00;448.03e-6
2014-02-20 12:45:00;449.45e-6
2014-02-20 13:00:00;451.29e-6
2014-02-20 13:15:00;457.55e-6
2014-02-20 13:30:00;466.41e-6
2014-02-20 13:45:00;477.74e-6
2014-02-20 14:00:00;490.60e-6
2014-02-20 14:15:00;499.67e-6
2014-02-20 14:30:00;504.49e-6
2014-02-20 14:45:00;505.95e-6
2014-02-20 15:00:00;504.49e-6
2014-02-20 15:15:00;501.72e-6
2014-02-20 15:30:00;501.63e-6
2014-02-20 15:45:00;504.79e-6
2014-02-20 16:00:00;513.47e-6
2014-02-20 16:15:00;519.13e-6
2014-02-20 16:30:00;543.05e-6
2014-02-20 16:45:00;570.55e-6
2014-02-20 17:00:00;604.31e-6
2014-02-20 17:15:00;631.20e-6
2014-02-20 17:30:00;658.34e-6
2014-02-20 17:45:00;686.09e-6
2014-02-20 18:00:00;708.93e-6
2014-02-20 18:15:00;729.50e-6
2014-02-20 18:30:00;747.49e-6
2014-02-20 18:45:00;756.85e-6
2014-02-20 19:00:00;756.28e-6
2014-02-20 19:15:00;751.12e-6
2014-02-20 19:30:00;753.75e-6
2014-02-20 19:45:00;739.52e-6
2014-02-20 20:00:00;728.48e-6
2014-02-20 20:15:00;708.56e-6
2014-02-20 20:30:00;684.35e-6
2014-02-20 20:45:00;661.03e-6
2014-02-20 21:00:00;639.84e-6
2014-02-20 21:15:00;610.99e-6
2014-02-20 21:30:00;578.13e-6
2014-02-20 21:45:00;539.22e-6
2014-02-20 22:00:00;493.62e-6
2014-02-20 22:15:00;443.36e-6
2014-02-20 22:30:00;395.63e-6
2014-02-20 22:45:00;350.57e-6
2014-02-20 23:00:00;312.23e-6
2014-02-20 23:15:00;271.41e-6
2014-02-20 23:30:00;253.64e-6
2014-02-20 23:45:00;242.83e-6
2014-02-21 00:00:00;224.55e-6
2014-02-21 00:15:00;228.75e-6
2014-02-21 00:30:00;242.89e-6
2014-02-21 00:45:00;260.10e-6
2014-02-21 01:00:00;277.80e-6
2014-02-21 01:15:00;296.44e-6
2014-02-21 01:30:00;312.90e-6
2014-02-21 01:45:00;327.58e-6
2014-02-21 02:00:00;340.21e-6
2014-02-21 02:15:00;345.63e-6
2014-02-21 02:30:00;346.43e-6
2014-02-21 02:45:00;344.12e-6
2014-02-21 03:00:00;334.82e-6
2014-02-21 03:15:00;320.64e-6
2014-02-21 03:30:00;301.85e-6
2014-02-21 03:45:00;281.38e-6
2014-02-21 04:00:00;269.75e-6
2014-02-21 04:15:00;256.97e-6
2014-02-21 04:30:00;253.31e-6
2014-02-21 04:45:00;260.32e-6
2014-02-21 05:00:00;266.85e-6
2014-02-21 05:15:00;284.16e-6
2014-02-21 05:30:00;310.57e-6
2014-02-21 05:45:00;348.49e-6
2014-02-21 06:00:00;401.78e-6
2014-02-21 06:15:00;451.99e-6
2014-02-21 06:30:00;535.65e-6
2014-02-21 06:45:00;540.68e-6
2014-02-21 07:00:00;558.75e-6
2014-02-21 07:15:00;566.13e-6
2014-02-21 07:30:00;568.45e-6
2014-02-21 07:45:00;548.41e-6
2014-02-21 08:00:00;536.43e-6
2014-02-21 08:15:00;517.51e-6
2014-02-21 08:30:00;489.18e-6
2014-02-21 08:45:00;463.64e-6
2014-02-21 09:00:00;440.31e-6
2014-02-21 09:15:00;430.54e-6
2014-02-21 09:30:00;430.68e-6
2014-02-21 09:45:00;432.82e-6
2014-02-21 10:00:00;437.24e-6
2014-02-21 10:15:00;439.24e-6
2014-02-21 10:30:00;442.90e-6
2014-02-21 10:45:00;453.30e-6
2014-02-21 11:00:00;471.40e-6
2014-02-21 11:15:00;495.18e-6
2014-02-21 11:30:00;500.64e-6
2014-02-21 11:45:00;491.39e-6
2014-02-21 12:00:00;467.09e-6
2014-02-21 12:15:00;453.56e-6
2014-02-21 12:30:00;446.98e-6
2014-02-21 12:45:00;448.40e-6
2014-02-21 13:00:00;450.25e-6
2014-02-21 13:15:00;456.48e-6
2014-02-21 13:30:00;465.33e-6
2014-02-21 13:45:00;476.63e-6
2014-02-21 14:00:00;489.46e-6
2014-02-21 14:15:00;498.51e-6
2014-02-21 14:30:00;503.31e-6
2014-02-21 14:45:00;504.77e-6
2014-02-21 15:00:00;503.32e-6
2014-02-21 15:15:00;500.55e-6
2014-02-21 15:30:00;500.47e-6
2014-02-21 15:45:00;503.62e-6
2014-02-21 16:00:00;512.27e-6
2014-02-21 16:15:00;517.93e-6
2014-02-21 16:30:00;541.79e-6
2014-02-21 16:45:00;569.23e-6
2014-02-21 17:00:00;602.91e-6
2014-02-21 17:15:00;629.73e-6
2014-02-21 17:30:00;656.81e-6
2014-02-21 17:45:00;684.50e-6
2014-02-21 18:00:00;707.28e-6
2014-02-21 18:15:00;727.81e-6
2014-02-21 18:30:00;745.75e-6
2014-02-21 18:45:00;755.09e-6
2014-02-21 19:00:00;754.52e-6
2014-02-21 19:15:00;749.38e-6
2014-02-21 19:30:00;751.99e-6
2014-02-21 19:45:00;737.80e-6
2014-02-21 20:00:00;726.79e-6
2014-02-21 20:15:00;706.91e-6
2014-02-21 20:30:00;682.76e-6
2014-02-21 20:45:00;659.50e-6
2014-02-21 21:00:00;638.35e-6
2014-02-21 21:15:00;609.57e-6
2014-02-21 21:30:00;576.79e-6
2014-02-21 21:45:00;537.97e-6
2014-02-21 22:00:00;492.48e-6
2014-02-21 22:15:00;442.33e-6
2014-02-21 22:30:00;394.71e-6
2014-02-21 22:45:00;349.75e-6
2014-02-21 23:00:00;311.51e-6
2014-02-21 23:15:00;270.78e-6
2014-02-21 23:30:00;253.05e-6
2014-02-21 23:45:00;242.27e-6
2014-02-22 00:00:00;267.54e-6
2014-02-22 00:15:00;258.20e-6
2014-02-22 00:30:00;255.99e-6
2014-02-22 00:45:00;259.03e-6
2014-02-22 01:00:00;269.42e-6
2014-02-22 01:15:00;285.54e-6
2014-02-22 01:30:00;301.76e-6
2014-02-22 01:45:00;316.72e-6
2014-02-22 02:00:00;329.17e-6
2014-02-22 02:15:00;337.39e-6
2014-02-22 02:30:00;339.32e-6
2014-02-22 02:45:00;337.42e-6
2014-02-22 03:00:00;329.26e-6
2014-02-22 03:15:00;314.61e-6
2014-02-22 03:30:00;295.15e-6
2014-02-22 03:45:00;275.89e-6
2014-02-22 04:00:00;263.49e-6
2014-02-22 04:15:00;251.38e-6
2014-02-22 04:30:00;242.93e-6
2014-02-22 04:45:00;232.62e-6
2014-02-22 05:00:00;224.09e-6
2014-02-22 05:15:00;223.28e-6
2014-02-22 05:30:00;231.38e-6
2014-02-22 05:45:00;252.47e-6
2014-02-22 06:00:00;291.22e-6
2014-02-22 06:15:00;333.49e-6
2014-02-22 06:30:00;404.83e-6
2014-02-22 06:45:00;420.10e-6
2014-02-22 07:00:00;452.38e-6
2014-02-22 07:15:00;475.28e-6
2014-02-22 07:30:00;512.83e-6
2014-02-22 07:45:00;528.08e-6
2014-02-22 08:00:00;548.95e-6
2014-02-22 08:15:00;564.70e-6
2014-02-22 08:30:00;550.13e-6
2014-02-22 08:45:00;552.14e-6
2014-02-22 09:00:00;555.68e-6
2014-02-22 09:15:00;564.46e-6
2014-02-22 09:30:00;573.15e-6
2014-02-22 09:45:00;581.75e-6
2014-02-22 10:00:00;590.55e-6
2014-02-22 10:15:00;599.48e-6
2014-02-22 10:30:00;610.68e-6
2014-02-22 10:45:00;631.91e-6
2014-02-22 11:00:00;664.77e-6
2014-02-22 11:15:00;720.16e-6
2014-02-22 11:30:00;739.25e-6
2014-02-22 11:45:00;727.47e-6
2014-02-22 12:00:00;678.99e-6
2014-02-22 12:15:00;624.41e-6
2014-02-22 12:30:00;596.39e-6
2014-02-22 12:45:00;585.46e-6
2014-02-22 13:00:00;573.88e-6
2014-02-22 13:15:00;570.75e-6
2014-02-22 13:30:00;573.90e-6
2014-02-22 13:45:00;583.76e-6
2014-02-22 14:00:00;599.18e-6
2014-02-22 14:15:00;614.35e-6
2014-02-22 14:30:00;627.91e-6
2014-02-22 14:45:00;639.64e-6
2014-02-22 15:00:00;648.63e-6
2014-02-22 15:15:00;655.88e-6
2014-02-22 15:30:00;664.50e-6
2014-02-22 15:45:00;674.55e-6
2014-02-22 16:00:00;688.46e-6
2014-02-22 16:15:00;698.82e-6
2014-02-22 16:30:00;725.68e-6
2014-02-22 16:45:00;753.63e-6
2014-02-22 17:00:00;780.23e-6
2014-02-22 17:15:00;799.14e-6
2014-02-22 17:30:00;816.16e-6
2014-02-22 17:45:00;829.61e-6
2014-02-22 18:00:00;840.37e-6
2014-02-22 18:15:00;844.38e-6
2014-02-22 18:30:00;851.78e-6
2014-02-22 18:45:00;837.91e-6
2014-02-22 19:00:00;814.26e-6
2014-02-22 19:15:00;785.90e-6
2014-02-22 19:30:00;750.29e-6
2014-02-22 19:45:00;726.99e-6
2014-02-22 20:00:00;713.89e-6
2014-02-22 20:15:00;694.09e-6
2014-02-22 20:30:00;672.67e-6
2014-02-22 20:45:00;656.27e-6
2014-02-22 21:00:00;638.64e-6
2014-02-22 21:15:00;617.45e-6
2014-02-22 21:30:00;591.72e-6
2014-02-22 21:45:00;561.47e-6
2014-02-22 22:00:00;525.50e-6
2014-02-22 22:15:00;485.24e-6
2014-02-22 22:30:00;447.07e-6
2014-02-22 22:45:00;411.24e-6
2014-02-22 23:00:00;378.41e-6
2014-02-22 23:15:00;348.48e-6
2014-02-22 23:30:00;323.25e-6
2014-02-22 23:45:00;313.67e-6
2014-02-23 00:00:00;294.24e-6
2014-02-23 00:15:00;292.64e-6
2014-02-23 00:30:00;297.64e-6
2014-02-23 00:45:00;308.85e-6
2014-02-23 01:00:00;320.29e-6
2014-02-23 01:15:00;334.88e-6
2014-02-23 01:30:00;345.45e-6
2014-02-23 01:45:00;356.64e-6
2014-02-23 02:00:00;364.87e-6
2014-02-23 02:15:00;368.75e-6
2014-02-23 02:30:00;370.19e-6
2014-02-23 02:45:00;366.80e-6
2014-02-23 03:00:00;355.29e-6
2014-02-23 03:15:00;337.18e-6
2014-02-23 03:30:00;315.02e-6
2014-02-23 03:45:00;295.33e-6
2014-02-23 04:00:00;284.22e-6
2014-02-23 04:15:00;270.75e-6
2014-02-23 04:30:00;261.64e-6
2014-02-23 04:45:00;249.84e-6
2014-02-23 05:00:00;239.29e-6
2014-02-23 05:15:00;235.43e-6
2014-02-23 05:30:00;239.50e-6
2014-02-23 05:45:00;255.54e-6
2014-02-23 06:00:00;288.19e-6
2014-02-23 06:15:00;325.18e-6
2014-02-23 06:30:00;388.74e-6
2014-02-23 06:45:00;402.96e-6
2014-02-23 07:00:00;441.24e-6
2014-02-23 07:15:00;476.42e-6
2014-02-23 07:30:00;537.63e-6
2014-02-23 07:45:00;584.20e-6
2014-02-23 08:00:00;635.14e-6
2014-02-23 08:15:00;683.70e-6
2014-02-23 08:30:00;698.28e-6
2014-02-23 08:45:00;716.64e-6
2014-02-23 09:00:00;726.13e-6
2014-02-23 09:15:00;740.27e-6
2014-02-23 09:30:00;751.68e-6
2014-02-23 09:45:00;763.84e-6
2014-02-23 10:00:00;779.03e-6
2014-02-23 10:15:00;799.43e-6
2014-02-23 10:30:00;820.71e-6
2014-02-23 10:45:00;853.27e-6
2014-02-23 11:00:00;897.03e-6
2014-02-23 11:15:00;962.48e-6
2014-02-23 11:30:00;969.59e-6
2014-02-23 11:45:00;929.53e-6
2014-02-23 12:00:00;848.71e-6
2014-02-23 12:15:00;766.98e-6
2014-02-23 12:30:00;717.25e-6
2014-02-23 12:45:00;693.63e-6
2014-02-23 13:00:00;666.83e-6
2014-02-23 13:15:00;650.36e-6
2014-02-23 13:30:00;640.25e-6
2014-02-23 13:45:00;637.15e-6
2014-02-23 14:00:00;639.73e-6
2014-02-23 14:15:00;642.05e-6
2014-02-23 14:30:00;643.17e-6
2014-02-23 14:45:00;643.59e-6
2014-02-23 15:00:00;642.82e-6
2014-02-23 15:15:00;641.93e-6
2014-02-23 15:30:00;644.38e-6
2014-02-23 15:45:00;649.87e-6
2014-02-23 16:00:00;660.92e-6
2014-02-23 16:15:00;667.91e-6
2014-02-23 16:30:00;695.42e-6
2014-02-23 16:45:00;719.79e-6
2014-02-23 17:00:00;747.21e-6
2014-02-23 17:15:00;767.82e-6
2014-02-23 17:30:00;788.37e-6
2014-02-23 17:45:00;806.65e-6
2014-02-23 18:00:00;824.41e-6
2014-02-23 18:15:00;831.33e-6
2014-02-23 18:30:00;842.72e-6
2014-02-23 18:45:00;837.13e-6
2014-02-23 19:00:00;821.88e-6
2014-02-23 19:15:00;797.29e-6
2014-02-23 19:30:00;756.32e-6
2014-02-23 19:45:00;735.18e-6
2014-02-23 20:00:00;723.79e-6
2014-02-23 20:15:00;701.93e-6
2014-02-23 20:30:00;676.07e-6
2014-02-23 20:45:00;658.11e-6
2014-02-23 21:00:00;633.41e-6
2014-02-23 21:15:00;607.08e-6
2014-02-23 21:30:00;574.35e-6
2014-02-23 21:45:00;536.41e-6
2014-02-23 22:00:00;491.11e-6
2014-02-23 22:15:00;441.35e-6
2014-02-23 22:30:00;394.46e-6
2014-02-23 22:45:00;351.39e-6
2014-02-23 23:00:00;314.77e-6
2014-02-23 23:15:00;279.09e-6
2014-02-23 23:30:00;260.62e-6
2014-02-23 23:45:00;248.12e-6
2014-02-24 00:00:00;222.92e-6
2014-02-24 00:15:00;227.09e-6
2014-02-24 00:30:00;241.13e-6
2014-02-24 00:45:00;258.21e-6
2014-02-24 01:00:00;275.79e-6
2014-02-24 01:15:00;294.29e-6
2014-02-24 01:30:00;310.63e-6
2014-02-24 01:45:00;325.20e-6
2014-02-24 02:00:00;337.74e-6
2014-02-24 02:15:00;343.13e-6
2014-02-24 02:30:00;343.91e-6
2014-02-24 02:45:00;341.62e-6
2014-02-24 03:00:00;332.39e-6
2014-02-24 03:15:00;318.32e-6
2014-02-24 03:30:00;299.66e-6
2014-02-24 03:45:00;279.34e-6
2014-02-24 04:00:00;267.80e-6
2014-02-24 04:15:00;255.10e-6
2014-02-24 04:30:00;251.48e-6
2014-02-24 04:45:00;258.44e-6
2014-02-24 05:00:00;264.92e-6
2014-02-24 05:15:00;282.10e-6
2014-02-24 05:30:00;308.32e-6
2014-02-24 05:45:00;345.96e-6
2014-02-24 06:00:00;398.87e-6
2014-02-24 06:15:00;448.71e-6
2014-02-24 06:30:00;531.76e-6
2014-02-24 06:45:00;536.76e-6
2014-02-24 07:00:00;554.70e-6
2014-02-24 07:15:00;562.02e-6
2014-02-24 07:30:00;564.33e-6
2014-02-24 07:45:00;544.44e-6
2014-02-24 08:00:00;532.54e-6
2014-02-24 08:15:00;513.76e-6
2014-02-24 08:30:00;485.64e-6
2014-02-24 08:45:00;460.28e-6
2014-02-24 09:00:00;437.12e-6
2014-02-24 09:15:00;427.42e-6
2014-02-24 09:30:00;427.56e-6
2014-02-24 09:45:00;429.68e-6
2014-02-24 10:00:00;434.07e-6
2014-02-24 10:15:00;436.06e-6
2014-02-24 10:30:00;439.69e-6
2014-02-24 10:45:00;450.01e-6
2014-02-24 11:00:00;467.98e-6
2014-02-24 11:15:00;491.59e-6
2014-02-24 11:30:00;497.01e-6
2014-02-24 11:45:00;487.83e-6
2014-02-24 12:00:00;463.70e-6
2014-02-24 12:15:00;450.27e-6
2014-02-24 12:30:00;443.74e-6
2014-02-24 12:45:00;445.15e-6
2014-02-24 13:00:00;446.98e-6
2014-02-24 13:15:00;453.17e-6
2014-02-24 13:30:00;461.95e-6
2014-02-24 13:45:00;473.18e-6
2014-02-24 14:00:00;485.91e-6
2014-02-24 14:15:00;494.90e-6
2014-02-24 14:30:00;499.66e-6
2014-02-24 14:45:00;501.11e-6
2014-02-24 15:00:00;499.67e-6
2014-02-24 15:15:00;496.92e-6
2014-02-24 15:30:00;496.84e-6
2014-02-24 15:45:00;499.97e-6
2014-02-24 16:00:00;508.56e-6
2014-02-24 16:15:00;514.17e-6
2014-02-24 16:30:00;537.86e-6
2014-02-24 16:45:00;565.10e-6
2014-02-24 17:00:00;598.54e-6
2014-02-24 17:15:00;625.17e-6
2014-02-24 17:30:00;652.05e-6
2014-02-24 17:45:00;679.53e-6
2014-02-24 18:00:00;702.16e-6
2014-02-24 18:15:00;722.53e-6
2014-02-24 18:30:00;740.35e-6
2014-02-24 18:45:00;749.61e-6
2014-02-24 19:00:00;749.05e-6
2014-02-24 19:15:00;743.95e-6
2014-02-24 19:30:00;746.54e-6
2014-02-24 19:45:00;732.45e-6
2014-02-24 20:00:00;721.52e-6
2014-02-24 20:15:00;701.79e-6
2014-02-24 20:30:00;677.81e-6
2014-02-24 20:45:00;654.72e-6
2014-02-24 21:00:00;633.72e-6
2014-02-24 21:15:00;605.15e-6
2014-02-24 21:30:00;572.61e-6
2014-02-24 21:45:00;534.07e-6
2014-02-24 22:00:00;488.91e-6
2014-02-24 22:15:00;439.12e-6
2014-02-24 22:30:00;391.85e-6
2014-02-24 22:45:00;347.22e-6
2014-02-24 23:00:00;309.25e-6
2014-02-24 23:15:00;268.82e-6
2014-02-24 23:30:00;251.22e-6
2014-02-24 23:45:00;240.51e-6
2014-02-25 00:00:00;222.36e-6
2014-02-25 00:15:00;226.52e-6
2014-02-25 00:30:00;240.53e-6
2014-02-25 00:45:00;257.56e-6
2014-02-25 01:00:00;275.09e-6
2014-02-25 01:15:00;293.55e-6
2014-02-25 01:30:00;309.85e-6
2014-02-25 01:45:00;324.38e-6
2014-02-25 02:00:00;336.89e-6
2014-02-25 02:15:00;342.26e-6
2014-02-25 02:30:00;343.05e-6
2014-02-25 02:45:00;340.76e-6
2014-02-25 03:00:00;331.56e-6
2014-02-25 03:15:00;317.52e-6
2014-02-25 03:30:00;298.90e-6
2014-02-25 03:45:00;278.64e-6
2014-02-25 04:00:00;267.12e-6
2014-02-25 04:15:00;254.46e-6
2014-02-25 04:30:00;250.85e-6
2014-02-25 04:45:00;257.78e-6
2014-02-25 05:00:00;264.25e-6
2014-02-25 05:15:00;281.39e-6
2014-02-25 05:30:00;307.55e-6
2014-02-25 05:45:00;345.09e-6
2014-02-25 06:00:00;397.86e-6
2014-02-25 06:15:00;447.58e-6
2014-02-25 06:30:00;530.42e-6
2014-02-25 06:45:00;535.41e-6
2014-02-25 07:00:00;553.30e-6
2014-02-25 07:15:00;560.61e-6
2014-02-25 07:30:00;562.91e-6
2014-02-25 07:45:00;543.06e-6
2014-02-25 08:00:00;531.20e-6
2014-02-25 08:15:00;512.47e-6
2014-02-25 08:30:00;484.42e-6
2014-02-25 08:45:00;459.12e-6
2014-02-25 09:00:00;436.02e-6
2014-02-25 09:15:00;426.35e-6
2014-02-25 09:30:00;426.48e-6
2014-02-25 09:45:00;428.60e-6
2014-02-25 10:00:00;432.98e-6
2014-02-25 10:15:00;434.96e-6
2014-02-25 10:30:00;438.58e-6
2014-02-25 10:45:00;448.88e-6
2014-02-25 11:00:00;466.80e-6
2014-02-25 11:15:00;490.35e-6
2014-02-25 11:30:00;495.76e-6
2014-02-25 11:45:00;486.60e-6
2014-02-25 12:00:00;462.53e-6
2014-02-25 12:15:00;449.14e-6
2014-02-25 12:30:00;442.63e-6
2014-02-25 12:45:00;444.03e-6
2014-02-25 13:00:00;445.86e-6
2014-02-25 13:15:00;452.03e-6
2014-02-25 13:30:00;460.79e-6
2014-02-25 13:45:00;471.99e-6
2014-02-25 14:00:00;484.69e-6
2014-02-25 14:15:00;493.65e-6
2014-02-25 14:30:00;498.41e-6
2014-02-25 14:45:00;499.85e-6
2014-02-25 15:00:00;498.41e-6
2014-02-25 15:15:00;495.67e-6
2014-02-25 15:30:00;495.59e-6
2014-02-25 15:45:00;498.71e-6
2014-02-25 16:00:00;507.28e-6
2014-02-25 16:15:00;512.88e-6
2014-02-25 16:30:00;536.51e-6
2014-02-25 16:45:00;563.68e-6
2014-02-25 17:00:00;597.03e-6
2014-02-25 17:15:00;623.60e-6
2014-02-25 17:30:00;650.41e-6
2014-02-25 17:45:00;677.82e-6
2014-02-25 18:00:00;700.39e-6
2014-02-25 18:15:00;720.71e-6
2014-02-25 18:30:00;738.48e-6
2014-02-25 18:45:00;747.73e-6
2014-02-25 19:00:00;747.17e-6
2014-02-25 19:15:00;742.07e-6
2014-02-25 19:30:00;744.66e-6
2014-02-25 19:45:00;730.61e-6
2014-02-25 20:00:00;719.70e-6
2014-02-25 20:15:00;700.02e-6
2014-02-25 20:30:00;676.11e-6
2014-02-25 20:45:00;653.07e-6
2014-02-25 21:00:00;632.13e-6
2014-02-25 21:15:00;603.63e-6
2014-02-25 21:30:00;571.16e-6
2014-02-25 21:45:00;532.73e-6
2014-02-25 22:00:00;487.67e-6
2014-02-25 22:15:00;438.02e-6
2014-02-25 22:30:00;390.86e-6
2014-02-25 22:45:00;346.34e-6
2014-02-25 23:00:00;308.47e-6
2014-02-25 23:15:00;268.14e-6
2014-02-25 23:30:00;250.59e-6
2014-02-25 23:45:00;239.91e-6
2014-02-26 00:00:00;221.79e-6
2014-02-26 00:15:00;225.94e-6
2014-02-26 00:30:00;239.91e-6
2014-02-26 00:45:00;256.90e-6
2014-02-26 01:00:00;274.39e-6
2014-02-26 01:15:00;292.80e-6
2014-02-26 01:30:00;309.06e-6
2014-02-26 01:45:00;323.55e-6
2014-02-26 02:00:00;336.03e-6
2014-02-26 02:15:00;341.39e-6
2014-02-26 02:30:00;342.17e-6
2014-02-26 02:45:00;339.89e-6
2014-02-26 03:00:00;330.71e-6
2014-02-26 03:15:00;316.70e-6
2014-02-26 03:30:00;298.14e-6
2014-02-26 03:45:00;277.92e-6
2014-02-26 04:00:00;266.44e-6
2014-02-26 04:15:00;253.81e-6
2014-02-26 04:30:00;250.20e-6
2014-02-26 04:45:00;257.12e-6
2014-02-26 05:00:00;263.57e-6
2014-02-26 05:15:00;280.67e-6
2014-02-26 05:30:00;306.76e-6
2014-02-26 05:45:00;344.21e-6
2014-02-26 06:00:00;396.84e-6
2014-02-26 06:15:00;446.44e-6
2014-02-26 06:30:00;529.06e-6
2014-02-26 06:45:00;534.04e-6
2014-02-26 07:00:00;551.88e-6
2014-02-26 07:15:00;559.17e-6
2014-02-26 07:30:00;561.47e-6
2014-02-26 07:45:00;541.67e-6
2014-02-26 08:00:00;529.84e-6
2014-02-26 08:15:00;511.15e-6
2014-02-26 08:30:00;483.17e-6
2014-02-26 08:45:00;457.94e-6
2014-02-26 09:00:00;434.90e-6
2014-02-26 09:15:00;425.25e-6
2014-02-26 09:30:00;425.39e-6
2014-02-26 09:45:00;427.50e-6
2014-02-26 10:00:00;431.87e-6
2014-02-26 10:15:00;433.85e-6
2014-02-26 10:30:00;437.46e-6
2014-02-26 10:45:00;447.73e-6
2014-02-26 11:00:00;465.61e-6
2014-02-26 11:15:00;489.10e-6
2014-02-26 11:30:00;494.49e-6
2014-02-26 11:45:00;485.35e-6
2014-02-26 12:00:00;461.35e-6
2014-02-26 12:15:00;447.99e-6
2014-02-26 12:30:00;441.49e-6
2014-02-26 12:45:00;442.89e-6
2014-02-26 13:00:00;444.71e-6
2014-02-26 13:15:00;450.87e-6
2014-02-26 13:30:00;459.61e-6
2014-02-26 13:45:00;470.78e-6
2014-02-26 14:00:00;483.44e-6
2014-02-26 14:15:00;492.39e-6
2014-02-26 14:30:00;497.13e-6
2014-02-26 14:45:00;498.57e-6
2014-02-26 15:00:00;497.13e-6
2014-02-26 15:15:00;494.40e-6
2014-02-26 15:30:00;494.32e-6
2014-02-26 15:45:00;497.43e-6
2014-02-26 16:00:00;505.98e-6
2014-02-26 16:15:00;511.56e-6
2014-02-26 16:30:00;535.13e-6
2014-02-26 16:45:00;562.23e-6
2014-02-26 17:00:00;595.50e-6
2014-02-26 17:15:00;622.00e-6
2014-02-26 17:30:00;648.74e-6
2014-02-26 17:45:00;676.09e-6
2014-02-26 18:00:00;698.59e-6
2014-02-26 18:15:00;718.86e-6
2014-02-26 18:30:00;736.59e-6
2014-02-26 18:45:00;745.81e-6
2014-02-26 19:00:00;745.25e-6
2014-02-26 19:15:00;740.17e-6
2014-02-26 19:30:00;742.75e-6
2014-02-26 19:45:00;728.73e-6
2014-02-26 20:00:00;717.86e-6
2014-02-26 20:15:00;698.23e-6
2014-02-26 20:30:00;674.37e-6
2014-02-26 20:45:00;651.39e-6
2014-02-26 21:00:00;630.51e-6
2014-02-26 21:15:00;602.08e-6
2014-02-26 21:30:00;569.70e-6
2014-02-26 21:45:00;531.36e-6
2014-02-26 22:00:00;486.42e-6
2014-02-26 22:15:00;436.90e-6
2014-02-26 22:30:00;389.86e-6
2014-02-26 22:45:00;345.45e-6
2014-02-26 23:00:00;307.68e-6
2014-02-26 23:15:00;267.45e-6
2014-02-26 23:30:00;249.94e-6
2014-02-26 23:45:00;239.29e-6
2014-02-27 00:00:00;221.21e-6
2014-02-27 00:15:00;225.35e-6
2014-02-27 00:30:00;239.28e-6
2014-02-27 00:45:00;256.23e-6
2014-02-27 01:00:00;273.67e-6
2014-02-27 01:15:00;292.04e-6
2014-02-27 01:30:00;308.25e-6
2014-02-27 01:45:00;322.71e-6
2014-02-27 02:00:00;335.15e-6
2014-02-27 02:15:00;340.50e-6
2014-02-27 02:30:00;341.28e-6
2014-02-27 02:45:00;339.00e-6
2014-02-27 03:00:00;329.84e-6
2014-02-27 03:15:00;315.88e-6
2014-02-27 03:30:00;297.36e-6
2014-02-27 03:45:00;277.20e-6
2014-02-27 04:00:00;265.74e-6
2014-02-27 04:15:00;253.15e-6
2014-02-27 04:30:00;249.55e-6
2014-02-27 04:45:00;256.45e-6
2014-02-27 05:00:00;262.89e-6
2014-02-27 05:15:00;279.94e-6
2014-02-27 05:30:00;305.96e-6
2014-02-27 05:45:00;343.31e-6
2014-02-27 06:00:00;395.81e-6
2014-02-27 06:15:00;445.27e-6
2014-02-27 06:30:00;527.68e-6
2014-02-27 06:45:00;532.64e-6
2014-02-27 07:00:00;550.44e-6
2014-02-27 07:15:00;557.71e-6
2014-02-27 07:30:00;560.00e-6
2014-02-27 07:45:00;540.26e-6
2014-02-27 08:00:00;528.46e-6
2014-02-27 08:15:00;509.82e-6
2014-02-27 08:30:00;481.91e-6
2014-02-27 08:45:00;456.75e-6
2014-02-27 09:00:00;433.77e-6
2014-02-27 09:15:00;424.14e-6
2014-02-27 09:30:00;424.28e-6
2014-02-27 09:45:00;426.39e-6
2014-02-27 10:00:00;430.74e-6
2014-02-27 10:15:00;432.71e-6
2014-02-27 10:30:00;436.31e-6
2014-02-27 10:45:00;446.56e-6
2014-02-27 11:00:00;464.39e-6
2014-02-27 11:15:00;487.82e-6
2014-02-27 11:30:00;493.20e-6
2014-02-27 11:45:00;484.08e-6
2014-02-27 12:00:00;460.14e-6
2014-02-27 12:15:00;446.82e-6
2014-02-27 12:30:00;440.34e-6
2014-02-27 12:45:00;441.74e-6
2014-02-27 13:00:00;443.55e-6
2014-02-27 13:15:00;449.70e-6
2014-02-27 13:30:00;458.41e-6
2014-02-27 13:45:00;469.55e-6
2014-02-27 14:00:00;482.18e-6
2014-02-27 14:15:00;491.10e-6
2014-02-27 14:30:00;495.83e-6
2014-02-27 14:45:00;497.27e-6
2014-02-27 15:00:00;495.83e-6
2014-02-27 15:15:00;493.11e-6
2014-02-27 15:30:00;493.03e-6
2014-02-27 15:45:00;496.13e-6
2014-02-27 16:00:00;504.66e-6
2014-02-27 16:15:00;510.23e-6
2014-02-27 16:30:00;533.73e-6
2014-02-27 16:45:00;560.76e-6
2014-02-27 17:00:00;593.94e-6
2014-02-27 17:15:00;620.37e-6
2014-02-27 17:30:00;647.05e-6
2014-02-27 17:45:00;674.32e-6
2014-02-27 18:00:00;696.77e-6
2014-02-27 18:15:00;716.99e-6
2014-02-27 18:30:00;734.67e-6
2014-02-27 18:45:00;743.86e-6
2014-02-27 19:00:00;743.31e-6
2014-02-27 19:15:00;738.24e-6
2014-02-27 19:30:00;740.82e-6
2014-02-27 19:45:00;726.83e-6
2014-02-27 20:00:00;715.98e-6
2014-02-27 20:15:00;696.41e-6
2014-02-27 20:30:00;672.61e-6
2014-02-27 20:45:00;649.69e-6
2014-02-27 21:00:00;628.86e-6
2014-02-27 21:15:00;600.51e-6
2014-02-27 21:30:00;568.21e-6
2014-02-27 21:45:00;529.97e-6
2014-02-27 22:00:00;485.15e-6
2014-02-27 22:15:00;435.76e-6
2014-02-27 22:30:00;388.84e-6
2014-02-27 22:45:00;344.55e-6
2014-02-27 23:00:00;306.88e-6
2014-02-27 23:15:00;266.75e-6
2014-02-27 23:30:00;249.29e-6
2014-02-27 23:45:00;238.67e-6
2014-02-28 00:00:00;220.62e-6
2014-02-28 00:15:00;224.75e-6
2014-02-28 00:30:00;238.65e-6
2014-02-28 00:45:00;255.55e-6
2014-02-28 01:00:00;272.95e-6
2014-02-28 01:15:00;291.26e-6
2014-02-28 01:30:00;307.43e-6
2014-02-28 01:45:00;321.85e-6
2014-02-28 02:00:00;334.26e-6
2014-02-28 02:15:00;339.59e-6
2014-02-28 02:30:00;340.37e-6
2014-02-28 02:45:00;338.10e-6
2014-02-28 03:00:00;328.97e-6
2014-02-28 03:15:00;315.04e-6
2014-02-28 03:30:00;296.57e-6
2014-02-28 03:45:00;276.46e-6
2014-02-28 04:00:00;265.04e-6
2014-02-28 04:15:00;252.47e-6
2014-02-28 04:30:00;248.89e-6
2014-02-28 04:45:00;255.77e-6
2014-02-28 05:00:00;262.19e-6
2014-02-28 05:15:00;279.19e-6
2014-02-28 05:30:00;305.14e-6
2014-02-28 05:45:00;342.40e-6
2014-02-28 06:00:00;394.75e-6
2014-02-28 06:15:00;444.09e-6
2014-02-28 06:30:00;526.28e-6
2014-02-28 06:45:00;531.23e-6
2014-02-28 07:00:00;548.98e-6
2014-02-28 07:15:00;556.23e-6
2014-02-28 07:30:00;558.52e-6
2014-02-28 07:45:00;538.82e-6
2014-02-28 08:00:00;527.05e-6
2014-02-28 08:15:00;508.47e-6
2014-02-28 08:30:00;480.63e-6
2014-02-28 08:45:00;455.53e-6
2014-02-28 09:00:00;432.62e-6
2014-02-28 09:15:00;423.02e-6
2014-02-28 09:30:00;423.15e-6
2014-02-28 09:45:00;425.25e-6
2014-02-28 10:00:00;429.60e-6
2014-02-28 10:15:00;431.56e-6
2014-02-28 10:30:00;435.16e-6
2014-02-28 10:45:00;445.38e-6
2014-02-28 11:00:00;463.16e-6
2014-02-28 11:15:00;486.53e-6
2014-02-28 11:30:00;491.89e-6
2014-02-28 11:45:00;482.80e-6
2014-02-28 12:00:00;458.92e-6
2014-02-28 12:15:00;445.63e-6
2014-02-28 12:30:00;439.17e-6
2014-02-28 12:45:00;440.57e-6
2014-02-28 13:00:00;442.37e-6
2014-02-28 13:15:00;448.50e-6
2014-02-28 13:30:00;457.19e-6
2014-02-28 13:45:00;468.30e-6
2014-02-28 14:00:00;480.90e-6
2014-02-28 14:15:00;489.80e-6
2014-02-28 14:30:00;494.51e-6
2014-02-28 14:45:00;495.95e-6
2014-02-28 15:00:00;494.52e-6
2014-02-28 15:15:00;491.80e-6
2014-02-28 15:30:00;491.72e-6
2014-02-28 15:45:00;494.82e-6
2014-02-28 16:00:00;503.32e-6
2014-02-28 16:15:00;508.87e-6
2014-02-28 16:30:00;532.32e-6
2014-02-28 16:45:00;559.28e-6
2014-02-28 17:00:00;592.37e-6
2014-02-28 17:15:00;618.73e-6
2014-02-28 17:30:00;645.33e-6
2014-02-28 17:45:00;672.53e-6
2014-02-28 18:00:00;694.92e-6
2014-02-28 18:15:00;715.08e-6
2014-02-28 18:30:00;732.72e-6
2014-02-28 18:45:00;741.89e-6
2014-02-28 19:00:00;741.33e-6
2014-02-28 19:15:00;736.28e-6
2014-02-28 19:30:00;738.85e-6
2014-02-28 19:45:00;724.90e-6
2014-02-28 20:00:00;714.08e-6
2014-02-28 20:15:00;694.56e-6
2014-02-28 20:30:00;670.83e-6
2014-02-28 20:45:00;647.97e-6
2014-02-28 21:00:00;627.19e-6
2014-02-28 21:15:00;598.91e-6
2014-02-28 21:30:00;566.70e-6
2014-02-28 21:45:00;528.57e-6
2014-02-28 22:00:00;483.87e-6
2014-02-28 22:15:00;434.60e-6
2014-02-28 22:30:00;387.81e-6
2014-02-28 22:45:00;343.64e-6
2014-02-28 23:00:00;306.06e-6
2014-02-28 23:15:00;266.05e-6
2014-02-28 23:30:00;248.63e-6
2014-02-28 23:45:00;238.03e-6
2014-03-01 00:00:00;262.77e-6
2014-03-01 00:15:00;253.60e-6
2014-03-01 00:30:00;251.44e-6
2014-03-01 00:45:00;254.42e-6
2014-03-01 01:00:00;264.63e-6
2014-03-01 01:15:00;280.45e-6
2014-03-01 01:30:00;296.39e-6
2014-03-01 01:45:00;311.08e-6
2014-03-01 02:00:00;323.31e-6
2014-03-01 02:15:00;331.38e-6
2014-03-01 02:30:00;333.28e-6
2014-03-01 02:45:00;331.42e-6
2014-03-01 03:00:00;323.40e-6
2014-03-01 03:15:00;309.01e-6
2014-03-01 03:30:00;289.90e-6
2014-03-01 03:45:00;270.98e-6
2014-03-01 04:00:00;258.80e-6
2014-03-01 04:15:00;246.91e-6
2014-03-01 04:30:00;238.60e-6
2014-03-01 04:45:00;228.48e-6
2014-03-01 05:00:00;220.10e-6
2014-03-01 05:15:00;219.30e-6
2014-03-01 05:30:00;227.26e-6
2014-03-01 05:45:00;247.98e-6
2014-03-01 06:00:00;286.04e-6
2014-03-01 06:15:00;327.55e-6
2014-03-01 06:30:00;397.62e-6
2014-03-01 06:45:00;412.62e-6
2014-03-01 07:00:00;444.33e-6
2014-03-01 07:15:00;466.82e-6
2014-03-01 07:30:00;503.70e-6
2014-03-01 07:45:00;518.68e-6
2014-03-01 08:00:00;539.18e-6
2014-03-01 08:15:00;554.64e-6
2014-03-01 08:30:00;540.34e-6
2014-03-01 08:45:00;542.31e-6
2014-03-01 09:00:00;545.79e-6
2014-03-01 09:15:00;554.41e-6
2014-03-01 09:30:00;562.95e-6
2014-03-01 09:45:00;571.40e-6
2014-03-01 10:00:00;580.04e-6
2014-03-01 10:15:00;588.81e-6
2014-03-01 10:30:00;599.81e-6
2014-03-01 10:45:00;620.66e-6
2014-03-01 11:00:00;652.94e-6
2014-03-01 11:15:00;707.34e-6
2014-03-01 11:30:00;726.10e-6
2014-03-01 11:45:00;714.52e-6
2014-03-01 12:00:00;666.90e-6
2014-03-01 12:15:00;613.30e-6
2014-03-01 12:30:00;585.78e-6
2014-03-01 12:45:00;575.04e-6
2014-03-01 13:00:00;563.66e-6
2014-03-01 13:15:00;560.60e-6
2014-03-01 13:30:00;563.69e-6
2014-03-01 13:45:00;573.37e-6
2014-03-01 14:00:00;588.51e-6
2014-03-01 14:15:00;603.42e-6
2014-03-01 14:30:00;616.73e-6
2014-03-01 14:45:00;628.26e-6
2014-03-01 15:00:00;637.09e-6
2014-03-01 15:15:00;644.21e-6
2014-03-01 15:30:00;652.67e-6
2014-03-01 15:45:00;662.54e-6
2014-03-01 16:00:00;676.20e-6
2014-03-01 16:15:00;686.38e-6
2014-03-01 16:30:00;712.76e-6
2014-03-01 16:45:00;740.21e-6
2014-03-01 17:00:00;766.34e-6
2014-03-01 17:15:00;784.91e-6
2014-03-01 17:30:00;801.63e-6
2014-03-01 17:45:00;814.84e-6
2014-03-01 18:00:00;825.41e-6
2014-03-01 18:15:00;829.35e-6
2014-03-01 18:30:00;836.62e-6
2014-03-01 18:45:00;823.00e-6
2014-03-01 19:00:00;799.76e-6
2014-03-01 19:15:00;771.91e-6
2014-03-01 19:30:00;736.94e-6
2014-03-01 19:45:00;714.05e-6
2014-03-01 20:00:00;701.18e-6
2014-03-01 20:15:00;681.74e-6
2014-03-01 20:30:00;660.70e-6
2014-03-01 20:45:00;644.59e-6
2014-03-01 21:00:00;627.27e-6
2014-03-01 21:15:00;606.46e-6
2014-03-01 21:30:00;581.19e-6
2014-03-01 21:45:00;551.48e-6
2014-03-01 22:00:00;516.14e-6
2014-03-01 22:15:00;476.60e-6
2014-03-01 22:30:00;439.11e-6
2014-03-01 22:45:00;403.92e-6
2014-03-01 23:00:00;371.67e-6
2014-03-01 23:15:00;342.28e-6
2014-03-01 23:30:00;317.50e-6
2014-03-01 23:45:00;308.09e-6
2014-03-02 00:00:00;288.91e-6
2014-03-02 00:15:00;287.34e-6
2014-03-02 00:30:00;292.25e-6
2014-03-02 00:45:00;303.26e-6
2014-03-02 01:00:00;314.49e-6
2014-03-02 01:15:00;328.81e-6
2014-03-02 01:30:00;339.19e-6
2014-03-02 01:45:00;350.18e-6
2014-03-02 02:00:00;358.26e-6
2014-03-02 02:15:00;362.07e-6
2014-03-02 02:30:00;363.49e-6
2014-03-02 02:45:00;360.15e-6
2014-03-02 03:00:00;348.86e-6
2014-03-02 03:15:00;331.07e-6
2014-03-02 03:30:00;309.31e-6
2014-03-02 03:45:00;289.98e-6
2014-03-02 04:00:00;279.07e-6
2014-03-02 04:15:00;265.85e-6
2014-03-02 04:30:00;256.90e-6
2014-03-02 04:45:00;245.31e-6
2014-03-02 05:00:00;234.95e-6
2014-03-02 05:15:00;231.16e-6
2014-03-02 05:30:00;235.16e-6
2014-03-02 05:45:00;250.91e-6
2014-03-02 06:00:00;282.97e-6
2014-03-02 06:15:00;319.29e-6
2014-03-02 06:30:00;381.70e-6
2014-03-02 06:45:00;395.66e-6
2014-03-02 07:00:00;433.25e-6
2014-03-02 07:15:00;467.79e-6
2014-03-02 07:30:00;527.90e-6
2014-03-02 07:45:00;573.61e-6
2014-03-02 08:00:00;623.63e-6
2014-03-02 08:15:00;671.31e-6
2014-03-02 08:30:00;685.63e-6
2014-03-02 08:45:00;703.66e-6
2014-03-02 09:00:00;712.98e-6
2014-03-02 09:15:00;726.86e-6
2014-03-02 09:30:00;738.06e-6
2014-03-02 09:45:00;750.00e-6
2014-03-02 10:00:00;764.92e-6
2014-03-02 10:15:00;784.95e-6
2014-03-02 10:30:00;805.84e-6
2014-03-02 10:45:00;837.81e-6
2014-03-02 11:00:00;880.78e-6
2014-03-02 11:15:00;945.04e-6
2014-03-02 11:30:00;952.03e-6
2014-03-02 11:45:00;912.69e-6
2014-03-02 12:00:00;833.33e-6
2014-03-02 12:15:00;753.09e-6
2014-03-02 12:30:00;704.26e-6
2014-03-02 12:45:00;681.06e-6
2014-03-02 13:00:00;654.75e-6
2014-03-02 13:15:00;638.58e-6
2014-03-02 13:30:00;628.65e-6
2014-03-02 13:45:00;625.60e-6
2014-03-02 14:00:00;628.14e-6
2014-03-02 14:15:00;630.42e-6
2014-03-02 14:30:00;631.52e-6
2014-03-02 14:45:00;631.93e-6
2014-03-02 15:00:00;631.17e-6
2014-03-02 15:15:00;630.31e-6
2014-03-02 15:30:00;632.71e-6
2014-03-02 15:45:00;638.10e-6
2014-03-02 16:00:00;648.95e-6
2014-03-02 16:15:00;655.81e-6
2014-03-02 16:30:00;682.83e-6
2014-03-02 16:45:00;706.75e-6
2014-03-02 17:00:00;733.67e-6
2014-03-02 17:15:00;753.92e-6
2014-03-02 17:30:00;774.09e-6
2014-03-02 17:45:00;792.04e-6
2014-03-02 18:00:00;809.47e-6
2014-03-02 18:15:00;816.27e-6
2014-03-02 18:30:00;827.46e-6
2014-03-02 18:45:00;821.97e-6
2014-03-02 19:00:00;806.99e-6
2014-03-02 19:15:00;782.85e-6
2014-03-02 19:30:00;742.62e-6
2014-03-02 19:45:00;721.86e-6
2014-03-02 20:00:00;710.68e-6
2014-03-02 20:15:00;689.21e-6
2014-03-02 20:30:00;663.82e-6
2014-03-02 20:45:00;646.19e-6
2014-03-02 21:00:00;621.93e-6
2014-03-02 21:15:00;596.09e-6
2014-03-02 21:30:00;563.94e-6
2014-03-02 21:45:00;526.69e-6
2014-03-02 22:00:00;482.22e-6
2014-03-02 22:15:00;433.35e-6
2014-03-02 22:30:00;387.31e-6
2014-03-02 22:45:00;345.03e-6
2014-03-02 23:00:00;309.07e-6
2014-03-02 23:15:00;274.03e-6
2014-03-02 23:30:00;255.90e-6
2014-03-02 23:45:00;243.63e-6
2014-03-03 00:00:00;218.81e-6
2014-03-03 00:15:00;222.91e-6
2014-03-03 00:30:00;236.69e-6
2014-03-03 00:45:00;253.45e-6
2014-03-03 01:00:00;270.71e-6
2014-03-03 01:15:00;288.87e-6
2014-03-03 01:30:00;304.91e-6
2014-03-03 01:45:00;319.21e-6
2014-03-03 02:00:00;331.52e-6
2014-03-03 02:15:00;336.81e-6
2014-03-03 02:30:00;337.58e-6
2014-03-03 02:45:00;335.33e-6
2014-03-03 03:00:00;326.27e-6
2014-03-03 03:15:00;312.45e-6
2014-03-03 03:30:00;294.14e-6
2014-03-03 03:45:00;274.19e-6
2014-03-03 04:00:00;262.86e-6
2014-03-03 04:15:00;250.40e-6
2014-03-03 04:30:00;246.85e-6
2014-03-03 04:45:00;253.67e-6
2014-03-03 05:00:00;260.04e-6
2014-03-03 05:15:00;276.91e-6
2014-03-03 05:30:00;302.64e-6
2014-03-03 05:45:00;339.59e-6
2014-03-03 06:00:00;391.52e-6
2014-03-03 06:15:00;440.45e-6
2014-03-03 06:30:00;521.97e-6
2014-03-03 06:45:00;526.87e-6
2014-03-03 07:00:00;544.48e-6
2014-03-03 07:15:00;551.67e-6
2014-03-03 07:30:00;553.94e-6
2014-03-03 07:45:00;534.41e-6
2014-03-03 08:00:00;522.73e-6
2014-03-03 08:15:00;504.30e-6
2014-03-03 08:30:00;476.69e-6
2014-03-03 08:45:00;451.80e-6
2014-03-03 09:00:00;429.07e-6
2014-03-03 09:15:00;419.55e-6
2014-03-03 09:30:00;419.68e-6
2014-03-03 09:45:00;421.77e-6
2014-03-03 10:00:00;426.08e-6
2014-03-03 10:15:00;428.03e-6
2014-03-03 10:30:00;431.59e-6
2014-03-03 10:45:00;441.72e-6
2014-03-03 11:00:00;459.36e-6
2014-03-03 11:15:00;482.54e-6
2014-03-03 11:30:00;487.85e-6
2014-03-03 11:45:00;478.84e-6
2014-03-03 12:00:00;455.16e-6
2014-03-03 12:15:00;441.98e-6
2014-03-03 12:30:00;435.57e-6
2014-03-03 12:45:00;436.95e-6
2014-03-03 13:00:00;438.75e-6
2014-03-03 13:15:00;444.82e-6
2014-03-03 13:30:00;453.44e-6
2014-03-03 13:45:00;464.46e-6
2014-03-03 14:00:00;476.96e-6
2014-03-03 14:15:00;485.78e-6
2014-03-03 14:30:00;490.46e-6
2014-03-03 14:45:00;491.88e-6
2014-03-03 15:00:00;490.46e-6
2014-03-03 15:15:00;487.77e-6
2014-03-03 15:30:00;487.69e-6
2014-03-03 15:45:00;490.76e-6
2014-03-03 16:00:00;499.19e-6
2014-03-03 16:15:00;504.70e-6
2014-03-03 16:30:00;527.95e-6
2014-03-03 16:45:00;554.69e-6
2014-03-03 17:00:00;587.51e-6
2014-03-03 17:15:00;613.65e-6
2014-03-03 17:30:00;640.04e-6
2014-03-03 17:45:00;667.02e-6
2014-03-03 18:00:00;689.22e-6
2014-03-03 18:15:00;709.22e-6
2014-03-03 18:30:00;726.71e-6
2014-03-03 18:45:00;735.80e-6
2014-03-03 19:00:00;735.25e-6
2014-03-03 19:15:00;730.24e-6
2014-03-03 19:30:00;732.79e-6
2014-03-03 19:45:00;718.96e-6
2014-03-03 20:00:00;708.22e-6
2014-03-03 20:15:00;688.86e-6
2014-03-03 20:30:00;665.32e-6
2014-03-03 20:45:00;642.65e-6
2014-03-03 21:00:00;622.05e-6
2014-03-03 21:15:00;594.00e-6
2014-03-03 21:30:00;562.06e-6
2014-03-03 21:45:00;524.23e-6
2014-03-03 22:00:00;479.90e-6
2014-03-03 22:15:00;431.03e-6
2014-03-03 22:30:00;384.63e-6
2014-03-03 22:45:00;340.82e-6
2014-03-03 23:00:00;303.55e-6
2014-03-03 23:15:00;263.86e-6
2014-03-03 23:30:00;246.59e-6
2014-03-03 23:45:00;236.08e-6
2014-03-04 00:00:00;218.19e-6
2014-03-04 00:15:00;222.28e-6
2014-03-04 00:30:00;236.02e-6
2014-03-04 00:45:00;252.74e-6
2014-03-04 01:00:00;269.94e-6
2014-03-04 01:15:00;288.06e-6
2014-03-04 01:30:00;304.05e-6
2014-03-04 01:45:00;318.31e-6
2014-03-04 02:00:00;330.58e-6
2014-03-04 02:15:00;335.85e-6
2014-03-04 02:30:00;336.63e-6
2014-03-04 02:45:00;334.38e-6
2014-03-04 03:00:00;325.35e-6
2014-03-04 03:15:00;311.57e-6
2014-03-04 03:30:00;293.31e-6
2014-03-04 03:45:00;273.42e-6
2014-03-04 04:00:00;262.12e-6
2014-03-04 04:15:00;249.70e-6
2014-03-04 04:30:00;246.15e-6
2014-03-04 04:45:00;252.96e-6
2014-03-04 05:00:00;259.30e-6
2014-03-04 05:15:00;276.12e-6
2014-03-04 05:30:00;301.79e-6
2014-03-04 05:45:00;338.63e-6
2014-03-04 06:00:00;390.41e-6
2014-03-04 06:15:00;439.20e-6
2014-03-04 06:30:00;520.49e-6
2014-03-04 06:45:00;525.38e-6
2014-03-04 07:00:00;542.94e-6
2014-03-04 07:15:00;550.11e-6
2014-03-04 07:30:00;552.37e-6
2014-03-04 07:45:00;532.90e-6
2014-03-04 08:00:00;521.25e-6
2014-03-04 08:15:00;502.87e-6
2014-03-04 08:30:00;475.35e-6
2014-03-04 08:45:00;450.52e-6
2014-03-04 09:00:00;427.86e-6
2014-03-04 09:15:00;418.36e-6
2014-03-04 09:30:00;418.49e-6
2014-03-04 09:45:00;420.58e-6
2014-03-04 10:00:00;424.87e-6
2014-03-04 10:15:00;426.82e-6
2014-03-04 10:30:00;430.37e-6
2014-03-04 10:45:00;440.48e-6
2014-03-04 11:00:00;458.06e-6
2014-03-04 11:15:00;481.17e-6
2014-03-04 11:30:00;486.48e-6
2014-03-04 11:45:00;477.49e-6
2014-03-04 12:00:00;453.87e-6
2014-03-04 12:15:00;440.73e-6
2014-03-04 12:30:00;434.34e-6
2014-03-04 12:45:00;435.72e-6
2014-03-04 13:00:00;437.51e-6
2014-03-04 13:15:00;443.57e-6
2014-03-04 13:30:00;452.16e-6
2014-03-04 13:45:00;463.15e-6
2014-03-04 14:00:00;475.61e-6
2014-03-04 14:15:00;484.41e-6
2014-03-04 14:30:00;489.07e-6
2014-03-04 14:45:00;490.49e-6
2014-03-04 15:00:00;489.08e-6
2014-03-04 15:15:00;486.39e-6
2014-03-04 15:30:00;486.31e-6
2014-03-04 15:45:00;489.37e-6
2014-03-04 16:00:00;497.78e-6
2014-03-04 16:15:00;503.27e-6
2014-03-04 16:30:00;526.46e-6
2014-03-04 16:45:00;553.12e-6
2014-03-04 17:00:00;585.85e-6
2014-03-04 17:15:00;611.92e-6
2014-03-04 17:30:00;638.23e-6
2014-03-04 17:45:00;665.13e-6
2014-03-04 18:00:00;687.27e-6
2014-03-04 18:15:00;707.22e-6
2014-03-04 18:30:00;724.66e-6
2014-03-04 18:45:00;733.72e-6
2014-03-04 19:00:00;733.18e-6
2014-03-04 19:15:00;728.18e-6
2014-03-04 19:30:00;730.72e-6
2014-03-04 19:45:00;716.93e-6
2014-03-04 20:00:00;706.22e-6
2014-03-04 20:15:00;686.92e-6
2014-03-04 20:30:00;663.45e-6
2014-03-04 20:45:00;640.84e-6
2014-03-04 21:00:00;620.29e-6
2014-03-04 21:15:00;592.33e-6
2014-03-04 21:30:00;560.47e-6
2014-03-04 21:45:00;522.75e-6
2014-03-04 22:00:00;478.54e-6
2014-03-04 22:15:00;429.82e-6
2014-03-04 22:30:00;383.54e-6
2014-03-04 22:45:00;339.86e-6
2014-03-04 23:00:00;302.69e-6
2014-03-04 23:15:00;263.12e-6
2014-03-04 23:30:00;245.89e-6
2014-03-04 23:45:00;235.41e-6
2014-03-05 00:00:00;217.57e-6
2014-03-05 00:15:00;221.64e-6
2014-03-05 00:30:00;235.35e-6
2014-03-05 00:45:00;252.01e-6
2014-03-05 01:00:00;269.17e-6
2014-03-05 01:15:00;287.23e-6
2014-03-05 01:30:00;303.18e-6
2014-03-05 01:45:00;317.40e-6
2014-03-05 02:00:00;329.64e-6
2014-03-05 02:15:00;334.89e-6
2014-03-05 02:30:00;335.66e-6
2014-03-05 02:45:00;333.42e-6
2014-03-05 03:00:00;324.41e-6
2014-03-05 03:15:00;310.68e-6
2014-03-05 03:30:00;292.47e-6
2014-03-05 03:45:00;272.64e-6
2014-03-05 04:00:00;261.37e-6
2014-03-05 04:15:00;248.98e-6
2014-03-05 04:30:00;245.44e-6
2014-03-05 04:45:00;252.23e-6
2014-03-05 05:00:00;258.56e-6
2014-03-05 05:15:00;275.33e-6
2014-03-05 05:30:00;300.92e-6
2014-03-05 05:45:00;337.66e-6
2014-03-05 06:00:00;389.29e-6
2014-03-05 06:15:00;437.94e-6
2014-03-05 06:30:00;519.00e-6
2014-03-05 06:45:00;523.88e-6
2014-03-05 07:00:00;541.39e-6
2014-03-05 07:15:00;548.54e-6
2014-03-05 07:30:00;550.79e-6
2014-03-05 07:45:00;531.37e-6
2014-03-05 08:00:00;519.76e-6
2014-03-05 08:15:00;501.43e-6
2014-03-05 08:30:00;473.98e-6
2014-03-05 08:45:00;449.23e-6
2014-03-05 09:00:00;426.63e-6
2014-03-05 09:15:00;417.16e-6
2014-03-05 09:30:00;417.30e-6
2014-03-05 09:45:00;419.37e-6
2014-03-05 10:00:00;423.66e-6
2014-03-05 10:15:00;425.59e-6
2014-03-05 10:30:00;429.13e-6
2014-03-05 10:45:00;439.21e-6
2014-03-05 11:00:00;456.75e-6
2014-03-05 11:15:00;479.79e-6
2014-03-05 11:30:00;485.08e-6
2014-03-05 11:45:00;476.12e-6
2014-03-05 12:00:00;452.57e-6
2014-03-05 12:15:00;439.47e-6
2014-03-05 12:30:00;433.09e-6
2014-03-05 12:45:00;434.47e-6
2014-03-05 13:00:00;436.25e-6
2014-03-05 13:15:00;442.30e-6
2014-03-05 13:30:00;450.87e-6
2014-03-05 13:45:00;461.82e-6
2014-03-05 14:00:00;474.25e-6
2014-03-05 14:15:00;483.02e-6
2014-03-05 14:30:00;487.67e-6
2014-03-05 14:45:00;489.09e-6
2014-03-05 15:00:00;487.67e-6
2014-03-05 15:15:00;485.00e-6
2014-03-05 15:30:00;484.92e-6
2014-03-05 15:45:00;487.97e-6
2014-03-05 16:00:00;496.35e-6
2014-03-05 16:15:00;501.83e-6
2014-03-05 16:30:00;524.95e-6
2014-03-05 16:45:00;551.54e-6
2014-03-05 17:00:00;584.17e-6
2014-03-05 17:15:00;610.16e-6
2014-03-05 17:30:00;636.40e-6
2014-03-05 17:45:00;663.22e-6
2014-03-05 18:00:00;685.30e-6
2014-03-05 18:15:00;705.19e-6
2014-03-05 18:30:00;722.58e-6
2014-03-05 18:45:00;731.62e-6
2014-03-05 19:00:00;731.08e-6
2014-03-05 19:15:00;726.09e-6
2014-03-05 19:30:00;728.63e-6
2014-03-05 19:45:00;714.87e-6
2014-03-05 20:00:00;704.20e-6
2014-03-05 20:15:00;684.95e-6
2014-03-05 20:30:00;661.54e-6
2014-03-05 20:45:00;639.00e-6
2014-03-05 21:00:00;618.51e-6
2014-03-05 21:15:00;590.63e-6
2014-03-05 21:30:00;558.86e-6
2014-03-05 21:45:00;521.25e-6
2014-03-05 22:00:00;477.17e-6
2014-03-05 22:15:00;428.58e-6
2014-03-05 22:30:00;382.44e-6
2014-03-05 22:45:00;338.88e-6
2014-03-05 23:00:00;301.83e-6
2014-03-05 23:15:00;262.37e-6
2014-03-05 23:30:00;245.19e-6
2014-03-05 23:45:00;234.74e-6
2014-03-06 00:00:00;216.94e-6
2014-03-06 00:15:00;221.00e-6
2014-03-06 00:30:00;234.66e-6
2014-03-06 00:45:00;251.28e-6
2014-03-06 01:00:00;268.39e-6
2014-03-06 01:15:00;286.40e-6
2014-03-06 01:30:00;302.30e-6
2014-03-06 01:45:00;316.47e-6
2014-03-06 02:00:00;328.68e-6
2014-03-06 02:15:00;333.92e-6
2014-03-06 02:30:00;334.69e-6
2014-03-06 02:45:00;332.46e-6
2014-03-06 03:00:00;323.47e-6
2014-03-06 03:15:00;309.78e-6
2014-03-06 03:30:00;291.62e-6
2014-03-06 03:45:00;271.84e-6
2014-03-06 04:00:00;260.61e-6
2014-03-06 04:15:00;248.26e-6
2014-03-06 04:30:00;244.73e-6
2014-03-06 04:45:00;251.50e-6
2014-03-06 05:00:00;257.81e-6
2014-03-06 05:15:00;274.53e-6
2014-03-06 05:30:00;300.05e-6
2014-03-06 05:45:00;336.68e-6
2014-03-06 06:00:00;388.16e-6
2014-03-06 06:15:00;436.67e-6
2014-03-06 06:30:00;517.49e-6
2014-03-06 06:45:00;522.36e-6
2014-03-06 07:00:00;539.81e-6
2014-03-06 07:15:00;546.94e-6
2014-03-06 07:30:00;549.19e-6
2014-03-06 07:45:00;529.82e-6
2014-03-06 08:00:00;518.25e-6
2014-03-06 08:15:00;499.97e-6
2014-03-06 08:30:00;472.61e-6
2014-03-06 08:45:00;447.93e-6
2014-03-06 09:00:00;425.39e-6
2014-03-06 09:15:00;415.95e-6
2014-03-06 09:30:00;416.08e-6
2014-03-06 09:45:00;418.15e-6
2014-03-06 10:00:00;422.42e-6
2014-03-06 10:15:00;424.36e-6
2014-03-06 10:30:00;427.89e-6
2014-03-06 10:45:00;437.94e-6
2014-03-06 11:00:00;455.42e-6
2014-03-06 11:15:00;478.40e-6
2014-03-06 11:30:00;483.67e-6
2014-03-06 11:45:00;474.73e-6
2014-03-06 12:00:00;451.26e-6
2014-03-06 12:15:00;438.19e-6
2014-03-06 12:30:00;431.84e-6
2014-03-06 12:45:00;433.21e-6
2014-03-06 13:00:00;434.99e-6
2014-03-06 13:15:00;441.01e-6
2014-03-06 13:30:00;449.56e-6
2014-03-06 13:45:00;460.48e-6
2014-03-06 14:00:00;472.87e-6
2014-03-06 14:15:00;481.62e-6
2014-03-06 14:30:00;486.26e-6
2014-03-06 14:45:00;487.66e-6
2014-03-06 15:00:00;486.26e-6
2014-03-06 15:15:00;483.59e-6
2014-03-06 15:30:00;483.51e-6
2014-03-06 15:45:00;486.55e-6
2014-03-06 16:00:00;494.91e-6
2014-03-06 16:15:00;500.37e-6
2014-03-06 16:30:00;523.43e-6
2014-03-06 16:45:00;549.93e-6
2014-03-06 17:00:00;582.47e-6
2014-03-06 17:15:00;608.39e-6
2014-03-06 17:30:00;634.55e-6
2014-03-06 17:45:00;661.30e-6
2014-03-06 18:00:00;683.31e-6
2014-03-06 18:15:00;703.14e-6
2014-03-06 18:30:00;720.48e-6
2014-03-06 18:45:00;729.50e-6
2014-03-06 19:00:00;728.95e-6
2014-03-06 19:15:00;723.98e-6
2014-03-06 19:30:00;726.51e-6
2014-03-06 19:45:00;712.79e-6
2014-03-06 20:00:00;702.15e-6
2014-03-06 20:15:00;682.96e-6
2014-03-06 20:30:00;659.62e-6
2014-03-06 20:45:00;637.15e-6
2014-03-06 21:00:00;616.72e-6
2014-03-06 21:15:00;588.91e-6
2014-03-06 21:30:00;557.24e-6
2014-03-06 21:45:00;519.74e-6
2014-03-06 22:00:00;475.78e-6
2014-03-06 22:15:00;427.34e-6
2014-03-06 22:30:00;381.33e-6
2014-03-06 22:45:00;337.90e-6
2014-03-06 23:00:00;300.95e-6
2014-03-06 23:15:00;261.60e-6
2014-03-06 23:30:00;244.48e-6
2014-03-06 23:45:00;234.06e-6
2014-03-07 00:00:00;216.30e-6
2014-03-07 00:15:00;220.35e-6
2014-03-07 00:30:00;233.97e-6
2014-03-07 00:45:00;250.54e-6
2014-03-07 01:00:00;267.60e-6
2014-03-07 01:15:00;285.55e-6
2014-03-07 01:30:00;301.41e-6
2014-03-07 01:45:00;315.54e-6
2014-03-07 02:00:00;327.71e-6
2014-03-07 02:15:00;332.94e-6
2014-03-07 02:30:00;333.70e-6
2014-03-07 02:45:00;331.48e-6
2014-03-07 03:00:00;322.52e-6
2014-03-07 03:15:00;308.86e-6
2014-03-07 03:30:00;290.76e-6
2014-03-07 03:45:00;271.04e-6
2014-03-07 04:00:00;259.84e-6
2014-03-07 04:15:00;247.53e-6
2014-03-07 04:30:00;244.01e-6
2014-03-07 04:45:00;250.76e-6
2014-03-07 05:00:00;257.05e-6
2014-03-07 05:15:00;273.72e-6
2014-03-07 05:30:00;299.16e-6
2014-03-07 05:45:00;335.69e-6
2014-03-07 06:00:00;387.02e-6
2014-03-07 06:15:00;435.39e-6
2014-03-07 06:30:00;515.97e-6
2014-03-07 06:45:00;520.82e-6
2014-03-07 07:00:00;538.22e-6
2014-03-07 07:15:00;545.33e-6
2014-03-07 07:30:00;547.57e-6
2014-03-07 07:45:00;528.26e-6
2014-03-07 08:00:00;516.72e-6
2014-03-07 08:15:00;498.50e-6
2014-03-07 08:30:00;471.21e-6
2014-03-07 08:45:00;446.61e-6
2014-03-07 09:00:00;424.14e-6
2014-03-07 09:15:00;414.73e-6
2014-03-07 09:30:00;414.86e-6
2014-03-07 09:45:00;416.92e-6
2014-03-07 10:00:00;421.18e-6
2014-03-07 10:15:00;423.11e-6
2014-03-07 10:30:00;426.63e-6
2014-03-07 10:45:00;436.65e-6
2014-03-07 11:00:00;454.08e-6
2014-03-07 11:15:00;476.99e-6
2014-03-07 11:30:00;482.25e-6
2014-03-07 11:45:00;473.34e-6
2014-03-07 12:00:00;449.93e-6
2014-03-07 12:15:00;436.90e-6
2014-03-07 12:30:00;430.56e-6
2014-03-07 12:45:00;431.93e-6
2014-03-07 13:00:00;433.70e-6
2014-03-07 13:15:00;439.71e-6
2014-03-07 13:30:00;448.23e-6
2014-03-07 13:45:00;459.12e-6
2014-03-07 14:00:00;471.48e-6
2014-03-07 14:15:00;480.20e-6
2014-03-07 14:30:00;484.82e-6
2014-03-07 14:45:00;486.23e-6
2014-03-07 15:00:00;484.83e-6
2014-03-07 15:15:00;482.16e-6
2014-03-07 15:30:00;482.08e-6
2014-03-07 15:45:00;485.12e-6
2014-03-07 16:00:00;493.45e-6
2014-03-07 16:15:00;498.90e-6
2014-03-07 16:30:00;521.88e-6
2014-03-07 16:45:00;548.32e-6
2014-03-07 17:00:00;580.76e-6
2014-03-07 17:15:00;606.60e-6
2014-03-07 17:30:00;632.68e-6
2014-03-07 17:45:00;659.35e-6
2014-03-07 18:00:00;681.30e-6
2014-03-07 18:15:00;701.07e-6
2014-03-07 18:30:00;718.36e-6
2014-03-07 18:45:00;727.35e-6
2014-03-07 19:00:00;726.81e-6
2014-03-07 19:15:00;721.85e-6
2014-03-07 19:30:00;724.37e-6
2014-03-07 19:45:00;710.70e-6
2014-03-07 20:00:00;700.09e-6
2014-03-07 20:15:00;680.95e-6
2014-03-07 20:30:00;657.68e-6
2014-03-07 20:45:00;635.27e-6
2014-03-07 21:00:00;614.90e-6
2014-03-07 21:15:00;587.18e-6
2014-03-07 21:30:00;555.60e-6
2014-03-07 21:45:00;518.21e-6
2014-03-07 22:00:00;474.38e-6
2014-03-07 22:15:00;426.08e-6
2014-03-07 22:30:00;380.21e-6
2014-03-07 22:45:00;336.90e-6
2014-03-07 23:00:00;300.06e-6
2014-03-07 23:15:00;260.83e-6
2014-03-07 23:30:00;243.76e-6
2014-03-07 23:45:00;233.37e-6
2014-03-08 00:00:00;257.55e-6
2014-03-08 00:15:00;248.56e-6
2014-03-08 00:30:00;246.44e-6
2014-03-08 00:45:00;249.36e-6
2014-03-08 01:00:00;259.37e-6
2014-03-08 01:15:00;274.88e-6
2014-03-08 01:30:00;290.50e-6
2014-03-08 01:45:00;304.90e-6
2014-03-08 02:00:00;316.88e-6
2014-03-08 02:15:00;324.80e-6
2014-03-08 02:30:00;326.66e-6
2014-03-08 02:45:00;324.83e-6
2014-03-08 03:00:00;316.97e-6
2014-03-08 03:15:00;302.86e-6
2014-03-08 03:30:00;284.13e-6
2014-03-08 03:45:00;265.59e-6
2014-03-08 04:00:00;253.66e-6
2014-03-08 04:15:00;242.00e-6
2014-03-08 04:30:00;233.86e-6
2014-03-08 04:45:00;223.93e-6
2014-03-08 05:00:00;215.73e-6
2014-03-08 05:15:00;214.94e-6
2014-03-08 05:30:00;222.75e-6
2014-03-08 05:45:00;243.05e-6
2014-03-08 06:00:00;280.35e-6
2014-03-08 06:15:00;321.04e-6
2014-03-08 06:30:00;389.72e-6
2014-03-08 06:45:00;404.42e-6
2014-03-08 07:00:00;435.49e-6
2014-03-08 07:15:00;457.55e-6
2014-03-08 07:30:00;493.69e-6
2014-03-08 07:45:00;508.37e-6
2014-03-08 08:00:00;528.47e-6
2014-03-08 08:15:00;543.62e-6
2014-03-08 08:30:00;529.60e-6
2014-03-08 08:45:00;531.53e-6
2014-03-08 09:00:00;534.94e-6
2014-03-08 09:15:00;543.39e-6
2014-03-08 09:30:00;551.76e-6
2014-03-08 09:45:00;560.04e-6
2014-03-08 10:00:00;568.51e-6
2014-03-08 10:15:00;577.10e-6
2014-03-08 10:30:00;587.89e-6
2014-03-08 10:45:00;608.32e-6
2014-03-08 11:00:00;639.96e-6
2014-03-08 11:15:00;693.28e-6
2014-03-08 11:30:00;711.66e-6
2014-03-08 11:45:00;700.32e-6
2014-03-08 12:00:00;653.65e-6
2014-03-08 12:15:00;601.11e-6
2014-03-08 12:30:00;574.13e-6
2014-03-08 12:45:00;563.61e-6
2014-03-08 13:00:00;552.46e-6
2014-03-08 13:15:00;549.45e-6
2014-03-08 13:30:00;552.48e-6
2014-03-08 13:45:00;561.97e-6
2014-03-08 14:00:00;576.81e-6
2014-03-08 14:15:00;591.42e-6
2014-03-08 14:30:00;604.47e-6
2014-03-08 14:45:00;615.77e-6
2014-03-08 15:00:00;624.42e-6
2014-03-08 15:15:00;631.40e-6
2014-03-08 15:30:00;639.70e-6
2014-03-08 15:45:00;649.37e-6
2014-03-08 16:00:00;662.76e-6
2014-03-08 16:15:00;672.74e-6
2014-03-08 16:30:00;698.59e-6
2014-03-08 16:45:00;725.50e-6
2014-03-08 17:00:00;751.11e-6
2014-03-08 17:15:00;769.31e-6
2014-03-08 17:30:00;785.70e-6
2014-03-08 17:45:00;798.65e-6
2014-03-08 18:00:00;809.00e-6
2014-03-08 18:15:00;812.86e-6
2014-03-08 18:30:00;819.99e-6
2014-03-08 18:45:00;806.64e-6
2014-03-08 19:00:00;783.86e-6
2014-03-08 19:15:00;756.57e-6
2014-03-08 19:30:00;722.29e-6
2014-03-08 19:45:00;699.86e-6
2014-03-08 20:00:00;687.24e-6
2014-03-08 20:15:00;668.19e-6
2014-03-08 20:30:00;647.56e-6
2014-03-08 20:45:00;631.78e-6
2014-03-08 21:00:00;614.80e-6
2014-03-08 21:15:00;594.40e-6
2014-03-08 21:30:00;569.63e-6
2014-03-08 21:45:00;540.52e-6
2014-03-08 22:00:00;505.88e-6
2014-03-08 22:15:00;467.13e-6
2014-03-08 22:30:00;430.38e-6
2014-03-08 22:45:00;395.89e-6
2014-03-08 23:00:00;364.28e-6
2014-03-08 23:15:00;335.48e-6
2014-03-08 23:30:00;311.19e-6
2014-03-08 23:45:00;301.96e-6
2014-03-09 00:00:00;283.09e-6
2014-03-09 00:15:00;281.55e-6
2014-03-09 00:30:00;286.36e-6
2014-03-09 00:45:00;297.15e-6
2014-03-09 01:00:00;308.15e-6
2014-03-09 01:15:00;322.19e-6
2014-03-09 01:30:00;332.36e-6
2014-03-09 01:45:00;343.13e-6
2014-03-09 02:00:00;351.04e-6
2014-03-09 02:15:00;354.77e-6
2014-03-09 02:30:00;356.16e-6
2014-03-09 02:45:00;352.90e-6
2014-03-09 03:00:00;341.83e-6
2014-03-09 03:15:00;324.40e-6
2014-03-09 03:30:00;303.08e-6
2014-03-09 03:45:00;284.14e-6
2014-03-09 04:00:00;273.45e-6
2014-03-09 04:15:00;260.49e-6
2014-03-09 04:30:00;251.73e-6
2014-03-09 04:45:00;240.37e-6
2014-03-09 05:00:00;230.22e-6
2014-03-09 05:15:00;226.50e-6
2014-03-09 05:30:00;230.42e-6
2014-03-09 05:45:00;245.86e-6
2014-03-09 06:00:00;277.27e-6
2014-03-09 06:15:00;312.86e-6
2014-03-09 06:30:00;374.01e-6
2014-03-09 06:45:00;387.69e-6
2014-03-09 07:00:00;424.52e-6
2014-03-09 07:15:00;458.37e-6
2014-03-09 07:30:00;517.26e-6
2014-03-09 07:45:00;562.06e-6
2014-03-09 08:00:00;611.07e-6
2014-03-09 08:15:00;657.79e-6
2014-03-09 08:30:00;671.82e-6
2014-03-09 08:45:00;689.48e-6
2014-03-09 09:00:00;698.61e-6
2014-03-09 09:15:00;712.21e-6
2014-03-09 09:30:00;723.19e-6
2014-03-09 09:45:00;734.89e-6
2014-03-09 10:00:00;749.50e-6
2014-03-09 10:15:00;769.13e-6
2014-03-09 10:30:00;789.60e-6
2014-03-09 10:45:00;820.93e-6
2014-03-09 11:00:00;863.03e-6
2014-03-09 11:15:00;926.00e-6
2014-03-09 11:30:00;932.84e-6
2014-03-09 11:45:00;894.30e-6
2014-03-09 12:00:00;816.54e-6
2014-03-09 12:15:00;737.91e-6
2014-03-09 12:30:00;690.06e-6
2014-03-09 12:45:00;667.34e-6
2014-03-09 13:00:00;641.56e-6
2014-03-09 13:15:00;625.71e-6
2014-03-09 13:30:00;615.98e-6
2014-03-09 13:45:00;613.00e-6
2014-03-09 14:00:00;615.48e-6
2014-03-09 14:15:00;617.72e-6
2014-03-09 14:30:00;618.79e-6
2014-03-09 14:45:00;619.19e-6
2014-03-09 15:00:00;618.45e-6
2014-03-09 15:15:00;617.60e-6
2014-03-09 15:30:00;619.96e-6
2014-03-09 15:45:00;625.24e-6
2014-03-09 16:00:00;635.87e-6
2014-03-09 16:15:00;642.59e-6
2014-03-09 16:30:00;669.06e-6
2014-03-09 16:45:00;692.51e-6
2014-03-09 17:00:00;718.89e-6
2014-03-09 17:15:00;738.72e-6
2014-03-09 17:30:00;758.49e-6
2014-03-09 17:45:00;776.07e-6
2014-03-09 18:00:00;793.16e-6
2014-03-09 18:15:00;799.82e-6
2014-03-09 18:30:00;810.78e-6
2014-03-09 18:45:00;805.40e-6
2014-03-09 19:00:00;790.73e-6
2014-03-09 19:15:00;767.07e-6
2014-03-09 19:30:00;727.66e-6
2014-03-09 19:45:00;707.31e-6
2014-03-09 20:00:00;696.35e-6
2014-03-09 20:15:00;675.32e-6
2014-03-09 20:30:00;650.45e-6
2014-03-09 20:45:00;633.17e-6
2014-03-09 21:00:00;609.40e-6
2014-03-09 21:15:00;584.08e-6
2014-03-09 21:30:00;552.58e-6
2014-03-09 21:45:00;516.08e-6
2014-03-09 22:00:00;472.50e-6
2014-03-09 22:15:00;424.62e-6
2014-03-09 22:30:00;379.51e-6
2014-03-09 22:45:00;338.07e-6
2014-03-09 23:00:00;302.84e-6
2014-03-09 23:15:00;268.51e-6
2014-03-09 23:30:00;250.75e-6
2014-03-09 23:45:00;238.72e-6
2014-03-10 00:00:00;214.34e-6
2014-03-10 00:15:00;218.36e-6
2014-03-10 00:30:00;231.86e-6
2014-03-10 00:45:00;248.28e-6
2014-03-10 01:00:00;265.18e-6
2014-03-10 01:15:00;282.97e-6
2014-03-10 01:30:00;298.68e-6
2014-03-10 01:45:00;312.69e-6
2014-03-10 02:00:00;324.75e-6
2014-03-10 02:15:00;329.93e-6
2014-03-10 02:30:00;330.69e-6
2014-03-10 02:45:00;328.48e-6
2014-03-10 03:00:00;319.61e-6
2014-03-10 03:15:00;306.07e-6
2014-03-10 03:30:00;288.13e-6
2014-03-10 03:45:00;268.60e-6
2014-03-10 04:00:00;257.50e-6
2014-03-10 04:15:00;245.29e-6
2014-03-10 04:30:00;241.81e-6
2014-03-10 04:45:00;248.49e-6
2014-03-10 05:00:00;254.73e-6
2014-03-10 05:15:00;271.25e-6
2014-03-10 05:30:00;296.46e-6
2014-03-10 05:45:00;332.65e-6
2014-03-10 06:00:00;383.52e-6
2014-03-10 06:15:00;431.45e-6
2014-03-10 06:30:00;511.31e-6
2014-03-10 06:45:00;516.11e-6
2014-03-10 07:00:00;533.36e-6
2014-03-10 07:15:00;540.41e-6
2014-03-10 07:30:00;542.62e-6
2014-03-10 07:45:00;523.49e-6
2014-03-10 08:00:00;512.06e-6
2014-03-10 08:15:00;494.00e-6
2014-03-10 08:30:00;466.96e-6
2014-03-10 08:45:00;442.57e-6
2014-03-10 09:00:00;420.31e-6
2014-03-10 09:15:00;410.98e-6
2014-03-10 09:30:00;411.11e-6
2014-03-10 09:45:00;413.15e-6
2014-03-10 10:00:00;417.38e-6
2014-03-10 10:15:00;419.28e-6
2014-03-10 10:30:00;422.77e-6
2014-03-10 10:45:00;432.70e-6
2014-03-10 11:00:00;449.98e-6
2014-03-10 11:15:00;472.68e-6
2014-03-10 11:30:00;477.89e-6
2014-03-10 11:45:00;469.06e-6
2014-03-10 12:00:00;445.87e-6
2014-03-10 12:15:00;432.95e-6
2014-03-10 12:30:00;426.67e-6
2014-03-10 12:45:00;428.03e-6
2014-03-10 13:00:00;429.79e-6
2014-03-10 13:15:00;435.74e-6
2014-03-10 13:30:00;444.18e-6
2014-03-10 13:45:00;454.98e-6
2014-03-10 14:00:00;467.22e-6
2014-03-10 14:15:00;475.86e-6
2014-03-10 14:30:00;480.44e-6
2014-03-10 14:45:00;481.84e-6
2014-03-10 15:00:00;480.45e-6
2014-03-10 15:15:00;477.81e-6
2014-03-10 15:30:00;477.73e-6
2014-03-10 15:45:00;480.74e-6
2014-03-10 16:00:00;489.00e-6
2014-03-10 16:15:00;494.39e-6
2014-03-10 16:30:00;517.17e-6
2014-03-10 16:45:00;543.36e-6
2014-03-10 17:00:00;575.51e-6
2014-03-10 17:15:00;601.12e-6
2014-03-10 17:30:00;626.97e-6
2014-03-10 17:45:00;653.39e-6
2014-03-10 18:00:00;675.15e-6
2014-03-10 18:15:00;694.74e-6
2014-03-10 18:30:00;711.87e-6
2014-03-10 18:45:00;720.78e-6
2014-03-10 19:00:00;720.24e-6
2014-03-10 19:15:00;715.33e-6
2014-03-10 19:30:00;717.83e-6
2014-03-10 19:45:00;704.28e-6
2014-03-10 20:00:00;693.76e-6
2014-03-10 20:15:00;674.80e-6
2014-03-10 20:30:00;651.74e-6
2014-03-10 20:45:00;629.53e-6
2014-03-10 21:00:00;609.35e-6
2014-03-10 21:15:00;581.87e-6
2014-03-10 21:30:00;550.58e-6
2014-03-10 21:45:00;513.53e-6
2014-03-10 22:00:00;470.10e-6
2014-03-10 22:15:00;422.23e-6
2014-03-10 22:30:00;376.78e-6
2014-03-10 22:45:00;333.86e-6
2014-03-10 23:00:00;297.35e-6
2014-03-10 23:15:00;258.48e-6
2014-03-10 23:30:00;241.55e-6
2014-03-10 23:45:00;231.26e-6
2014-03-11 00:00:00;213.68e-6
2014-03-11 00:15:00;217.68e-6
2014-03-11 00:30:00;231.14e-6
2014-03-11 00:45:00;247.51e-6
2014-03-11 01:00:00;264.36e-6
2014-03-11 01:15:00;282.10e-6
2014-03-11 01:30:00;297.76e-6
2014-03-11 01:45:00;311.72e-6
2014-03-11 02:00:00;323.75e-6
2014-03-11 02:15:00;328.91e-6
2014-03-11 02:30:00;329.66e-6
2014-03-11 02:45:00;327.47e-6
2014-03-11 03:00:00;318.62e-6
2014-03-11 03:15:00;305.13e-6
2014-03-11 03:30:00;287.24e-6
2014-03-11 03:45:00;267.76e-6
2014-03-11 04:00:00;256.70e-6
2014-03-11 04:15:00;244.53e-6
2014-03-11 04:30:00;241.06e-6
2014-03-11 04:45:00;247.73e-6
2014-03-11 05:00:00;253.94e-6
2014-03-11 05:15:00;270.41e-6
2014-03-11 05:30:00;295.54e-6
2014-03-11 05:45:00;331.62e-6
2014-03-11 06:00:00;382.34e-6
2014-03-11 06:15:00;430.12e-6
2014-03-11 06:30:00;509.73e-6
2014-03-11 06:45:00;514.52e-6
2014-03-11 07:00:00;531.71e-6
2014-03-11 07:15:00;538.73e-6
2014-03-11 07:30:00;540.95e-6
2014-03-11 07:45:00;521.87e-6
2014-03-11 08:00:00;510.47e-6
2014-03-11 08:15:00;492.47e-6
2014-03-11 08:30:00;465.51e-6
2014-03-11 08:45:00;441.20e-6
2014-03-11 09:00:00;419.01e-6
2014-03-11 09:15:00;409.71e-6
2014-03-11 09:30:00;409.84e-6
2014-03-11 09:45:00;411.88e-6
2014-03-11 10:00:00;416.08e-6
2014-03-11 10:15:00;417.99e-6
2014-03-11 10:30:00;421.47e-6
2014-03-11 10:45:00;431.37e-6
2014-03-11 11:00:00;448.59e-6
2014-03-11 11:15:00;471.22e-6
2014-03-11 11:30:00;476.41e-6
2014-03-11 11:45:00;467.61e-6
2014-03-11 12:00:00;444.49e-6
2014-03-11 12:15:00;431.61e-6
2014-03-11 12:30:00;425.36e-6
2014-03-11 12:45:00;426.71e-6
2014-03-11 13:00:00;428.46e-6
2014-03-11 13:15:00;434.39e-6
2014-03-11 13:30:00;442.81e-6
2014-03-11 13:45:00;453.57e-6
2014-03-11 14:00:00;465.77e-6
2014-03-11 14:15:00;474.39e-6
2014-03-11 14:30:00;478.96e-6
2014-03-11 14:45:00;480.35e-6
2014-03-11 15:00:00;478.96e-6
2014-03-11 15:15:00;476.33e-6
2014-03-11 15:30:00;476.25e-6
2014-03-11 15:45:00;479.25e-6
2014-03-11 16:00:00;487.48e-6
2014-03-11 16:15:00;492.87e-6
2014-03-11 16:30:00;515.57e-6
2014-03-11 16:45:00;541.68e-6
2014-03-11 17:00:00;573.73e-6
2014-03-11 17:15:00;599.26e-6
2014-03-11 17:30:00;625.03e-6
2014-03-11 17:45:00;651.37e-6
2014-03-11 18:00:00;673.06e-6
2014-03-11 18:15:00;692.59e-6
2014-03-11 18:30:00;709.67e-6
2014-03-11 18:45:00;718.55e-6
2014-03-11 19:00:00;718.01e-6
2014-03-11 19:15:00;713.12e-6
2014-03-11 19:30:00;715.61e-6
2014-03-11 19:45:00;702.10e-6
2014-03-11 20:00:00;691.62e-6
2014-03-11 20:15:00;672.71e-6
2014-03-11 20:30:00;649.72e-6
2014-03-11 20:45:00;627.58e-6
2014-03-11 21:00:00;607.46e-6
2014-03-11 21:15:00;580.07e-6
2014-03-11 21:30:00;548.88e-6
2014-03-11 21:45:00;511.94e-6
2014-03-11 22:00:00;468.65e-6
2014-03-11 22:15:00;420.93e-6
2014-03-11 22:30:00;375.61e-6
2014-03-11 22:45:00;332.83e-6
2014-03-11 23:00:00;296.43e-6
2014-03-11 23:15:00;257.68e-6
2014-03-11 23:30:00;240.81e-6
2014-03-11 23:45:00;230.55e-6
2014-03-12 00:00:00;213.01e-6
2014-03-12 00:15:00;217.00e-6
2014-03-12 00:30:00;230.42e-6
2014-03-12 00:45:00;246.74e-6
2014-03-12 01:00:00;263.53e-6
2014-03-12 01:15:00;281.22e-6
2014-03-12 01:30:00;296.83e-6
2014-03-12 01:45:00;310.75e-6
2014-03-12 02:00:00;322.73e-6
2014-03-12 02:15:00;327.88e-6
2014-03-12 02:30:00;328.63e-6
2014-03-12 02:45:00;326.44e-6
2014-03-12 03:00:00;317.62e-6
2014-03-12 03:15:00;304.17e-6
2014-03-12 03:30:00;286.34e-6
2014-03-12 03:45:00;266.93e-6
2014-03-12 04:00:00;255.90e-6
2014-03-12 04:15:00;243.77e-6
2014-03-12 04:30:00;240.30e-6
2014-03-12 04:45:00;246.95e-6
2014-03-12 05:00:00;253.15e-6
2014-03-12 05:15:00;269.57e-6
2014-03-12 05:30:00;294.62e-6
2014-03-12 05:45:00;330.59e-6
2014-03-12 06:00:00;381.14e-6
2014-03-12 06:15:00;428.77e-6
2014-03-12 06:30:00;508.13e-6
2014-03-12 06:45:00;512.91e-6
2014-03-12 07:00:00;530.05e-6
2014-03-12 07:15:00;537.05e-6
2014-03-12 07:30:00;539.25e-6
2014-03-12 07:45:00;520.24e-6
2014-03-12 08:00:00;508.88e-6
2014-03-12 08:15:00;490.93e-6
2014-03-12 08:30:00;464.06e-6
2014-03-12 08:45:00;439.82e-6
2014-03-12 09:00:00;417.70e-6
2014-03-12 09:15:00;408.43e-6
2014-03-12 09:30:00;408.56e-6
2014-03-12 09:45:00;410.59e-6
2014-03-12 10:00:00;414.78e-6
2014-03-12 10:15:00;416.68e-6
2014-03-12 10:30:00;420.15e-6
2014-03-12 10:45:00;430.02e-6
2014-03-12 11:00:00;447.19e-6
2014-03-12 11:15:00;469.75e-6
2014-03-12 11:30:00;474.92e-6
2014-03-12 11:45:00;466.15e-6
2014-03-12 12:00:00;443.10e-6
2014-03-12 12:15:00;430.26e-6
2014-03-12 12:30:00;424.02e-6
2014-03-12 12:45:00;425.37e-6
2014-03-12 13:00:00;427.12e-6
2014-03-12 13:15:00;433.03e-6
2014-03-12 13:30:00;441.43e-6
2014-03-12 13:45:00;452.15e-6
2014-03-12 14:00:00;464.32e-6
2014-03-12 14:15:00;472.91e-6
2014-03-12 14:30:00;477.46e-6
2014-03-12 14:45:00;478.84e-6
2014-03-12 15:00:00;477.46e-6
2014-03-12 15:15:00;474.84e-6
2014-03-12 15:30:00;474.76e-6
2014-03-12 15:45:00;477.75e-6
2014-03-12 16:00:00;485.96e-6
2014-03-12 16:15:00;491.32e-6
2014-03-12 16:30:00;513.96e-6
2014-03-12 16:45:00;539.99e-6
2014-03-12 17:00:00;571.94e-6
2014-03-12 17:15:00;597.39e-6
2014-03-12 17:30:00;623.07e-6
2014-03-12 17:45:00;649.34e-6
2014-03-12 18:00:00;670.95e-6
2014-03-12 18:15:00;690.42e-6
2014-03-12 18:30:00;707.45e-6
2014-03-12 18:45:00;716.30e-6
2014-03-12 19:00:00;715.77e-6
2014-03-12 19:15:00;710.89e-6
2014-03-12 19:30:00;713.37e-6
2014-03-12 19:45:00;699.90e-6
2014-03-12 20:00:00;689.45e-6
2014-03-12 20:15:00;670.60e-6
2014-03-12 20:30:00;647.69e-6
2014-03-12 20:45:00;625.62e-6
2014-03-12 21:00:00;605.56e-6
2014-03-12 21:15:00;578.26e-6
2014-03-12 21:30:00;547.16e-6
2014-03-12 21:45:00;510.34e-6
2014-03-12 22:00:00;467.18e-6
2014-03-12 22:15:00;419.61e-6
2014-03-12 22:30:00;374.44e-6
2014-03-12 22:45:00;331.79e-6
2014-03-12 23:00:00;295.51e-6
2014-03-12 23:15:00;256.87e-6
2014-03-12 23:30:00;240.05e-6
2014-03-12 23:45:00;229.82e-6
2014-03-13 00:00:00;212.34e-6
2014-03-13 00:15:00;216.32e-6
2014-03-13 00:30:00;229.69e-6
2014-03-13 00:45:00;245.96e-6
2014-03-13 01:00:00;262.70e-6
2014-03-13 01:15:00;280.33e-6
2014-03-13 01:30:00;295.89e-6
2014-03-13 01:45:00;309.77e-6
2014-03-13 02:00:00;321.71e-6
2014-03-13 02:15:00;326.84e-6
2014-03-13 02:30:00;327.59e-6
2014-03-13 02:45:00;325.41e-6
2014-03-13 03:00:00;316.62e-6
2014-03-13 03:15:00;303.21e-6
2014-03-13 03:30:00;285.44e-6
2014-03-13 03:45:00;266.08e-6
2014-03-13 04:00:00;255.09e-6
2014-03-13 04:15:00;243.00e-6
2014-03-13 04:30:00;239.54e-6
2014-03-13 04:45:00;246.17e-6
2014-03-13 05:00:00;252.35e-6
2014-03-13 05:15:00;268.71e-6
2014-03-13 05:30:00;293.69e-6
2014-03-13 05:45:00;329.54e-6
2014-03-13 06:00:00;379.94e-6
2014-03-13 06:15:00;427.42e-6
2014-03-13 06:30:00;506.53e-6
2014-03-13 06:45:00;511.29e-6
2014-03-13 07:00:00;528.37e-6
2014-03-13 07:15:00;535.35e-6
2014-03-13 07:30:00;537.55e-6
2014-03-13 07:45:00;518.60e-6
2014-03-13 08:00:00;507.27e-6
2014-03-13 08:15:00;489.38e-6
2014-03-13 08:30:00;462.59e-6
2014-03-13 08:45:00;438.43e-6
2014-03-13 09:00:00;416.38e-6
2014-03-13 09:15:00;407.14e-6
2014-03-13 09:30:00;407.26e-6
2014-03-13 09:45:00;409.29e-6
2014-03-13 10:00:00;413.47e-6
2014-03-13 10:15:00;415.36e-6
2014-03-13 10:30:00;418.82e-6
2014-03-13 10:45:00;428.66e-6
2014-03-13 11:00:00;445.77e-6
2014-03-13 11:15:00;468.26e-6
2014-03-13 11:30:00;473.42e-6
2014-03-13 11:45:00;464.67e-6
2014-03-13 12:00:00;441.69e-6
2014-03-13 12:15:00;428.90e-6
2014-03-13 12:30:00;422.68e-6
2014-03-13 12:45:00;424.03e-6
2014-03-13 13:00:00;425.77e-6
2014-03-13 13:15:00;431.67e-6
2014-03-13 13:30:00;440.03e-6
2014-03-13 13:45:00;450.72e-6
2014-03-13 14:00:00;462.85e-6
2014-03-13 14:15:00;471.41e-6
2014-03-13 14:30:00;475.95e-6
2014-03-13 14:45:00;477.33e-6
2014-03-13 15:00:00;475.95e-6
2014-03-13 15:15:00;473.34e-6
2014-03-13 15:30:00;473.26e-6
2014-03-13 15:45:00;476.24e-6
2014-03-13 16:00:00;484.42e-6
2014-03-13 16:15:00;489.77e-6
2014-03-13 16:30:00;512.33e-6
2014-03-13 16:45:00;538.28e-6
2014-03-13 17:00:00;570.13e-6
2014-03-13 17:15:00;595.50e-6
2014-03-13 17:30:00;621.10e-6
2014-03-13 17:45:00;647.28e-6
2014-03-13 18:00:00;668.83e-6
2014-03-13 18:15:00;688.24e-6
2014-03-13 18:30:00;705.21e-6
2014-03-13 18:45:00;714.04e-6
2014-03-13 19:00:00;713.50e-6
2014-03-13 19:15:00;708.64e-6
2014-03-13 19:30:00;711.11e-6
2014-03-13 19:45:00;697.69e-6
2014-03-13 20:00:00;687.27e-6
2014-03-13 20:15:00;668.48e-6
2014-03-13 20:30:00;645.64e-6
2014-03-13 20:45:00;623.64e-6
2014-03-13 21:00:00;603.65e-6
2014-03-13 21:15:00;576.43e-6
2014-03-13 21:30:00;545.43e-6
2014-03-13 21:45:00;508.73e-6
2014-03-13 22:00:00;465.70e-6
2014-03-13 22:15:00;418.28e-6
2014-03-13 22:30:00;373.25e-6
2014-03-13 22:45:00;330.74e-6
2014-03-13 23:00:00;294.57e-6
2014-03-13 23:15:00;256.06e-6
2014-03-13 23:30:00;239.30e-6
2014-03-13 23:45:00;229.10e-6
2014-03-14 00:00:00;211.66e-6
2014-03-14 00:15:00;215.62e-6
2014-03-14 00:30:00;228.95e-6
2014-03-14 00:45:00;245.17e-6
2014-03-14 01:00:00;261.86e-6
2014-03-14 01:15:00;279.43e-6
2014-03-14 01:30:00;294.95e-6
2014-03-14 01:45:00;308.78e-6
2014-03-14 02:00:00;320.68e-6
2014-03-14 02:15:00;325.80e-6
2014-03-14 02:30:00;326.55e-6
2014-03-14 02:45:00;324.37e-6
2014-03-14 03:00:00;315.61e-6
2014-03-14 03:15:00;302.24e-6
2014-03-14 03:30:00;284.52e-6
2014-03-14 03:45:00;265.23e-6
2014-03-14 04:00:00;254.27e-6
2014-03-14 04:15:00;242.22e-6
2014-03-14 04:30:00;238.78e-6
2014-03-14 04:45:00;245.38e-6
2014-03-14 05:00:00;251.54e-6
2014-03-14 05:15:00;267.85e-6
2014-03-14 05:30:00;292.75e-6
2014-03-14 05:45:00;328.49e-6
2014-03-14 06:00:00;378.72e-6
2014-03-14 06:15:00;426.05e-6
2014-03-14 06:30:00;504.91e-6
2014-03-14 06:45:00;509.65e-6
2014-03-14 07:00:00;526.68e-6
2014-03-14 07:15:00;533.64e-6
2014-03-14 07:30:00;535.83e-6
2014-03-14 07:45:00;516.94e-6
2014-03-14 08:00:00;505.65e-6
2014-03-14 08:15:00;487.82e-6
2014-03-14 08:30:00;461.11e-6
2014-03-14 08:45:00;437.03e-6
2014-03-14 09:00:00;415.05e-6
2014-03-14 09:15:00;405.84e-6
2014-03-14 09:30:00;405.96e-6
2014-03-14 09:45:00;407.98e-6
2014-03-14 10:00:00;412.15e-6
2014-03-14 10:15:00;414.04e-6
2014-03-14 10:30:00;417.48e-6
2014-03-14 10:45:00;427.29e-6
2014-03-14 11:00:00;444.35e-6
2014-03-14 11:15:00;466.76e-6
2014-03-14 11:30:00;471.91e-6
2014-03-14 11:45:00;463.19e-6
2014-03-14 12:00:00;440.28e-6
2014-03-14 12:15:00;427.53e-6
2014-03-14 12:30:00;421.33e-6
2014-03-14 12:45:00;422.67e-6
2014-03-14 13:00:00;424.41e-6
2014-03-14 13:15:00;430.29e-6
2014-03-14 13:30:00;438.62e-6
2014-03-14 13:45:00;449.28e-6
2014-03-14 14:00:00;461.37e-6
2014-03-14 14:15:00;469.91e-6
2014-03-14 14:30:00;474.43e-6
2014-03-14 14:45:00;475.80e-6
2014-03-14 15:00:00;474.43e-6
2014-03-14 15:15:00;471.83e-6
2014-03-14 15:30:00;471.75e-6
2014-03-14 15:45:00;474.72e-6
2014-03-14 16:00:00;482.88e-6
2014-03-14 16:15:00;488.21e-6
2014-03-14 16:30:00;510.70e-6
2014-03-14 16:45:00;536.56e-6
2014-03-14 17:00:00;568.31e-6
2014-03-14 17:15:00;593.60e-6
2014-03-14 17:30:00;619.12e-6
2014-03-14 17:45:00;645.22e-6
2014-03-14 18:00:00;666.70e-6
2014-03-14 18:15:00;686.04e-6
2014-03-14 18:30:00;702.96e-6
2014-03-14 18:45:00;711.76e-6
2014-03-14 19:00:00;711.22e-6
2014-03-14 19:15:00;706.37e-6
2014-03-14 19:30:00;708.84e-6
2014-03-14 19:45:00;695.46e-6
2014-03-14 20:00:00;685.08e-6
2014-03-14 20:15:00;666.35e-6
2014-03-14 20:30:00;643.58e-6
2014-03-14 20:45:00;621.65e-6
2014-03-14 21:00:00;601.72e-6
2014-03-14 21:15:00;574.59e-6
2014-03-14 21:30:00;543.69e-6
2014-03-14 21:45:00;507.10e-6
2014-03-14 22:00:00;464.21e-6
2014-03-14 22:15:00;416.95e-6
2014-03-14 22:30:00;372.06e-6
2014-03-14 22:45:00;329.68e-6
2014-03-14 23:00:00;293.63e-6
2014-03-14 23:15:00;255.24e-6
2014-03-14 23:30:00;238.53e-6
2014-03-14 23:45:00;228.37e-6
2014-03-15 00:00:00;251.97e-6
2014-03-15 00:15:00;243.17e-6
2014-03-15 00:30:00;241.10e-6
2014-03-15 00:45:00;243.96e-6
2014-03-15 01:00:00;253.75e-6
2014-03-15 01:15:00;268.92e-6
2014-03-15 01:30:00;284.20e-6
2014-03-15 01:45:00;298.29e-6
2014-03-15 02:00:00;310.01e-6
2014-03-15 02:15:00;317.75e-6
2014-03-15 02:30:00;319.57e-6
2014-03-15 02:45:00;317.79e-6
2014-03-15 03:00:00;310.10e-6
2014-03-15 03:15:00;296.30e-6
2014-03-15 03:30:00;277.97e-6
2014-03-15 03:45:00;259.84e-6
2014-03-15 04:00:00;248.16e-6
2014-03-15 04:15:00;236.75e-6
2014-03-15 04:30:00;228.79e-6
2014-03-15 04:45:00;219.08e-6
2014-03-15 05:00:00;211.05e-6
2014-03-15 05:15:00;210.28e-6
2014-03-15 05:30:00;217.92e-6
2014-03-15 05:45:00;237.78e-6
2014-03-15 06:00:00;274.27e-6
2014-03-15 06:15:00;314.08e-6
2014-03-15 06:30:00;381.27e-6
2014-03-15 06:45:00;395.65e-6
2014-03-15 07:00:00;426.05e-6
2014-03-15 07:15:00;447.63e-6
2014-03-15 07:30:00;482.98e-6
2014-03-15 07:45:00;497.35e-6
2014-03-15 08:00:00;517.01e-6
2014-03-15 08:15:00;531.83e-6
2014-03-15 08:30:00;518.12e-6
2014-03-15 08:45:00;520.01e-6
2014-03-15 09:00:00;523.35e-6
2014-03-15 09:15:00;531.61e-6
2014-03-15 09:30:00;539.80e-6
2014-03-15 09:45:00;547.90e-6
2014-03-15 10:00:00;556.19e-6
2014-03-15 10:15:00;564.59e-6
2014-03-15 10:30:00;575.15e-6
2014-03-15 10:45:00;595.14e-6
2014-03-15 11:00:00;626.09e-6
2014-03-15 11:15:00;678.25e-6
2014-03-15 11:30:00;696.23e-6
2014-03-15 11:45:00;685.14e-6
2014-03-15 12:00:00;639.48e-6
2014-03-15 12:15:00;588.08e-6
2014-03-15 12:30:00;561.69e-6
2014-03-15 12:45:00;551.39e-6
2014-03-15 13:00:00;540.48e-6
2014-03-15 13:15:00;537.54e-6
2014-03-15 13:30:00;540.51e-6
2014-03-15 13:45:00;549.79e-6
2014-03-15 14:00:00;564.31e-6
2014-03-15 14:15:00;578.60e-6
2014-03-15 14:30:00;591.37e-6
2014-03-15 14:45:00;602.42e-6
2014-03-15 15:00:00;610.89e-6
2014-03-15 15:15:00;617.71e-6
2014-03-15 15:30:00;625.83e-6
2014-03-15 15:45:00;635.30e-6
2014-03-15 16:00:00;648.40e-6
2014-03-15 16:15:00;658.16e-6
2014-03-15 16:30:00;683.45e-6
2014-03-15 16:45:00;709.77e-6
2014-03-15 17:00:00;734.83e-6
2014-03-15 17:15:00;752.63e-6
2014-03-15 17:30:00;768.66e-6
2014-03-15 17:45:00;781.33e-6
2014-03-15 18:00:00;791.46e-6
2014-03-15 18:15:00;795.24e-6
2014-03-15 18:30:00;802.21e-6
2014-03-15 18:45:00;789.15e-6
2014-03-15 19:00:00;766.87e-6
2014-03-15 19:15:00;740.17e-6
2014-03-15 19:30:00;706.63e-6
2014-03-15 19:45:00;684.69e-6
2014-03-15 20:00:00;672.34e-6
2014-03-15 20:15:00;653.70e-6
2014-03-15 20:30:00;633.53e-6
2014-03-15 20:45:00;618.08e-6
2014-03-15 21:00:00;601.48e-6
2014-03-15 21:15:00;581.52e-6
2014-03-15 21:30:00;557.29e-6
2014-03-15 21:45:00;528.80e-6
2014-03-15 22:00:00;494.92e-6
2014-03-15 22:15:00;457.00e-6
2014-03-15 22:30:00;421.05e-6
2014-03-15 22:45:00;387.31e-6
2014-03-15 23:00:00;356.39e-6
2014-03-15 23:15:00;328.20e-6
2014-03-15 23:30:00;304.44e-6
2014-03-15 23:45:00;295.42e-6
2014-03-16 00:00:00;276.88e-6
2014-03-16 00:15:00;275.38e-6
2014-03-16 00:30:00;280.08e-6
2014-03-16 00:45:00;290.64e-6
2014-03-16 01:00:00;301.40e-6
2014-03-16 01:15:00;315.13e-6
2014-03-16 01:30:00;325.07e-6
2014-03-16 01:45:00;335.61e-6
2014-03-16 02:00:00;343.35e-6
2014-03-16 02:15:00;347.00e-6
2014-03-16 02:30:00;348.36e-6
2014-03-16 02:45:00;345.16e-6
2014-03-16 03:00:00;334.34e-6
2014-03-16 03:15:00;317.29e-6
2014-03-16 03:30:00;296.43e-6
2014-03-16 03:45:00;277.91e-6
2014-03-16 04:00:00;267.46e-6
2014-03-16 04:15:00;254.78e-6
2014-03-16 04:30:00;246.21e-6
2014-03-16 04:45:00;235.10e-6
2014-03-16 05:00:00;225.17e-6
2014-03-16 05:15:00;221.54e-6
2014-03-16 05:30:00;225.38e-6
2014-03-16 05:45:00;240.47e-6
2014-03-16 06:00:00;271.19e-6
2014-03-16 06:15:00;306.00e-6
2014-03-16 06:30:00;365.81e-6
2014-03-16 06:45:00;379.19e-6
2014-03-16 07:00:00;415.21e-6
2014-03-16 07:15:00;448.32e-6
2014-03-16 07:30:00;505.92e-6
2014-03-16 07:45:00;549.74e-6
2014-03-16 08:00:00;597.67e-6
2014-03-16 08:15:00;643.37e-6
2014-03-16 08:30:00;657.09e-6
2014-03-16 08:45:00;674.37e-6
2014-03-16 09:00:00;683.30e-6
2014-03-16 09:15:00;696.60e-6
2014-03-16 09:30:00;707.34e-6
2014-03-16 09:45:00;718.78e-6
2014-03-16 10:00:00;733.08e-6
2014-03-16 10:15:00;752.27e-6
2014-03-16 10:30:00;772.30e-6
2014-03-16 10:45:00;802.94e-6
2014-03-16 11:00:00;844.12e-6
2014-03-16 11:15:00;905.71e-6
2014-03-16 11:30:00;912.40e-6
2014-03-16 11:45:00;874.70e-6
2014-03-16 12:00:00;798.65e-6
2014-03-16 12:15:00;721.74e-6
2014-03-16 12:30:00;674.94e-6
2014-03-16 12:45:00;652.71e-6
2014-03-16 13:00:00;627.50e-6
2014-03-16 13:15:00;612.00e-6
2014-03-16 13:30:00;602.48e-6
2014-03-16 13:45:00;599.56e-6
2014-03-16 14:00:00;601.99e-6
2014-03-16 14:15:00;604.18e-6
2014-03-16 14:30:00;605.23e-6
2014-03-16 14:45:00;605.62e-6
2014-03-16 15:00:00;604.90e-6
2014-03-16 15:15:00;604.07e-6
2014-03-16 15:30:00;606.37e-6
2014-03-16 15:45:00;611.54e-6
2014-03-16 16:00:00;621.94e-6
2014-03-16 16:15:00;628.51e-6
2014-03-16 16:30:00;654.40e-6
2014-03-16 16:45:00;677.33e-6
2014-03-16 17:00:00;703.14e-6
2014-03-16 17:15:00;722.53e-6
2014-03-16 17:30:00;741.87e-6
2014-03-16 17:45:00;759.07e-6
2014-03-16 18:00:00;775.78e-6
2014-03-16 18:15:00;782.29e-6
2014-03-16 18:30:00;793.02e-6
2014-03-16 18:45:00;787.75e-6
2014-03-16 19:00:00;773.40e-6
2014-03-16 19:15:00;750.27e-6
2014-03-16 19:30:00;711.71e-6
2014-03-16 19:45:00;691.81e-6
2014-03-16 20:00:00;681.09e-6
2014-03-16 20:15:00;660.52e-6
2014-03-16 20:30:00;636.19e-6
2014-03-16 20:45:00;619.29e-6
2014-03-16 21:00:00;596.05e-6
2014-03-16 21:15:00;571.28e-6
2014-03-16 21:30:00;540.47e-6
2014-03-16 21:45:00;504.77e-6
2014-03-16 22:00:00;462.15e-6
2014-03-16 22:15:00;415.31e-6
2014-03-16 22:30:00;371.19e-6
2014-03-16 22:45:00;330.67e-6
2014-03-16 23:00:00;296.21e-6
2014-03-16 23:15:00;262.63e-6
2014-03-16 23:30:00;245.25e-6
2014-03-16 23:45:00;233.49e-6
2014-03-17 00:00:00;209.60e-6
2014-03-17 00:15:00;213.52e-6
2014-03-17 00:30:00;226.72e-6
2014-03-17 00:45:00;242.78e-6
2014-03-17 01:00:00;259.31e-6
2014-03-17 01:15:00;276.71e-6
2014-03-17 01:30:00;292.07e-6
2014-03-17 01:45:00;305.77e-6
2014-03-17 02:00:00;317.56e-6
2014-03-17 02:15:00;322.62e-6
2014-03-17 02:30:00;323.36e-6
2014-03-17 02:45:00;321.21e-6
2014-03-17 03:00:00;312.53e-6
2014-03-17 03:15:00;299.30e-6
2014-03-17 03:30:00;281.75e-6
2014-03-17 03:45:00;262.65e-6
2014-03-17 04:00:00;251.79e-6
2014-03-17 04:15:00;239.86e-6
2014-03-17 04:30:00;236.45e-6
2014-03-17 04:45:00;242.99e-6
2014-03-17 05:00:00;249.09e-6
2014-03-17 05:15:00;265.24e-6
2014-03-17 05:30:00;289.90e-6
2014-03-17 05:45:00;325.29e-6
2014-03-17 06:00:00;375.03e-6
2014-03-17 06:15:00;421.90e-6
2014-03-17 06:30:00;499.99e-6
2014-03-17 06:45:00;504.68e-6
2014-03-17 07:00:00;521.55e-6
2014-03-17 07:15:00;528.44e-6
2014-03-17 07:30:00;530.61e-6
2014-03-17 07:45:00;511.90e-6
2014-03-17 08:00:00;500.72e-6
2014-03-17 08:15:00;483.06e-6
2014-03-17 08:30:00;456.62e-6
2014-03-17 08:45:00;432.77e-6
2014-03-17 09:00:00;411.00e-6
2014-03-17 09:15:00;401.88e-6
2014-03-17 09:30:00;402.01e-6
2014-03-17 09:45:00;404.01e-6
2014-03-17 10:00:00;408.13e-6
2014-03-17 10:15:00;410.00e-6
2014-03-17 10:30:00;413.41e-6
2014-03-17 10:45:00;423.12e-6
2014-03-17 11:00:00;440.02e-6
2014-03-17 11:15:00;462.22e-6
2014-03-17 11:30:00;467.31e-6
2014-03-17 11:45:00;458.67e-6
2014-03-17 12:00:00;435.99e-6
2014-03-17 12:15:00;423.37e-6
2014-03-17 12:30:00;417.23e-6
2014-03-17 12:45:00;418.55e-6
2014-03-17 13:00:00;420.27e-6
2014-03-17 13:15:00;426.09e-6
2014-03-17 13:30:00;434.35e-6
2014-03-17 13:45:00;444.90e-6
2014-03-17 14:00:00;456.87e-6
2014-03-17 14:15:00;465.33e-6
2014-03-17 14:30:00;469.81e-6
2014-03-17 14:45:00;471.17e-6
2014-03-17 15:00:00;469.81e-6
2014-03-17 15:15:00;467.23e-6
2014-03-17 15:30:00;467.15e-6
2014-03-17 15:45:00;470.09e-6
2014-03-17 16:00:00;478.17e-6
2014-03-17 16:15:00;483.45e-6
2014-03-17 16:30:00;505.72e-6
2014-03-17 16:45:00;531.33e-6
2014-03-17 17:00:00;562.77e-6
2014-03-17 17:15:00;587.81e-6
2014-03-17 17:30:00;613.09e-6
2014-03-17 17:45:00;638.93e-6
2014-03-17 18:00:00;660.20e-6
2014-03-17 18:15:00;679.35e-6
2014-03-17 18:30:00;696.11e-6
2014-03-17 18:45:00;704.82e-6
2014-03-17 19:00:00;704.29e-6
2014-03-17 19:15:00;699.49e-6
2014-03-17 19:30:00;701.93e-6
2014-03-17 19:45:00;688.68e-6
2014-03-17 20:00:00;678.40e-6
2014-03-17 20:15:00;659.85e-6
2014-03-17 20:30:00;637.31e-6
2014-03-17 20:45:00;615.59e-6
2014-03-17 21:00:00;595.85e-6
2014-03-17 21:15:00;568.99e-6
2014-03-17 21:30:00;538.39e-6
2014-03-17 21:45:00;502.16e-6
2014-03-17 22:00:00;459.69e-6
2014-03-17 22:15:00;412.88e-6
2014-03-17 22:30:00;368.43e-6
2014-03-17 22:45:00;326.47e-6
2014-03-17 23:00:00;290.77e-6
2014-03-17 23:15:00;252.75e-6
2014-03-17 23:30:00;236.21e-6
2014-03-17 23:45:00;226.14e-6
2014-03-18 00:00:00;208.90e-6
2014-03-18 00:15:00;212.81e-6
2014-03-18 00:30:00;225.97e-6
2014-03-18 00:45:00;241.97e-6
2014-03-18 01:00:00;258.45e-6
2014-03-18 01:15:00;275.79e-6
2014-03-18 01:30:00;291.10e-6
2014-03-18 01:45:00;304.75e-6
2014-03-18 02:00:00;316.50e-6
2014-03-18 02:15:00;321.55e-6
2014-03-18 02:30:00;322.29e-6
2014-03-18 02:45:00;320.14e-6
2014-03-18 03:00:00;311.49e-6
2014-03-18 03:15:00;298.30e-6
2014-03-18 03:30:00;280.82e-6
2014-03-18 03:45:00;261.78e-6
2014-03-18 04:00:00;250.96e-6
2014-03-18 04:15:00;239.06e-6
2014-03-18 04:30:00;235.67e-6
2014-03-18 04:45:00;242.18e-6
2014-03-18 05:00:00;248.26e-6
2014-03-18 05:15:00;264.36e-6
2014-03-18 05:30:00;288.93e-6
2014-03-18 05:45:00;324.21e-6
2014-03-18 06:00:00;373.78e-6
2014-03-18 06:15:00;420.50e-6
2014-03-18 06:30:00;498.33e-6
2014-03-18 06:45:00;503.01e-6
2014-03-18 07:00:00;519.82e-6
2014-03-18 07:15:00;526.68e-6
2014-03-18 07:30:00;528.85e-6
2014-03-18 07:45:00;510.20e-6
2014-03-18 08:00:00;499.06e-6
2014-03-18 08:15:00;481.46e-6
2014-03-18 08:30:00;455.10e-6
2014-03-18 08:45:00;431.34e-6
2014-03-18 09:00:00;409.64e-6
2014-03-18 09:15:00;400.55e-6
2014-03-18 09:30:00;400.67e-6
2014-03-18 09:45:00;402.66e-6
2014-03-18 10:00:00;406.78e-6
2014-03-18 10:15:00;408.64e-6
2014-03-18 10:30:00;412.04e-6
2014-03-18 10:45:00;421.72e-6
2014-03-18 11:00:00;438.56e-6
2014-03-18 11:15:00;460.68e-6
2014-03-18 11:30:00;465.76e-6
2014-03-18 11:45:00;457.15e-6
2014-03-18 12:00:00;434.54e-6
2014-03-18 12:15:00;421.96e-6
2014-03-18 12:30:00;415.84e-6
2014-03-18 12:45:00;417.16e-6
2014-03-18 13:00:00;418.88e-6
2014-03-18 13:15:00;424.68e-6
2014-03-18 13:30:00;432.91e-6
2014-03-18 13:45:00;443.42e-6
2014-03-18 14:00:00;455.35e-6
2014-03-18 14:15:00;463.78e-6
2014-03-18 14:30:00;468.25e-6
2014-03-18 14:45:00;469.60e-6
2014-03-18 15:00:00;468.25e-6
2014-03-18 15:15:00;465.68e-6
2014-03-18 15:30:00;465.60e-6
2014-03-18 15:45:00;468.53e-6
2014-03-18 16:00:00;476.58e-6
2014-03-18 16:15:00;481.84e-6
2014-03-18 16:30:00;504.04e-6
2014-03-18 16:45:00;529.57e-6
2014-03-18 17:00:00;560.90e-6
2014-03-18 17:15:00;585.86e-6
2014-03-18 17:30:00;611.05e-6
2014-03-18 17:45:00;636.80e-6
2014-03-18 18:00:00;658.01e-6
2014-03-18 18:15:00;677.10e-6
2014-03-18 18:30:00;693.79e-6
2014-03-18 18:45:00;702.48e-6
2014-03-18 19:00:00;701.95e-6
2014-03-18 19:15:00;697.17e-6
2014-03-18 19:30:00;699.60e-6
2014-03-18 19:45:00;686.39e-6
2014-03-18 20:00:00;676.15e-6
2014-03-18 20:15:00;657.66e-6
2014-03-18 20:30:00;635.19e-6
2014-03-18 20:45:00;613.55e-6
2014-03-18 21:00:00;593.88e-6
2014-03-18 21:15:00;567.10e-6
2014-03-18 21:30:00;536.60e-6
2014-03-18 21:45:00;500.49e-6
2014-03-18 22:00:00;458.16e-6
2014-03-18 22:15:00;411.51e-6
2014-03-18 22:30:00;367.21e-6
2014-03-18 22:45:00;325.38e-6
2014-03-18 23:00:00;289.80e-6
2014-03-18 23:15:00;251.91e-6
2014-03-18 23:30:00;235.42e-6
2014-03-18 23:45:00;225.39e-6
2014-03-19 00:00:00;208.20e-6
2014-03-19 00:15:00;212.10e-6
2014-03-19 00:30:00;225.21e-6
2014-03-19 00:45:00;241.16e-6
2014-03-19 01:00:00;257.58e-6
2014-03-19 01:15:00;274.86e-6
2014-03-19 01:30:00;290.13e-6
2014-03-19 01:45:00;303.73e-6
2014-03-19 02:00:00;315.44e-6
2014-03-19 02:15:00;320.47e-6
2014-03-19 02:30:00;321.21e-6
2014-03-19 02:45:00;319.07e-6
2014-03-19 03:00:00;310.45e-6
2014-03-19 03:15:00;297.30e-6
2014-03-19 03:30:00;279.87e-6
2014-03-19 03:45:00;260.90e-6
2014-03-19 04:00:00;250.12e-6
2014-03-19 04:15:00;238.26e-6
2014-03-19 04:30:00;234.88e-6
2014-03-19 04:45:00;241.37e-6
2014-03-19 05:00:00;247.43e-6
2014-03-19 05:15:00;263.48e-6
2014-03-19 05:30:00;287.97e-6
2014-03-19 05:45:00;323.12e-6
2014-03-19 06:00:00;372.53e-6
2014-03-19 06:15:00;419.09e-6
2014-03-19 06:30:00;496.66e-6
2014-03-19 06:45:00;501.32e-6
2014-03-19 07:00:00;518.08e-6
2014-03-19 07:15:00;524.92e-6
2014-03-19 07:30:00;527.07e-6
2014-03-19 07:45:00;508.49e-6
2014-03-19 08:00:00;497.38e-6
2014-03-19 08:15:00;479.84e-6
2014-03-19 08:30:00;453.58e-6
2014-03-19 08:45:00;429.89e-6
2014-03-19 09:00:00;408.26e-6
2014-03-19 09:15:00;399.20e-6
2014-03-19 09:30:00;399.33e-6
2014-03-19 09:45:00;401.32e-6
2014-03-19 10:00:00;405.42e-6
2014-03-19 10:15:00;407.27e-6
2014-03-19 10:30:00;410.66e-6
2014-03-19 10:45:00;420.30e-6
2014-03-19 11:00:00;437.09e-6
2014-03-19 11:15:00;459.14e-6
2014-03-19 11:30:00;464.20e-6
2014-03-19 11:45:00;455.62e-6
2014-03-19 12:00:00;433.09e-6
2014-03-19 12:15:00;420.55e-6
2014-03-19 12:30:00;414.45e-6
2014-03-19 12:45:00;415.76e-6
2014-03-19 13:00:00;417.47e-6
2014-03-19 13:15:00;423.25e-6
2014-03-19 13:30:00;431.46e-6
2014-03-19 13:45:00;441.94e-6
2014-03-19 14:00:00;453.83e-6
2014-03-19 14:15:00;462.23e-6
2014-03-19 14:30:00;466.68e-6
2014-03-19 14:45:00;468.03e-6
2014-03-19 15:00:00;466.68e-6
2014-03-19 15:15:00;464.12e-6
2014-03-19 15:30:00;464.04e-6
2014-03-19 15:45:00;466.96e-6
2014-03-19 16:00:00;474.98e-6
2014-03-19 16:15:00;480.23e-6
2014-03-19 16:30:00;502.35e-6
2014-03-19 16:45:00;527.79e-6
2014-03-19 17:00:00;559.02e-6
2014-03-19 17:15:00;583.90e-6
2014-03-19 17:30:00;609.00e-6
2014-03-19 17:45:00;634.67e-6
2014-03-19 18:00:00;655.80e-6
2014-03-19 18:15:00;674.83e-6
2014-03-19 18:30:00;691.47e-6
2014-03-19 18:45:00;700.12e-6
2014-03-19 19:00:00;699.60e-6
2014-03-19 19:15:00;694.83e-6
2014-03-19 19:30:00;697.26e-6
2014-03-19 19:45:00;684.09e-6
2014-03-19 20:00:00;673.88e-6
2014-03-19 20:15:00;655.46e-6
2014-03-19 20:30:00;633.06e-6
2014-03-19 20:45:00;611.49e-6
2014-03-19 21:00:00;591.89e-6
2014-03-19 21:15:00;565.20e-6
2014-03-19 21:30:00;534.80e-6
2014-03-19 21:45:00;498.81e-6
2014-03-19 22:00:00;456.63e-6
2014-03-19 22:15:00;410.13e-6
2014-03-19 22:30:00;365.98e-6
2014-03-19 22:45:00;324.29e-6
2014-03-19 23:00:00;288.83e-6
2014-03-19 23:15:00;251.07e-6
2014-03-19 23:30:00;234.63e-6
2014-03-19 23:45:00;224.63e-6
2014-03-20 00:00:00;207.50e-6
2014-03-20 00:15:00;211.38e-6
2014-03-20 00:30:00;224.45e-6
2014-03-20 00:45:00;240.35e-6
2014-03-20 01:00:00;256.71e-6
2014-03-20 01:15:00;273.94e-6
2014-03-20 01:30:00;289.15e-6
2014-03-20 01:45:00;302.71e-6
2014-03-20 02:00:00;314.38e-6
2014-03-20 02:15:00;319.39e-6
2014-03-20 02:30:00;320.12e-6
2014-03-20 02:45:00;317.99e-6
2014-03-20 03:00:00;309.40e-6
2014-03-20 03:15:00;296.30e-6
2014-03-20 03:30:00;278.93e-6
2014-03-20 03:45:00;260.02e-6
2014-03-20 04:00:00;249.27e-6
2014-03-20 04:15:00;237.46e-6
2014-03-20 04:30:00;234.08e-6
2014-03-20 04:45:00;240.56e-6
2014-03-20 05:00:00;246.59e-6
2014-03-20 05:15:00;262.59e-6
2014-03-20 05:30:00;286.99e-6
2014-03-20 05:45:00;322.03e-6
2014-03-20 06:00:00;371.27e-6
2014-03-20 06:15:00;417.67e-6
2014-03-20 06:30:00;494.98e-6
2014-03-20 06:45:00;499.63e-6
2014-03-20 07:00:00;516.33e-6
2014-03-20 07:15:00;523.15e-6
2014-03-20 07:30:00;525.29e-6
2014-03-20 07:45:00;506.77e-6
2014-03-20 08:00:00;495.70e-6
2014-03-20 08:15:00;478.22e-6
2014-03-20 08:30:00;452.04e-6
2014-03-20 08:45:00;428.44e-6
2014-03-20 09:00:00;406.88e-6
2014-03-20 09:15:00;397.85e-6
2014-03-20 09:30:00;397.98e-6
2014-03-20 09:45:00;399.96e-6
2014-03-20 10:00:00;404.05e-6
2014-03-20 10:15:00;405.89e-6
2014-03-20 10:30:00;409.27e-6
2014-03-20 10:45:00;418.88e-6
2014-03-20 11:00:00;435.61e-6
2014-03-20 11:15:00;457.59e-6
2014-03-20 11:30:00;462.63e-6
2014-03-20 11:45:00;454.08e-6
2014-03-20 12:00:00;431.63e-6
2014-03-20 12:15:00;419.12e-6
2014-03-20 12:30:00;413.05e-6
2014-03-20 12:45:00;414.36e-6
2014-03-20 13:00:00;416.06e-6
2014-03-20 13:15:00;421.82e-6
2014-03-20 13:30:00;430.00e-6
2014-03-20 13:45:00;440.45e-6
2014-03-20 14:00:00;452.30e-6
2014-03-20 14:15:00;460.67e-6
2014-03-20 14:30:00;465.10e-6
2014-03-20 14:45:00;466.45e-6
2014-03-20 15:00:00;465.10e-6
2014-03-20 15:15:00;462.55e-6
2014-03-20 15:30:00;462.47e-6
2014-03-20 15:45:00;465.38e-6
2014-03-20 16:00:00;473.38e-6
2014-03-20 16:15:00;478.61e-6
2014-03-20 16:30:00;500.65e-6
2014-03-20 16:45:00;526.01e-6
2014-03-20 17:00:00;557.13e-6
2014-03-20 17:15:00;581.92e-6
2014-03-20 17:30:00;606.94e-6
2014-03-20 17:45:00;632.53e-6
2014-03-20 18:00:00;653.58e-6
2014-03-20 18:15:00;672.55e-6
2014-03-20 18:30:00;689.13e-6
2014-03-20 18:45:00;697.76e-6
2014-03-20 19:00:00;697.24e-6
2014-03-20 19:15:00;692.48e-6
2014-03-20 19:30:00;694.90e-6
2014-03-20 19:45:00;681.78e-6
2014-03-20 20:00:00;671.61e-6
2014-03-20 20:15:00;653.24e-6
2014-03-20 20:30:00;630.92e-6
2014-03-20 20:45:00;609.43e-6
2014-03-20 21:00:00;589.89e-6
2014-03-20 21:15:00;563.29e-6
2014-03-20 21:30:00;533.00e-6
2014-03-20 21:45:00;497.13e-6
2014-03-20 22:00:00;455.09e-6
2014-03-20 22:15:00;408.75e-6
2014-03-20 22:30:00;364.74e-6
2014-03-20 22:45:00;323.20e-6
2014-03-20 23:00:00;287.86e-6
2014-03-20 23:15:00;250.22e-6
2014-03-20 23:30:00;233.84e-6
2014-03-20 23:45:00;223.87e-6
2014-03-21 00:00:00;206.96e-6
2014-03-21 00:15:00;189.43e-6
2014-03-21 00:30:00;177.98e-6
2014-03-21 00:45:00;170.56e-6
2014-03-21 01:00:00;169.69e-6
2014-03-21 01:15:00;172.94e-6
2014-03-21 01:30:00;179.42e-6
2014-03-21 01:45:00;195.02e-6
2014-03-21 02:00:00;212.05e-6
2014-03-21 02:15:00;225.62e-6
2014-03-21 02:30:00;236.03e-6
2014-03-21 02:45:00;241.11e-6
2014-03-21 03:00:00;239.05e-6
2014-03-21 03:15:00;230.94e-6
2014-03-21 03:30:00;222.27e-6
2014-03-21 03:45:00;217.06e-6
2014-03-21 04:00:00;221.05e-6
2014-03-21 04:15:00;223.05e-6
2014-03-21 04:30:00;230.18e-6
2014-03-21 04:45:00;237.10e-6
2014-03-21 05:00:00;244.40e-6
2014-03-21 05:15:00;257.64e-6
2014-03-21 05:30:00;277.33e-6
2014-03-21 05:45:00;305.15e-6
2014-03-21 06:00:00;347.45e-6
2014-03-21 06:15:00;390.14e-6
2014-03-21 06:30:00;459.77e-6
2014-03-21 06:45:00;472.93e-6
2014-03-21 07:00:00;501.31e-6
2014-03-21 07:15:00;512.01e-6
2014-03-21 07:30:00;515.17e-6
2014-03-21 07:45:00;503.96e-6
2014-03-21 08:00:00;493.38e-6
2014-03-21 08:15:00;470.57e-6
2014-03-21 08:30:00;447.62e-6
2014-03-21 08:45:00;424.12e-6
2014-03-21 09:00:00;406.95e-6
2014-03-21 09:15:00;396.74e-6
2014-03-21 09:30:00;394.38e-6
2014-03-21 09:45:00;394.39e-6
2014-03-21 10:00:00;396.36e-6
2014-03-21 10:15:00;396.53e-6
2014-03-21 10:30:00;398.82e-6
2014-03-21 10:45:00;407.83e-6
2014-03-21 11:00:00;425.56e-6
2014-03-21 11:15:00;447.30e-6
2014-03-21 11:30:00;454.77e-6
2014-03-21 11:45:00;450.11e-6
2014-03-21 12:00:00;432.16e-6
2014-03-21 12:15:00;420.22e-6
2014-03-21 12:30:00;411.60e-6
2014-03-21 12:45:00;409.87e-6
2014-03-21 13:00:00;408.24e-6
2014-03-21 13:15:00;409.97e-6
2014-03-21 13:30:00;413.23e-6
2014-03-21 13:45:00;418.08e-6
2014-03-21 14:00:00;423.77e-6
2014-03-21 14:15:00;425.33e-6
2014-03-21 14:30:00;422.82e-6
2014-03-21 14:45:00;417.08e-6
2014-03-21 15:00:00;408.22e-6
2014-03-21 15:15:00;397.12e-6
2014-03-21 15:30:00;387.36e-6
2014-03-21 15:45:00;378.59e-6
2014-03-21 16:00:00;373.36e-6
2014-03-21 16:15:00;363.79e-6
2014-03-21 16:30:00;370.73e-6
2014-03-21 16:45:00;382.50e-6
2014-03-21 17:00:00;398.96e-6
2014-03-21 17:15:00;418.21e-6
2014-03-21 17:30:00;442.65e-6
2014-03-21 17:45:00;475.53e-6
2014-03-21 18:00:00;508.95e-6
2014-03-21 18:15:00;548.33e-6
2014-03-21 18:30:00;586.09e-6
2014-03-21 18:45:00;619.93e-6
2014-03-21 19:00:00;640.01e-6
2014-03-21 19:15:00;652.12e-6
2014-03-21 19:30:00;669.45e-6
2014-03-21 19:45:00;668.74e-6
2014-03-21 20:00:00;664.79e-6
2014-03-21 20:15:00;653.50e-6
2014-03-21 20:30:00;635.64e-6
2014-03-21 20:45:00;614.57e-6
2014-03-21 21:00:00;594.61e-6
2014-03-21 21:15:00;572.79e-6
2014-03-21 21:30:00;549.56e-6
2014-03-21 21:45:00;523.53e-6
2014-03-21 22:00:00;494.41e-6
2014-03-21 22:15:00;460.01e-6
2014-03-21 22:30:00;422.56e-6
2014-03-21 22:45:00;383.08e-6
2014-03-21 23:00:00;343.83e-6
2014-03-21 23:15:00;301.06e-6
2014-03-21 23:30:00;268.18e-6
2014-03-21 23:45:00;238.31e-6
2014-03-22 00:00:00;243.45e-6
2014-03-22 00:15:00;218.66e-6
2014-03-22 00:30:00;200.70e-6
2014-03-22 00:45:00;186.01e-6
2014-03-22 01:00:00;178.08e-6
2014-03-22 01:15:00;177.91e-6
2014-03-22 01:30:00;181.60e-6
2014-03-22 01:45:00;196.53e-6
2014-03-22 02:00:00;211.19e-6
2014-03-22 02:15:00;223.21e-6
2014-03-22 02:30:00;232.65e-6
2014-03-22 02:45:00;236.00e-6
2014-03-22 03:00:00;232.54e-6
2014-03-22 03:15:00;222.59e-6
2014-03-22 03:30:00;213.01e-6
2014-03-22 03:45:00;206.12e-6
2014-03-22 04:00:00;208.03e-6
2014-03-22 04:15:00;212.58e-6
2014-03-22 04:30:00;216.95e-6
2014-03-22 04:45:00;211.87e-6
2014-03-22 05:00:00;207.96e-6
2014-03-22 05:15:00;206.84e-6
2014-03-22 05:30:00;210.88e-6
2014-03-22 05:45:00;223.09e-6
2014-03-22 06:00:00;250.94e-6
2014-03-22 06:15:00;284.40e-6
2014-03-22 06:30:00;340.21e-6
2014-03-22 06:45:00;360.37e-6
2014-03-22 07:00:00;398.54e-6
2014-03-22 07:15:00;424.34e-6
2014-03-22 07:30:00;451.43e-6
2014-03-22 07:45:00;468.34e-6
2014-03-22 08:00:00;488.08e-6
2014-03-22 08:15:00;492.67e-6
2014-03-22 08:30:00;488.15e-6
2014-03-22 08:45:00;492.88e-6
2014-03-22 09:00:00;501.75e-6
2014-03-22 09:15:00;509.87e-6
2014-03-22 09:30:00;516.73e-6
2014-03-22 09:45:00;522.33e-6
2014-03-22 10:00:00;529.21e-6
2014-03-22 10:15:00;536.04e-6
2014-03-22 10:30:00;543.02e-6
2014-03-22 10:45:00;561.41e-6
2014-03-22 11:00:00;591.58e-6
2014-03-22 11:15:00;634.17e-6
2014-03-22 11:30:00;653.49e-6
2014-03-22 11:45:00;645.82e-6
2014-03-22 12:00:00;606.83e-6
2014-03-22 12:15:00;564.88e-6
2014-03-22 12:30:00;536.60e-6
2014-03-22 12:45:00;524.32e-6
2014-03-22 13:00:00;511.15e-6
2014-03-22 13:15:00;505.28e-6
2014-03-22 13:30:00;504.32e-6
2014-03-22 13:45:00;508.53e-6
2014-03-22 14:00:00;516.74e-6
2014-03-22 14:15:00;523.41e-6
2014-03-22 14:30:00;527.75e-6
2014-03-22 14:45:00;529.76e-6
2014-03-22 15:00:00;528.74e-6
2014-03-22 15:15:00;525.32e-6
2014-03-22 15:30:00;522.49e-6
2014-03-22 15:45:00;519.63e-6
2014-03-22 16:00:00;519.75e-6
2014-03-22 16:15:00;514.61e-6
2014-03-22 16:30:00;526.90e-6
2014-03-22 16:45:00;540.52e-6
2014-03-22 17:00:00;555.20e-6
2014-03-22 17:15:00;574.40e-6
2014-03-22 17:30:00;595.33e-6
2014-03-22 17:45:00;621.71e-6
2014-03-22 18:00:00;647.91e-6
2014-03-22 18:15:00;673.17e-6
2014-03-22 18:30:00;696.48e-6
2014-03-22 18:45:00;709.23e-6
2014-03-22 19:00:00;707.04e-6
2014-03-22 19:15:00;699.36e-6
2014-03-22 19:30:00;688.19e-6
2014-03-22 19:45:00;678.46e-6
2014-03-22 20:00:00;668.93e-6
2014-03-22 20:15:00;650.75e-6
2014-03-22 20:30:00;626.62e-6
2014-03-22 20:45:00;605.18e-6
2014-03-22 21:00:00;582.28e-6
2014-03-22 21:15:00;570.55e-6
2014-03-22 21:30:00;554.85e-6
2014-03-22 21:45:00;539.93e-6
2014-03-22 22:00:00;523.22e-6
2014-03-22 22:15:00;501.59e-6
2014-03-22 22:30:00;475.33e-6
2014-03-22 22:45:00;445.14e-6
2014-03-22 23:00:00;410.21e-6
2014-03-22 23:15:00;375.74e-6
2014-03-22 23:30:00;333.05e-6
2014-03-22 23:45:00;301.21e-6
2014-03-23 00:00:00;265.97e-6
2014-03-23 00:15:00;240.90e-6
2014-03-23 00:30:00;220.08e-6
2014-03-23 00:45:00;204.80e-6
2014-03-23 01:00:00;195.55e-6
2014-03-23 01:15:00;193.39e-6
2014-03-23 01:30:00;194.33e-6
2014-03-23 01:45:00;206.81e-6
2014-03-23 02:00:00;220.86e-6
2014-03-23 02:15:00;232.72e-6
2014-03-23 02:30:00;242.01e-6
2014-03-23 02:45:00;247.26e-6
2014-03-23 03:00:00;244.72e-6
2014-03-23 03:15:00;235.25e-6
2014-03-23 03:30:00;228.15e-6
2014-03-23 03:45:00;224.68e-6
2014-03-23 04:00:00;230.82e-6
2014-03-23 04:15:00;234.94e-6
2014-03-23 04:30:00;238.33e-6
2014-03-23 04:45:00;226.86e-6
2014-03-23 05:00:00;218.35e-6
2014-03-23 05:15:00;211.65e-6
2014-03-23 05:30:00;210.20e-6
2014-03-23 05:45:00;216.86e-6
2014-03-23 06:00:00;239.00e-6
2014-03-23 06:15:00;267.36e-6
2014-03-23 06:30:00;316.80e-6
2014-03-23 06:45:00;334.18e-6
2014-03-23 07:00:00;376.35e-6
2014-03-23 07:15:00;413.85e-6
2014-03-23 07:30:00;467.39e-6
2014-03-23 07:45:00;515.39e-6
2014-03-23 08:00:00;562.63e-6
2014-03-23 08:15:00;599.00e-6
2014-03-23 08:30:00;619.90e-6
2014-03-23 08:45:00;639.80e-6
2014-03-23 09:00:00;655.16e-6
2014-03-23 09:15:00;667.62e-6
2014-03-23 09:30:00;675.83e-6
2014-03-23 09:45:00;684.97e-6
2014-03-23 10:00:00;697.34e-6
2014-03-23 10:15:00;712.80e-6
2014-03-23 10:30:00;731.75e-6
2014-03-23 10:45:00;760.95e-6
2014-03-23 11:00:00;802.14e-6
2014-03-23 11:15:00;855.55e-6
2014-03-23 11:30:00;865.45e-6
2014-03-23 11:45:00;835.91e-6
2014-03-23 12:00:00;771.51e-6
2014-03-23 12:15:00;709.05e-6
2014-03-23 12:30:00;661.99e-6
2014-03-23 12:45:00;635.53e-6
2014-03-23 13:00:00;606.56e-6
2014-03-23 13:15:00;585.57e-6
2014-03-23 13:30:00;569.24e-6
2014-03-23 13:45:00;558.20e-6
2014-03-23 14:00:00;551.40e-6
2014-03-23 14:15:00;543.87e-6
2014-03-23 14:30:00;535.19e-6
2014-03-23 14:45:00;525.84e-6
2014-03-23 15:00:00;515.23e-6
2014-03-23 15:15:00;503.70e-6
2014-03-23 15:30:00;493.94e-6
2014-03-23 15:45:00;484.86e-6
2014-03-23 16:00:00;479.40e-6
2014-03-23 16:15:00;468.20e-6
2014-03-23 16:30:00;476.15e-6
2014-03-23 16:45:00;487.93e-6
2014-03-23 17:00:00;498.92e-6
2014-03-23 17:15:00;515.68e-6
2014-03-23 17:30:00;536.42e-6
2014-03-23 17:45:00;561.90e-6
2014-03-23 18:00:00;589.52e-6
2014-03-23 18:15:00;619.14e-6
2014-03-23 18:30:00;645.55e-6
2014-03-23 18:45:00;663.78e-6
2014-03-23 19:00:00;666.65e-6
2014-03-23 19:15:00;663.97e-6
2014-03-23 19:30:00;649.59e-6
2014-03-23 19:45:00;644.18e-6
2014-03-23 20:00:00;641.49e-6
2014-03-23 20:15:00;627.80e-6
2014-03-23 20:30:00;608.25e-6
2014-03-23 20:45:00;591.51e-6
2014-03-23 21:00:00;568.50e-6
2014-03-23 21:15:00;552.31e-6
2014-03-23 21:30:00;531.94e-6
2014-03-23 21:45:00;510.42e-6
2014-03-23 22:00:00;485.62e-6
2014-03-23 22:15:00;456.03e-6
2014-03-23 22:30:00;423.41e-6
2014-03-23 22:45:00;389.36e-6
2014-03-23 23:00:00;354.44e-6
2014-03-23 23:15:00;319.35e-6
2014-03-23 23:30:00;286.31e-6
2014-03-23 23:45:00;256.10e-6
2014-03-24 00:00:00;204.81e-6
2014-03-24 00:15:00;187.47e-6
2014-03-24 00:30:00;176.14e-6
2014-03-24 00:45:00;168.79e-6
2014-03-24 01:00:00;167.94e-6
2014-03-24 01:15:00;171.15e-6
2014-03-24 01:30:00;177.56e-6
2014-03-24 01:45:00;193.00e-6
2014-03-24 02:00:00;209.86e-6
2014-03-24 02:15:00;223.28e-6
2014-03-24 02:30:00;233.58e-6
2014-03-24 02:45:00;238.62e-6
2014-03-24 03:00:00;236.57e-6
2014-03-24 03:15:00;228.56e-6
2014-03-24 03:30:00;219.97e-6
2014-03-24 03:45:00;214.82e-6
2014-03-24 04:00:00;218.76e-6
2014-03-24 04:15:00;220.74e-6
2014-03-24 04:30:00;227.80e-6
2014-03-24 04:45:00;234.65e-6
2014-03-24 05:00:00;241.87e-6
2014-03-24 05:15:00;254.97e-6
2014-03-24 05:30:00;274.46e-6
2014-03-24 05:45:00;301.99e-6
2014-03-24 06:00:00;343.86e-6
2014-03-24 06:15:00;386.10e-6
2014-03-24 06:30:00;455.01e-6
2014-03-24 06:45:00;468.03e-6
2014-03-24 07:00:00;496.12e-6
2014-03-24 07:15:00;506.71e-6
2014-03-24 07:30:00;509.84e-6
2014-03-24 07:45:00;498.75e-6
2014-03-24 08:00:00;488.27e-6
2014-03-24 08:15:00;465.71e-6
2014-03-24 08:30:00;442.99e-6
2014-03-24 08:45:00;419.73e-6
2014-03-24 09:00:00;402.74e-6
2014-03-24 09:15:00;392.63e-6
2014-03-24 09:30:00;390.30e-6
2014-03-24 09:45:00;390.31e-6
2014-03-24 10:00:00;392.26e-6
2014-03-24 10:15:00;392.43e-6
2014-03-24 10:30:00;394.69e-6
2014-03-24 10:45:00;403.61e-6
2014-03-24 11:00:00;421.15e-6
2014-03-24 11:15:00;442.67e-6
2014-03-24 11:30:00;450.07e-6
2014-03-24 11:45:00;445.45e-6
2014-03-24 12:00:00;427.69e-6
2014-03-24 12:15:00;415.88e-6
2014-03-24 12:30:00;407.34e-6
2014-03-24 12:45:00;405.63e-6
2014-03-24 13:00:00;404.02e-6
2014-03-24 13:15:00;405.73e-6
2014-03-24 13:30:00;408.96e-6
2014-03-24 13:45:00;413.76e-6
2014-03-24 14:00:00;419.39e-6
2014-03-24 14:15:00;420.93e-6
2014-03-24 14:30:00;418.45e-6
2014-03-24 14:45:00;412.77e-6
2014-03-24 15:00:00;404.00e-6
2014-03-24 15:15:00;393.02e-6
2014-03-24 15:30:00;383.36e-6
2014-03-24 15:45:00;374.67e-6
2014-03-24 16:00:00;369.50e-6
2014-03-24 16:15:00;360.03e-6
2014-03-24 16:30:00;366.90e-6
2014-03-24 16:45:00;378.54e-6
2014-03-24 17:00:00;394.84e-6
2014-03-24 17:15:00;413.88e-6
2014-03-24 17:30:00;438.07e-6
2014-03-24 17:45:00;470.61e-6
2014-03-24 18:00:00;503.69e-6
2014-03-24 18:15:00;542.66e-6
2014-03-24 18:30:00;580.02e-6
2014-03-24 18:45:00;613.52e-6
2014-03-24 19:00:00;633.39e-6
2014-03-24 19:15:00;645.38e-6
2014-03-24 19:30:00;662.52e-6
2014-03-24 19:45:00;661.83e-6
2014-03-24 20:00:00;657.92e-6
2014-03-24 20:15:00;646.74e-6
2014-03-24 20:30:00;629.06e-6
2014-03-24 20:45:00;608.21e-6
2014-03-24 21:00:00;588.46e-6
2014-03-24 21:15:00;566.87e-6
2014-03-24 21:30:00;543.88e-6
2014-03-24 21:45:00;518.11e-6
2014-03-24 22:00:00;489.30e-6
2014-03-24 22:15:00;455.25e-6
2014-03-24 22:30:00;418.19e-6
2014-03-24 22:45:00;379.12e-6
2014-03-24 23:00:00;340.28e-6
2014-03-24 23:15:00;297.95e-6
2014-03-24 23:30:00;265.41e-6
2014-03-24 23:45:00;235.85e-6
2014-03-25 00:00:00;204.10e-6
2014-03-25 00:15:00;186.81e-6
2014-03-25 00:30:00;175.52e-6
2014-03-25 00:45:00;168.20e-6
2014-03-25 01:00:00;167.35e-6
2014-03-25 01:15:00;170.55e-6
2014-03-25 01:30:00;176.94e-6
2014-03-25 01:45:00;192.32e-6
2014-03-25 02:00:00;209.12e-6
2014-03-25 02:15:00;222.50e-6
2014-03-25 02:30:00;232.76e-6
2014-03-25 02:45:00;237.78e-6
2014-03-25 03:00:00;235.74e-6
2014-03-25 03:15:00;227.75e-6
2014-03-25 03:30:00;219.20e-6
2014-03-25 03:45:00;214.06e-6
2014-03-25 04:00:00;218.00e-6
2014-03-25 04:15:00;219.96e-6
2014-03-25 04:30:00;227.00e-6
2014-03-25 04:45:00;233.83e-6
2014-03-25 05:00:00;241.02e-6
2014-03-25 05:15:00;254.08e-6
2014-03-25 05:30:00;273.50e-6
2014-03-25 05:45:00;300.93e-6
2014-03-25 06:00:00;342.65e-6
2014-03-25 06:15:00;384.75e-6
2014-03-25 06:30:00;453.41e-6
2014-03-25 06:45:00;466.39e-6
2014-03-25 07:00:00;494.38e-6
2014-03-25 07:15:00;504.93e-6
2014-03-25 07:30:00;508.05e-6
2014-03-25 07:45:00;497.00e-6
2014-03-25 08:00:00;486.56e-6
2014-03-25 08:15:00;464.07e-6
2014-03-25 08:30:00;441.44e-6
2014-03-25 08:45:00;418.26e-6
2014-03-25 09:00:00;401.32e-6
2014-03-25 09:15:00;391.26e-6
2014-03-25 09:30:00;388.93e-6
2014-03-25 09:45:00;388.94e-6
2014-03-25 10:00:00;390.88e-6
2014-03-25 10:15:00;391.06e-6
2014-03-25 10:30:00;393.31e-6
2014-03-25 10:45:00;402.20e-6
2014-03-25 11:00:00;419.68e-6
2014-03-25 11:15:00;441.12e-6
2014-03-25 11:30:00;448.49e-6
2014-03-25 11:45:00;443.89e-6
2014-03-25 12:00:00;426.19e-6
2014-03-25 12:15:00;414.42e-6
2014-03-25 12:30:00;405.91e-6
2014-03-25 12:45:00;404.21e-6
2014-03-25 13:00:00;402.60e-6
2014-03-25 13:15:00;404.30e-6
2014-03-25 13:30:00;407.52e-6
2014-03-25 13:45:00;412.30e-6
2014-03-25 14:00:00;417.92e-6
2014-03-25 14:15:00;419.45e-6
2014-03-25 14:30:00;416.98e-6
2014-03-25 14:45:00;411.32e-6
2014-03-25 15:00:00;402.58e-6
2014-03-25 15:15:00;391.64e-6
2014-03-25 15:30:00;382.01e-6
2014-03-25 15:45:00;373.36e-6
2014-03-25 16:00:00;368.20e-6
2014-03-25 16:15:00;358.76e-6
2014-03-25 16:30:00;365.61e-6
2014-03-25 16:45:00;377.22e-6
2014-03-25 17:00:00;393.45e-6
2014-03-25 17:15:00;412.43e-6
2014-03-25 17:30:00;436.54e-6
2014-03-25 17:45:00;468.96e-6
2014-03-25 18:00:00;501.92e-6
2014-03-25 18:15:00;540.75e-6
2014-03-25 18:30:00;577.99e-6
2014-03-25 18:45:00;611.37e-6
2014-03-25 19:00:00;631.17e-6
2014-03-25 19:15:00;643.11e-6
2014-03-25 19:30:00;660.20e-6
2014-03-25 19:45:00;659.50e-6
2014-03-25 20:00:00;655.61e-6
2014-03-25 20:15:00;644.47e-6
2014-03-25 20:30:00;626.86e-6
2014-03-25 20:45:00;606.08e-6
2014-03-25 21:00:00;586.40e-6
2014-03-25 21:15:00;564.88e-6
2014-03-25 21:30:00;541.97e-6
2014-03-25 21:45:00;516.29e-6
2014-03-25 22:00:00;487.58e-6
2014-03-25 22:15:00;453.65e-6
2014-03-25 22:30:00;416.72e-6
2014-03-25 22:45:00;377.79e-6
2014-03-25 23:00:00;339.08e-6
2014-03-25 23:15:00;296.90e-6
2014-03-25 23:30:00;264.47e-6
2014-03-25 23:45:00;235.02e-6
2014-03-26 00:00:00;203.38e-6
2014-03-26 00:15:00;186.15e-6
2014-03-26 00:30:00;174.90e-6
2014-03-26 00:45:00;167.61e-6
2014-03-26 01:00:00;166.76e-6
2014-03-26 01:15:00;169.95e-6
2014-03-26 01:30:00;176.31e-6
2014-03-26 01:45:00;191.64e-6
2014-03-26 02:00:00;208.38e-6
2014-03-26 02:15:00;221.71e-6
2014-03-26 02:30:00;231.94e-6
2014-03-26 02:45:00;236.94e-6
2014-03-26 03:00:00;234.91e-6
2014-03-26 03:15:00;226.95e-6
2014-03-26 03:30:00;218.43e-6
2014-03-26 03:45:00;213.31e-6
2014-03-26 04:00:00;217.23e-6
2014-03-26 04:15:00;219.19e-6
2014-03-26 04:30:00;226.20e-6
2014-03-26 04:45:00;233.00e-6
2014-03-26 05:00:00;240.17e-6
2014-03-26 05:15:00;253.18e-6
2014-03-26 05:30:00;272.53e-6
2014-03-26 05:45:00;299.87e-6
2014-03-26 06:00:00;341.44e-6
2014-03-26 06:15:00;383.39e-6
2014-03-26 06:30:00;451.81e-6
2014-03-26 06:45:00;464.74e-6
2014-03-26 07:00:00;492.64e-6
2014-03-26 07:15:00;503.15e-6
2014-03-26 07:30:00;506.26e-6
2014-03-26 07:45:00;495.24e-6
2014-03-26 08:00:00;484.84e-6
2014-03-26 08:15:00;462.43e-6
2014-03-26 08:30:00;439.88e-6
2014-03-26 08:45:00;416.78e-6
2014-03-26 09:00:00;399.91e-6
2014-03-26 09:15:00;389.87e-6
2014-03-26 09:30:00;387.56e-6
2014-03-26 09:45:00;387.57e-6
2014-03-26 10:00:00;389.50e-6
2014-03-26 10:15:00;389.67e-6
2014-03-26 10:30:00;391.92e-6
2014-03-26 10:45:00;400.77e-6
2014-03-26 11:00:00;418.19e-6
2014-03-26 11:15:00;439.56e-6
2014-03-26 11:30:00;446.90e-6
2014-03-26 11:45:00;442.32e-6
2014-03-26 12:00:00;424.69e-6
2014-03-26 12:15:00;412.95e-6
2014-03-26 12:30:00;404.48e-6
2014-03-26 12:45:00;402.78e-6
2014-03-26 13:00:00;401.18e-6
2014-03-26 13:15:00;402.87e-6
2014-03-26 13:30:00;406.08e-6
2014-03-26 13:45:00;410.85e-6
2014-03-26 14:00:00;416.44e-6
2014-03-26 14:15:00;417.97e-6
2014-03-26 14:30:00;415.50e-6
2014-03-26 14:45:00;409.87e-6
2014-03-26 15:00:00;401.16e-6
2014-03-26 15:15:00;390.25e-6
2014-03-26 15:30:00;380.66e-6
2014-03-26 15:45:00;372.04e-6
2014-03-26 16:00:00;366.90e-6
2014-03-26 16:15:00;357.50e-6
2014-03-26 16:30:00;364.32e-6
2014-03-26 16:45:00;375.88e-6
2014-03-26 17:00:00;392.06e-6
2014-03-26 17:15:00;410.97e-6
2014-03-26 17:30:00;434.99e-6
2014-03-26 17:45:00;467.31e-6
2014-03-26 18:00:00;500.15e-6
2014-03-26 18:15:00;538.84e-6
2014-03-26 18:30:00;575.95e-6
2014-03-26 18:45:00;609.21e-6
2014-03-26 19:00:00;628.94e-6
2014-03-26 19:15:00;640.84e-6
2014-03-26 19:30:00;657.87e-6
2014-03-26 19:45:00;657.17e-6
2014-03-26 20:00:00;653.29e-6
2014-03-26 20:15:00;642.20e-6
2014-03-26 20:30:00;624.64e-6
2014-03-26 20:45:00;603.94e-6
2014-03-26 21:00:00;584.33e-6
2014-03-26 21:15:00;562.88e-6
2014-03-26 21:30:00;540.06e-6
2014-03-26 21:45:00;514.47e-6
2014-03-26 22:00:00;485.86e-6
2014-03-26 22:15:00;452.05e-6
2014-03-26 22:30:00;415.25e-6
2014-03-26 22:45:00;376.46e-6
2014-03-26 23:00:00;337.89e-6
2014-03-26 23:15:00;295.85e-6
2014-03-26 23:30:00;263.54e-6
2014-03-26 23:45:00;234.19e-6
2014-03-27 00:00:00;202.65e-6
2014-03-27 00:15:00;185.49e-6
2014-03-27 00:30:00;174.28e-6
2014-03-27 00:45:00;167.01e-6
2014-03-27 01:00:00;166.16e-6
2014-03-27 01:15:00;169.34e-6
2014-03-27 01:30:00;175.69e-6
2014-03-27 01:45:00;190.96e-6
2014-03-27 02:00:00;207.64e-6
2014-03-27 02:15:00;220.93e-6
2014-03-27 02:30:00;231.12e-6
2014-03-27 02:45:00;236.10e-6
2014-03-27 03:00:00;234.07e-6
2014-03-27 03:15:00;226.14e-6
2014-03-27 03:30:00;217.65e-6
2014-03-27 03:45:00;212.55e-6
2014-03-27 04:00:00;216.45e-6
2014-03-27 04:15:00;218.41e-6
2014-03-27 04:30:00;225.40e-6
2014-03-27 04:45:00;232.17e-6
2014-03-27 05:00:00;239.32e-6
2014-03-27 05:15:00;252.28e-6
2014-03-27 05:30:00;271.56e-6
2014-03-27 05:45:00;298.81e-6
2014-03-27 06:00:00;340.23e-6
2014-03-27 06:15:00;382.02e-6
2014-03-27 06:30:00;450.21e-6
2014-03-27 06:45:00;463.09e-6
2014-03-27 07:00:00;490.89e-6
2014-03-27 07:15:00;501.36e-6
2014-03-27 07:30:00;504.46e-6
2014-03-27 07:45:00;493.48e-6
2014-03-27 08:00:00;483.12e-6
2014-03-27 08:15:00;460.79e-6
2014-03-27 08:30:00;438.31e-6
2014-03-27 08:45:00;415.30e-6
2014-03-27 09:00:00;398.48e-6
2014-03-27 09:15:00;388.49e-6
2014-03-27 09:30:00;386.18e-6
2014-03-27 09:45:00;386.19e-6
2014-03-27 10:00:00;388.12e-6
2014-03-27 10:15:00;388.29e-6
2014-03-27 10:30:00;390.52e-6
2014-03-27 10:45:00;399.35e-6
2014-03-27 11:00:00;416.71e-6
2014-03-27 11:15:00;438.00e-6
2014-03-27 11:30:00;445.31e-6
2014-03-27 11:45:00;440.75e-6
2014-03-27 12:00:00;423.18e-6
2014-03-27 12:15:00;411.49e-6
2014-03-27 12:30:00;403.04e-6
2014-03-27 12:45:00;401.35e-6
2014-03-27 13:00:00;399.76e-6
2014-03-27 13:15:00;401.44e-6
2014-03-27 13:30:00;404.64e-6
2014-03-27 13:45:00;409.39e-6
2014-03-27 14:00:00;414.96e-6
2014-03-27 14:15:00;416.48e-6
2014-03-27 14:30:00;414.03e-6
2014-03-27 14:45:00;408.41e-6
2014-03-27 15:00:00;399.74e-6
2014-03-27 15:15:00;388.87e-6
2014-03-27 15:30:00;379.31e-6
2014-03-27 15:45:00;370.72e-6
2014-03-27 16:00:00;365.59e-6
2014-03-27 16:15:00;356.22e-6
2014-03-27 16:30:00;363.02e-6
2014-03-27 16:45:00;374.55e-6
2014-03-27 17:00:00;390.67e-6
2014-03-27 17:15:00;409.51e-6
2014-03-27 17:30:00;433.45e-6
2014-03-27 17:45:00;465.64e-6
2014-03-27 18:00:00;498.37e-6
2014-03-27 18:15:00;536.93e-6
2014-03-27 18:30:00;573.90e-6
2014-03-27 18:45:00;607.04e-6
2014-03-27 19:00:00;626.70e-6
2014-03-27 19:15:00;638.56e-6
2014-03-27 19:30:00;655.53e-6
2014-03-27 19:45:00;654.84e-6
2014-03-27 20:00:00;650.97e-6
2014-03-27 20:15:00;639.91e-6
2014-03-27 20:30:00;622.42e-6
2014-03-27 20:45:00;601.79e-6
2014-03-27 21:00:00;582.25e-6
2014-03-27 21:15:00;560.88e-6
2014-03-27 21:30:00;538.13e-6
2014-03-27 21:45:00;512.64e-6
2014-03-27 22:00:00;484.13e-6
2014-03-27 22:15:00;450.44e-6
2014-03-27 22:30:00;413.77e-6
2014-03-27 22:45:00;375.12e-6
2014-03-27 23:00:00;336.68e-6
2014-03-27 23:15:00;294.80e-6
2014-03-27 23:30:00;262.60e-6
2014-03-27 23:45:00;233.35e-6
2014-03-28 00:00:00;201.93e-6
2014-03-28 00:15:00;184.82e-6
2014-03-28 00:30:00;173.65e-6
2014-03-28 00:45:00;166.41e-6
2014-03-28 01:00:00;165.57e-6
2014-03-28 01:15:00;168.74e-6
2014-03-28 01:30:00;175.06e-6
2014-03-28 01:45:00;190.28e-6
2014-03-28 02:00:00;206.90e-6
2014-03-28 02:15:00;220.14e-6
2014-03-28 02:30:00;230.29e-6
2014-03-28 02:45:00;235.26e-6
2014-03-28 03:00:00;233.24e-6
2014-03-28 03:15:00;225.33e-6
2014-03-28 03:30:00;216.87e-6
2014-03-28 03:45:00;211.79e-6
2014-03-28 04:00:00;215.68e-6
2014-03-28 04:15:00;217.63e-6
2014-03-28 04:30:00;224.59e-6
2014-03-28 04:45:00;231.34e-6
2014-03-28 05:00:00;238.46e-6
2014-03-28 05:15:00;251.38e-6
2014-03-28 05:30:00;270.59e-6
2014-03-28 05:45:00;297.74e-6
2014-03-28 06:00:00;339.01e-6
2014-03-28 06:15:00;380.66e-6
2014-03-28 06:30:00;448.60e-6
2014-03-28 06:45:00;461.44e-6
2014-03-28 07:00:00;489.13e-6
2014-03-28 07:15:00;499.57e-6
2014-03-28 07:30:00;502.65e-6
2014-03-28 07:45:00;491.72e-6
2014-03-28 08:00:00;481.39e-6
2014-03-28 08:15:00;459.14e-6
2014-03-28 08:30:00;436.74e-6
2014-03-28 08:45:00;413.82e-6
2014-03-28 09:00:00;397.06e-6
2014-03-28 09:15:00;387.10e-6
2014-03-28 09:30:00;384.80e-6
2014-03-28 09:45:00;384.81e-6
2014-03-28 10:00:00;386.73e-6
2014-03-28 10:15:00;386.90e-6
2014-03-28 10:30:00;389.13e-6
2014-03-28 10:45:00;397.92e-6
2014-03-28 11:00:00;415.22e-6
2014-03-28 11:15:00;436.43e-6
2014-03-28 11:30:00;443.72e-6
2014-03-28 11:45:00;439.17e-6
2014-03-28 12:00:00;421.66e-6
2014-03-28 12:15:00;410.01e-6
2014-03-28 12:30:00;401.60e-6
2014-03-28 12:45:00;399.91e-6
2014-03-28 13:00:00;398.33e-6
2014-03-28 13:15:00;400.00e-6
2014-03-28 13:30:00;403.19e-6
2014-03-28 13:45:00;407.92e-6
2014-03-28 14:00:00;413.48e-6
2014-03-28 14:15:00;414.99e-6
2014-03-28 14:30:00;412.55e-6
2014-03-28 14:45:00;406.95e-6
2014-03-28 15:00:00;398.31e-6
2014-03-28 15:15:00;387.48e-6
2014-03-28 15:30:00;377.95e-6
2014-03-28 15:45:00;369.39e-6
2014-03-28 16:00:00;364.29e-6
2014-03-28 16:15:00;354.95e-6
2014-03-28 16:30:00;361.72e-6
2014-03-28 16:45:00;373.21e-6
2014-03-28 17:00:00;389.27e-6
2014-03-28 17:15:00;408.04e-6
2014-03-28 17:30:00;431.90e-6
2014-03-28 17:45:00;463.98e-6
2014-03-28 18:00:00;496.58e-6
2014-03-28 18:15:00;535.00e-6
2014-03-28 18:30:00;571.85e-6
2014-03-28 18:45:00;604.87e-6
2014-03-28 19:00:00;624.46e-6
2014-03-28 19:15:00;636.28e-6
2014-03-28 19:30:00;653.18e-6
2014-03-28 19:45:00;652.49e-6
2014-03-28 20:00:00;648.64e-6
2014-03-28 20:15:00;637.62e-6
2014-03-28 20:30:00;620.19e-6
2014-03-28 20:45:00;599.64e-6
2014-03-28 21:00:00;580.17e-6
2014-03-28 21:15:00;558.87e-6
2014-03-28 21:30:00;536.21e-6
2014-03-28 21:45:00;510.81e-6
2014-03-28 22:00:00;482.40e-6
2014-03-28 22:15:00;448.83e-6
2014-03-28 22:30:00;412.29e-6
2014-03-28 22:45:00;373.78e-6
2014-03-28 23:00:00;335.48e-6
2014-03-28 23:15:00;293.75e-6
2014-03-28 23:30:00;261.66e-6
2014-03-28 23:45:00;232.52e-6
2014-03-29 00:00:00;237.49e-6
2014-03-29 00:15:00;213.32e-6
2014-03-29 00:30:00;195.79e-6
2014-03-29 00:45:00;181.46e-6
2014-03-29 01:00:00;173.72e-6
2014-03-29 01:15:00;173.56e-6
2014-03-29 01:30:00;177.16e-6
2014-03-29 01:45:00;191.72e-6
2014-03-29 02:00:00;206.03e-6
2014-03-29 02:15:00;217.75e-6
2014-03-29 02:30:00;226.96e-6
2014-03-29 02:45:00;230.23e-6
2014-03-29 03:00:00;226.85e-6
2014-03-29 03:15:00;217.15e-6
2014-03-29 03:30:00;207.80e-6
2014-03-29 03:45:00;201.08e-6
2014-03-29 04:00:00;202.95e-6
2014-03-29 04:15:00;207.38e-6
2014-03-29 04:30:00;211.65e-6
2014-03-29 04:45:00;206.69e-6
2014-03-29 05:00:00;202.88e-6
2014-03-29 05:15:00;201.78e-6
2014-03-29 05:30:00;205.72e-6
2014-03-29 05:45:00;217.64e-6
2014-03-29 06:00:00;244.80e-6
2014-03-29 06:15:00;277.45e-6
2014-03-29 06:30:00;331.89e-6
2014-03-29 06:45:00;351.56e-6
2014-03-29 07:00:00;388.79e-6
2014-03-29 07:15:00;413.96e-6
2014-03-29 07:30:00;440.39e-6
2014-03-29 07:45:00;456.88e-6
2014-03-29 08:00:00;476.15e-6
2014-03-29 08:15:00;480.62e-6
2014-03-29 08:30:00;476.21e-6
2014-03-29 08:45:00;480.83e-6
2014-03-29 09:00:00;489.48e-6
2014-03-29 09:15:00;497.40e-6
2014-03-29 09:30:00;504.09e-6
2014-03-29 09:45:00;509.55e-6
2014-03-29 10:00:00;516.27e-6
2014-03-29 10:15:00;522.93e-6
2014-03-29 10:30:00;529.74e-6
2014-03-29 10:45:00;547.68e-6
2014-03-29 11:00:00;577.11e-6
2014-03-29 11:15:00;618.66e-6
2014-03-29 11:30:00;637.51e-6
2014-03-29 11:45:00;630.03e-6
2014-03-29 12:00:00;591.98e-6
2014-03-29 12:15:00;551.07e-6
2014-03-29 12:30:00;523.48e-6
2014-03-29 12:45:00;511.49e-6
2014-03-29 13:00:00;498.64e-6
2014-03-29 13:15:00;492.92e-6
2014-03-29 13:30:00;491.98e-6
2014-03-29 13:45:00;496.09e-6
2014-03-29 14:00:00;504.10e-6
2014-03-29 14:15:00;510.61e-6
2014-03-29 14:30:00;514.84e-6
2014-03-29 14:45:00;516.81e-6
2014-03-29 15:00:00;515.81e-6
2014-03-29 15:15:00;512.47e-6
2014-03-29 15:30:00;509.71e-6
2014-03-29 15:45:00;506.92e-6
2014-03-29 16:00:00;507.04e-6
2014-03-29 16:15:00;502.02e-6
2014-03-29 16:30:00;514.01e-6
2014-03-29 16:45:00;527.30e-6
2014-03-29 17:00:00;541.62e-6
2014-03-29 17:15:00;560.35e-6
2014-03-29 17:30:00;580.77e-6
2014-03-29 17:45:00;606.51e-6
2014-03-29 18:00:00;632.07e-6
2014-03-29 18:15:00;656.71e-6
2014-03-29 18:30:00;679.44e-6
2014-03-29 18:45:00;691.89e-6
2014-03-29 19:00:00;689.75e-6
2014-03-29 19:15:00;682.26e-6
2014-03-29 19:30:00;671.36e-6
2014-03-29 19:45:00;661.87e-6
2014-03-29 20:00:00;652.57e-6
2014-03-29 20:15:00;634.83e-6
2014-03-29 20:30:00;611.29e-6
2014-03-29 20:45:00;590.37e-6
2014-03-29 21:00:00;568.04e-6
2014-03-29 21:15:00;556.60e-6
2014-03-29 21:30:00;541.28e-6
2014-03-29 21:45:00;526.73e-6
2014-03-29 22:00:00;510.42e-6
2014-03-29 22:15:00;489.32e-6
2014-03-29 22:30:00;463.70e-6
2014-03-29 22:45:00;434.25e-6
2014-03-29 23:00:00;400.18e-6
2014-03-29 23:15:00;366.55e-6
2014-03-29 23:30:00;324.90e-6
2014-03-29 23:45:00;293.84e-6
2014-03-30 00:00:00;259.42e-6
2014-03-30 00:15:00;234.97e-6
2014-03-30 00:30:00;214.66e-6
2014-03-30 00:45:00;199.76e-6
2014-03-30 01:00:00;190.74e-6
2014-03-30 01:15:00;188.63e-6
2014-03-30 01:30:00;189.55e-6
2014-03-30 01:45:00;201.72e-6
2014-03-30 02:00:00;238.70e-6
2014-03-30 02:15:00;229.46e-6
2014-03-30 02:30:00;222.54e-6
2014-03-30 02:45:00;219.15e-6
2014-03-30 03:00:00;225.14e-6
2014-03-30 03:15:00;229.16e-6
2014-03-30 03:30:00;232.47e-6
2014-03-30 03:45:00;221.27e-6
2014-03-30 04:00:00;212.98e-6
2014-03-30 04:15:00;206.44e-6
2014-03-30 04:30:00;205.02e-6
2014-03-30 04:45:00;211.52e-6
2014-03-30 05:00:00;233.12e-6
2014-03-30 05:15:00;260.77e-6
2014-03-30 05:30:00;309.00e-6
2014-03-30 05:45:00;325.95e-6
2014-03-30 06:00:00;367.09e-6
2014-03-30 06:15:00;403.66e-6
2014-03-30 06:30:00;455.89e-6
2014-03-30 06:45:00;502.70e-6
2014-03-30 07:00:00;548.78e-6
2014-03-30 07:15:00;584.25e-6
2014-03-30 07:30:00;604.65e-6
2014-03-30 07:45:00;624.05e-6
2014-03-30 08:00:00;639.03e-6
2014-03-30 08:15:00;651.19e-6
2014-03-30 08:30:00;659.19e-6
2014-03-30 08:45:00;668.11e-6
2014-03-30 09:00:00;680.17e-6
2014-03-30 09:15:00;695.25e-6
2014-03-30 09:30:00;713.74e-6
2014-03-30 09:45:00;742.22e-6
2014-03-30 10:00:00;782.40e-6
2014-03-30 10:15:00;834.50e-6
2014-03-30 10:30:00;844.14e-6
2014-03-30 10:45:00;815.34e-6
2014-03-30 11:00:00;752.52e-6
2014-03-30 11:15:00;691.59e-6
2014-03-30 11:30:00;645.69e-6
2014-03-30 11:45:00;619.88e-6
2014-03-30 12:00:00;591.63e-6
2014-03-30 12:15:00;571.16e-6
2014-03-30 12:30:00;555.23e-6
2014-03-30 12:45:00;544.46e-6
2014-03-30 13:00:00;537.83e-6
2014-03-30 13:15:00;530.49e-6
2014-03-30 13:30:00;522.02e-6
2014-03-30 13:45:00;512.90e-6
2014-03-30 14:00:00;502.55e-6
2014-03-30 14:15:00;491.31e-6
2014-03-30 14:30:00;481.79e-6
2014-03-30 14:45:00;472.92e-6
2014-03-30 15:00:00;467.60e-6
2014-03-30 15:15:00;456.67e-6
2014-03-30 15:30:00;464.43e-6
2014-03-30 15:45:00;475.92e-6
2014-03-30 16:00:00;486.64e-6
2014-03-30 16:15:00;502.99e-6
2014-03-30 16:30:00;523.21e-6
2014-03-30 16:45:00;548.07e-6
2014-03-30 17:00:00;575.01e-6
2014-03-30 17:15:00;603.90e-6
2014-03-30 17:30:00;629.66e-6
2014-03-30 17:45:00;647.44e-6
2014-03-30 18:00:00;650.24e-6
2014-03-30 18:15:00;647.63e-6
2014-03-30 18:30:00;633.60e-6
2014-03-30 18:45:00;628.33e-6
2014-03-30 19:00:00;625.70e-6
2014-03-30 19:15:00;612.34e-6
2014-03-30 19:30:00;593.28e-6
2014-03-30 19:45:00;576.95e-6
2014-03-30 20:00:00;554.50e-6
2014-03-30 20:15:00;538.72e-6
2014-03-30 20:30:00;518.84e-6
2014-03-30 20:45:00;497.86e-6
2014-03-30 21:00:00;473.67e-6
2014-03-30 21:15:00;444.81e-6
2014-03-30 21:30:00;412.99e-6
2014-03-30 21:45:00;379.78e-6
2014-03-30 22:00:00;345.71e-6
2014-03-30 22:15:00;311.49e-6
2014-03-30 22:30:00;279.26e-6
2014-03-30 22:45:00;249.80e-6
2014-03-30 23:00:00;199.74e-6
2014-03-30 23:15:00;182.82e-6
2014-03-30 23:30:00;171.77e-6
2014-03-30 23:45:00;164.61e-6
2014-03-31 00:00:00;163.78e-6
2014-03-31 00:15:00;166.91e-6
2014-03-31 00:30:00;173.16e-6
2014-03-31 00:45:00;188.22e-6
2014-03-31 01:00:00;204.66e-6
2014-03-31 01:15:00;217.75e-6
2014-03-31 01:30:00;227.80e-6
2014-03-31 01:45:00;232.71e-6
2014-03-31 02:00:00;230.71e-6
2014-03-31 02:15:00;222.90e-6
2014-03-31 02:30:00;214.53e-6
2014-03-31 02:45:00;209.50e-6
2014-03-31 03:00:00;213.35e-6
2014-03-31 03:15:00;215.27e-6
2014-03-31 03:30:00;222.16e-6
2014-03-31 03:45:00;228.84e-6
2014-03-31 04:00:00;235.88e-6
2014-03-31 04:15:00;248.66e-6
2014-03-31 04:30:00;267.66e-6
2014-03-31 04:45:00;294.52e-6
2014-03-31 05:00:00;335.35e-6
2014-03-31 05:15:00;376.54e-6
2014-03-31 05:30:00;443.74e-6
2014-03-31 05:45:00;456.44e-6
2014-03-31 06:00:00;483.84e-6
2014-03-31 06:15:00;494.16e-6
2014-03-31 06:30:00;497.22e-6
2014-03-31 06:45:00;486.40e-6
2014-03-31 07:00:00;476.18e-6
2014-03-31 07:15:00;454.17e-6
2014-03-31 07:30:00;432.02e-6
2014-03-31 07:45:00;409.34e-6
2014-03-31 08:00:00;392.76e-6
2014-03-31 08:15:00;382.91e-6
2014-03-31 08:30:00;380.63e-6
2014-03-31 08:45:00;380.64e-6
2014-03-31 09:00:00;382.54e-6
2014-03-31 09:15:00;382.71e-6
2014-03-31 09:30:00;384.92e-6
2014-03-31 09:45:00;393.62e-6
2014-03-31 10:00:00;410.72e-6
2014-03-31 10:15:00;431.71e-6
2014-03-31 10:30:00;438.92e-6
2014-03-31 10:45:00;434.42e-6
2014-03-31 11:00:00;417.10e-6
2014-03-31 11:15:00;405.58e-6
2014-03-31 11:30:00;397.25e-6
2014-03-31 11:45:00;395.58e-6
2014-03-31 12:00:00;394.02e-6
2014-03-31 12:15:00;395.68e-6
2014-03-31 12:30:00;398.83e-6
2014-03-31 12:45:00;403.51e-6
2014-03-31 13:00:00;409.00e-6
2014-03-31 13:15:00;410.50e-6
2014-03-31 13:30:00;408.08e-6
2014-03-31 13:45:00;402.55e-6
2014-03-31 14:00:00;394.00e-6
2014-03-31 14:15:00;383.28e-6
2014-03-31 14:30:00;373.86e-6
2014-03-31 14:45:00;365.40e-6
2014-03-31 15:00:00;360.35e-6
2014-03-31 15:15:00;351.11e-6
2014-03-31 15:30:00;357.81e-6
2014-03-31 15:45:00;369.17e-6
2014-03-31 16:00:00;385.06e-6
2014-03-31 16:15:00;403.63e-6
2014-03-31 16:30:00;427.22e-6
2014-03-31 16:45:00;458.96e-6
2014-03-31 17:00:00;491.21e-6
2014-03-31 17:15:00;529.22e-6
2014-03-31 17:30:00;565.66e-6
2014-03-31 17:45:00;598.33e-6
2014-03-31 18:00:00;617.71e-6
2014-03-31 18:15:00;629.39e-6
2014-03-31 18:30:00;646.12e-6
2014-03-31 18:45:00;645.44e-6
2014-03-31 19:00:00;641.63e-6
2014-03-31 19:15:00;630.73e-6
2014-03-31 19:30:00;613.49e-6
2014-03-31 19:45:00;593.15e-6
2014-03-31 20:00:00;573.89e-6
2014-03-31 20:15:00;552.83e-6
2014-03-31 20:30:00;530.41e-6
2014-03-31 20:45:00;505.28e-6
2014-03-31 21:00:00;477.18e-6
2014-03-31 21:15:00;443.98e-6
2014-03-31 21:30:00;407.83e-6
2014-03-31 21:45:00;369.73e-6
2014-03-31 22:00:00;331.85e-6
2014-03-31 22:15:00;290.57e-6
2014-03-31 22:30:00;258.83e-6
2014-03-31 22:45:00;230.00e-6
2014-03-31 23:00:00;199.01e-6
2014-03-31 23:15:00;182.16e-6
2014-03-31 23:30:00;171.15e-6
2014-03-31 23:45:00;164.01e-6
2014-04-01 00:00:00;163.18e-6
2014-04-01 00:15:00;166.30e-6
2014-04-01 00:30:00;172.53e-6
2014-04-01 00:45:00;187.53e-6
2014-04-01 01:00:00;203.91e-6
2014-04-01 01:15:00;216.96e-6
2014-04-01 01:30:00;226.97e-6
2014-04-01 01:45:00;231.86e-6
2014-04-01 02:00:00;229.87e-6
2014-04-01 02:15:00;222.08e-6
2014-04-01 02:30:00;213.74e-6
2014-04-01 02:45:00;208.73e-6
2014-04-01 03:00:00;212.57e-6
2014-04-01 03:15:00;214.48e-6
2014-04-01 03:30:00;221.35e-6
2014-04-01 03:45:00;228.00e-6
2014-04-01 04:00:00;235.02e-6
2014-04-01 04:15:00;247.75e-6
2014-04-01 04:30:00;266.69e-6
2014-04-01 04:45:00;293.44e-6
2014-04-01 05:00:00;334.12e-6
2014-04-01 05:15:00;375.16e-6
2014-04-01 05:30:00;442.12e-6
2014-04-01 05:45:00;454.77e-6
2014-04-01 06:00:00;482.07e-6
2014-04-01 06:15:00;492.35e-6
2014-04-01 06:30:00;495.40e-6
2014-04-01 06:45:00;484.62e-6
2014-04-01 07:00:00;474.44e-6
2014-04-01 07:15:00;452.51e-6
2014-04-01 07:30:00;430.44e-6
2014-04-01 07:45:00;407.84e-6
2014-04-01 08:00:00;391.33e-6
2014-04-01 08:15:00;381.51e-6
2014-04-01 08:30:00;379.24e-6
2014-04-01 08:45:00;379.25e-6
2014-04-01 09:00:00;381.14e-6
2014-04-01 09:15:00;381.31e-6
2014-04-01 09:30:00;383.51e-6
2014-04-01 09:45:00;392.18e-6
2014-04-01 10:00:00;409.22e-6
2014-04-01 10:15:00;430.13e-6
2014-04-01 10:30:00;437.31e-6
2014-04-01 10:45:00;432.83e-6
2014-04-01 11:00:00;415.58e-6
2014-04-01 11:15:00;404.10e-6
2014-04-01 11:30:00;395.80e-6
2014-04-01 11:45:00;394.14e-6
2014-04-01 12:00:00;392.58e-6
2014-04-01 12:15:00;394.23e-6
2014-04-01 12:30:00;397.37e-6
2014-04-01 12:45:00;402.03e-6
2014-04-01 13:00:00;407.51e-6
2014-04-01 13:15:00;409.00e-6
2014-04-01 13:30:00;406.59e-6
2014-04-01 13:45:00;401.07e-6
2014-04-01 14:00:00;392.56e-6
2014-04-01 14:15:00;381.88e-6
2014-04-01 14:30:00;372.50e-6
2014-04-01 14:45:00;364.06e-6
2014-04-01 15:00:00;359.03e-6
2014-04-01 15:15:00;349.83e-6
2014-04-01 15:30:00;356.50e-6
2014-04-01 15:45:00;367.82e-6
2014-04-01 16:00:00;383.65e-6
2014-04-01 16:15:00;402.15e-6
2014-04-01 16:30:00;425.66e-6
2014-04-01 16:45:00;457.28e-6
2014-04-01 17:00:00;489.42e-6
2014-04-01 17:15:00;527.28e-6
2014-04-01 17:30:00;563.59e-6
2014-04-01 17:45:00;596.14e-6
2014-04-01 18:00:00;615.45e-6
2014-04-01 18:15:00;627.09e-6
2014-04-01 18:30:00;643.75e-6
2014-04-01 18:45:00;643.08e-6
2014-04-01 19:00:00;639.28e-6
2014-04-01 19:15:00;628.42e-6
2014-04-01 19:30:00;611.24e-6
2014-04-01 19:45:00;590.98e-6
2014-04-01 20:00:00;571.79e-6
2014-04-01 20:15:00;550.80e-6
2014-04-01 20:30:00;528.47e-6
2014-04-01 20:45:00;503.43e-6
2014-04-01 21:00:00;475.43e-6
2014-04-01 21:15:00;442.35e-6
2014-04-01 21:30:00;406.34e-6
2014-04-01 21:45:00;368.38e-6
2014-04-01 22:00:00;330.64e-6
2014-04-01 22:15:00;289.51e-6
2014-04-01 22:30:00;257.89e-6
2014-04-01 22:45:00;229.16e-6
2014-04-01 23:00:00;198.28e-6
2014-04-01 23:15:00;181.49e-6
2014-04-01 23:30:00;170.52e-6
2014-04-01 23:45:00;163.41e-6
2014-04-02 00:00:00;162.58e-6
2014-04-02 00:15:00;165.69e-6
2014-04-02 00:30:00;171.90e-6
2014-04-02 00:45:00;186.84e-6
2014-04-02 01:00:00;203.16e-6
2014-04-02 01:15:00;216.16e-6
2014-04-02 01:30:00;226.13e-6
2014-04-02 01:45:00;231.01e-6
2014-04-02 02:00:00;229.03e-6
2014-04-02 02:15:00;221.26e-6
2014-04-02 02:30:00;212.96e-6
2014-04-02 02:45:00;207.96e-6
2014-04-02 03:00:00;211.79e-6
2014-04-02 03:15:00;213.70e-6
2014-04-02 03:30:00;220.53e-6
2014-04-02 03:45:00;227.17e-6
2014-04-02 04:00:00;234.15e-6
2014-04-02 04:15:00;246.84e-6
2014-04-02 04:30:00;265.71e-6
2014-04-02 04:45:00;292.36e-6
2014-04-02 05:00:00;332.89e-6
2014-04-02 05:15:00;373.78e-6
2014-04-02 05:30:00;440.50e-6
2014-04-02 05:45:00;453.10e-6
2014-04-02 06:00:00;480.30e-6
2014-04-02 06:15:00;490.54e-6
2014-04-02 06:30:00;493.58e-6
2014-04-02 06:45:00;482.84e-6
2014-04-02 07:00:00;472.70e-6
2014-04-02 07:15:00;450.85e-6
2014-04-02 07:30:00;428.86e-6
2014-04-02 07:45:00;406.34e-6
2014-04-02 08:00:00;389.89e-6
2014-04-02 08:15:00;380.11e-6
2014-04-02 08:30:00;377.85e-6
2014-04-02 08:45:00;377.86e-6
2014-04-02 09:00:00;379.74e-6
2014-04-02 09:15:00;379.91e-6
2014-04-02 09:30:00;382.10e-6
2014-04-02 09:45:00;390.74e-6
2014-04-02 10:00:00;407.72e-6
2014-04-02 10:15:00;428.55e-6
2014-04-02 10:30:00;435.71e-6
2014-04-02 10:45:00;431.24e-6
2014-04-02 11:00:00;414.05e-6
2014-04-02 11:15:00;402.61e-6
2014-04-02 11:30:00;394.35e-6
2014-04-02 11:45:00;392.69e-6
2014-04-02 12:00:00;391.13e-6
2014-04-02 12:15:00;392.78e-6
2014-04-02 12:30:00;395.91e-6
2014-04-02 12:45:00;400.56e-6
2014-04-02 13:00:00;406.01e-6
2014-04-02 13:15:00;407.50e-6
2014-04-02 13:30:00;405.10e-6
2014-04-02 13:45:00;399.60e-6
2014-04-02 14:00:00;391.11e-6
2014-04-02 14:15:00;380.48e-6
2014-04-02 14:30:00;371.13e-6
2014-04-02 14:45:00;362.72e-6
2014-04-02 15:00:00;357.71e-6
2014-04-02 15:15:00;348.54e-6
2014-04-02 15:30:00;355.19e-6
2014-04-02 15:45:00;366.47e-6
2014-04-02 16:00:00;382.24e-6
2014-04-02 16:15:00;400.68e-6
2014-04-02 16:30:00;424.10e-6
2014-04-02 16:45:00;455.60e-6
2014-04-02 17:00:00;487.62e-6
2014-04-02 17:15:00;525.34e-6
2014-04-02 17:30:00;561.52e-6
2014-04-02 17:45:00;593.95e-6
2014-04-02 18:00:00;613.18e-6
2014-04-02 18:15:00;624.79e-6
2014-04-02 18:30:00;641.39e-6
2014-04-02 18:45:00;640.71e-6
2014-04-02 19:00:00;636.93e-6
2014-04-02 19:15:00;626.11e-6
2014-04-02 19:30:00;609.00e-6
2014-04-02 19:45:00;588.81e-6
2014-04-02 20:00:00;569.69e-6
2014-04-02 20:15:00;548.78e-6
2014-04-02 20:30:00;526.53e-6
2014-04-02 20:45:00;501.58e-6
2014-04-02 21:00:00;473.69e-6
2014-04-02 21:15:00;440.73e-6
2014-04-02 21:30:00;404.85e-6
2014-04-02 21:45:00;367.03e-6
2014-04-02 22:00:00;329.42e-6
2014-04-02 22:15:00;288.44e-6
2014-04-02 22:30:00;256.94e-6
2014-04-02 22:45:00;228.32e-6
2014-04-02 23:00:00;197.55e-6
2014-04-02 23:15:00;180.82e-6
2014-04-02 23:30:00;169.89e-6
2014-04-02 23:45:00;162.81e-6
2014-04-03 00:00:00;161.98e-6
2014-04-03 00:15:00;165.08e-6
2014-04-03 00:30:00;171.26e-6
2014-04-03 00:45:00;186.15e-6
2014-04-03 01:00:00;202.41e-6
2014-04-03 01:15:00;215.36e-6
2014-04-03 01:30:00;225.30e-6
2014-04-03 01:45:00;230.16e-6
2014-04-03 02:00:00;228.18e-6
2014-04-03 02:15:00;220.45e-6
2014-04-03 02:30:00;212.17e-6
2014-04-03 02:45:00;207.20e-6
2014-04-03 03:00:00;211.00e-6
2014-04-03 03:15:00;212.91e-6
2014-04-03 03:30:00;219.72e-6
2014-04-03 03:45:00;226.33e-6
2014-04-03 04:00:00;233.29e-6
2014-04-03 04:15:00;245.93e-6
2014-04-03 04:30:00;264.72e-6
2014-04-03 04:45:00;291.28e-6
2014-04-03 05:00:00;331.66e-6
2014-04-03 05:15:00;372.40e-6
2014-04-03 05:30:00;438.87e-6
2014-04-03 05:45:00;451.43e-6
2014-04-03 06:00:00;478.52e-6
2014-04-03 06:15:00;488.73e-6
2014-04-03 06:30:00;491.75e-6
2014-04-03 06:45:00;481.06e-6
2014-04-03 07:00:00;470.95e-6
2014-04-03 07:15:00;449.19e-6
2014-04-03 07:30:00;427.27e-6
2014-04-03 07:45:00;404.84e-6
2014-04-03 08:00:00;388.45e-6
2014-04-03 08:15:00;378.70e-6
2014-04-03 08:30:00;376.45e-6
2014-04-03 08:45:00;376.46e-6
2014-04-03 09:00:00;378.34e-6
2014-04-03 09:15:00;378.51e-6
2014-04-03 09:30:00;380.69e-6
2014-04-03 09:45:00;389.29e-6
2014-04-03 10:00:00;406.21e-6
2014-04-03 10:15:00;426.97e-6
2014-04-03 10:30:00;434.10e-6
2014-04-03 10:45:00;429.65e-6
2014-04-03 11:00:00;412.52e-6
2014-04-03 11:15:00;401.12e-6
2014-04-03 11:30:00;392.89e-6
2014-04-03 11:45:00;391.24e-6
2014-04-03 12:00:00;389.69e-6
2014-04-03 12:15:00;391.33e-6
2014-04-03 12:30:00;394.45e-6
2014-04-03 12:45:00;399.08e-6
2014-04-03 13:00:00;404.51e-6
2014-04-03 13:15:00;405.99e-6
2014-04-03 13:30:00;403.60e-6
2014-04-03 13:45:00;398.12e-6
2014-04-03 14:00:00;389.67e-6
2014-04-03 14:15:00;379.07e-6
2014-04-03 14:30:00;369.76e-6
2014-04-03 14:45:00;361.38e-6
2014-04-03 15:00:00;356.39e-6
2014-04-03 15:15:00;347.25e-6
2014-04-03 15:30:00;353.88e-6
2014-04-03 15:45:00;365.11e-6
2014-04-03 16:00:00;380.83e-6
2014-04-03 16:15:00;399.20e-6
2014-04-03 16:30:00;422.53e-6
2014-04-03 16:45:00;453.92e-6
2014-04-03 17:00:00;485.82e-6
2014-04-03 17:15:00;523.40e-6
2014-04-03 17:30:00;559.45e-6
2014-04-03 17:45:00;591.75e-6
2014-04-03 18:00:00;610.92e-6
2014-04-03 18:15:00;622.48e-6
2014-04-03 18:30:00;639.02e-6
2014-04-03 18:45:00;638.35e-6
2014-04-03 19:00:00;634.58e-6
2014-04-03 19:15:00;623.80e-6
2014-04-03 19:30:00;606.75e-6
2014-04-03 19:45:00;586.64e-6
2014-04-03 20:00:00;567.59e-6
2014-04-03 20:15:00;546.75e-6
2014-04-03 20:30:00;524.58e-6
2014-04-03 20:45:00;499.73e-6
2014-04-03 21:00:00;471.94e-6
2014-04-03 21:15:00;439.10e-6
2014-04-03 21:30:00;403.35e-6
2014-04-03 21:45:00;365.67e-6
2014-04-03 22:00:00;328.21e-6
2014-04-03 22:15:00;287.38e-6
2014-04-03 22:30:00;255.99e-6
2014-04-03 22:45:00;227.48e-6
2014-04-03 23:00:00;196.82e-6
2014-04-03 23:15:00;180.15e-6
2014-04-03 23:30:00;169.26e-6
2014-04-03 23:45:00;162.20e-6
2014-04-04 00:00:00;161.38e-6
2014-04-04 00:15:00;164.47e-6
2014-04-04 00:30:00;170.63e-6
2014-04-04 00:45:00;185.46e-6
2014-04-04 01:00:00;201.66e-6
2014-04-04 01:15:00;214.56e-6
2014-04-04 01:30:00;224.46e-6
2014-04-04 01:45:00;229.30e-6
2014-04-04 02:00:00;227.33e-6
2014-04-04 02:15:00;219.63e-6
2014-04-04 02:30:00;211.38e-6
2014-04-04 02:45:00;206.43e-6
2014-04-04 03:00:00;210.22e-6
2014-04-04 03:15:00;212.12e-6
2014-04-04 03:30:00;218.91e-6
2014-04-04 03:45:00;225.49e-6
2014-04-04 04:00:00;232.42e-6
2014-04-04 04:15:00;245.01e-6
2014-04-04 04:30:00;263.74e-6
2014-04-04 04:45:00;290.20e-6
2014-04-04 05:00:00;330.43e-6
2014-04-04 05:15:00;371.02e-6
2014-04-04 05:30:00;437.24e-6
2014-04-04 05:45:00;449.76e-6
2014-04-04 06:00:00;476.75e-6
2014-04-04 06:15:00;486.92e-6
2014-04-04 06:30:00;489.93e-6
2014-04-04 06:45:00;479.27e-6
2014-04-04 07:00:00;469.21e-6
2014-04-04 07:15:00;447.52e-6
2014-04-04 07:30:00;425.69e-6
2014-04-04 07:45:00;403.34e-6
2014-04-04 08:00:00;387.01e-6
2014-04-04 08:15:00;377.30e-6
2014-04-04 08:30:00;375.06e-6
2014-04-04 08:45:00;375.07e-6
2014-04-04 09:00:00;376.94e-6
2014-04-04 09:15:00;377.11e-6
2014-04-04 09:30:00;379.28e-6
2014-04-04 09:45:00;387.85e-6
2014-04-04 10:00:00;404.71e-6
2014-04-04 10:15:00;425.38e-6
2014-04-04 10:30:00;432.49e-6
2014-04-04 10:45:00;428.06e-6
2014-04-04 11:00:00;410.99e-6
2014-04-04 11:15:00;399.64e-6
2014-04-04 11:30:00;391.43e-6
2014-04-04 11:45:00;389.79e-6
2014-04-04 12:00:00;388.24e-6
2014-04-04 12:15:00;389.88e-6
2014-04-04 12:30:00;392.99e-6
2014-04-04 12:45:00;397.60e-6
2014-04-04 13:00:00;403.01e-6
2014-04-04 13:15:00;404.49e-6
2014-04-04 13:30:00;402.10e-6
2014-04-04 13:45:00;396.65e-6
2014-04-04 14:00:00;388.22e-6
2014-04-04 14:15:00;377.67e-6
2014-04-04 14:30:00;368.39e-6
2014-04-04 14:45:00;360.04e-6
2014-04-04 15:00:00;355.07e-6
2014-04-04 15:15:00;345.97e-6
2014-04-04 15:30:00;352.57e-6
2014-04-04 15:45:00;363.76e-6
2014-04-04 16:00:00;379.42e-6
2014-04-04 16:15:00;397.72e-6
2014-04-04 16:30:00;420.97e-6
2014-04-04 16:45:00;452.24e-6
2014-04-04 17:00:00;484.02e-6
2014-04-04 17:15:00;521.46e-6
2014-04-04 17:30:00;557.37e-6
2014-04-04 17:45:00;589.56e-6
2014-04-04 18:00:00;608.66e-6
2014-04-04 18:15:00;620.17e-6
2014-04-04 18:30:00;636.65e-6
2014-04-04 18:45:00;635.98e-6
2014-04-04 19:00:00;632.22e-6
2014-04-04 19:15:00;621.49e-6
2014-04-04 19:30:00;604.50e-6
2014-04-04 19:45:00;584.46e-6
2014-04-04 20:00:00;565.48e-6
2014-04-04 20:15:00;544.73e-6
2014-04-04 20:30:00;522.64e-6
2014-04-04 20:45:00;497.88e-6
2014-04-04 21:00:00;470.19e-6
2014-04-04 21:15:00;437.47e-6
2014-04-04 21:30:00;401.86e-6
2014-04-04 21:45:00;364.32e-6
2014-04-04 22:00:00;326.99e-6
2014-04-04 22:15:00;286.31e-6
2014-04-04 22:30:00;255.04e-6
2014-04-04 22:45:00;226.63e-6
2014-04-04 23:00:00;231.45e-6
2014-04-04 23:15:00;207.89e-6
2014-04-04 23:30:00;190.81e-6
2014-04-04 23:45:00;176.85e-6
2014-04-05 00:00:00;169.30e-6
2014-04-05 00:15:00;169.15e-6
2014-04-05 00:30:00;172.65e-6
2014-04-05 00:45:00;186.84e-6
2014-04-05 01:00:00;200.79e-6
2014-04-05 01:15:00;212.22e-6
2014-04-05 01:30:00;221.19e-6
2014-04-05 01:45:00;224.37e-6
2014-04-05 02:00:00;221.08e-6
2014-04-05 02:15:00;211.62e-6
2014-04-05 02:30:00;202.52e-6
2014-04-05 02:45:00;195.97e-6
2014-04-05 03:00:00;197.79e-6
2014-04-05 03:15:00;202.10e-6
2014-04-05 03:30:00;206.26e-6
2014-04-05 03:45:00;201.43e-6
2014-04-05 04:00:00;197.72e-6
2014-04-05 04:15:00;196.65e-6
2014-04-05 04:30:00;200.49e-6
2014-04-05 04:45:00;212.10e-6
2014-04-05 05:00:00;238.58e-6
2014-04-05 05:15:00;270.39e-6
2014-04-05 05:30:00;323.45e-6
2014-04-05 05:45:00;342.62e-6
2014-04-05 06:00:00;378.90e-6
2014-04-05 06:15:00;403.44e-6
2014-04-05 06:30:00;429.19e-6
2014-04-05 06:45:00;445.26e-6
2014-04-05 07:00:00;464.04e-6
2014-04-05 07:15:00;468.40e-6
2014-04-05 07:30:00;464.10e-6
2014-04-05 07:45:00;468.60e-6
2014-04-05 08:00:00;477.03e-6
2014-04-05 08:15:00;484.75e-6
2014-04-05 08:30:00;491.27e-6
2014-04-05 08:45:00;496.59e-6
2014-04-05 09:00:00;503.14e-6
2014-04-05 09:15:00;509.63e-6
2014-04-05 09:30:00;516.27e-6
2014-04-05 09:45:00;533.75e-6
2014-04-05 10:00:00;562.44e-6
2014-04-05 10:15:00;602.93e-6
2014-04-05 10:30:00;621.30e-6
2014-04-05 10:45:00;614.00e-6
2014-04-05 11:00:00;576.93e-6
2014-04-05 11:15:00;537.05e-6
2014-04-05 11:30:00;510.16e-6
2014-04-05 11:45:00;498.49e-6
2014-04-05 12:00:00;485.96e-6
2014-04-05 12:15:00;480.38e-6
2014-04-05 12:30:00;479.47e-6
2014-04-05 12:45:00;483.47e-6
2014-04-05 13:00:00;491.28e-6
2014-04-05 13:15:00;497.63e-6
2014-04-05 13:30:00;501.75e-6
2014-04-05 13:45:00;503.66e-6
2014-04-05 14:00:00;502.69e-6
2014-04-05 14:15:00;499.43e-6
2014-04-05 14:30:00;496.75e-6
2014-04-05 14:45:00;494.03e-6
2014-04-05 15:00:00;494.14e-6
2014-04-05 15:15:00;489.26e-6
2014-04-05 15:30:00;500.94e-6
2014-04-05 15:45:00;513.89e-6
2014-04-05 16:00:00;527.84e-6
2014-04-05 16:15:00;546.10e-6
2014-04-05 16:30:00;566.00e-6
2014-04-05 16:45:00;591.08e-6
2014-04-05 17:00:00;615.99e-6
2014-04-05 17:15:00;640.01e-6
2014-04-05 17:30:00;662.16e-6
2014-04-05 17:45:00;674.29e-6
2014-04-05 18:00:00;672.21e-6
2014-04-05 18:15:00;664.91e-6
2014-04-05 18:30:00;654.29e-6
2014-04-05 18:45:00;645.04e-6
2014-04-05 19:00:00;635.97e-6
2014-04-05 19:15:00;618.69e-6
2014-04-05 19:30:00;595.75e-6
2014-04-05 19:45:00;575.36e-6
2014-04-05 20:00:00;553.59e-6
2014-04-05 20:15:00;542.44e-6
2014-04-05 20:30:00;527.51e-6
2014-04-05 20:45:00;513.33e-6
2014-04-05 21:00:00;497.44e-6
2014-04-05 21:15:00;476.88e-6
2014-04-05 21:30:00;451.91e-6
2014-04-05 21:45:00;423.21e-6
2014-04-05 22:00:00;390.00e-6
2014-04-05 22:15:00;357.23e-6
2014-04-05 22:30:00;316.64e-6
2014-04-05 22:45:00;286.37e-6
2014-04-05 23:00:00;252.79e-6
2014-04-05 23:15:00;228.97e-6
2014-04-05 23:30:00;209.18e-6
2014-04-05 23:45:00;194.65e-6
2014-04-06 00:00:00;185.87e-6
2014-04-06 00:15:00;183.81e-6
2014-04-06 00:30:00;184.71e-6
2014-04-06 00:45:00;196.57e-6
2014-04-06 01:00:00;209.92e-6
2014-04-06 01:15:00;221.19e-6
2014-04-06 01:30:00;230.02e-6
2014-04-06 01:45:00;235.01e-6
2014-04-06 02:00:00;232.60e-6
2014-04-06 02:15:00;223.60e-6
2014-04-06 02:30:00;216.85e-6
2014-04-06 02:45:00;213.55e-6
2014-04-06 03:00:00;219.39e-6
2014-04-06 03:15:00;223.31e-6
2014-04-06 03:30:00;226.53e-6
2014-04-06 03:45:00;215.62e-6
2014-04-06 04:00:00;207.54e-6
2014-04-06 04:15:00;201.17e-6
2014-04-06 04:30:00;199.78e-6
2014-04-06 04:45:00;206.12e-6
2014-04-06 05:00:00;227.16e-6
2014-04-06 05:15:00;254.11e-6
2014-04-06 05:30:00;301.10e-6
2014-04-06 05:45:00;317.63e-6
2014-04-06 06:00:00;357.71e-6
2014-04-06 06:15:00;393.35e-6
2014-04-06 06:30:00;444.24e-6
2014-04-06 06:45:00;489.86e-6
2014-04-06 07:00:00;534.76e-6
2014-04-06 07:15:00;569.33e-6
2014-04-06 07:30:00;589.20e-6
2014-04-06 07:45:00;608.11e-6
2014-04-06 08:00:00;622.71e-6
2014-04-06 08:15:00;634.55e-6
2014-04-06 08:30:00;642.35e-6
2014-04-06 08:45:00;651.04e-6
2014-04-06 09:00:00;662.79e-6
2014-04-06 09:15:00;677.49e-6
2014-04-06 09:30:00;695.50e-6
2014-04-06 09:45:00;723.26e-6
2014-04-06 10:00:00;762.41e-6
2014-04-06 10:15:00;813.18e-6
2014-04-06 10:30:00;822.58e-6
2014-04-06 10:45:00;794.51e-6
2014-04-06 11:00:00;733.29e-6
2014-04-06 11:15:00;673.93e-6
2014-04-06 11:30:00;629.20e-6
2014-04-06 11:45:00;604.05e-6
2014-04-06 12:00:00;576.51e-6
2014-04-06 12:15:00;556.56e-6
2014-04-06 12:30:00;541.05e-6
2014-04-06 12:45:00;530.55e-6
2014-04-06 13:00:00;524.09e-6
2014-04-06 13:15:00;516.93e-6
2014-04-06 13:30:00;508.68e-6
2014-04-06 13:45:00;499.80e-6
2014-04-06 14:00:00;489.71e-6
2014-04-06 14:15:00;478.75e-6
2014-04-06 14:30:00;469.48e-6
2014-04-06 14:45:00;460.84e-6
2014-04-06 15:00:00;455.65e-6
2014-04-06 15:15:00;445.01e-6
2014-04-06 15:30:00;452.56e-6
2014-04-06 15:45:00;463.76e-6
2014-04-06 16:00:00;474.20e-6
2014-04-06 16:15:00;490.14e-6
2014-04-06 16:30:00;509.85e-6
2014-04-06 16:45:00;534.06e-6
2014-04-06 17:00:00;560.32e-6
2014-04-06 17:15:00;588.47e-6
2014-04-06 17:30:00;613.58e-6
2014-04-06 17:45:00;630.90e-6
2014-04-06 18:00:00;633.63e-6
2014-04-06 18:15:00;631.08e-6
2014-04-06 18:30:00;617.42e-6
2014-04-06 18:45:00;612.28e-6
2014-04-06 19:00:00;609.71e-6
2014-04-06 19:15:00;596.70e-6
2014-04-06 19:30:00;578.13e-6
2014-04-06 19:45:00;562.21e-6
2014-04-06 20:00:00;540.34e-6
2014-04-06 20:15:00;524.95e-6
2014-04-06 20:30:00;505.59e-6
2014-04-06 20:45:00;485.14e-6
2014-04-06 21:00:00;461.57e-6
2014-04-06 21:15:00;433.44e-6
2014-04-06 21:30:00;402.44e-6
2014-04-06 21:45:00;370.07e-6
2014-04-06 22:00:00;336.88e-6
2014-04-06 22:15:00;303.53e-6
2014-04-06 22:30:00;272.13e-6
2014-04-06 22:45:00;243.41e-6
2014-04-06 23:00:00;194.62e-6
2014-04-06 23:15:00;178.13e-6
2014-04-06 23:30:00;167.37e-6
2014-04-06 23:45:00;160.39e-6
2014-04-07 00:00:00;159.58e-6
2014-04-07 00:15:00;162.63e-6
2014-04-07 00:30:00;168.72e-6
2014-04-07 00:45:00;183.39e-6
2014-04-07 01:00:00;199.41e-6
2014-04-07 01:15:00;212.17e-6
2014-04-07 01:30:00;221.95e-6
2014-04-07 01:45:00;226.74e-6
2014-04-07 02:00:00;224.79e-6
2014-04-07 02:15:00;217.18e-6
2014-04-07 02:30:00;209.02e-6
2014-04-07 02:45:00;204.12e-6
2014-04-07 03:00:00;207.87e-6
2014-04-07 03:15:00;209.75e-6
2014-04-07 03:30:00;216.46e-6
2014-04-07 03:45:00;222.97e-6
2014-04-07 04:00:00;229.83e-6
2014-04-07 04:15:00;242.28e-6
2014-04-07 04:30:00;260.80e-6
2014-04-07 04:45:00;286.96e-6
2014-04-07 05:00:00;326.74e-6
2014-04-07 05:15:00;366.88e-6
2014-04-07 05:30:00;432.36e-6
2014-04-07 05:45:00;444.73e-6
2014-04-07 06:00:00;471.42e-6
2014-04-07 06:15:00;481.48e-6
2014-04-07 06:30:00;484.46e-6
2014-04-07 06:45:00;473.92e-6
2014-04-07 07:00:00;463.96e-6
2014-04-07 07:15:00;442.52e-6
2014-04-07 07:30:00;420.94e-6
2014-04-07 07:45:00;398.84e-6
2014-04-07 08:00:00;382.69e-6
2014-04-07 08:15:00;373.09e-6
2014-04-07 08:30:00;370.87e-6
2014-04-07 08:45:00;370.88e-6
2014-04-07 09:00:00;372.73e-6
2014-04-07 09:15:00;372.89e-6
2014-04-07 09:30:00;375.04e-6
2014-04-07 09:45:00;383.52e-6
2014-04-07 10:00:00;400.19e-6
2014-04-07 10:15:00;420.63e-6
2014-04-07 10:30:00;427.66e-6
2014-04-07 10:45:00;423.28e-6
2014-04-07 11:00:00;406.40e-6
2014-04-07 11:15:00;395.17e-6
2014-04-07 11:30:00;387.06e-6
2014-04-07 11:45:00;385.43e-6
2014-04-07 12:00:00;383.91e-6
2014-04-07 12:15:00;385.53e-6
2014-04-07 12:30:00;388.60e-6
2014-04-07 12:45:00;393.16e-6
2014-04-07 13:00:00;398.51e-6
2014-04-07 13:15:00;399.97e-6
2014-04-07 13:30:00;397.61e-6
2014-04-07 13:45:00;392.22e-6
2014-04-07 14:00:00;383.89e-6
2014-04-07 14:15:00;373.45e-6
2014-04-07 14:30:00;364.27e-6
2014-04-07 14:45:00;356.02e-6
2014-04-07 15:00:00;351.10e-6
2014-04-07 15:15:00;342.10e-6
2014-04-07 15:30:00;348.63e-6
2014-04-07 15:45:00;359.70e-6
2014-04-07 16:00:00;375.18e-6
2014-04-07 16:15:00;393.27e-6
2014-04-07 16:30:00;416.26e-6
2014-04-07 16:45:00;447.18e-6
2014-04-07 17:00:00;478.61e-6
2014-04-07 17:15:00;515.64e-6
2014-04-07 17:30:00;551.15e-6
2014-04-07 17:45:00;582.97e-6
2014-04-07 18:00:00;601.86e-6
2014-04-07 18:15:00;613.24e-6
2014-04-07 18:30:00;629.54e-6
2014-04-07 18:45:00;628.88e-6
2014-04-07 19:00:00;625.16e-6
2014-04-07 19:15:00;614.54e-6
2014-04-07 19:30:00;597.75e-6
2014-04-07 19:45:00;577.93e-6
2014-04-07 20:00:00;559.16e-6
2014-04-07 20:15:00;538.64e-6
2014-04-07 20:30:00;516.80e-6
2014-04-07 20:45:00;492.32e-6
2014-04-07 21:00:00;464.94e-6
2014-04-07 21:15:00;432.59e-6
2014-04-07 21:30:00;397.37e-6
2014-04-07 21:45:00;360.25e-6
2014-04-07 22:00:00;323.34e-6
2014-04-07 22:15:00;283.11e-6
2014-04-07 22:30:00;252.19e-6
2014-04-07 22:45:00;224.10e-6
2014-04-07 23:00:00;193.89e-6
2014-04-07 23:15:00;177.46e-6
2014-04-07 23:30:00;166.74e-6
2014-04-07 23:45:00;159.79e-6
2014-04-08 00:00:00;158.98e-6
2014-04-08 00:15:00;162.02e-6
2014-04-08 00:30:00;168.09e-6
2014-04-08 00:45:00;182.70e-6
2014-04-08 01:00:00;198.66e-6
2014-04-08 01:15:00;211.37e-6
2014-04-08 01:30:00;221.12e-6
2014-04-08 01:45:00;225.89e-6
2014-04-08 02:00:00;223.95e-6
2014-04-08 02:15:00;216.36e-6
2014-04-08 02:30:00;208.24e-6
2014-04-08 02:45:00;203.35e-6
2014-04-08 03:00:00;207.09e-6
2014-04-08 03:15:00;208.96e-6
2014-04-08 03:30:00;215.65e-6
2014-04-08 03:45:00;222.13e-6
2014-04-08 04:00:00;228.96e-6
2014-04-08 04:15:00;241.37e-6
2014-04-08 04:30:00;259.82e-6
2014-04-08 04:45:00;285.88e-6
2014-04-08 05:00:00;325.51e-6
2014-04-08 05:15:00;365.50e-6
2014-04-08 05:30:00;430.73e-6
2014-04-08 05:45:00;443.06e-6
2014-04-08 06:00:00;469.65e-6
2014-04-08 06:15:00;479.67e-6
2014-04-08 06:30:00;482.63e-6
2014-04-08 06:45:00;472.14e-6
2014-04-08 07:00:00;462.22e-6
2014-04-08 07:15:00;440.86e-6
2014-04-08 07:30:00;419.35e-6
2014-04-08 07:45:00;397.34e-6
2014-04-08 08:00:00;381.25e-6
2014-04-08 08:15:00;371.68e-6
2014-04-08 08:30:00;369.47e-6
2014-04-08 08:45:00;369.48e-6
2014-04-08 09:00:00;371.33e-6
2014-04-08 09:15:00;371.49e-6
2014-04-08 09:30:00;373.63e-6
2014-04-08 09:45:00;382.07e-6
2014-04-08 10:00:00;398.68e-6
2014-04-08 10:15:00;419.05e-6
2014-04-08 10:30:00;426.05e-6
2014-04-08 10:45:00;421.68e-6
2014-04-08 11:00:00;404.87e-6
2014-04-08 11:15:00;393.68e-6
2014-04-08 11:30:00;385.60e-6
2014-04-08 11:45:00;383.98e-6
2014-04-08 12:00:00;382.46e-6
2014-04-08 12:15:00;384.07e-6
2014-04-08 12:30:00;387.13e-6
2014-04-08 12:45:00;391.68e-6
2014-04-08 13:00:00;397.01e-6
2014-04-08 13:15:00;398.47e-6
2014-04-08 13:30:00;396.12e-6
2014-04-08 13:45:00;390.74e-6
2014-04-08 14:00:00;382.44e-6
2014-04-08 14:15:00;372.04e-6
2014-04-08 14:30:00;362.90e-6
2014-04-08 14:45:00;354.68e-6
2014-04-08 15:00:00;349.78e-6
2014-04-08 15:15:00;340.81e-6
2014-04-08 15:30:00;347.32e-6
2014-04-08 15:45:00;358.34e-6
2014-04-08 16:00:00;373.77e-6
2014-04-08 16:15:00;391.79e-6
2014-04-08 16:30:00;414.70e-6
2014-04-08 16:45:00;445.50e-6
2014-04-08 17:00:00;476.81e-6
2014-04-08 17:15:00;513.70e-6
2014-04-08 17:30:00;549.07e-6
2014-04-08 17:45:00;580.78e-6
2014-04-08 18:00:00;599.59e-6
2014-04-08 18:15:00;610.94e-6
2014-04-08 18:30:00;627.17e-6
2014-04-08 18:45:00;626.51e-6
2014-04-08 19:00:00;622.81e-6
2014-04-08 19:15:00;612.23e-6
2014-04-08 19:30:00;595.50e-6
2014-04-08 19:45:00;575.76e-6
2014-04-08 20:00:00;557.06e-6
2014-04-08 20:15:00;536.62e-6
2014-04-08 20:30:00;514.86e-6
2014-04-08 20:45:00;490.46e-6
2014-04-08 21:00:00;463.19e-6
2014-04-08 21:15:00;430.96e-6
2014-04-08 21:30:00;395.87e-6
2014-04-08 21:45:00;358.89e-6
2014-04-08 22:00:00;322.12e-6
2014-04-08 22:15:00;282.05e-6
2014-04-08 22:30:00;251.24e-6
2014-04-08 22:45:00;223.26e-6
2014-04-08 23:00:00;193.15e-6
2014-04-08 23:15:00;176.79e-6
2014-04-08 23:30:00;166.11e-6
2014-04-08 23:45:00;159.18e-6
2014-04-09 00:00:00;158.38e-6
2014-04-09 00:15:00;161.41e-6
2014-04-09 00:30:00;167.45e-6
2014-04-09 00:45:00;182.01e-6
2014-04-09 01:00:00;197.91e-6
2014-04-09 01:15:00;210.57e-6
2014-04-09 01:30:00;220.28e-6
2014-04-09 01:45:00;225.03e-6
2014-04-09 02:00:00;223.10e-6
2014-04-09 02:15:00;215.54e-6
2014-04-09 02:30:00;207.45e-6
2014-04-09 02:45:00;202.59e-6
2014-04-09 03:00:00;206.31e-6
2014-04-09 03:15:00;208.17e-6
2014-04-09 03:30:00;214.83e-6
2014-04-09 03:45:00;221.29e-6
2014-04-09 04:00:00;228.10e-6
2014-04-09 04:15:00;240.45e-6
2014-04-09 04:30:00;258.83e-6
2014-04-09 04:45:00;284.80e-6
2014-04-09 05:00:00;324.28e-6
2014-04-09 05:15:00;364.12e-6
2014-04-09 05:30:00;429.10e-6
2014-04-09 05:45:00;441.39e-6
2014-04-09 06:00:00;467.88e-6
2014-04-09 06:15:00;477.86e-6
2014-04-09 06:30:00;480.81e-6
2014-04-09 06:45:00;470.35e-6
2014-04-09 07:00:00;460.47e-6
2014-04-09 07:15:00;439.19e-6
2014-04-09 07:30:00;417.77e-6
2014-04-09 07:45:00;395.84e-6
2014-04-09 08:00:00;379.81e-6
2014-04-09 08:15:00;370.28e-6
2014-04-09 08:30:00;368.08e-6
2014-04-09 08:45:00;368.09e-6
2014-04-09 09:00:00;369.92e-6
2014-04-09 09:15:00;370.09e-6
2014-04-09 09:30:00;372.22e-6
2014-04-09 09:45:00;380.63e-6
2014-04-09 10:00:00;397.18e-6
2014-04-09 10:15:00;417.47e-6
2014-04-09 10:30:00;424.44e-6
2014-04-09 10:45:00;420.09e-6
2014-04-09 11:00:00;403.34e-6
2014-04-09 11:15:00;392.20e-6
2014-04-09 11:30:00;384.15e-6
2014-04-09 11:45:00;382.53e-6
2014-04-09 12:00:00;381.02e-6
2014-04-09 12:15:00;382.62e-6
2014-04-09 12:30:00;385.67e-6
2014-04-09 12:45:00;390.20e-6
2014-04-09 13:00:00;395.51e-6
2014-04-09 13:15:00;396.96e-6
2014-04-09 13:30:00;394.62e-6
2014-04-09 13:45:00;389.27e-6
2014-04-09 14:00:00;381.00e-6
2014-04-09 14:15:00;370.64e-6
2014-04-09 14:30:00;361.53e-6
2014-04-09 14:45:00;353.34e-6
2014-04-09 15:00:00;348.46e-6
2014-04-09 15:15:00;339.53e-6
2014-04-09 15:30:00;346.01e-6
2014-04-09 15:45:00;356.99e-6
2014-04-09 16:00:00;372.36e-6
2014-04-09 16:15:00;390.32e-6
2014-04-09 16:30:00;413.13e-6
2014-04-09 16:45:00;443.82e-6
2014-04-09 17:00:00;475.01e-6
2014-04-09 17:15:00;511.76e-6
2014-04-09 17:30:00;547.00e-6
2014-04-09 17:45:00;578.59e-6
2014-04-09 18:00:00;597.33e-6
2014-04-09 18:15:00;608.63e-6
2014-04-09 18:30:00;624.80e-6
2014-04-09 18:45:00;624.14e-6
2014-04-09 19:00:00;620.46e-6
2014-04-09 19:15:00;609.92e-6
2014-04-09 19:30:00;593.25e-6
2014-04-09 19:45:00;573.58e-6
2014-04-09 20:00:00;554.96e-6
2014-04-09 20:15:00;534.59e-6
2014-04-09 20:30:00;512.91e-6
2014-04-09 20:45:00;488.61e-6
2014-04-09 21:00:00;461.44e-6
2014-04-09 21:15:00;429.33e-6
2014-04-09 21:30:00;394.38e-6
2014-04-09 21:45:00;357.54e-6
2014-04-09 22:00:00;320.90e-6
2014-04-09 22:15:00;280.98e-6
2014-04-09 22:30:00;250.29e-6
2014-04-09 22:45:00;222.42e-6
2014-04-09 23:00:00;192.42e-6
2014-04-09 23:15:00;176.12e-6
2014-04-09 23:30:00;165.48e-6
2014-04-09 23:45:00;158.58e-6
2014-04-10 00:00:00;157.78e-6
2014-04-10 00:15:00;160.80e-6
2014-04-10 00:30:00;166.82e-6
2014-04-10 00:45:00;181.32e-6
2014-04-10 01:00:00;197.16e-6
2014-04-10 01:15:00;209.77e-6
2014-04-10 01:30:00;219.45e-6
2014-04-10 01:45:00;224.18e-6
2014-04-10 02:00:00;222.26e-6
2014-04-10 02:15:00;214.73e-6
2014-04-10 02:30:00;206.66e-6
2014-04-10 02:45:00;201.82e-6
2014-04-10 03:00:00;205.53e-6
2014-04-10 03:15:00;207.38e-6
2014-04-10 03:30:00;214.02e-6
2014-04-10 03:45:00;220.45e-6
2014-04-10 04:00:00;227.24e-6
2014-04-10 04:15:00;239.54e-6
2014-04-10 04:30:00;257.85e-6
2014-04-10 04:45:00;283.72e-6
2014-04-10 05:00:00;323.05e-6
2014-04-10 05:15:00;362.74e-6
2014-04-10 05:30:00;427.48e-6
2014-04-10 05:45:00;439.71e-6
2014-04-10 06:00:00;466.11e-6
2014-04-10 06:15:00;476.05e-6
2014-04-10 06:30:00;478.99e-6
2014-04-10 06:45:00;468.57e-6
2014-04-10 07:00:00;458.73e-6
2014-04-10 07:15:00;437.53e-6
2014-04-10 07:30:00;416.19e-6
2014-04-10 07:45:00;394.34e-6
2014-04-10 08:00:00;378.37e-6
2014-04-10 08:15:00;368.88e-6
2014-04-10 08:30:00;366.68e-6
2014-04-10 08:45:00;366.69e-6
2014-04-10 09:00:00;368.52e-6
2014-04-10 09:15:00;368.69e-6
2014-04-10 09:30:00;370.81e-6
2014-04-10 09:45:00;379.19e-6
2014-04-10 10:00:00;395.67e-6
2014-04-10 10:15:00;415.89e-6
2014-04-10 10:30:00;422.83e-6
2014-04-10 10:45:00;418.50e-6
2014-04-10 11:00:00;401.81e-6
2014-04-10 11:15:00;390.71e-6
2014-04-10 11:30:00;382.69e-6
2014-04-10 11:45:00;381.09e-6
2014-04-10 12:00:00;379.58e-6
2014-04-10 12:15:00;381.18e-6
2014-04-10 12:30:00;384.21e-6
2014-04-10 12:45:00;388.72e-6
2014-04-10 13:00:00;394.01e-6
2014-04-10 13:15:00;395.46e-6
2014-04-10 13:30:00;393.13e-6
2014-04-10 13:45:00;387.79e-6
2014-04-10 14:00:00;379.56e-6
2014-04-10 14:15:00;369.24e-6
2014-04-10 14:30:00;360.16e-6
2014-04-10 14:45:00;352.00e-6
2014-04-10 15:00:00;347.14e-6
2014-04-10 15:15:00;338.24e-6
2014-04-10 15:30:00;344.70e-6
2014-04-10 15:45:00;355.64e-6
2014-04-10 16:00:00;370.95e-6
2014-04-10 16:15:00;388.84e-6
2014-04-10 16:30:00;411.57e-6
2014-04-10 16:45:00;442.14e-6
2014-04-10 17:00:00;473.21e-6
2014-04-10 17:15:00;509.82e-6
2014-04-10 17:30:00;544.93e-6
2014-04-10 17:45:00;576.40e-6
2014-04-10 18:00:00;595.07e-6
2014-04-10 18:15:00;606.32e-6
2014-04-10 18:30:00;622.44e-6
2014-04-10 18:45:00;621.78e-6
2014-04-10 19:00:00;618.11e-6
2014-04-10 19:15:00;607.61e-6
2014-04-10 19:30:00;591.00e-6
2014-04-10 19:45:00;571.41e-6
2014-04-10 20:00:00;552.86e-6
2014-04-10 20:15:00;532.57e-6
2014-04-10 20:30:00;510.97e-6
2014-04-10 20:45:00;486.76e-6
2014-04-10 21:00:00;459.69e-6
2014-04-10 21:15:00;427.71e-6
2014-04-10 21:30:00;392.88e-6
2014-04-10 21:45:00;356.18e-6
2014-04-10 22:00:00;319.69e-6
2014-04-10 22:15:00;279.92e-6
2014-04-10 22:30:00;249.35e-6
2014-04-10 22:45:00;221.57e-6
2014-04-10 23:00:00;191.69e-6
2014-04-10 23:15:00;175.46e-6
2014-04-10 23:30:00;164.85e-6
2014-04-10 23:45:00;157.98e-6
2014-04-11 00:00:00;157.18e-6
2014-04-11 00:15:00;160.19e-6
2014-04-11 00:30:00;166.18e-6
2014-04-11 00:45:00;180.63e-6
2014-04-11 01:00:00;196.41e-6
2014-04-11 01:15:00;208.98e-6
2014-04-11 01:30:00;218.62e-6
2014-04-11 01:45:00;223.33e-6
2014-04-11 02:00:00;221.41e-6
2014-04-11 02:15:00;213.91e-6
2014-04-11 02:30:00;205.88e-6
2014-04-11 02:45:00;201.05e-6
2014-04-11 03:00:00;204.75e-6
2014-04-11 03:15:00;206.59e-6
2014-04-11 03:30:00;213.21e-6
2014-04-11 03:45:00;219.62e-6
2014-04-11 04:00:00;226.37e-6
2014-04-11 04:15:00;238.63e-6
2014-04-11 04:30:00;256.88e-6
2014-04-11 04:45:00;282.64e-6
2014-04-11 05:00:00;321.83e-6
2014-04-11 05:15:00;361.36e-6
2014-04-11 05:30:00;425.86e-6
2014-04-11 05:45:00;438.05e-6
2014-04-11 06:00:00;464.34e-6
2014-04-11 06:15:00;474.24e-6
2014-04-11 06:30:00;477.17e-6
2014-04-11 06:45:00;466.79e-6
2014-04-11 07:00:00;456.99e-6
2014-04-11 07:15:00;435.87e-6
2014-04-11 07:30:00;414.61e-6
2014-04-11 07:45:00;392.84e-6
2014-04-11 08:00:00;376.93e-6
2014-04-11 08:15:00;367.48e-6
2014-04-11 08:30:00;365.29e-6
2014-04-11 08:45:00;365.30e-6
2014-04-11 09:00:00;367.12e-6
2014-04-11 09:15:00;367.29e-6
2014-04-11 09:30:00;369.40e-6
2014-04-11 09:45:00;377.75e-6
2014-04-11 10:00:00;394.17e-6
2014-04-11 10:15:00;414.31e-6
2014-04-11 10:30:00;421.23e-6
2014-04-11 10:45:00;416.91e-6
2014-04-11 11:00:00;400.29e-6
2014-04-11 11:15:00;389.23e-6
2014-04-11 11:30:00;381.24e-6
2014-04-11 11:45:00;379.64e-6
2014-04-11 12:00:00;378.13e-6
2014-04-11 12:15:00;379.73e-6
2014-04-11 12:30:00;382.75e-6
2014-04-11 12:45:00;387.25e-6
2014-04-11 13:00:00;392.52e-6
2014-04-11 13:15:00;393.96e-6
2014-04-11 13:30:00;391.63e-6
2014-04-11 13:45:00;386.32e-6
2014-04-11 14:00:00;378.12e-6
2014-04-11 14:15:00;367.83e-6
2014-04-11 14:30:00;358.79e-6
2014-04-11 14:45:00;350.67e-6
2014-04-11 15:00:00;345.82e-6
2014-04-11 15:15:00;336.96e-6
2014-04-11 15:30:00;343.39e-6
2014-04-11 15:45:00;354.29e-6
2014-04-11 16:00:00;369.54e-6
2014-04-11 16:15:00;387.36e-6
2014-04-11 16:30:00;410.00e-6
2014-04-11 16:45:00;440.46e-6
2014-04-11 17:00:00;471.41e-6
2014-04-11 17:15:00;507.89e-6
2014-04-11 17:30:00;542.86e-6
2014-04-11 17:45:00;574.21e-6
2014-04-11 18:00:00;592.81e-6
2014-04-11 18:15:00;604.02e-6
2014-04-11 18:30:00;620.07e-6
2014-04-11 18:45:00;619.42e-6
2014-04-11 19:00:00;615.76e-6
2014-04-11 19:15:00;605.30e-6
2014-04-11 19:30:00;588.76e-6
2014-04-11 19:45:00;569.24e-6
2014-04-11 20:00:00;550.76e-6
2014-04-11 20:15:00;530.54e-6
2014-04-11 20:30:00;509.03e-6
2014-04-11 20:45:00;484.91e-6
2014-04-11 21:00:00;457.94e-6
2014-04-11 21:15:00;426.08e-6
2014-04-11 21:30:00;391.39e-6
2014-04-11 21:45:00;354.83e-6
2014-04-11 22:00:00;318.47e-6
2014-04-11 22:15:00;278.86e-6
2014-04-11 22:30:00;248.40e-6
2014-04-11 22:45:00;220.73e-6
2014-04-11 23:00:00;225.41e-6
2014-04-11 23:15:00;202.46e-6
2014-04-11 23:30:00;185.83e-6
2014-04-11 23:45:00;172.23e-6
2014-04-12 00:00:00;164.88e-6
2014-04-12 00:15:00;164.73e-6
2014-04-12 00:30:00;168.14e-6
2014-04-12 00:45:00;181.96e-6
2014-04-12 01:00:00;195.54e-6
2014-04-12 01:15:00;206.67e-6
2014-04-12 01:30:00;215.41e-6
2014-04-12 01:45:00;218.51e-6
2014-04-12 02:00:00;215.31e-6
2014-04-12 02:15:00;206.10e-6
2014-04-12 02:30:00;197.23e-6
2014-04-12 02:45:00;190.85e-6
2014-04-12 03:00:00;192.62e-6
2014-04-12 03:15:00;196.82e-6
2014-04-12 03:30:00;200.88e-6
2014-04-12 03:45:00;196.17e-6
2014-04-12 04:00:00;192.55e-6
2014-04-12 04:15:00;191.51e-6
2014-04-12 04:30:00;195.25e-6
2014-04-12 04:45:00;206.56e-6
2014-04-12 05:00:00;232.34e-6
2014-04-12 05:15:00;263.33e-6
2014-04-12 05:30:00;315.00e-6
2014-04-12 05:45:00;333.67e-6
2014-04-12 06:00:00;369.01e-6
2014-04-12 06:15:00;392.90e-6
2014-04-12 06:30:00;417.98e-6
2014-04-12 06:45:00;433.63e-6
2014-04-12 07:00:00;451.92e-6
2014-04-12 07:15:00;456.17e-6
2014-04-12 07:30:00;451.98e-6
2014-04-12 07:45:00;456.36e-6
2014-04-12 08:00:00;464.57e-6
2014-04-12 08:15:00;472.09e-6
2014-04-12 08:30:00;478.44e-6
2014-04-12 08:45:00;483.62e-6
2014-04-12 09:00:00;490.00e-6
2014-04-12 09:15:00;496.32e-6
2014-04-12 09:30:00;502.79e-6
2014-04-12 09:45:00;519.81e-6
2014-04-12 10:00:00;547.75e-6
2014-04-12 10:15:00;587.18e-6
2014-04-12 10:30:00;605.07e-6
2014-04-12 10:45:00;597.97e-6
2014-04-12 11:00:00;561.86e-6
2014-04-12 11:15:00;523.02e-6
2014-04-12 11:30:00;496.84e-6
2014-04-12 11:45:00;485.47e-6
2014-04-12 12:00:00;473.27e-6
2014-04-12 12:15:00;467.84e-6
2014-04-12 12:30:00;466.95e-6
2014-04-12 12:45:00;470.84e-6
2014-04-12 13:00:00;478.45e-6
2014-04-12 13:15:00;484.63e-6
2014-04-12 13:30:00;488.65e-6
2014-04-12 13:45:00;490.51e-6
2014-04-12 14:00:00;489.56e-6
2014-04-12 14:15:00;486.39e-6
2014-04-12 14:30:00;483.78e-6
2014-04-12 14:45:00;481.12e-6
2014-04-12 15:00:00;481.24e-6
2014-04-12 15:15:00;476.48e-6
2014-04-12 15:30:00;487.86e-6
2014-04-12 15:45:00;500.46e-6
2014-04-12 16:00:00;514.06e-6
2014-04-12 16:15:00;531.83e-6
2014-04-12 16:30:00;551.22e-6
2014-04-12 16:45:00;575.65e-6
2014-04-12 17:00:00;599.90e-6
2014-04-12 17:15:00;623.29e-6
2014-04-12 17:30:00;644.87e-6
2014-04-12 17:45:00;656.68e-6
2014-04-12 18:00:00;654.65e-6
2014-04-12 18:15:00;647.54e-6
2014-04-12 18:30:00;637.20e-6
2014-04-12 18:45:00;628.19e-6
2014-04-12 19:00:00;619.36e-6
2014-04-12 19:15:00;602.53e-6
2014-04-12 19:30:00;580.19e-6
2014-04-12 19:45:00;560.33e-6
2014-04-12 20:00:00;539.14e-6
2014-04-12 20:15:00;528.27e-6
2014-04-12 20:30:00;513.74e-6
2014-04-12 20:45:00;499.92e-6
2014-04-12 21:00:00;484.45e-6
2014-04-12 21:15:00;464.42e-6
2014-04-12 21:30:00;440.11e-6
2014-04-12 21:45:00;412.15e-6
2014-04-12 22:00:00;379.81e-6
2014-04-12 22:15:00;347.90e-6
2014-04-12 22:30:00;308.37e-6
2014-04-12 22:45:00;278.89e-6
2014-04-12 23:00:00;246.17e-6
2014-04-12 23:15:00;222.97e-6
2014-04-12 23:30:00;203.70e-6
2014-04-12 23:45:00;189.56e-6
2014-04-13 00:00:00;181.00e-6
2014-04-13 00:15:00;178.99e-6
2014-04-13 00:30:00;179.87e-6
2014-04-13 00:45:00;191.42e-6
2014-04-13 01:00:00;204.42e-6
2014-04-13 01:15:00;215.39e-6
2014-04-13 01:30:00;223.99e-6
2014-04-13 01:45:00;228.86e-6
2014-04-13 02:00:00;226.51e-6
2014-04-13 02:15:00;217.74e-6
2014-04-13 02:30:00;211.17e-6
2014-04-13 02:45:00;207.96e-6
2014-04-13 03:00:00;213.64e-6
2014-04-13 03:15:00;217.46e-6
2014-04-13 03:30:00;220.59e-6
2014-04-13 03:45:00;209.97e-6
2014-04-13 04:00:00;202.10e-6
2014-04-13 04:15:00;195.90e-6
2014-04-13 04:30:00;194.55e-6
2014-04-13 04:45:00;200.72e-6
2014-04-13 05:00:00;221.21e-6
2014-04-13 05:15:00;247.46e-6
2014-04-13 05:30:00;293.22e-6
2014-04-13 05:45:00;309.31e-6
2014-04-13 06:00:00;348.34e-6
2014-04-13 06:15:00;383.04e-6
2014-04-13 06:30:00;432.60e-6
2014-04-13 06:45:00;477.03e-6
2014-04-13 07:00:00;520.75e-6
2014-04-13 07:15:00;554.41e-6
2014-04-13 07:30:00;573.77e-6
2014-04-13 07:45:00;592.18e-6
2014-04-13 08:00:00;606.40e-6
2014-04-13 08:15:00;617.93e-6
2014-04-13 08:30:00;625.52e-6
2014-04-13 08:45:00;633.99e-6
2014-04-13 09:00:00;645.43e-6
2014-04-13 09:15:00;659.75e-6
2014-04-13 09:30:00;677.28e-6
2014-04-13 09:45:00;704.31e-6
2014-04-13 10:00:00;742.44e-6
2014-04-13 10:15:00;791.88e-6
2014-04-13 10:30:00;801.03e-6
2014-04-13 10:45:00;773.70e-6
2014-04-13 11:00:00;714.09e-6
2014-04-13 11:15:00;656.27e-6
2014-04-13 11:30:00;612.72e-6
2014-04-13 11:45:00;588.22e-6
2014-04-13 12:00:00;561.41e-6
2014-04-13 12:15:00;541.99e-6
2014-04-13 12:30:00;526.87e-6
2014-04-13 12:45:00;516.65e-6
2014-04-13 13:00:00;510.36e-6
2014-04-13 13:15:00;503.39e-6
2014-04-13 13:30:00;495.36e-6
2014-04-13 13:45:00;486.70e-6
2014-04-13 14:00:00;476.88e-6
2014-04-13 14:15:00;466.21e-6
2014-04-13 14:30:00;457.18e-6
2014-04-13 14:45:00;448.77e-6
2014-04-13 15:00:00;443.72e-6
2014-04-13 15:15:00;433.35e-6
2014-04-13 15:30:00;440.71e-6
2014-04-13 15:45:00;451.62e-6
2014-04-13 16:00:00;461.78e-6
2014-04-13 16:15:00;477.30e-6
2014-04-13 16:30:00;496.49e-6
2014-04-13 16:45:00;520.08e-6
2014-04-13 17:00:00;545.64e-6
2014-04-13 17:15:00;573.06e-6
2014-04-13 17:30:00;597.51e-6
2014-04-13 17:45:00;614.37e-6
2014-04-13 18:00:00;617.04e-6
2014-04-13 18:15:00;614.55e-6
2014-04-13 18:30:00;601.24e-6
2014-04-13 18:45:00;596.24e-6
2014-04-13 19:00:00;593.74e-6
2014-04-13 19:15:00;581.07e-6
2014-04-13 19:30:00;562.98e-6
2014-04-13 19:45:00;547.48e-6
2014-04-13 20:00:00;526.18e-6
2014-04-13 20:15:00;511.20e-6
2014-04-13 20:30:00;492.34e-6
2014-04-13 20:45:00;472.43e-6
2014-04-13 21:00:00;449.48e-6
2014-04-13 21:15:00;422.09e-6
2014-04-13 21:30:00;391.90e-6
2014-04-13 21:45:00;360.38e-6
2014-04-13 22:00:00;328.06e-6
2014-04-13 22:15:00;295.58e-6
2014-04-13 22:30:00;265.00e-6
2014-04-13 22:45:00;237.04e-6
2014-04-13 23:00:00;189.51e-6
2014-04-13 23:15:00;173.46e-6
2014-04-13 23:30:00;162.97e-6
2014-04-13 23:45:00;156.18e-6
2014-04-14 00:00:00;155.39e-6
2014-04-14 00:15:00;158.36e-6
2014-04-14 00:30:00;164.29e-6
2014-04-14 00:45:00;178.57e-6
2014-04-14 01:00:00;194.17e-6
2014-04-14 01:15:00;206.60e-6
2014-04-14 01:30:00;216.13e-6
2014-04-14 01:45:00;220.79e-6
2014-04-14 02:00:00;218.89e-6
2014-04-14 02:15:00;211.47e-6
2014-04-14 02:30:00;203.53e-6
2014-04-14 02:45:00;198.76e-6
2014-04-14 03:00:00;202.41e-6
2014-04-14 03:15:00;204.24e-6
2014-04-14 03:30:00;210.78e-6
2014-04-14 03:45:00;217.11e-6
2014-04-14 04:00:00;223.79e-6
2014-04-14 04:15:00;235.91e-6
2014-04-14 04:30:00;253.95e-6
2014-04-14 04:45:00;279.42e-6
2014-04-14 05:00:00;318.16e-6
2014-04-14 05:15:00;357.24e-6
2014-04-14 05:30:00;421.00e-6
2014-04-14 05:45:00;433.05e-6
2014-04-14 06:00:00;459.04e-6
2014-04-14 06:15:00;468.84e-6
2014-04-14 06:30:00;471.74e-6
2014-04-14 06:45:00;461.47e-6
2014-04-14 07:00:00;451.78e-6
2014-04-14 07:15:00;430.90e-6
2014-04-14 07:30:00;409.88e-6
2014-04-14 07:45:00;388.36e-6
2014-04-14 08:00:00;372.64e-6
2014-04-14 08:15:00;363.29e-6
2014-04-14 08:30:00;361.13e-6
2014-04-14 08:45:00;361.14e-6
2014-04-14 09:00:00;362.94e-6
2014-04-14 09:15:00;363.10e-6
2014-04-14 09:30:00;365.19e-6
2014-04-14 09:45:00;373.45e-6
2014-04-14 10:00:00;389.68e-6
2014-04-14 10:15:00;409.59e-6
2014-04-14 10:30:00;416.43e-6
2014-04-14 10:45:00;412.16e-6
2014-04-14 11:00:00;395.73e-6
2014-04-14 11:15:00;384.79e-6
2014-04-14 11:30:00;376.90e-6
2014-04-14 11:45:00;375.31e-6
2014-04-14 12:00:00;373.83e-6
2014-04-14 12:15:00;375.40e-6
2014-04-14 12:30:00;378.39e-6
2014-04-14 12:45:00;382.83e-6
2014-04-14 13:00:00;388.04e-6
2014-04-14 13:15:00;389.47e-6
2014-04-14 13:30:00;387.17e-6
2014-04-14 13:45:00;381.92e-6
2014-04-14 14:00:00;373.81e-6
2014-04-14 14:15:00;363.64e-6
2014-04-14 14:30:00;354.71e-6
2014-04-14 14:45:00;346.67e-6
2014-04-14 15:00:00;341.88e-6
2014-04-14 15:15:00;333.12e-6
2014-04-14 15:30:00;339.47e-6
2014-04-14 15:45:00;350.25e-6
2014-04-14 16:00:00;365.33e-6
2014-04-14 16:15:00;382.95e-6
2014-04-14 16:30:00;405.33e-6
2014-04-14 16:45:00;435.44e-6
2014-04-14 17:00:00;466.04e-6
2014-04-14 17:15:00;502.10e-6
2014-04-14 17:30:00;536.67e-6
2014-04-14 17:45:00;567.67e-6
2014-04-14 18:00:00;586.05e-6
2014-04-14 18:15:00;597.14e-6
2014-04-14 18:30:00;613.01e-6
2014-04-14 18:45:00;612.36e-6
2014-04-14 19:00:00;608.75e-6
2014-04-14 19:15:00;598.41e-6
2014-04-14 19:30:00;582.05e-6
2014-04-14 19:45:00;562.75e-6
2014-04-14 20:00:00;544.48e-6
2014-04-14 20:15:00;524.50e-6
2014-04-14 20:30:00;503.23e-6
2014-04-14 20:45:00;479.39e-6
2014-04-14 21:00:00;452.73e-6
2014-04-14 21:15:00;421.23e-6
2014-04-14 21:30:00;386.93e-6
2014-04-14 21:45:00;350.79e-6
2014-04-14 22:00:00;314.85e-6
2014-04-14 22:15:00;275.68e-6
2014-04-14 22:30:00;245.57e-6
2014-04-14 22:45:00;218.22e-6
2014-04-14 23:00:00;188.78e-6
2014-04-14 23:15:00;172.79e-6
2014-04-14 23:30:00;162.35e-6
2014-04-14 23:45:00;155.58e-6
2014-04-15 00:00:00;154.79e-6
2014-04-15 00:15:00;157.75e-6
2014-04-15 00:30:00;163.66e-6
2014-04-15 00:45:00;177.89e-6
2014-04-15 01:00:00;193.43e-6
2014-04-15 01:15:00;205.81e-6
2014-04-15 01:30:00;215.30e-6
2014-04-15 01:45:00;219.94e-6
2014-04-15 02:00:00;218.05e-6
2014-04-15 02:15:00;210.66e-6
2014-04-15 02:30:00;202.75e-6
2014-04-15 02:45:00;198.00e-6
2014-04-15 03:00:00;201.64e-6
2014-04-15 03:15:00;203.46e-6
2014-04-15 03:30:00;209.97e-6
2014-04-15 03:45:00;216.28e-6
2014-04-15 04:00:00;222.94e-6
2014-04-15 04:15:00;235.01e-6
2014-04-15 04:30:00;252.98e-6
2014-04-15 04:45:00;278.35e-6
2014-04-15 05:00:00;316.94e-6
2014-04-15 05:15:00;355.88e-6
2014-04-15 05:30:00;419.39e-6
2014-04-15 05:45:00;431.40e-6
2014-04-15 06:00:00;457.29e-6
2014-04-15 06:15:00;467.04e-6
2014-04-15 06:30:00;469.93e-6
2014-04-15 06:45:00;459.71e-6
2014-04-15 07:00:00;450.05e-6
2014-04-15 07:15:00;429.25e-6
2014-04-15 07:30:00;408.31e-6
2014-04-15 07:45:00;386.88e-6
2014-04-15 08:00:00;371.21e-6
2014-04-15 08:15:00;361.90e-6
2014-04-15 08:30:00;359.75e-6
2014-04-15 08:45:00;359.76e-6
2014-04-15 09:00:00;361.55e-6
2014-04-15 09:15:00;361.71e-6
2014-04-15 09:30:00;363.79e-6
2014-04-15 09:45:00;372.02e-6
2014-04-15 10:00:00;388.19e-6
2014-04-15 10:15:00;408.02e-6
2014-04-15 10:30:00;414.83e-6
2014-04-15 10:45:00;410.58e-6
2014-04-15 11:00:00;394.21e-6
2014-04-15 11:15:00;383.32e-6
2014-04-15 11:30:00;375.45e-6
2014-04-15 11:45:00;373.88e-6
2014-04-15 12:00:00;372.39e-6
2014-04-15 12:15:00;373.96e-6
2014-04-15 12:30:00;376.94e-6
2014-04-15 12:45:00;381.37e-6
2014-04-15 13:00:00;386.56e-6
2014-04-15 13:15:00;387.98e-6
2014-04-15 13:30:00;385.69e-6
2014-04-15 13:45:00;380.46e-6
2014-04-15 14:00:00;372.38e-6
2014-04-15 14:15:00;362.25e-6
2014-04-15 14:30:00;353.35e-6
2014-04-15 14:45:00;345.34e-6
2014-04-15 15:00:00;340.57e-6
2014-04-15 15:15:00;331.84e-6
2014-04-15 15:30:00;338.17e-6
2014-04-15 15:45:00;348.91e-6
2014-04-15 16:00:00;363.93e-6
2014-04-15 16:15:00;381.48e-6
2014-04-15 16:30:00;403.78e-6
2014-04-15 16:45:00;433.77e-6
2014-04-15 17:00:00;464.26e-6
2014-04-15 17:15:00;500.18e-6
2014-04-15 17:30:00;534.62e-6
2014-04-15 17:45:00;565.49e-6
2014-04-15 18:00:00;583.81e-6
2014-04-15 18:15:00;594.85e-6
2014-04-15 18:30:00;610.66e-6
2014-04-15 18:45:00;610.02e-6
2014-04-15 19:00:00;606.42e-6
2014-04-15 19:15:00;596.12e-6
2014-04-15 19:30:00;579.82e-6
2014-04-15 19:45:00;560.60e-6
2014-04-15 20:00:00;542.40e-6
2014-04-15 20:15:00;522.49e-6
2014-04-15 20:30:00;501.30e-6
2014-04-15 20:45:00;477.55e-6
2014-04-15 21:00:00;450.99e-6
2014-04-15 21:15:00;419.61e-6
2014-04-15 21:30:00;385.45e-6
2014-04-15 21:45:00;349.44e-6
2014-04-15 22:00:00;313.64e-6
2014-04-15 22:15:00;274.62e-6
2014-04-15 22:30:00;244.63e-6
2014-04-15 22:45:00;217.38e-6
2014-04-15 23:00:00;188.06e-6
2014-04-15 23:15:00;172.13e-6
2014-04-15 23:30:00;161.73e-6
2014-04-15 23:45:00;154.98e-6
2014-04-16 00:00:00;154.20e-6
2014-04-16 00:15:00;157.15e-6
2014-04-16 00:30:00;163.04e-6
2014-04-16 00:45:00;177.21e-6
2014-04-16 01:00:00;192.69e-6
2014-04-16 01:15:00;205.02e-6
2014-04-16 01:30:00;214.47e-6
2014-04-16 01:45:00;219.10e-6
2014-04-16 02:00:00;217.22e-6
2014-04-16 02:15:00;209.86e-6
2014-04-16 02:30:00;201.98e-6
2014-04-16 02:45:00;197.24e-6
2014-04-16 03:00:00;200.87e-6
2014-04-16 03:15:00;202.68e-6
2014-04-16 03:30:00;209.16e-6
2014-04-16 03:45:00;215.45e-6
2014-04-16 04:00:00;222.08e-6
2014-04-16 04:15:00;234.11e-6
2014-04-16 04:30:00;252.01e-6
2014-04-16 04:45:00;277.29e-6
2014-04-16 05:00:00;315.73e-6
2014-04-16 05:15:00;354.51e-6
2014-04-16 05:30:00;417.79e-6
2014-04-16 05:45:00;429.74e-6
2014-04-16 06:00:00;455.53e-6
2014-04-16 06:15:00;465.25e-6
2014-04-16 06:30:00;468.13e-6
2014-04-16 06:45:00;457.95e-6
2014-04-16 07:00:00;448.33e-6
2014-04-16 07:15:00;427.61e-6
2014-04-16 07:30:00;406.75e-6
2014-04-16 07:45:00;385.39e-6
2014-04-16 08:00:00;369.79e-6
2014-04-16 08:15:00;360.51e-6
2014-04-16 08:30:00;358.37e-6
2014-04-16 08:45:00;358.38e-6
2014-04-16 09:00:00;360.17e-6
2014-04-16 09:15:00;360.33e-6
2014-04-16 09:30:00;362.40e-6
2014-04-16 09:45:00;370.59e-6
2014-04-16 10:00:00;386.70e-6
2014-04-16 10:15:00;406.45e-6
2014-04-16 10:30:00;413.24e-6
2014-04-16 10:45:00;409.01e-6
2014-04-16 11:00:00;392.70e-6
2014-04-16 11:15:00;381.85e-6
2014-04-16 11:30:00;374.01e-6
2014-04-16 11:45:00;372.44e-6
2014-04-16 12:00:00;370.97e-6
2014-04-16 12:15:00;372.53e-6
2014-04-16 12:30:00;375.50e-6
2014-04-16 12:45:00;379.91e-6
2014-04-16 13:00:00;385.08e-6
2014-04-16 13:15:00;386.49e-6
2014-04-16 13:30:00;384.21e-6
2014-04-16 13:45:00;379.00e-6
2014-04-16 14:00:00;370.95e-6
2014-04-16 14:15:00;360.86e-6
2014-04-16 14:30:00;351.99e-6
2014-04-16 14:45:00;344.02e-6
2014-04-16 15:00:00;339.27e-6
2014-04-16 15:15:00;330.57e-6
2014-04-16 15:30:00;336.88e-6
2014-04-16 15:45:00;347.57e-6
2014-04-16 16:00:00;362.53e-6
2014-04-16 16:15:00;380.02e-6
2014-04-16 16:30:00;402.23e-6
2014-04-16 16:45:00;432.11e-6
2014-04-16 17:00:00;462.48e-6
2014-04-16 17:15:00;498.26e-6
2014-04-16 17:30:00;532.57e-6
2014-04-16 17:45:00;563.33e-6
2014-04-16 18:00:00;581.57e-6
2014-04-16 18:15:00;592.57e-6
2014-04-16 18:30:00;608.32e-6
2014-04-16 18:45:00;607.68e-6
2014-04-16 19:00:00;604.09e-6
2014-04-16 19:15:00;593.83e-6
2014-04-16 19:30:00;577.60e-6
2014-04-16 19:45:00;558.45e-6
2014-04-16 20:00:00;540.32e-6
2014-04-16 20:15:00;520.49e-6
2014-04-16 20:30:00;499.38e-6
2014-04-16 20:45:00;475.72e-6
2014-04-16 21:00:00;449.26e-6
2014-04-16 21:15:00;418.01e-6
2014-04-16 21:30:00;383.97e-6
2014-04-16 21:45:00;348.10e-6
2014-04-16 22:00:00;312.44e-6
2014-04-16 22:15:00;273.57e-6
2014-04-16 22:30:00;243.69e-6
2014-04-16 22:45:00;216.55e-6
2014-04-16 23:00:00;187.34e-6
2014-04-16 23:15:00;171.47e-6
2014-04-16 23:30:00;161.11e-6
2014-04-16 23:45:00;154.39e-6
2014-04-17 00:00:00;153.61e-6
2014-04-17 00:15:00;156.55e-6
2014-04-17 00:30:00;162.41e-6
2014-04-17 00:45:00;176.53e-6
2014-04-17 01:00:00;191.95e-6
2014-04-17 01:15:00;204.23e-6
2014-04-17 01:30:00;213.65e-6
2014-04-17 01:45:00;218.26e-6
2014-04-17 02:00:00;216.38e-6
2014-04-17 02:15:00;209.05e-6
2014-04-17 02:30:00;201.20e-6
2014-04-17 02:45:00;196.48e-6
2014-04-17 03:00:00;200.10e-6
2014-04-17 03:15:00;201.90e-6
2014-04-17 03:30:00;208.36e-6
2014-04-17 03:45:00;214.63e-6
2014-04-17 04:00:00;221.23e-6
2014-04-17 04:15:00;233.21e-6
2014-04-17 04:30:00;251.04e-6
2014-04-17 04:45:00;276.22e-6
2014-04-17 05:00:00;314.52e-6
2014-04-17 05:15:00;353.15e-6
2014-04-17 05:30:00;416.18e-6
2014-04-17 05:45:00;428.09e-6
2014-04-17 06:00:00;453.79e-6
2014-04-17 06:15:00;463.47e-6
2014-04-17 06:30:00;466.33e-6
2014-04-17 06:45:00;456.19e-6
2014-04-17 07:00:00;446.61e-6
2014-04-17 07:15:00;425.97e-6
2014-04-17 07:30:00;405.19e-6
2014-04-17 07:45:00;383.92e-6
2014-04-17 08:00:00;368.37e-6
2014-04-17 08:15:00;359.13e-6
2014-04-17 08:30:00;356.99e-6
2014-04-17 08:45:00;357.00e-6
2014-04-17 09:00:00;358.78e-6
2014-04-17 09:15:00;358.94e-6
2014-04-17 09:30:00;361.01e-6
2014-04-17 09:45:00;369.17e-6
2014-04-17 10:00:00;385.21e-6
2014-04-17 10:15:00;404.90e-6
2014-04-17 10:30:00;411.66e-6
2014-04-17 10:45:00;407.44e-6
2014-04-17 11:00:00;391.20e-6
2014-04-17 11:15:00;380.39e-6
2014-04-17 11:30:00;372.58e-6
2014-04-17 11:45:00;371.01e-6
2014-04-17 12:00:00;369.54e-6
2014-04-17 12:15:00;371.10e-6
2014-04-17 12:30:00;374.06e-6
2014-04-17 12:45:00;378.45e-6
2014-04-17 13:00:00;383.60e-6
2014-04-17 13:15:00;385.01e-6
2014-04-17 13:30:00;382.74e-6
2014-04-17 13:45:00;377.54e-6
2014-04-17 14:00:00;369.53e-6
2014-04-17 14:15:00;359.48e-6
2014-04-17 14:30:00;350.64e-6
2014-04-17 14:45:00;342.70e-6
2014-04-17 15:00:00;337.97e-6
2014-04-17 15:15:00;329.30e-6
2014-04-17 15:30:00;335.59e-6
2014-04-17 15:45:00;346.24e-6
2014-04-17 16:00:00;361.14e-6
2014-04-17 16:15:00;378.56e-6
2014-04-17 16:30:00;400.69e-6
2014-04-17 16:45:00;430.45e-6
2014-04-17 17:00:00;460.70e-6
2014-04-17 17:15:00;496.35e-6
2014-04-17 17:30:00;530.53e-6
2014-04-17 17:45:00;561.16e-6
2014-04-17 18:00:00;579.34e-6
2014-04-17 18:15:00;590.30e-6
2014-04-17 18:30:00;605.99e-6
2014-04-17 18:45:00;605.35e-6
2014-04-17 19:00:00;601.77e-6
2014-04-17 19:15:00;591.55e-6
2014-04-17 19:30:00;575.38e-6
2014-04-17 19:45:00;556.31e-6
2014-04-17 20:00:00;538.24e-6
2014-04-17 20:15:00;518.49e-6
2014-04-17 20:30:00;497.47e-6
2014-04-17 20:45:00;473.90e-6
2014-04-17 21:00:00;447.54e-6
2014-04-17 21:15:00;416.40e-6
2014-04-17 21:30:00;382.50e-6
2014-04-17 21:45:00;346.77e-6
2014-04-17 22:00:00;311.24e-6
2014-04-17 22:15:00;272.52e-6
2014-04-17 22:30:00;242.76e-6
2014-04-17 22:45:00;215.72e-6
2014-04-17 23:00:00;241.49e-6
2014-04-17 23:15:00;218.73e-6
2014-04-17 23:30:00;199.82e-6
2014-04-17 23:45:00;185.95e-6
2014-04-18 00:00:00;177.56e-6
2014-04-18 00:15:00;175.59e-6
2014-04-18 00:30:00;176.45e-6
2014-04-18 00:45:00;187.78e-6
2014-04-18 01:00:00;200.53e-6
2014-04-18 01:15:00;211.30e-6
2014-04-18 01:30:00;219.73e-6
2014-04-18 01:45:00;224.51e-6
2014-04-18 02:00:00;222.20e-6
2014-04-18 02:15:00;213.60e-6
2014-04-18 02:30:00;207.16e-6
2014-04-18 02:45:00;204.00e-6
2014-04-18 03:00:00;209.58e-6
2014-04-18 03:15:00;213.32e-6
2014-04-18 03:30:00;216.40e-6
2014-04-18 03:45:00;205.98e-6
2014-04-18 04:00:00;198.26e-6
2014-04-18 04:15:00;192.17e-6
2014-04-18 04:30:00;190.85e-6
2014-04-18 04:45:00;196.91e-6
2014-04-18 05:00:00;217.01e-6
2014-04-18 05:15:00;242.75e-6
2014-04-18 05:30:00;287.64e-6
2014-04-18 05:45:00;303.43e-6
2014-04-18 06:00:00;341.72e-6
2014-04-18 06:15:00;375.76e-6
2014-04-18 06:30:00;424.38e-6
2014-04-18 06:45:00;467.96e-6
2014-04-18 07:00:00;510.85e-6
2014-04-18 07:15:00;543.87e-6
2014-04-18 07:30:00;562.86e-6
2014-04-18 07:45:00;580.93e-6
2014-04-18 08:00:00;594.87e-6
2014-04-18 08:15:00;606.18e-6
2014-04-18 08:30:00;613.63e-6
2014-04-18 08:45:00;621.93e-6
2014-04-18 09:00:00;633.16e-6
2014-04-18 09:15:00;647.20e-6
2014-04-18 09:30:00;664.41e-6
2014-04-18 09:45:00;690.92e-6
2014-04-18 10:00:00;728.33e-6
2014-04-18 10:15:00;776.82e-6
2014-04-18 10:30:00;785.80e-6
2014-04-18 10:45:00;758.99e-6
2014-04-18 11:00:00;700.51e-6
2014-04-18 11:15:00;643.80e-6
2014-04-18 11:30:00;601.07e-6
2014-04-18 11:45:00;577.04e-6
2014-04-18 12:00:00;550.74e-6
2014-04-18 12:15:00;531.68e-6
2014-04-18 12:30:00;516.86e-6
2014-04-18 12:45:00;506.83e-6
2014-04-18 13:00:00;500.66e-6
2014-04-18 13:15:00;493.82e-6
2014-04-18 13:30:00;485.94e-6
2014-04-18 13:45:00;477.45e-6
2014-04-18 14:00:00;467.82e-6
2014-04-18 14:15:00;457.35e-6
2014-04-18 14:30:00;448.49e-6
2014-04-18 14:45:00;440.24e-6
2014-04-18 15:00:00;435.28e-6
2014-04-18 15:15:00;425.11e-6
2014-04-18 15:30:00;432.33e-6
2014-04-18 15:45:00;443.03e-6
2014-04-18 16:00:00;453.00e-6
2014-04-18 16:15:00;468.22e-6
2014-04-18 16:30:00;487.05e-6
2014-04-18 16:45:00;510.19e-6
2014-04-18 17:00:00;535.27e-6
2014-04-18 17:15:00;562.16e-6
2014-04-18 17:30:00;586.15e-6
2014-04-18 17:45:00;602.69e-6
2014-04-18 18:00:00;605.30e-6
2014-04-18 18:15:00;602.87e-6
2014-04-18 18:30:00;589.81e-6
2014-04-18 18:45:00;584.90e-6
2014-04-18 19:00:00;582.45e-6
2014-04-18 19:15:00;570.02e-6
2014-04-18 19:30:00;552.28e-6
2014-04-18 19:45:00;537.07e-6
2014-04-18 20:00:00;516.18e-6
2014-04-18 20:15:00;501.49e-6
2014-04-18 20:30:00;482.98e-6
2014-04-18 20:45:00;463.45e-6
2014-04-18 21:00:00;440.93e-6
2014-04-18 21:15:00;414.07e-6
2014-04-18 21:30:00;384.45e-6
2014-04-18 21:45:00;353.53e-6
2014-04-18 22:00:00;321.82e-6
2014-04-18 22:15:00;289.96e-6
2014-04-18 22:30:00;259.96e-6
2014-04-18 22:45:00;232.53e-6
2014-04-18 23:00:00;219.43e-6
2014-04-18 23:15:00;197.09e-6
2014-04-18 23:30:00;180.90e-6
2014-04-18 23:45:00;167.66e-6
2014-04-19 00:00:00;160.51e-6
2014-04-19 00:15:00;160.36e-6
2014-04-19 00:30:00;163.68e-6
2014-04-19 00:45:00;177.14e-6
2014-04-19 01:00:00;190.36e-6
2014-04-19 01:15:00;201.20e-6
2014-04-19 01:30:00;209.70e-6
2014-04-19 01:45:00;212.72e-6
2014-04-19 02:00:00;209.60e-6
2014-04-19 02:15:00;200.63e-6
2014-04-19 02:30:00;192.00e-6
2014-04-19 02:45:00;185.79e-6
2014-04-19 03:00:00;187.51e-6
2014-04-19 03:15:00;191.61e-6
2014-04-19 03:30:00;195.55e-6
2014-04-19 03:45:00;190.97e-6
2014-04-19 04:00:00;187.45e-6
2014-04-19 04:15:00;186.43e-6
2014-04-19 04:30:00;190.08e-6
2014-04-19 04:45:00;201.09e-6
2014-04-19 05:00:00;226.18e-6
2014-04-19 05:15:00;256.35e-6
2014-04-19 05:30:00;306.65e-6
2014-04-19 05:45:00;324.82e-6
2014-04-19 06:00:00;359.22e-6
2014-04-19 06:15:00;382.48e-6
2014-04-19 06:30:00;406.90e-6
2014-04-19 06:45:00;422.14e-6
2014-04-19 07:00:00;439.94e-6
2014-04-19 07:15:00;444.07e-6
2014-04-19 07:30:00;440.00e-6
2014-04-19 07:45:00;444.26e-6
2014-04-19 08:00:00;452.25e-6
2014-04-19 08:15:00;459.58e-6
2014-04-19 08:30:00;465.76e-6
2014-04-19 08:45:00;470.80e-6
2014-04-19 09:00:00;477.01e-6
2014-04-19 09:15:00;483.16e-6
2014-04-19 09:30:00;489.46e-6
2014-04-19 09:45:00;506.03e-6
2014-04-19 10:00:00;533.23e-6
2014-04-19 10:15:00;571.62e-6
2014-04-19 10:30:00;589.03e-6
2014-04-19 10:45:00;582.12e-6
2014-04-19 11:00:00;546.97e-6
2014-04-19 11:15:00;509.16e-6
2014-04-19 11:30:00;483.67e-6
2014-04-19 11:45:00;472.60e-6
2014-04-19 12:00:00;460.72e-6
2014-04-19 12:15:00;455.43e-6
2014-04-19 12:30:00;454.57e-6
2014-04-19 12:45:00;458.36e-6
2014-04-19 13:00:00;465.77e-6
2014-04-19 13:15:00;471.78e-6
2014-04-19 13:30:00;475.69e-6
2014-04-19 13:45:00;477.51e-6
2014-04-19 14:00:00;476.58e-6
2014-04-19 14:15:00;473.50e-6
2014-04-19 14:30:00;470.95e-6
2014-04-19 14:45:00;468.37e-6
2014-04-19 15:00:00;468.48e-6
2014-04-19 15:15:00;463.85e-6
2014-04-19 15:30:00;474.92e-6
2014-04-19 15:45:00;487.20e-6
2014-04-19 16:00:00;500.43e-6
2014-04-19 16:15:00;517.74e-6
2014-04-19 16:30:00;536.61e-6
2014-04-19 16:45:00;560.39e-6
2014-04-19 17:00:00;584.00e-6
2014-04-19 17:15:00;606.77e-6
2014-04-19 17:30:00;627.77e-6
2014-04-19 17:45:00;639.27e-6
2014-04-19 18:00:00;637.30e-6
2014-04-19 18:15:00;630.38e-6
2014-04-19 18:30:00;620.31e-6
2014-04-19 18:45:00;611.54e-6
2014-04-19 19:00:00;602.94e-6
2014-04-19 19:15:00;586.56e-6
2014-04-19 19:30:00;564.81e-6
2014-04-19 19:45:00;545.48e-6
2014-04-19 20:00:00;524.84e-6
2014-04-19 20:15:00;514.27e-6
2014-04-19 20:30:00;500.12e-6
2014-04-19 20:45:00;486.67e-6
2014-04-19 21:00:00;471.60e-6
2014-04-19 21:15:00;452.11e-6
2014-04-19 21:30:00;428.44e-6
2014-04-19 21:45:00;401.23e-6
2014-04-19 22:00:00;369.75e-6
2014-04-19 22:15:00;338.68e-6
2014-04-19 22:30:00;300.19e-6
2014-04-19 22:45:00;271.50e-6
2014-04-19 23:00:00;239.64e-6
2014-04-19 23:15:00;217.06e-6
2014-04-19 23:30:00;198.29e-6
2014-04-19 23:45:00;184.52e-6
2014-04-20 00:00:00;176.20e-6
2014-04-20 00:15:00;174.24e-6
2014-04-20 00:30:00;175.10e-6
2014-04-20 00:45:00;186.34e-6
2014-04-20 01:00:00;199.00e-6
2014-04-20 01:15:00;209.68e-6
2014-04-20 01:30:00;218.05e-6
2014-04-20 01:45:00;222.78e-6
2014-04-20 02:00:00;220.50e-6
2014-04-20 02:15:00;211.96e-6
2014-04-20 02:30:00;205.57e-6
2014-04-20 02:45:00;202.44e-6
2014-04-20 03:00:00;207.97e-6
2014-04-20 03:15:00;211.69e-6
2014-04-20 03:30:00;214.74e-6
2014-04-20 03:45:00;204.40e-6
2014-04-20 04:00:00;196.74e-6
2014-04-20 04:15:00;190.70e-6
2014-04-20 04:30:00;189.39e-6
2014-04-20 04:45:00;195.39e-6
2014-04-20 05:00:00;215.34e-6
2014-04-20 05:15:00;240.89e-6
2014-04-20 05:30:00;285.44e-6
2014-04-20 05:45:00;301.10e-6
2014-04-20 06:00:00;339.10e-6
2014-04-20 06:15:00;372.88e-6
2014-04-20 06:30:00;421.12e-6
2014-04-20 06:45:00;464.37e-6
2014-04-20 07:00:00;506.93e-6
2014-04-20 07:15:00;539.70e-6
2014-04-20 07:30:00;558.54e-6
2014-04-20 07:45:00;576.47e-6
2014-04-20 08:00:00;590.30e-6
2014-04-20 08:15:00;601.53e-6
2014-04-20 08:30:00;608.92e-6
2014-04-20 08:45:00;617.16e-6
2014-04-20 09:00:00;628.30e-6
2014-04-20 09:15:00;642.24e-6
2014-04-20 09:30:00;659.31e-6
2014-04-20 09:45:00;685.62e-6
2014-04-20 10:00:00;722.74e-6
2014-04-20 10:15:00;770.86e-6
2014-04-20 10:30:00;779.77e-6
2014-04-20 10:45:00;753.16e-6
2014-04-20 11:00:00;695.13e-6
2014-04-20 11:15:00;638.86e-6
2014-04-20 11:30:00;596.46e-6
2014-04-20 11:45:00;572.61e-6
2014-04-20 12:00:00;546.51e-6
2014-04-20 12:15:00;527.60e-6
2014-04-20 12:30:00;512.89e-6
2014-04-20 12:45:00;502.94e-6
2014-04-20 13:00:00;496.82e-6
2014-04-20 13:15:00;490.03e-6
2014-04-20 13:30:00;482.21e-6
2014-04-20 13:45:00;473.79e-6
2014-04-20 14:00:00;464.23e-6
2014-04-20 14:15:00;453.84e-6
2014-04-20 14:30:00;445.05e-6
2014-04-20 14:45:00;436.86e-6
2014-04-20 15:00:00;431.94e-6
2014-04-20 15:15:00;421.85e-6
2014-04-20 15:30:00;429.01e-6
2014-04-20 15:45:00;439.63e-6
2014-04-20 16:00:00;449.53e-6
2014-04-20 16:15:00;464.63e-6
2014-04-20 16:30:00;483.31e-6
2014-04-20 16:45:00;506.27e-6
2014-04-20 17:00:00;531.16e-6
2014-04-20 17:15:00;557.85e-6
2014-04-20 17:30:00;581.65e-6
2014-04-20 17:45:00;598.07e-6
2014-04-20 18:00:00;600.66e-6
2014-04-20 18:15:00;598.24e-6
2014-04-20 18:30:00;585.29e-6
2014-04-20 18:45:00;580.41e-6
2014-04-20 19:00:00;577.98e-6
2014-04-20 19:15:00;565.65e-6
2014-04-20 19:30:00;548.04e-6
2014-04-20 19:45:00;532.95e-6
2014-04-20 20:00:00;512.22e-6
2014-04-20 20:15:00;497.64e-6
2014-04-20 20:30:00;479.28e-6
2014-04-20 20:45:00;459.89e-6
2014-04-20 21:00:00;437.55e-6
2014-04-20 21:15:00;410.89e-6
2014-04-20 21:30:00;381.50e-6
2014-04-20 21:45:00;350.82e-6
2014-04-20 22:00:00;319.35e-6
2014-04-20 22:15:00;287.74e-6
2014-04-20 22:30:00;257.97e-6
2014-04-20 22:45:00;230.75e-6
2014-04-20 23:00:00;238.72e-6
2014-04-20 23:15:00;216.22e-6
2014-04-20 23:30:00;197.53e-6
2014-04-20 23:45:00;183.81e-6
2014-04-21 00:00:00;175.52e-6
2014-04-21 00:15:00;173.57e-6
2014-04-21 00:30:00;174.42e-6
2014-04-21 00:45:00;185.62e-6
2014-04-21 01:00:00;198.23e-6
2014-04-21 01:15:00;208.87e-6
2014-04-21 01:30:00;217.21e-6
2014-04-21 01:45:00;221.93e-6
2014-04-21 02:00:00;219.65e-6
2014-04-21 02:15:00;211.15e-6
2014-04-21 02:30:00;204.78e-6
2014-04-21 02:45:00;201.66e-6
2014-04-21 03:00:00;207.17e-6
2014-04-21 03:15:00;210.87e-6
2014-04-21 03:30:00;213.91e-6
2014-04-21 03:45:00;203.61e-6
2014-04-21 04:00:00;195.98e-6
2014-04-21 04:15:00;189.96e-6
2014-04-21 04:30:00;188.66e-6
2014-04-21 04:45:00;194.64e-6
2014-04-21 05:00:00;214.52e-6
2014-04-21 05:15:00;239.96e-6
2014-04-21 05:30:00;284.34e-6
2014-04-21 05:45:00;299.94e-6
2014-04-21 06:00:00;337.79e-6
2014-04-21 06:15:00;371.44e-6
2014-04-21 06:30:00;419.50e-6
2014-04-21 06:45:00;462.58e-6
2014-04-21 07:00:00;504.98e-6
2014-04-21 07:15:00;537.63e-6
2014-04-21 07:30:00;556.39e-6
2014-04-21 07:45:00;574.25e-6
2014-04-21 08:00:00;588.03e-6
2014-04-21 08:15:00;599.22e-6
2014-04-21 08:30:00;606.58e-6
2014-04-21 08:45:00;614.79e-6
2014-04-21 09:00:00;625.89e-6
2014-04-21 09:15:00;639.77e-6
2014-04-21 09:30:00;656.77e-6
2014-04-21 09:45:00;682.98e-6
2014-04-21 10:00:00;719.96e-6
2014-04-21 10:15:00;767.90e-6
2014-04-21 10:30:00;776.77e-6
2014-04-21 10:45:00;750.26e-6
2014-04-21 11:00:00;692.46e-6
2014-04-21 11:15:00;636.40e-6
2014-04-21 11:30:00;594.16e-6
2014-04-21 11:45:00;570.41e-6
2014-04-21 12:00:00;544.41e-6
2014-04-21 12:15:00;525.57e-6
2014-04-21 12:30:00;510.92e-6
2014-04-21 12:45:00;501.01e-6
2014-04-21 13:00:00;494.91e-6
2014-04-21 13:15:00;488.15e-6
2014-04-21 13:30:00;480.36e-6
2014-04-21 13:45:00;471.97e-6
2014-04-21 14:00:00;462.44e-6
2014-04-21 14:15:00;452.10e-6
2014-04-21 14:30:00;443.34e-6
2014-04-21 14:45:00;435.18e-6
2014-04-21 15:00:00;430.28e-6
2014-04-21 15:15:00;420.23e-6
2014-04-21 15:30:00;427.36e-6
2014-04-21 15:45:00;437.94e-6
2014-04-21 16:00:00;447.80e-6
2014-04-21 16:15:00;462.84e-6
2014-04-21 16:30:00;481.46e-6
2014-04-21 16:45:00;504.33e-6
2014-04-21 17:00:00;529.12e-6
2014-04-21 17:15:00;555.71e-6
2014-04-21 17:30:00;579.41e-6
2014-04-21 17:45:00;595.77e-6
2014-04-21 18:00:00;598.35e-6
2014-04-21 18:15:00;595.94e-6
2014-04-21 18:30:00;583.04e-6
2014-04-21 18:45:00;578.18e-6
2014-04-21 19:00:00;575.76e-6
2014-04-21 19:15:00;563.47e-6
2014-04-21 19:30:00;545.93e-6
2014-04-21 19:45:00;530.90e-6
2014-04-21 20:00:00;510.25e-6
2014-04-21 20:15:00;495.72e-6
2014-04-21 20:30:00;477.43e-6
2014-04-21 20:45:00;458.12e-6
2014-04-21 21:00:00;435.87e-6
2014-04-21 21:15:00;409.31e-6
2014-04-21 21:30:00;380.03e-6
2014-04-21 21:45:00;349.47e-6
2014-04-21 22:00:00;318.12e-6
2014-04-21 22:15:00;286.63e-6
2014-04-21 22:30:00;256.98e-6
2014-04-21 22:45:00;229.86e-6
2014-04-21 23:00:00;183.76e-6
2014-04-21 23:15:00;168.20e-6
2014-04-21 23:30:00;158.03e-6
2014-04-21 23:45:00;151.44e-6
2014-04-22 00:00:00;150.68e-6
2014-04-22 00:15:00;153.56e-6
2014-04-22 00:30:00;159.31e-6
2014-04-22 00:45:00;173.16e-6
2014-04-22 01:00:00;188.29e-6
2014-04-22 01:15:00;200.33e-6
2014-04-22 01:30:00;209.58e-6
2014-04-22 01:45:00;214.09e-6
2014-04-22 02:00:00;212.26e-6
2014-04-22 02:15:00;205.06e-6
2014-04-22 02:30:00;197.37e-6
2014-04-22 02:45:00;192.74e-6
2014-04-22 03:00:00;196.28e-6
2014-04-22 03:15:00;198.05e-6
2014-04-22 03:30:00;204.39e-6
2014-04-22 03:45:00;210.53e-6
2014-04-22 04:00:00;217.01e-6
2014-04-22 04:15:00;228.76e-6
2014-04-22 04:30:00;246.25e-6
2014-04-22 04:45:00;270.95e-6
2014-04-22 05:00:00;308.52e-6
2014-04-22 05:15:00;346.42e-6
2014-04-22 05:30:00;408.24e-6
2014-04-22 05:45:00;419.93e-6
2014-04-22 06:00:00;445.13e-6
2014-04-22 06:15:00;454.63e-6
2014-04-22 06:30:00;457.44e-6
2014-04-22 06:45:00;447.49e-6
2014-04-22 07:00:00;438.09e-6
2014-04-22 07:15:00;417.84e-6
2014-04-22 07:30:00;397.46e-6
2014-04-22 07:45:00;376.59e-6
2014-04-22 08:00:00;361.34e-6
2014-04-22 08:15:00;352.28e-6
2014-04-22 08:30:00;350.18e-6
2014-04-22 08:45:00;350.19e-6
2014-04-22 09:00:00;351.94e-6
2014-04-22 09:15:00;352.10e-6
2014-04-22 09:30:00;354.12e-6
2014-04-22 09:45:00;362.13e-6
2014-04-22 10:00:00;377.87e-6
2014-04-22 10:15:00;397.17e-6
2014-04-22 10:30:00;403.81e-6
2014-04-22 10:45:00;399.67e-6
2014-04-22 11:00:00;383.73e-6
2014-04-22 11:15:00;373.13e-6
2014-04-22 11:30:00;365.47e-6
2014-04-22 11:45:00;363.94e-6
2014-04-22 12:00:00;362.50e-6
2014-04-22 12:15:00;364.02e-6
2014-04-22 12:30:00;366.92e-6
2014-04-22 12:45:00;371.23e-6
2014-04-22 13:00:00;376.28e-6
2014-04-22 13:15:00;377.66e-6
2014-04-22 13:30:00;375.44e-6
2014-04-22 13:45:00;370.34e-6
2014-04-22 14:00:00;362.48e-6
2014-04-22 14:15:00;352.62e-6
2014-04-22 14:30:00;343.96e-6
2014-04-22 14:45:00;336.16e-6
2014-04-22 15:00:00;331.52e-6
2014-04-22 15:15:00;323.02e-6
2014-04-22 15:30:00;329.18e-6
2014-04-22 15:45:00;339.64e-6
2014-04-22 16:00:00;354.25e-6
2014-04-22 16:15:00;371.34e-6
2014-04-22 16:30:00;393.05e-6
2014-04-22 16:45:00;422.24e-6
2014-04-22 17:00:00;451.92e-6
2014-04-22 17:15:00;486.88e-6
2014-04-22 17:30:00;520.41e-6
2014-04-22 17:45:00;550.46e-6
2014-04-22 18:00:00;568.29e-6
2014-04-22 18:15:00;579.04e-6
2014-04-22 18:30:00;594.43e-6
2014-04-22 18:45:00;593.80e-6
2014-04-22 19:00:00;590.30e-6
2014-04-22 19:15:00;580.27e-6
2014-04-22 19:30:00;564.41e-6
2014-04-22 19:45:00;545.70e-6
2014-04-22 20:00:00;527.98e-6
2014-04-22 20:15:00;508.60e-6
2014-04-22 20:30:00;487.98e-6
2014-04-22 20:45:00;464.86e-6
2014-04-22 21:00:00;439.00e-6
2014-04-22 21:15:00;408.46e-6
2014-04-22 21:30:00;375.20e-6
2014-04-22 21:45:00;340.15e-6
2014-04-22 22:00:00;305.30e-6
2014-04-22 22:15:00;267.32e-6
2014-04-22 22:30:00;238.13e-6
2014-04-22 22:45:00;211.60e-6
2014-04-22 23:00:00;183.06e-6
2014-04-22 23:15:00;167.55e-6
2014-04-22 23:30:00;157.43e-6
2014-04-22 23:45:00;150.86e-6
2014-04-23 00:00:00;150.10e-6
2014-04-23 00:15:00;152.97e-6
2014-04-23 00:30:00;158.70e-6
2014-04-23 00:45:00;172.50e-6
2014-04-23 01:00:00;187.56e-6
2014-04-23 01:15:00;199.56e-6
2014-04-23 01:30:00;208.77e-6
2014-04-23 01:45:00;213.27e-6
2014-04-23 02:00:00;211.44e-6
2014-04-23 02:15:00;204.28e-6
2014-04-23 02:30:00;196.61e-6
2014-04-23 02:45:00;192.00e-6
2014-04-23 03:00:00;195.52e-6
2014-04-23 03:15:00;197.29e-6
2014-04-23 03:30:00;203.60e-6
2014-04-23 03:45:00;209.72e-6
2014-04-23 04:00:00;216.18e-6
2014-04-23 04:15:00;227.88e-6
2014-04-23 04:30:00;245.30e-6
2014-04-23 04:45:00;269.91e-6
2014-04-23 05:00:00;307.33e-6
2014-04-23 05:15:00;345.09e-6
2014-04-23 05:30:00;406.67e-6
2014-04-23 05:45:00;418.31e-6
2014-04-23 06:00:00;443.42e-6
2014-04-23 06:15:00;452.88e-6
2014-04-23 06:30:00;455.68e-6
2014-04-23 06:45:00;445.77e-6
2014-04-23 07:00:00;436.40e-6
2014-04-23 07:15:00;416.23e-6
2014-04-23 07:30:00;395.93e-6
2014-04-23 07:45:00;375.14e-6
2014-04-23 08:00:00;359.95e-6
2014-04-23 08:15:00;350.92e-6
2014-04-23 08:30:00;348.84e-6
2014-04-23 08:45:00;348.85e-6
2014-04-23 09:00:00;350.59e-6
2014-04-23 09:15:00;350.74e-6
2014-04-23 09:30:00;352.76e-6
2014-04-23 09:45:00;360.73e-6
2014-04-23 10:00:00;376.41e-6
2014-04-23 10:15:00;395.65e-6
2014-04-23 10:30:00;402.25e-6
2014-04-23 10:45:00;398.13e-6
2014-04-23 11:00:00;382.26e-6
2014-04-23 11:15:00;371.70e-6
2014-04-23 11:30:00;364.07e-6
2014-04-23 11:45:00;362.54e-6
2014-04-23 12:00:00;361.10e-6
2014-04-23 12:15:00;362.62e-6
2014-04-23 12:30:00;365.51e-6
2014-04-23 12:45:00;369.80e-6
2014-04-23 13:00:00;374.84e-6
2014-04-23 13:15:00;376.21e-6
2014-04-23 13:30:00;373.99e-6
2014-04-23 13:45:00;368.92e-6
2014-04-23 14:00:00;361.08e-6
2014-04-23 14:15:00;351.27e-6
2014-04-23 14:30:00;342.63e-6
2014-04-23 14:45:00;334.87e-6
2014-04-23 15:00:00;330.24e-6
2014-04-23 15:15:00;321.78e-6
2014-04-23 15:30:00;327.92e-6
2014-04-23 15:45:00;338.33e-6
2014-04-23 16:00:00;352.89e-6
2014-04-23 16:15:00;369.91e-6
2014-04-23 16:30:00;391.54e-6
2014-04-23 16:45:00;420.62e-6
2014-04-23 17:00:00;450.18e-6
2014-04-23 17:15:00;485.01e-6
2014-04-23 17:30:00;518.41e-6
2014-04-23 17:45:00;548.34e-6
2014-04-23 18:00:00;566.10e-6
2014-04-23 18:15:00;576.82e-6
2014-04-23 18:30:00;592.14e-6
2014-04-23 18:45:00;591.52e-6
2014-04-23 19:00:00;588.03e-6
2014-04-23 19:15:00;578.04e-6
2014-04-23 19:30:00;562.24e-6
2014-04-23 19:45:00;543.60e-6
2014-04-23 20:00:00;525.95e-6
2014-04-23 20:15:00;506.65e-6
2014-04-23 20:30:00;486.10e-6
2014-04-23 20:45:00;463.07e-6
2014-04-23 21:00:00;437.32e-6
2014-04-23 21:15:00;406.89e-6
2014-04-23 21:30:00;373.76e-6
2014-04-23 21:45:00;338.85e-6
2014-04-23 22:00:00;304.13e-6
2014-04-23 22:15:00;266.30e-6
2014-04-23 22:30:00;237.21e-6
2014-04-23 22:45:00;210.79e-6
2014-04-23 23:00:00;182.35e-6
2014-04-23 23:15:00;166.91e-6
2014-04-23 23:30:00;156.82e-6
2014-04-23 23:45:00;150.28e-6
2014-04-24 00:00:00;149.52e-6
2014-04-24 00:15:00;152.38e-6
2014-04-24 00:30:00;158.09e-6
2014-04-24 00:45:00;171.83e-6
2014-04-24 01:00:00;186.84e-6
2014-04-24 01:15:00;198.80e-6
2014-04-24 01:30:00;207.97e-6
2014-04-24 01:45:00;212.45e-6
2014-04-24 02:00:00;210.63e-6
2014-04-24 02:15:00;203.49e-6
2014-04-24 02:30:00;195.85e-6
2014-04-24 02:45:00;191.26e-6
2014-04-24 03:00:00;194.77e-6
2014-04-24 03:15:00;196.53e-6
2014-04-24 03:30:00;202.82e-6
2014-04-24 03:45:00;208.92e-6
2014-04-24 04:00:00;215.35e-6
2014-04-24 04:15:00;227.01e-6
2014-04-24 04:30:00;244.36e-6
2014-04-24 04:45:00;268.88e-6
2014-04-24 05:00:00;306.15e-6
2014-04-24 05:15:00;343.76e-6
2014-04-24 05:30:00;405.11e-6
2014-04-24 05:45:00;416.71e-6
2014-04-24 06:00:00;441.72e-6
2014-04-24 06:15:00;451.14e-6
2014-04-24 06:30:00;453.93e-6
2014-04-24 06:45:00;444.05e-6
2014-04-24 07:00:00;434.73e-6
2014-04-24 07:15:00;414.64e-6
2014-04-24 07:30:00;394.41e-6
2014-04-24 07:45:00;373.70e-6
2014-04-24 08:00:00;358.57e-6
2014-04-24 08:15:00;349.57e-6
2014-04-24 08:30:00;347.50e-6
2014-04-24 08:45:00;347.51e-6
2014-04-24 09:00:00;349.24e-6
2014-04-24 09:15:00;349.40e-6
2014-04-24 09:30:00;351.41e-6
2014-04-24 09:45:00;359.35e-6
2014-04-24 10:00:00;374.97e-6
2014-04-24 10:15:00;394.12e-6
2014-04-24 10:30:00;400.71e-6
2014-04-24 10:45:00;396.60e-6
2014-04-24 11:00:00;380.79e-6
2014-04-24 11:15:00;370.27e-6
2014-04-24 11:30:00;362.67e-6
2014-04-24 11:45:00;361.15e-6
2014-04-24 12:00:00;359.71e-6
2014-04-24 12:15:00;361.23e-6
2014-04-24 12:30:00;364.11e-6
2014-04-24 12:45:00;368.38e-6
2014-04-24 13:00:00;373.40e-6
2014-04-24 13:15:00;374.77e-6
2014-04-24 13:30:00;372.56e-6
2014-04-24 13:45:00;367.50e-6
2014-04-24 14:00:00;359.70e-6
2014-04-24 14:15:00;349.92e-6
2014-04-24 14:30:00;341.32e-6
2014-04-24 14:45:00;333.58e-6
2014-04-24 15:00:00;328.98e-6
2014-04-24 15:15:00;320.54e-6
2014-04-24 15:30:00;326.66e-6
2014-04-24 15:45:00;337.03e-6
2014-04-24 16:00:00;351.54e-6
2014-04-24 16:15:00;368.49e-6
2014-04-24 16:30:00;390.03e-6
2014-04-24 16:45:00;419.00e-6
2014-04-24 17:00:00;448.45e-6
2014-04-24 17:15:00;483.14e-6
2014-04-24 17:30:00;516.41e-6
2014-04-24 17:45:00;546.24e-6
2014-04-24 18:00:00;563.93e-6
2014-04-24 18:15:00;574.60e-6
2014-04-24 18:30:00;589.87e-6
2014-04-24 18:45:00;589.25e-6
2014-04-24 19:00:00;585.77e-6
2014-04-24 19:15:00;575.82e-6
2014-04-24 19:30:00;560.08e-6
2014-04-24 19:45:00;541.51e-6
2014-04-24 20:00:00;523.93e-6
2014-04-24 20:15:00;504.70e-6
2014-04-24 20:30:00;484.23e-6
2014-04-24 20:45:00;461.29e-6
2014-04-24 21:00:00;435.64e-6
2014-04-24 21:15:00;405.33e-6
2014-04-24 21:30:00;372.33e-6
2014-04-24 21:45:00;337.54e-6
2014-04-24 22:00:00;302.96e-6
2014-04-24 22:15:00;265.27e-6
2014-04-24 22:30:00;236.30e-6
2014-04-24 22:45:00;209.98e-6
2014-04-24 23:00:00;181.65e-6
2014-04-24 23:15:00;166.27e-6
2014-04-24 23:30:00;156.22e-6
2014-04-24 23:45:00;149.71e-6
2014-04-25 00:00:00;148.95e-6
2014-04-25 00:15:00;151.80e-6
2014-04-25 00:30:00;157.48e-6
2014-04-25 00:45:00;171.17e-6
2014-04-25 01:00:00;186.13e-6
2014-04-25 01:15:00;198.03e-6
2014-04-25 01:30:00;207.17e-6
2014-04-25 01:45:00;211.64e-6
2014-04-25 02:00:00;209.82e-6
2014-04-25 02:15:00;202.71e-6
2014-04-25 02:30:00;195.10e-6
2014-04-25 02:45:00;190.52e-6
2014-04-25 03:00:00;194.03e-6
2014-04-25 03:15:00;195.78e-6
2014-04-25 03:30:00;202.04e-6
2014-04-25 03:45:00;208.12e-6
2014-04-25 04:00:00;214.52e-6
2014-04-25 04:15:00;226.14e-6
2014-04-25 04:30:00;243.42e-6
2014-04-25 04:45:00;267.84e-6
2014-04-25 05:00:00;304.98e-6
2014-04-25 05:15:00;342.44e-6
2014-04-25 05:30:00;403.56e-6
2014-04-25 05:45:00;415.11e-6
2014-04-25 06:00:00;440.02e-6
2014-04-25 06:15:00;449.41e-6
2014-04-25 06:30:00;452.19e-6
2014-04-25 06:45:00;442.35e-6
2014-04-25 07:00:00;433.06e-6
2014-04-25 07:15:00;413.04e-6
2014-04-25 07:30:00;392.89e-6
2014-04-25 07:45:00;372.27e-6
2014-04-25 08:00:00;357.19e-6
2014-04-25 08:15:00;348.23e-6
2014-04-25 08:30:00;346.16e-6
2014-04-25 08:45:00;346.17e-6
2014-04-25 09:00:00;347.90e-6
2014-04-25 09:15:00;348.05e-6
2014-04-25 09:30:00;350.06e-6
2014-04-25 09:45:00;357.97e-6
2014-04-25 10:00:00;373.53e-6
2014-04-25 10:15:00;392.61e-6
2014-04-25 10:30:00;399.17e-6
2014-04-25 10:45:00;395.08e-6
2014-04-25 11:00:00;379.33e-6
2014-04-25 11:15:00;368.85e-6
2014-04-25 11:30:00;361.28e-6
2014-04-25 11:45:00;359.76e-6
2014-04-25 12:00:00;358.33e-6
2014-04-25 12:15:00;359.84e-6
2014-04-25 12:30:00;362.71e-6
2014-04-25 12:45:00;366.97e-6
2014-04-25 13:00:00;371.96e-6
2014-04-25 13:15:00;373.33e-6
2014-04-25 13:30:00;371.13e-6
2014-04-25 13:45:00;366.09e-6
2014-04-25 14:00:00;358.32e-6
2014-04-25 14:15:00;348.57e-6
2014-04-25 14:30:00;340.01e-6
2014-04-25 14:45:00;332.30e-6
2014-04-25 15:00:00;327.71e-6
2014-04-25 15:15:00;319.31e-6
2014-04-25 15:30:00;325.40e-6
2014-04-25 15:45:00;335.74e-6
2014-04-25 16:00:00;350.19e-6
2014-04-25 16:15:00;367.08e-6
2014-04-25 16:30:00;388.53e-6
2014-04-25 16:45:00;417.39e-6
2014-04-25 17:00:00;446.73e-6
2014-04-25 17:15:00;481.29e-6
2014-04-25 17:30:00;514.43e-6
2014-04-25 17:45:00;544.14e-6
2014-04-25 18:00:00;561.76e-6
2014-04-25 18:15:00;572.39e-6
2014-04-25 18:30:00;587.60e-6
2014-04-25 18:45:00;586.98e-6
2014-04-25 19:00:00;583.52e-6
2014-04-25 19:15:00;573.61e-6
2014-04-25 19:30:00;557.93e-6
2014-04-25 19:45:00;539.43e-6
2014-04-25 20:00:00;521.92e-6
2014-04-25 20:15:00;502.76e-6
2014-04-25 20:30:00;482.37e-6
2014-04-25 20:45:00;459.52e-6
2014-04-25 21:00:00;433.96e-6
2014-04-25 21:15:00;403.77e-6
2014-04-25 21:30:00;370.90e-6
2014-04-25 21:45:00;336.25e-6
2014-04-25 22:00:00;301.80e-6
2014-04-25 22:15:00;264.25e-6
2014-04-25 22:30:00;235.39e-6
2014-04-25 22:45:00;209.17e-6
2014-04-25 23:00:00;213.60e-6
2014-04-25 23:15:00;191.85e-6
2014-04-25 23:30:00;176.09e-6
2014-04-25 23:45:00;163.21e-6
2014-04-26 00:00:00;156.24e-6
2014-04-26 00:15:00;156.10e-6
2014-04-26 00:30:00;159.33e-6
2014-04-26 00:45:00;172.43e-6
2014-04-26 01:00:00;185.30e-6
2014-04-26 01:15:00;195.84e-6
2014-04-26 01:30:00;204.12e-6
2014-04-26 01:45:00;207.06e-6
2014-04-26 02:00:00;204.03e-6
2014-04-26 02:15:00;195.30e-6
2014-04-26 02:30:00;186.90e-6
2014-04-26 02:45:00;180.85e-6
2014-04-26 03:00:00;182.53e-6
2014-04-26 03:15:00;186.51e-6
2014-04-26 03:30:00;190.35e-6
2014-04-26 03:45:00;185.89e-6
2014-04-26 04:00:00;182.46e-6
2014-04-26 04:15:00;181.48e-6
2014-04-26 04:30:00;185.02e-6
2014-04-26 04:45:00;195.74e-6
2014-04-26 05:00:00;220.17e-6
2014-04-26 05:15:00;249.53e-6
2014-04-26 05:30:00;298.49e-6
2014-04-26 05:45:00;316.18e-6
2014-04-26 06:00:00;349.67e-6
2014-04-26 06:15:00;372.31e-6
2014-04-26 06:30:00;396.08e-6
2014-04-26 06:45:00;410.91e-6
2014-04-26 07:00:00;428.24e-6
2014-04-26 07:15:00;432.27e-6
2014-04-26 07:30:00;428.30e-6
2014-04-26 07:45:00;432.45e-6
2014-04-26 08:00:00;440.23e-6
2014-04-26 08:15:00;447.36e-6
2014-04-26 08:30:00;453.37e-6
2014-04-26 08:45:00;458.28e-6
2014-04-26 09:00:00;464.32e-6
2014-04-26 09:15:00;470.32e-6
2014-04-26 09:30:00;476.44e-6
2014-04-26 09:45:00;492.58e-6
2014-04-26 10:00:00;519.05e-6
2014-04-26 10:15:00;556.42e-6
2014-04-26 10:30:00;573.37e-6
2014-04-26 10:45:00;566.64e-6
2014-04-26 11:00:00;532.42e-6
2014-04-26 11:15:00;495.62e-6
2014-04-26 11:30:00;470.81e-6
2014-04-26 11:45:00;460.03e-6
2014-04-26 12:00:00;448.47e-6
2014-04-26 12:15:00;443.32e-6
2014-04-26 12:30:00;442.48e-6
2014-04-26 12:45:00;446.17e-6
2014-04-26 13:00:00;453.38e-6
2014-04-26 13:15:00;459.24e-6
2014-04-26 13:30:00;463.04e-6
2014-04-26 13:45:00;464.81e-6
2014-04-26 14:00:00;463.91e-6
2014-04-26 14:15:00;460.90e-6
2014-04-26 14:30:00;458.43e-6
2014-04-26 14:45:00;455.91e-6
2014-04-26 15:00:00;456.02e-6
2014-04-26 15:15:00;451.51e-6
2014-04-26 15:30:00;462.29e-6
2014-04-26 15:45:00;474.24e-6
2014-04-26 16:00:00;487.12e-6
2014-04-26 16:15:00;503.97e-6
2014-04-26 16:30:00;522.34e-6
2014-04-26 16:45:00;545.48e-6
2014-04-26 17:00:00;568.47e-6
2014-04-26 17:15:00;590.63e-6
2014-04-26 17:30:00;611.08e-6
2014-04-26 17:45:00;622.27e-6
2014-04-26 18:00:00;620.35e-6
2014-04-26 18:15:00;613.61e-6
2014-04-26 18:30:00;603.81e-6
2014-04-26 18:45:00;595.28e-6
2014-04-26 19:00:00;586.91e-6
2014-04-26 19:15:00;570.96e-6
2014-04-26 19:30:00;549.79e-6
2014-04-26 19:45:00;530.97e-6
2014-04-26 20:00:00;510.89e-6
2014-04-26 20:15:00;500.59e-6
2014-04-26 20:30:00;486.82e-6
2014-04-26 20:45:00;473.73e-6
2014-04-26 21:00:00;459.06e-6
2014-04-26 21:15:00;440.09e-6
2014-04-26 21:30:00;417.05e-6
2014-04-26 21:45:00;390.56e-6
2014-04-26 22:00:00;359.91e-6
2014-04-26 22:15:00;329.67e-6
2014-04-26 22:30:00;292.21e-6
2014-04-26 22:45:00;264.28e-6
2014-04-26 23:00:00;233.27e-6
2014-04-26 23:15:00;211.29e-6
2014-04-26 23:30:00;193.02e-6
2014-04-26 23:45:00;179.62e-6
2014-04-27 00:00:00;171.51e-6
2014-04-27 00:15:00;169.61e-6
2014-04-27 00:30:00;170.44e-6
2014-04-27 00:45:00;181.38e-6
2014-04-27 01:00:00;193.71e-6
2014-04-27 01:15:00;204.11e-6
2014-04-27 01:30:00;212.25e-6
2014-04-27 01:45:00;216.86e-6
2014-04-27 02:00:00;214.64e-6
2014-04-27 02:15:00;206.33e-6
2014-04-27 02:30:00;200.10e-6
2014-04-27 02:45:00;197.06e-6
2014-04-27 03:00:00;202.44e-6
2014-04-27 03:15:00;206.06e-6
2014-04-27 03:30:00;209.03e-6
2014-04-27 03:45:00;198.97e-6
2014-04-27 04:00:00;191.51e-6
2014-04-27 04:15:00;185.63e-6
2014-04-27 04:30:00;184.35e-6
2014-04-27 04:45:00;190.20e-6
2014-04-27 05:00:00;209.62e-6
2014-04-27 05:15:00;234.49e-6
2014-04-27 05:30:00;277.85e-6
2014-04-27 05:45:00;293.10e-6
2014-04-27 06:00:00;330.08e-6
2014-04-27 06:15:00;362.97e-6
2014-04-27 06:30:00;409.93e-6
2014-04-27 06:45:00;452.03e-6
2014-04-27 07:00:00;493.46e-6
2014-04-27 07:15:00;525.36e-6
2014-04-27 07:30:00;543.69e-6
2014-04-27 07:45:00;561.15e-6
2014-04-27 08:00:00;574.61e-6
2014-04-27 08:15:00;585.54e-6
2014-04-27 08:30:00;592.74e-6
2014-04-27 08:45:00;600.76e-6
2014-04-27 09:00:00;611.61e-6
2014-04-27 09:15:00;625.17e-6
2014-04-27 09:30:00;641.79e-6
2014-04-27 09:45:00;667.40e-6
2014-04-27 10:00:00;703.53e-6
2014-04-27 10:15:00;750.37e-6
2014-04-27 10:30:00;759.05e-6
2014-04-27 10:45:00;733.14e-6
2014-04-27 11:00:00;676.66e-6
2014-04-27 11:15:00;621.88e-6
2014-04-27 11:30:00;580.60e-6
2014-04-27 11:45:00;557.39e-6
2014-04-27 12:00:00;531.99e-6
2014-04-27 12:15:00;513.58e-6
2014-04-27 12:30:00;499.26e-6
2014-04-27 12:45:00;489.57e-6
2014-04-27 13:00:00;483.61e-6
2014-04-27 13:15:00;477.01e-6
2014-04-27 13:30:00;469.40e-6
2014-04-27 13:45:00;461.20e-6
2014-04-27 14:00:00;451.89e-6
2014-04-27 14:15:00;441.78e-6
2014-04-27 14:30:00;433.22e-6
2014-04-27 14:45:00;425.25e-6
2014-04-27 15:00:00;420.46e-6
2014-04-27 15:15:00;410.64e-6
2014-04-27 15:30:00;417.61e-6
2014-04-27 15:45:00;427.95e-6
2014-04-27 16:00:00;437.58e-6
2014-04-27 16:15:00;452.28e-6
2014-04-27 16:30:00;470.47e-6
2014-04-27 16:45:00;492.82e-6
2014-04-27 17:00:00;517.04e-6
2014-04-27 17:15:00;543.02e-6
2014-04-27 17:30:00;566.19e-6
2014-04-27 17:45:00;582.17e-6
2014-04-27 18:00:00;584.69e-6
2014-04-27 18:15:00;582.34e-6
2014-04-27 18:30:00;569.73e-6
2014-04-27 18:45:00;564.99e-6
2014-04-27 19:00:00;562.62e-6
2014-04-27 19:15:00;550.62e-6
2014-04-27 19:30:00;533.48e-6
2014-04-27 19:45:00;518.79e-6
2014-04-27 20:00:00;498.61e-6
2014-04-27 20:15:00;484.41e-6
2014-04-27 20:30:00;466.54e-6
2014-04-27 20:45:00;447.67e-6
2014-04-27 21:00:00;425.92e-6
2014-04-27 21:15:00;399.97e-6
2014-04-27 21:30:00;371.36e-6
2014-04-27 21:45:00;341.49e-6
2014-04-27 22:00:00;310.86e-6
2014-04-27 22:15:00;280.09e-6
2014-04-27 22:30:00;251.11e-6
2014-04-27 22:45:00;224.61e-6
2014-04-27 23:00:00;179.57e-6
2014-04-27 23:15:00;164.36e-6
2014-04-27 23:30:00;154.43e-6
2014-04-27 23:45:00;147.99e-6
2014-04-28 00:00:00;147.24e-6
2014-04-28 00:15:00;150.06e-6
2014-04-28 00:30:00;155.68e-6
2014-04-28 00:45:00;169.21e-6
2014-04-28 01:00:00;183.99e-6
2014-04-28 01:15:00;195.77e-6
2014-04-28 01:30:00;204.80e-6
2014-04-28 01:45:00;209.21e-6
2014-04-28 02:00:00;207.42e-6
2014-04-28 02:15:00;200.39e-6
2014-04-28 02:30:00;192.87e-6
2014-04-28 02:45:00;188.34e-6
2014-04-28 03:00:00;191.80e-6
2014-04-28 03:15:00;193.53e-6
2014-04-28 03:30:00;199.73e-6
2014-04-28 03:45:00;205.73e-6
2014-04-28 04:00:00;212.06e-6
2014-04-28 04:15:00;223.55e-6
2014-04-28 04:30:00;240.64e-6
2014-04-28 04:45:00;264.78e-6
2014-04-28 05:00:00;301.48e-6
2014-04-28 05:15:00;338.52e-6
2014-04-28 05:30:00;398.94e-6
2014-04-28 05:45:00;410.35e-6
2014-04-28 06:00:00;434.98e-6
2014-04-28 06:15:00;444.26e-6
2014-04-28 06:30:00;447.01e-6
2014-04-28 06:45:00;437.28e-6
2014-04-28 07:00:00;428.10e-6
2014-04-28 07:15:00;408.31e-6
2014-04-28 07:30:00;388.40e-6
2014-04-28 07:45:00;368.01e-6
2014-04-28 08:00:00;353.10e-6
2014-04-28 08:15:00;344.25e-6
2014-04-28 08:30:00;342.20e-6
2014-04-28 08:45:00;342.21e-6
2014-04-28 09:00:00;343.92e-6
2014-04-28 09:15:00;344.07e-6
2014-04-28 09:30:00;346.05e-6
2014-04-28 09:45:00;353.87e-6
2014-04-28 10:00:00;369.25e-6
2014-04-28 10:15:00;388.12e-6
2014-04-28 10:30:00;394.60e-6
2014-04-28 10:45:00;390.56e-6
2014-04-28 11:00:00;374.98e-6
2014-04-28 11:15:00;364.63e-6
2014-04-28 11:30:00;357.14e-6
2014-04-28 11:45:00;355.64e-6
2014-04-28 12:00:00;354.23e-6
2014-04-28 12:15:00;355.72e-6
2014-04-28 12:30:00;358.56e-6
2014-04-28 12:45:00;362.77e-6
2014-04-28 13:00:00;367.70e-6
2014-04-28 13:15:00;369.05e-6
2014-04-28 13:30:00;366.88e-6
2014-04-28 13:45:00;361.90e-6
2014-04-28 14:00:00;354.21e-6
2014-04-28 14:15:00;344.58e-6
2014-04-28 14:30:00;336.11e-6
2014-04-28 14:45:00;328.50e-6
2014-04-28 15:00:00;323.96e-6
2014-04-28 15:15:00;315.66e-6
2014-04-28 15:30:00;321.68e-6
2014-04-28 15:45:00;331.89e-6
2014-04-28 16:00:00;346.18e-6
2014-04-28 16:15:00;362.87e-6
2014-04-28 16:30:00;384.09e-6
2014-04-28 16:45:00;412.62e-6
2014-04-28 17:00:00;441.61e-6
2014-04-28 17:15:00;475.78e-6
2014-04-28 17:30:00;508.54e-6
2014-04-28 17:45:00;537.91e-6
2014-04-28 18:00:00;555.33e-6
2014-04-28 18:15:00;565.84e-6
2014-04-28 18:30:00;580.88e-6
2014-04-28 18:45:00;580.26e-6
2014-04-28 19:00:00;576.84e-6
2014-04-28 19:15:00;567.04e-6
2014-04-28 19:30:00;551.54e-6
2014-04-28 19:45:00;533.26e-6
2014-04-28 20:00:00;515.94e-6
2014-04-28 20:15:00;497.00e-6
2014-04-28 20:30:00;476.85e-6
2014-04-28 20:45:00;454.26e-6
2014-04-28 21:00:00;429.00e-6
2014-04-28 21:15:00;399.15e-6
2014-04-28 21:30:00;366.65e-6
2014-04-28 21:45:00;332.40e-6
2014-04-28 22:00:00;298.34e-6
2014-04-28 22:15:00;261.23e-6
2014-04-28 22:30:00;232.70e-6
2014-04-28 22:45:00;206.78e-6
2014-04-28 23:00:00;178.89e-6
2014-04-28 23:15:00;163.74e-6
2014-04-28 23:30:00;153.84e-6
2014-04-28 23:45:00;147.43e-6
2014-04-29 00:00:00;146.68e-6
2014-04-29 00:15:00;149.49e-6
2014-04-29 00:30:00;155.09e-6
2014-04-29 00:45:00;168.57e-6
2014-04-29 01:00:00;183.29e-6
2014-04-29 01:15:00;195.02e-6
2014-04-29 01:30:00;204.02e-6
2014-04-29 01:45:00;208.41e-6
2014-04-29 02:00:00;206.63e-6
2014-04-29 02:15:00;199.62e-6
2014-04-29 02:30:00;192.13e-6
2014-04-29 02:45:00;187.62e-6
2014-04-29 03:00:00;191.07e-6
2014-04-29 03:15:00;192.80e-6
2014-04-29 03:30:00;198.96e-6
2014-04-29 03:45:00;204.95e-6
2014-04-29 04:00:00;211.25e-6
2014-04-29 04:15:00;222.70e-6
2014-04-29 04:30:00;239.72e-6
2014-04-29 04:45:00;263.77e-6
2014-04-29 05:00:00;300.33e-6
2014-04-29 05:15:00;337.23e-6
2014-04-29 05:30:00;397.41e-6
2014-04-29 05:45:00;408.79e-6
2014-04-29 06:00:00;433.32e-6
2014-04-29 06:15:00;442.57e-6
2014-04-29 06:30:00;445.30e-6
2014-04-29 06:45:00;435.61e-6
2014-04-29 07:00:00;426.46e-6
2014-04-29 07:15:00;406.76e-6
2014-04-29 07:30:00;386.91e-6
2014-04-29 07:45:00;366.60e-6
2014-04-29 08:00:00;351.76e-6
2014-04-29 08:15:00;342.93e-6
2014-04-29 08:30:00;340.89e-6
2014-04-29 08:45:00;340.90e-6
2014-04-29 09:00:00;342.60e-6
2014-04-29 09:15:00;342.76e-6
2014-04-29 09:30:00;344.73e-6
2014-04-29 09:45:00;352.52e-6
2014-04-29 10:00:00;367.84e-6
2014-04-29 10:15:00;386.63e-6
2014-04-29 10:30:00;393.09e-6
2014-04-29 10:45:00;389.07e-6
2014-04-29 11:00:00;373.55e-6
2014-04-29 11:15:00;363.23e-6
2014-04-29 11:30:00;355.78e-6
2014-04-29 11:45:00;354.28e-6
2014-04-29 12:00:00;352.88e-6
2014-04-29 12:15:00;354.37e-6
2014-04-29 12:30:00;357.19e-6
2014-04-29 12:45:00;361.38e-6
2014-04-29 13:00:00;366.30e-6
2014-04-29 13:15:00;367.64e-6
2014-04-29 13:30:00;365.48e-6
2014-04-29 13:45:00;360.52e-6
2014-04-29 14:00:00;352.86e-6
2014-04-29 14:15:00;343.27e-6
2014-04-29 14:30:00;334.83e-6
2014-04-29 14:45:00;327.25e-6
2014-04-29 15:00:00;322.72e-6
2014-04-29 15:15:00;314.45e-6
2014-04-29 15:30:00;320.45e-6
2014-04-29 15:45:00;330.63e-6
2014-04-29 16:00:00;344.86e-6
2014-04-29 16:15:00;361.49e-6
2014-04-29 16:30:00;382.62e-6
2014-04-29 16:45:00;411.04e-6
2014-04-29 17:00:00;439.93e-6
2014-04-29 17:15:00;473.96e-6
2014-04-29 17:30:00;506.60e-6
2014-04-29 17:45:00;535.86e-6
2014-04-29 18:00:00;553.21e-6
2014-04-29 18:15:00;563.68e-6
2014-04-29 18:30:00;578.66e-6
2014-04-29 18:45:00;578.05e-6
2014-04-29 19:00:00;574.63e-6
2014-04-29 19:15:00;564.87e-6
2014-04-29 19:30:00;549.43e-6
2014-04-29 19:45:00;531.22e-6
2014-04-29 20:00:00;513.97e-6
2014-04-29 20:15:00;495.11e-6
2014-04-29 20:30:00;475.03e-6
2014-04-29 20:45:00;452.52e-6
2014-04-29 21:00:00;427.36e-6
2014-04-29 21:15:00;397.62e-6
2014-04-29 21:30:00;365.25e-6
2014-04-29 21:45:00;331.13e-6
2014-04-29 22:00:00;297.20e-6
2014-04-29 22:15:00;260.23e-6
2014-04-29 22:30:00;231.81e-6
2014-04-29 22:45:00;205.99e-6
2014-04-29 23:00:00;178.21e-6
2014-04-29 23:15:00;163.11e-6
2014-04-29 23:30:00;153.25e-6
2014-04-29 23:45:00;146.86e-6
2014-04-30 00:00:00;146.12e-6
2014-04-30 00:15:00;148.92e-6
2014-04-30 00:30:00;154.49e-6
2014-04-30 00:45:00;167.93e-6
2014-04-30 01:00:00;182.59e-6
2014-04-30 01:15:00;194.28e-6
2014-04-30 01:30:00;203.24e-6
2014-04-30 01:45:00;207.62e-6
2014-04-30 02:00:00;205.84e-6
2014-04-30 02:15:00;198.86e-6
2014-04-30 02:30:00;191.40e-6
2014-04-30 02:45:00;186.91e-6
2014-04-30 03:00:00;190.34e-6
2014-04-30 03:15:00;192.06e-6
2014-04-30 03:30:00;198.21e-6
2014-04-30 03:45:00;204.17e-6
2014-04-30 04:00:00;210.45e-6
2014-04-30 04:15:00;221.85e-6
2014-04-30 04:30:00;238.81e-6
2014-04-30 04:45:00;262.76e-6
2014-04-30 05:00:00;299.19e-6
2014-04-30 05:15:00;335.94e-6
2014-04-30 05:30:00;395.90e-6
2014-04-30 05:45:00;407.23e-6
2014-04-30 06:00:00;431.67e-6
2014-04-30 06:15:00;440.88e-6
2014-04-30 06:30:00;443.61e-6
2014-04-30 06:45:00;433.95e-6
2014-04-30 07:00:00;424.84e-6
2014-04-30 07:15:00;405.21e-6
2014-04-30 07:30:00;385.44e-6
2014-04-30 07:45:00;365.20e-6
2014-04-30 08:00:00;350.42e-6
2014-04-30 08:15:00;341.62e-6
2014-04-30 08:30:00;339.59e-6
2014-04-30 08:45:00;339.60e-6
2014-04-30 09:00:00;341.30e-6
2014-04-30 09:15:00;341.45e-6
2014-04-30 09:30:00;343.41e-6
2014-04-30 09:45:00;351.18e-6
2014-04-30 10:00:00;366.44e-6
2014-04-30 10:15:00;385.16e-6
2014-04-30 10:30:00;391.59e-6
2014-04-30 10:45:00;387.58e-6
2014-04-30 11:00:00;372.13e-6
2014-04-30 11:15:00;361.85e-6
2014-04-30 11:30:00;354.42e-6
2014-04-30 11:45:00;352.93e-6
2014-04-30 12:00:00;351.53e-6
2014-04-30 12:15:00;353.02e-6
2014-04-30 12:30:00;355.83e-6
2014-04-30 12:45:00;360.00e-6
2014-04-30 13:00:00;364.90e-6
2014-04-30 13:15:00;366.24e-6
2014-04-30 13:30:00;364.08e-6
2014-04-30 13:45:00;359.14e-6
2014-04-30 14:00:00;351.52e-6
2014-04-30 14:15:00;341.96e-6
2014-04-30 14:30:00;333.55e-6
2014-04-30 14:45:00;326.00e-6
2014-04-30 15:00:00;321.49e-6
2014-04-30 15:15:00;313.25e-6
2014-04-30 15:30:00;319.23e-6
2014-04-30 15:45:00;329.37e-6
2014-04-30 16:00:00;343.54e-6
2014-04-30 16:15:00;360.11e-6
2014-04-30 16:30:00;381.16e-6
2014-04-30 16:45:00;409.47e-6
2014-04-30 17:00:00;438.25e-6
2014-04-30 17:15:00;472.16e-6
2014-04-30 17:30:00;504.67e-6
2014-04-30 17:45:00;533.81e-6
2014-04-30 18:00:00;551.10e-6
2014-04-30 18:15:00;561.53e-6
2014-04-30 18:30:00;576.45e-6
2014-04-30 18:45:00;575.84e-6
2014-04-30 19:00:00;572.45e-6
2014-04-30 19:15:00;562.72e-6
2014-04-30 19:30:00;547.34e-6
2014-04-30 19:45:00;529.20e-6
2014-04-30 20:00:00;512.01e-6
2014-04-30 20:15:00;493.22e-6
2014-04-30 20:30:00;473.22e-6
2014-04-30 20:45:00;450.80e-6
2014-04-30 21:00:00;425.73e-6
2014-04-30 21:15:00;396.11e-6
2014-04-30 21:30:00;363.86e-6
2014-04-30 21:45:00;329.87e-6
2014-04-30 22:00:00;296.07e-6
2014-04-30 22:15:00;259.24e-6
2014-04-30 22:30:00;230.93e-6
2014-04-30 22:45:00;205.21e-6
2014-04-30 23:00:00;229.73e-6
2014-04-30 23:15:00;208.08e-6
2014-04-30 23:30:00;190.09e-6
2014-04-30 23:45:00;176.90e-6
2014-05-01 00:00:00;168.91e-6
2014-05-01 00:15:00;167.04e-6
2014-05-01 00:30:00;167.86e-6
2014-05-01 00:45:00;178.63e-6
2014-05-01 01:00:00;190.77e-6
2014-05-01 01:15:00;201.01e-6
2014-05-01 01:30:00;209.03e-6
2014-05-01 01:45:00;213.57e-6
2014-05-01 02:00:00;211.38e-6
2014-05-01 02:15:00;203.20e-6
2014-05-01 02:30:00;197.07e-6
2014-05-01 02:45:00;194.07e-6
2014-05-01 03:00:00;199.37e-6
2014-05-01 03:15:00;202.93e-6
2014-05-01 03:30:00;205.86e-6
2014-05-01 03:45:00;195.95e-6
2014-05-01 04:00:00;188.60e-6
2014-05-01 04:15:00;182.81e-6
2014-05-01 04:30:00;181.56e-6
2014-05-01 04:45:00;187.32e-6
2014-05-01 05:00:00;206.44e-6
2014-05-01 05:15:00;230.93e-6
2014-05-01 05:30:00;273.64e-6
2014-05-01 05:45:00;288.65e-6
2014-05-01 06:00:00;325.08e-6
2014-05-01 06:15:00;357.46e-6
2014-05-01 06:30:00;403.71e-6
2014-05-01 06:45:00;445.17e-6
2014-05-01 07:00:00;485.97e-6
2014-05-01 07:15:00;517.39e-6
2014-05-01 07:30:00;535.45e-6
2014-05-01 07:45:00;552.63e-6
2014-05-01 08:00:00;565.90e-6
2014-05-01 08:15:00;576.66e-6
2014-05-01 08:30:00;583.75e-6
2014-05-01 08:45:00;591.65e-6
2014-05-01 09:00:00;602.33e-6
2014-05-01 09:15:00;615.68e-6
2014-05-01 09:30:00;632.05e-6
2014-05-01 09:45:00;657.27e-6
2014-05-01 10:00:00;692.86e-6
2014-05-01 10:15:00;738.99e-6
2014-05-01 10:30:00;747.53e-6
2014-05-01 10:45:00;722.02e-6
2014-05-01 11:00:00;666.39e-6
2014-05-01 11:15:00;612.44e-6
2014-05-01 11:30:00;571.80e-6
2014-05-01 11:45:00;548.94e-6
2014-05-01 12:00:00;523.92e-6
2014-05-01 12:15:00;505.79e-6
2014-05-01 12:30:00;491.69e-6
2014-05-01 12:45:00;482.15e-6
2014-05-01 13:00:00;476.28e-6
2014-05-01 13:15:00;469.77e-6
2014-05-01 13:30:00;462.28e-6
2014-05-01 13:45:00;454.20e-6
2014-05-01 14:00:00;445.03e-6
2014-05-01 14:15:00;435.08e-6
2014-05-01 14:30:00;426.65e-6
2014-05-01 14:45:00;418.80e-6
2014-05-01 15:00:00;414.08e-6
2014-05-01 15:15:00;404.41e-6
2014-05-01 15:30:00;411.28e-6
2014-05-01 15:45:00;421.45e-6
2014-05-01 16:00:00;430.94e-6
2014-05-01 16:15:00;445.42e-6
2014-05-01 16:30:00;463.33e-6
2014-05-01 16:45:00;485.34e-6
2014-05-01 17:00:00;509.20e-6
2014-05-01 17:15:00;534.79e-6
2014-05-01 17:30:00;557.60e-6
2014-05-01 17:45:00;573.34e-6
2014-05-01 18:00:00;575.83e-6
2014-05-01 18:15:00;573.51e-6
2014-05-01 18:30:00;561.09e-6
2014-05-01 18:45:00;556.42e-6
2014-05-01 19:00:00;554.09e-6
2014-05-01 19:15:00;542.26e-6
2014-05-01 19:30:00;525.38e-6
2014-05-01 19:45:00;510.92e-6
2014-05-01 20:00:00;491.04e-6
2014-05-01 20:15:00;477.06e-6
2014-05-01 20:30:00;459.46e-6
2014-05-01 20:45:00;440.88e-6
2014-05-01 21:00:00;419.46e-6
2014-05-01 21:15:00;393.90e-6
2014-05-01 21:30:00;365.73e-6
2014-05-01 21:45:00;336.31e-6
2014-05-01 22:00:00;306.15e-6
2014-05-01 22:15:00;275.84e-6
2014-05-01 22:30:00;247.30e-6
2014-05-01 22:45:00;221.21e-6
2014-05-01 23:00:00;176.86e-6
2014-05-01 23:15:00;161.88e-6
2014-05-01 23:30:00;152.09e-6
2014-05-01 23:45:00;145.75e-6
2014-05-02 00:00:00;145.01e-6
2014-05-02 00:15:00;147.79e-6
2014-05-02 00:30:00;153.32e-6
2014-05-02 00:45:00;166.65e-6
2014-05-02 01:00:00;181.21e-6
2014-05-02 01:15:00;192.80e-6
2014-05-02 01:30:00;201.70e-6
2014-05-02 01:45:00;206.05e-6
2014-05-02 02:00:00;204.28e-6
2014-05-02 02:15:00;197.36e-6
2014-05-02 02:30:00;189.95e-6
2014-05-02 02:45:00;185.49e-6
2014-05-02 03:00:00;188.90e-6
2014-05-02 03:15:00;190.61e-6
2014-05-02 03:30:00;196.70e-6
2014-05-02 03:45:00;202.62e-6
2014-05-02 04:00:00;208.85e-6
2014-05-02 04:15:00;220.17e-6
2014-05-02 04:30:00;237.00e-6
2014-05-02 04:45:00;260.77e-6
2014-05-02 05:00:00;296.92e-6
2014-05-02 05:15:00;333.40e-6
2014-05-02 05:30:00;392.90e-6
2014-05-02 05:45:00;404.14e-6
2014-05-02 06:00:00;428.40e-6
2014-05-02 06:15:00;437.54e-6
2014-05-02 06:30:00;440.24e-6
2014-05-02 06:45:00;430.67e-6
2014-05-02 07:00:00;421.62e-6
2014-05-02 07:15:00;402.13e-6
2014-05-02 07:30:00;382.52e-6
2014-05-02 07:45:00;362.44e-6
2014-05-02 08:00:00;347.76e-6
2014-05-02 08:15:00;339.03e-6
2014-05-02 08:30:00;337.02e-6
2014-05-02 08:45:00;337.03e-6
2014-05-02 09:00:00;338.71e-6
2014-05-02 09:15:00;338.86e-6
2014-05-02 09:30:00;340.81e-6
2014-05-02 09:45:00;348.51e-6
2014-05-02 10:00:00;363.66e-6
2014-05-02 10:15:00;382.24e-6
2014-05-02 10:30:00;388.63e-6
2014-05-02 10:45:00;384.65e-6
2014-05-02 11:00:00;369.31e-6
2014-05-02 11:15:00;359.11e-6
2014-05-02 11:30:00;351.73e-6
2014-05-02 11:45:00;350.26e-6
2014-05-02 12:00:00;348.87e-6
2014-05-02 12:15:00;350.34e-6
2014-05-02 12:30:00;353.13e-6
2014-05-02 12:45:00;357.27e-6
2014-05-02 13:00:00;362.14e-6
2014-05-02 13:15:00;363.47e-6
2014-05-02 13:30:00;361.32e-6
2014-05-02 13:45:00;356.42e-6
2014-05-02 14:00:00;348.85e-6
2014-05-02 14:15:00;339.37e-6
2014-05-02 14:30:00;331.03e-6
2014-05-02 14:45:00;323.53e-6
2014-05-02 15:00:00;319.06e-6
2014-05-02 15:15:00;310.88e-6
2014-05-02 15:30:00;316.81e-6
2014-05-02 15:45:00;326.87e-6
2014-05-02 16:00:00;340.94e-6
2014-05-02 16:15:00;357.38e-6
2014-05-02 16:30:00;378.27e-6
2014-05-02 16:45:00;406.37e-6
2014-05-02 17:00:00;434.93e-6
2014-05-02 17:15:00;468.58e-6
2014-05-02 17:30:00;500.85e-6
2014-05-02 17:45:00;529.77e-6
2014-05-02 18:00:00;546.93e-6
2014-05-02 18:15:00;557.28e-6
2014-05-02 18:30:00;572.08e-6
2014-05-02 18:45:00;571.48e-6
2014-05-02 19:00:00;568.11e-6
2014-05-02 19:15:00;558.46e-6
2014-05-02 19:30:00;543.19e-6
2014-05-02 19:45:00;525.19e-6
2014-05-02 20:00:00;508.13e-6
2014-05-02 20:15:00;489.48e-6
2014-05-02 20:30:00;469.63e-6
2014-05-02 20:45:00;447.38e-6
2014-05-02 21:00:00;422.50e-6
2014-05-02 21:15:00;393.11e-6
2014-05-02 21:30:00;361.10e-6
2014-05-02 21:45:00;327.37e-6
2014-05-02 22:00:00;293.83e-6
2014-05-02 22:15:00;257.27e-6
2014-05-02 22:30:00;229.18e-6
2014-05-02 22:45:00;203.65e-6
2014-05-02 23:00:00;207.97e-6
2014-05-02 23:15:00;186.80e-6
2014-05-02 23:30:00;171.45e-6
2014-05-02 23:45:00;158.90e-6
2014-05-03 00:00:00;152.12e-6
2014-05-03 00:15:00;151.98e-6
2014-05-03 00:30:00;155.13e-6
2014-05-03 00:45:00;167.89e-6
2014-05-03 01:00:00;180.41e-6
2014-05-03 01:15:00;190.68e-6
2014-05-03 01:30:00;198.74e-6
2014-05-03 01:45:00;201.60e-6
2014-05-03 02:00:00;198.65e-6
2014-05-03 02:15:00;190.15e-6
2014-05-03 02:30:00;181.97e-6
2014-05-03 02:45:00;176.08e-6
2014-05-03 03:00:00;177.72e-6
2014-05-03 03:15:00;181.60e-6
2014-05-03 03:30:00;185.33e-6
2014-05-03 03:45:00;180.99e-6
2014-05-03 04:00:00;177.66e-6
2014-05-03 04:15:00;176.69e-6
2014-05-03 04:30:00;180.15e-6
2014-05-03 04:45:00;190.58e-6
2014-05-03 05:00:00;214.37e-6
2014-05-03 05:15:00;242.96e-6
2014-05-03 05:30:00;290.63e-6
2014-05-03 05:45:00;307.85e-6
2014-05-03 06:00:00;340.46e-6
2014-05-03 06:15:00;362.50e-6
2014-05-03 06:30:00;385.64e-6
2014-05-03 06:45:00;400.08e-6
2014-05-03 07:00:00;416.95e-6
2014-05-03 07:15:00;420.87e-6
2014-05-03 07:30:00;417.01e-6
2014-05-03 07:45:00;421.05e-6
2014-05-03 08:00:00;428.62e-6
2014-05-03 08:15:00;435.56e-6
2014-05-03 08:30:00;441.42e-6
2014-05-03 08:45:00;446.21e-6
2014-05-03 09:00:00;452.09e-6
2014-05-03 09:15:00;457.92e-6
2014-05-03 09:30:00;463.88e-6
2014-05-03 09:45:00;479.59e-6
2014-05-03 10:00:00;505.37e-6
2014-05-03 10:15:00;541.75e-6
2014-05-03 10:30:00;558.26e-6
2014-05-03 10:45:00;551.70e-6
2014-05-03 11:00:00;518.39e-6
2014-05-03 11:15:00;482.56e-6
2014-05-03 11:30:00;458.40e-6
2014-05-03 11:45:00;447.90e-6
2014-05-03 12:00:00;436.65e-6
2014-05-03 12:15:00;431.64e-6
2014-05-03 12:30:00;430.82e-6
2014-05-03 12:45:00;434.41e-6
2014-05-03 13:00:00;441.43e-6
2014-05-03 13:15:00;447.13e-6
2014-05-03 13:30:00;450.84e-6
2014-05-03 13:45:00;452.56e-6
2014-05-03 14:00:00;451.68e-6
2014-05-03 14:15:00;448.76e-6
2014-05-03 14:30:00;446.35e-6
2014-05-03 14:45:00;443.90e-6
2014-05-03 15:00:00;444.00e-6
2014-05-03 15:15:00;439.61e-6
2014-05-03 15:30:00;450.11e-6
2014-05-03 15:45:00;461.74e-6
2014-05-03 16:00:00;474.28e-6
2014-05-03 16:15:00;490.69e-6
2014-05-03 16:30:00;508.57e-6
2014-05-03 16:45:00;531.11e-6
2014-05-03 17:00:00;553.49e-6
2014-05-03 17:15:00;575.07e-6
2014-05-03 17:30:00;594.97e-6
2014-05-03 17:45:00;605.87e-6
2014-05-03 18:00:00;604.00e-6
2014-05-03 18:15:00;597.44e-6
2014-05-03 18:30:00;587.90e-6
2014-05-03 18:45:00;579.59e-6
2014-05-03 19:00:00;571.44e-6
2014-05-03 19:15:00;555.91e-6
2014-05-03 19:30:00;535.30e-6
2014-05-03 19:45:00;516.98e-6
2014-05-03 20:00:00;497.42e-6
2014-05-03 20:15:00;487.40e-6
2014-05-03 20:30:00;473.99e-6
2014-05-03 20:45:00;461.24e-6
2014-05-03 21:00:00;446.96e-6
2014-05-03 21:15:00;428.49e-6
2014-05-03 21:30:00;406.05e-6
2014-05-03 21:45:00;380.27e-6
2014-05-03 22:00:00;350.43e-6
2014-05-03 22:15:00;320.98e-6
2014-05-03 22:30:00;284.51e-6
2014-05-03 22:45:00;257.31e-6
2014-05-03 23:00:00;227.13e-6
2014-05-03 23:15:00;205.73e-6
2014-05-03 23:30:00;187.94e-6
2014-05-03 23:45:00;174.90e-6
2014-05-04 00:00:00;167.00e-6
2014-05-04 00:15:00;165.15e-6
2014-05-04 00:30:00;165.96e-6
2014-05-04 00:45:00;176.61e-6
2014-05-04 01:00:00;188.61e-6
2014-05-04 01:15:00;198.74e-6
2014-05-04 01:30:00;206.67e-6
2014-05-04 01:45:00;211.16e-6
2014-05-04 02:00:00;208.99e-6
2014-05-04 02:15:00;200.90e-6
2014-05-04 02:30:00;194.84e-6
2014-05-04 02:45:00;191.87e-6
2014-05-04 03:00:00;197.12e-6
2014-05-04 03:15:00;200.64e-6
2014-05-04 03:30:00;203.54e-6
2014-05-04 03:45:00;193.73e-6
2014-05-04 04:00:00;186.47e-6
2014-05-04 04:15:00;180.75e-6
2014-05-04 04:30:00;179.51e-6
2014-05-04 04:45:00;185.20e-6
2014-05-04 05:00:00;204.11e-6
2014-05-04 05:15:00;228.32e-6
2014-05-04 05:30:00;270.54e-6
2014-05-04 05:45:00;285.39e-6
2014-05-04 06:00:00;321.40e-6
2014-05-04 06:15:00;353.42e-6
2014-05-04 06:30:00;399.15e-6
2014-05-04 06:45:00;440.14e-6
2014-05-04 07:00:00;480.48e-6
2014-05-04 07:15:00;511.54e-6
2014-05-04 07:30:00;529.40e-6
2014-05-04 07:45:00;546.39e-6
2014-05-04 08:00:00;559.50e-6
2014-05-04 08:15:00;570.15e-6
2014-05-04 08:30:00;577.15e-6
2014-05-04 08:45:00;584.96e-6
2014-05-04 09:00:00;595.52e-6
2014-05-04 09:15:00;608.73e-6
2014-05-04 09:30:00;624.91e-6
2014-05-04 09:45:00;649.85e-6
2014-05-04 10:00:00;685.03e-6
2014-05-04 10:15:00;730.64e-6
2014-05-04 10:30:00;739.09e-6
2014-05-04 10:45:00;713.86e-6
2014-05-04 11:00:00;658.86e-6
2014-05-04 11:15:00;605.52e-6
2014-05-04 11:30:00;565.34e-6
2014-05-04 11:45:00;542.74e-6
2014-05-04 12:00:00;518.00e-6
2014-05-04 12:15:00;500.07e-6
2014-05-04 12:30:00;486.13e-6
2014-05-04 12:45:00;476.70e-6
2014-05-04 13:00:00;470.90e-6
2014-05-04 13:15:00;464.47e-6
2014-05-04 13:30:00;457.05e-6
2014-05-04 13:45:00;449.07e-6
2014-05-04 14:00:00;440.01e-6
2014-05-04 14:15:00;430.16e-6
2014-05-04 14:30:00;421.83e-6
2014-05-04 14:45:00;414.07e-6
2014-05-04 15:00:00;409.41e-6
2014-05-04 15:15:00;399.84e-6
2014-05-04 15:30:00;406.63e-6
2014-05-04 15:45:00;416.69e-6
2014-05-04 16:00:00;426.07e-6
2014-05-04 16:15:00;440.39e-6
2014-05-04 16:30:00;458.10e-6
2014-05-04 16:45:00;479.86e-6
2014-05-04 17:00:00;503.45e-6
2014-05-04 17:15:00;528.74e-6
2014-05-04 17:30:00;551.30e-6
2014-05-04 17:45:00;566.86e-6
2014-05-04 18:00:00;569.32e-6
2014-05-04 18:15:00;567.03e-6
2014-05-04 18:30:00;554.75e-6
2014-05-04 18:45:00;550.13e-6
2014-05-04 19:00:00;547.83e-6
2014-05-04 19:15:00;536.14e-6
2014-05-04 19:30:00;519.45e-6
2014-05-04 19:45:00;505.14e-6
2014-05-04 20:00:00;485.49e-6
2014-05-04 20:15:00;471.67e-6
2014-05-04 20:30:00;454.27e-6
2014-05-04 20:45:00;435.90e-6
2014-05-04 21:00:00;414.72e-6
2014-05-04 21:15:00;389.45e-6
2014-05-04 21:30:00;361.59e-6
2014-05-04 21:45:00;332.51e-6
2014-05-04 22:00:00;302.69e-6
2014-05-04 22:15:00;272.73e-6
2014-05-04 22:30:00;244.51e-6
2014-05-04 22:45:00;218.71e-6
2014-05-04 23:00:00;174.86e-6
2014-05-04 23:15:00;160.05e-6
2014-05-04 23:30:00;150.38e-6
2014-05-04 23:45:00;144.11e-6
2014-05-05 00:00:00;143.38e-6
2014-05-05 00:15:00;146.12e-6
2014-05-05 00:30:00;151.60e-6
2014-05-05 00:45:00;164.78e-6
2014-05-05 01:00:00;179.17e-6
2014-05-05 01:15:00;190.63e-6
2014-05-05 01:30:00;199.43e-6
2014-05-05 01:45:00;203.73e-6
2014-05-05 02:00:00;201.98e-6
2014-05-05 02:15:00;195.13e-6
2014-05-05 02:30:00;187.81e-6
2014-05-05 02:45:00;183.40e-6
2014-05-05 03:00:00;186.77e-6
2014-05-05 03:15:00;188.46e-6
2014-05-05 03:30:00;194.49e-6
2014-05-05 03:45:00;200.34e-6
2014-05-05 04:00:00;206.50e-6
2014-05-05 04:15:00;217.69e-6
2014-05-05 04:30:00;234.33e-6
2014-05-05 04:45:00;257.83e-6
2014-05-05 05:00:00;293.58e-6
2014-05-05 05:15:00;329.64e-6
2014-05-05 05:30:00;388.47e-6
2014-05-05 05:45:00;399.59e-6
2014-05-05 06:00:00;423.57e-6
2014-05-05 06:15:00;432.61e-6
2014-05-05 06:30:00;435.28e-6
2014-05-05 06:45:00;425.81e-6
2014-05-05 07:00:00;416.87e-6
2014-05-05 07:15:00;397.60e-6
2014-05-05 07:30:00;378.21e-6
2014-05-05 07:45:00;358.35e-6
2014-05-05 08:00:00;343.84e-6
2014-05-05 08:15:00;335.22e-6
2014-05-05 08:30:00;333.22e-6
2014-05-05 08:45:00;333.23e-6
2014-05-05 09:00:00;334.89e-6
2014-05-05 09:15:00;335.04e-6
2014-05-05 09:30:00;336.97e-6
2014-05-05 09:45:00;344.59e-6
2014-05-05 10:00:00;359.57e-6
2014-05-05 10:15:00;377.94e-6
2014-05-05 10:30:00;384.25e-6
2014-05-05 10:45:00;380.31e-6
2014-05-05 11:00:00;365.15e-6
2014-05-05 11:15:00;355.06e-6
2014-05-05 11:30:00;347.77e-6
2014-05-05 11:45:00;346.31e-6
2014-05-05 12:00:00;344.94e-6
2014-05-05 12:15:00;346.39e-6
2014-05-05 12:30:00;349.15e-6
2014-05-05 12:45:00;353.25e-6
2014-05-05 13:00:00;358.06e-6
2014-05-05 13:15:00;359.37e-6
2014-05-05 13:30:00;357.25e-6
2014-05-05 13:45:00;352.41e-6
2014-05-05 14:00:00;344.92e-6
2014-05-05 14:15:00;335.54e-6
2014-05-05 14:30:00;327.30e-6
2014-05-05 14:45:00;319.88e-6
2014-05-05 15:00:00;315.46e-6
2014-05-05 15:15:00;307.38e-6
2014-05-05 15:30:00;313.24e-6
2014-05-05 15:45:00;323.19e-6
2014-05-05 16:00:00;337.10e-6
2014-05-05 16:15:00;353.36e-6
2014-05-05 16:30:00;374.01e-6
2014-05-05 16:45:00;401.79e-6
2014-05-05 17:00:00;430.03e-6
2014-05-05 17:15:00;463.30e-6
2014-05-05 17:30:00;495.20e-6
2014-05-05 17:45:00;523.80e-6
2014-05-05 18:00:00;540.77e-6
2014-05-05 18:15:00;551.00e-6
2014-05-05 18:30:00;565.64e-6
2014-05-05 18:45:00;565.04e-6
2014-05-05 19:00:00;561.71e-6
2014-05-05 19:15:00;552.17e-6
2014-05-05 19:30:00;537.07e-6
2014-05-05 19:45:00;519.27e-6
2014-05-05 20:00:00;502.41e-6
2014-05-05 20:15:00;483.97e-6
2014-05-05 20:30:00;464.34e-6
2014-05-05 20:45:00;442.34e-6
2014-05-05 21:00:00;417.74e-6
2014-05-05 21:15:00;388.68e-6
2014-05-05 21:30:00;357.03e-6
2014-05-05 21:45:00;323.68e-6
2014-05-05 22:00:00;290.52e-6
2014-05-05 22:15:00;254.38e-6
2014-05-05 22:30:00;226.59e-6
2014-05-05 22:45:00;201.36e-6
2014-05-05 23:00:00;174.21e-6
2014-05-05 23:15:00;159.45e-6
2014-05-05 23:30:00;149.82e-6
2014-05-05 23:45:00;143.57e-6
2014-05-06 00:00:00;142.84e-6
2014-05-06 00:15:00;145.58e-6
2014-05-06 00:30:00;151.03e-6
2014-05-06 00:45:00;164.16e-6
2014-05-06 01:00:00;178.50e-6
2014-05-06 01:15:00;189.92e-6
2014-05-06 01:30:00;198.68e-6
2014-05-06 01:45:00;202.96e-6
2014-05-06 02:00:00;201.22e-6
2014-05-06 02:15:00;194.40e-6
2014-05-06 02:30:00;187.10e-6
2014-05-06 02:45:00;182.72e-6
2014-05-06 03:00:00;186.07e-6
2014-05-06 03:15:00;187.75e-6
2014-05-06 03:30:00;193.76e-6
2014-05-06 03:45:00;199.59e-6
2014-05-06 04:00:00;205.73e-6
2014-05-06 04:15:00;216.87e-6
2014-05-06 04:30:00;233.45e-6
2014-05-06 04:45:00;256.87e-6
2014-05-06 05:00:00;292.48e-6
2014-05-06 05:15:00;328.41e-6
2014-05-06 05:30:00;387.02e-6
2014-05-06 05:45:00;398.09e-6
2014-05-06 06:00:00;421.99e-6
2014-05-06 06:15:00;430.99e-6
2014-05-06 06:30:00;433.65e-6
2014-05-06 06:45:00;424.22e-6
2014-05-06 07:00:00;415.31e-6
2014-05-06 07:15:00;396.12e-6
2014-05-06 07:30:00;376.79e-6
2014-05-06 07:45:00;357.01e-6
2014-05-06 08:00:00;342.56e-6
2014-05-06 08:15:00;333.96e-6
2014-05-06 08:30:00;331.98e-6
2014-05-06 08:45:00;331.99e-6
2014-05-06 09:00:00;333.64e-6
2014-05-06 09:15:00;333.79e-6
2014-05-06 09:30:00;335.71e-6
2014-05-06 09:45:00;343.30e-6
2014-05-06 10:00:00;358.22e-6
2014-05-06 10:15:00;376.52e-6
2014-05-06 10:30:00;382.81e-6
2014-05-06 10:45:00;378.89e-6
2014-05-06 11:00:00;363.78e-6
2014-05-06 11:15:00;353.73e-6
2014-05-06 11:30:00;346.47e-6
2014-05-06 11:45:00;345.02e-6
2014-05-06 12:00:00;343.65e-6
2014-05-06 12:15:00;345.10e-6
2014-05-06 12:30:00;347.85e-6
2014-05-06 12:45:00;351.93e-6
2014-05-06 13:00:00;356.72e-6
2014-05-06 13:15:00;358.03e-6
2014-05-06 13:30:00;355.92e-6
2014-05-06 13:45:00;351.09e-6
2014-05-06 14:00:00;343.63e-6
2014-05-06 14:15:00;334.29e-6
2014-05-06 14:30:00;326.07e-6
2014-05-06 14:45:00;318.69e-6
2014-05-06 15:00:00;314.28e-6
2014-05-06 15:15:00;306.23e-6
2014-05-06 15:30:00;312.07e-6
2014-05-06 15:45:00;321.98e-6
2014-05-06 16:00:00;335.84e-6
2014-05-06 16:15:00;352.03e-6
2014-05-06 16:30:00;372.61e-6
2014-05-06 16:45:00;400.29e-6
2014-05-06 17:00:00;428.42e-6
2014-05-06 17:15:00;461.57e-6
2014-05-06 17:30:00;493.35e-6
2014-05-06 17:45:00;521.84e-6
2014-05-06 18:00:00;538.74e-6
2014-05-06 18:15:00;548.94e-6
2014-05-06 18:30:00;563.52e-6
2014-05-06 18:45:00;562.93e-6
2014-05-06 19:00:00;559.60e-6
2014-05-06 19:15:00;550.10e-6
2014-05-06 19:30:00;535.06e-6
2014-05-06 19:45:00;517.33e-6
2014-05-06 20:00:00;500.53e-6
2014-05-06 20:15:00;482.16e-6
2014-05-06 20:30:00;462.61e-6
2014-05-06 20:45:00;440.69e-6
2014-05-06 21:00:00;416.18e-6
2014-05-06 21:15:00;387.22e-6
2014-05-06 21:30:00;355.70e-6
2014-05-06 21:45:00;322.47e-6
2014-05-06 22:00:00;289.43e-6
2014-05-06 22:15:00;253.42e-6
2014-05-06 22:30:00;225.75e-6
2014-05-06 22:45:00;200.60e-6
2014-05-06 23:00:00;173.56e-6
2014-05-06 23:15:00;158.86e-6
2014-05-06 23:30:00;149.26e-6
2014-05-06 23:45:00;143.04e-6
2014-05-07 00:00:00;142.31e-6
2014-05-07 00:15:00;145.03e-6
2014-05-07 00:30:00;150.47e-6
2014-05-07 00:45:00;163.55e-6
2014-05-07 01:00:00;177.83e-6
2014-05-07 01:15:00;189.21e-6
2014-05-07 01:30:00;197.94e-6
2014-05-07 01:45:00;202.21e-6
2014-05-07 02:00:00;200.47e-6
2014-05-07 02:15:00;193.68e-6
2014-05-07 02:30:00;186.41e-6
2014-05-07 02:45:00;182.03e-6
2014-05-07 03:00:00;185.38e-6
2014-05-07 03:15:00;187.05e-6
2014-05-07 03:30:00;193.04e-6
2014-05-07 03:45:00;198.84e-6
2014-05-07 04:00:00;204.96e-6
2014-05-07 04:15:00;216.06e-6
2014-05-07 04:30:00;232.58e-6
2014-05-07 04:45:00;255.91e-6
2014-05-07 05:00:00;291.39e-6
2014-05-07 05:15:00;327.18e-6
2014-05-07 05:30:00;385.58e-6
2014-05-07 05:45:00;396.61e-6
2014-05-07 06:00:00;420.41e-6
2014-05-07 06:15:00;429.38e-6
2014-05-07 06:30:00;432.04e-6
2014-05-07 06:45:00;422.64e-6
2014-05-07 07:00:00;413.76e-6
2014-05-07 07:15:00;394.64e-6
2014-05-07 07:30:00;375.39e-6
2014-05-07 07:45:00;355.68e-6
2014-05-07 08:00:00;341.28e-6
2014-05-07 08:15:00;332.72e-6
2014-05-07 08:30:00;330.74e-6
2014-05-07 08:45:00;330.75e-6
2014-05-07 09:00:00;332.40e-6
2014-05-07 09:15:00;332.55e-6
2014-05-07 09:30:00;334.46e-6
2014-05-07 09:45:00;342.02e-6
2014-05-07 10:00:00;356.89e-6
2014-05-07 10:15:00;375.12e-6
2014-05-07 10:30:00;381.38e-6
2014-05-07 10:45:00;377.48e-6
2014-05-07 11:00:00;362.43e-6
2014-05-07 11:15:00;352.41e-6
2014-05-07 11:30:00;345.18e-6
2014-05-07 11:45:00;343.73e-6
2014-05-07 12:00:00;342.37e-6
2014-05-07 12:15:00;343.81e-6
2014-05-07 12:30:00;346.55e-6
2014-05-07 12:45:00;350.62e-6
2014-05-07 13:00:00;355.39e-6
2014-05-07 13:15:00;356.69e-6
2014-05-07 13:30:00;354.59e-6
2014-05-07 13:45:00;349.78e-6
2014-05-07 14:00:00;342.35e-6
2014-05-07 14:15:00;333.04e-6
2014-05-07 14:30:00;324.86e-6
2014-05-07 14:45:00;317.50e-6
2014-05-07 15:00:00;313.11e-6
2014-05-07 15:15:00;305.08e-6
2014-05-07 15:30:00;310.91e-6
2014-05-07 15:45:00;320.78e-6
2014-05-07 16:00:00;334.58e-6
2014-05-07 16:15:00;350.72e-6
2014-05-07 16:30:00;371.22e-6
2014-05-07 16:45:00;398.80e-6
2014-05-07 17:00:00;426.82e-6
2014-05-07 17:15:00;459.84e-6
2014-05-07 17:30:00;491.51e-6
2014-05-07 17:45:00;519.89e-6
2014-05-07 18:00:00;536.73e-6
2014-05-07 18:15:00;546.89e-6
2014-05-07 18:30:00;561.42e-6
2014-05-07 18:45:00;560.83e-6
2014-05-07 19:00:00;557.52e-6
2014-05-07 19:15:00;548.05e-6
2014-05-07 19:30:00;533.07e-6
2014-05-07 19:45:00;515.40e-6
2014-05-07 20:00:00;498.66e-6
2014-05-07 20:15:00;480.36e-6
2014-05-07 20:30:00;460.88e-6
2014-05-07 20:45:00;439.05e-6
2014-05-07 21:00:00;414.63e-6
2014-05-07 21:15:00;385.78e-6
2014-05-07 21:30:00;354.37e-6
2014-05-07 21:45:00;321.27e-6
2014-05-07 22:00:00;288.35e-6
2014-05-07 22:15:00;252.48e-6
2014-05-07 22:30:00;224.90e-6
2014-05-07 22:45:00;199.85e-6
2014-05-07 23:00:00;172.91e-6
2014-05-07 23:15:00;158.27e-6
2014-05-07 23:30:00;148.70e-6
2014-05-07 23:45:00;142.50e-6
2014-05-08 00:00:00;141.78e-6
2014-05-08 00:15:00;144.50e-6
2014-05-08 00:30:00;149.91e-6
2014-05-08 00:45:00;162.94e-6
2014-05-08 01:00:00;177.17e-6
2014-05-08 01:15:00;188.51e-6
2014-05-08 01:30:00;197.20e-6
2014-05-08 01:45:00;201.46e-6
2014-05-08 02:00:00;199.73e-6
2014-05-08 02:15:00;192.96e-6
2014-05-08 02:30:00;185.71e-6
2014-05-08 02:45:00;181.36e-6
2014-05-08 03:00:00;184.69e-6
2014-05-08 03:15:00;186.36e-6
2014-05-08 03:30:00;192.32e-6
2014-05-08 03:45:00;198.11e-6
2014-05-08 04:00:00;204.20e-6
2014-05-08 04:15:00;215.26e-6
2014-05-08 04:30:00;231.71e-6
2014-05-08 04:45:00;254.96e-6
2014-05-08 05:00:00;290.30e-6
2014-05-08 05:15:00;325.97e-6
2014-05-08 05:30:00;384.14e-6
2014-05-08 05:45:00;395.14e-6
2014-05-08 06:00:00;418.85e-6
2014-05-08 06:15:00;427.79e-6
2014-05-08 06:30:00;430.43e-6
2014-05-08 06:45:00;421.07e-6
2014-05-08 07:00:00;412.23e-6
2014-05-08 07:15:00;393.17e-6
2014-05-08 07:30:00;374.00e-6
2014-05-08 07:45:00;354.36e-6
2014-05-08 08:00:00;340.01e-6
2014-05-08 08:15:00;331.48e-6
2014-05-08 08:30:00;329.51e-6
2014-05-08 08:45:00;329.52e-6
2014-05-08 09:00:00;331.16e-6
2014-05-08 09:15:00;331.31e-6
2014-05-08 09:30:00;333.22e-6
2014-05-08 09:45:00;340.75e-6
2014-05-08 10:00:00;355.56e-6
2014-05-08 10:15:00;373.73e-6
2014-05-08 10:30:00;379.97e-6
2014-05-08 10:45:00;376.07e-6
2014-05-08 11:00:00;361.08e-6
2014-05-08 11:15:00;351.10e-6
2014-05-08 11:30:00;343.90e-6
2014-05-08 11:45:00;342.45e-6
2014-05-08 12:00:00;341.10e-6
2014-05-08 12:15:00;342.53e-6
2014-05-08 12:30:00;345.26e-6
2014-05-08 12:45:00;349.31e-6
2014-05-08 13:00:00;354.07e-6
2014-05-08 13:15:00;355.37e-6
2014-05-08 13:30:00;353.27e-6
2014-05-08 13:45:00;348.48e-6
2014-05-08 14:00:00;341.08e-6
2014-05-08 14:15:00;331.80e-6
2014-05-08 14:30:00;323.65e-6
2014-05-08 14:45:00;316.32e-6
2014-05-08 15:00:00;311.95e-6
2014-05-08 15:15:00;303.95e-6
2014-05-08 15:30:00;309.75e-6
2014-05-08 15:45:00;319.59e-6
2014-05-08 16:00:00;333.34e-6
2014-05-08 16:15:00;349.42e-6
2014-05-08 16:30:00;369.84e-6
2014-05-08 16:45:00;397.32e-6
2014-05-08 17:00:00;425.24e-6
2014-05-08 17:15:00;458.14e-6
2014-05-08 17:30:00;489.69e-6
2014-05-08 17:45:00;517.96e-6
2014-05-08 18:00:00;534.74e-6
2014-05-08 18:15:00;544.86e-6
2014-05-08 18:30:00;559.34e-6
2014-05-08 18:45:00;558.75e-6
2014-05-08 19:00:00;555.45e-6
2014-05-08 19:15:00;546.01e-6
2014-05-08 19:30:00;531.09e-6
2014-05-08 19:45:00;513.48e-6
2014-05-08 20:00:00;496.81e-6
2014-05-08 20:15:00;478.58e-6
2014-05-08 20:30:00;459.17e-6
2014-05-08 20:45:00;437.42e-6
2014-05-08 21:00:00;413.09e-6
2014-05-08 21:15:00;384.35e-6
2014-05-08 21:30:00;353.06e-6
2014-05-08 21:45:00;320.07e-6
2014-05-08 22:00:00;287.28e-6
2014-05-08 22:15:00;251.54e-6
2014-05-08 22:30:00;224.07e-6
2014-05-08 22:45:00;199.11e-6
2014-05-08 23:00:00;172.28e-6
2014-05-08 23:15:00;157.68e-6
2014-05-08 23:30:00;148.15e-6
2014-05-08 23:45:00;141.98e-6
2014-05-09 00:00:00;141.26e-6
2014-05-09 00:15:00;143.96e-6
2014-05-09 00:30:00;149.35e-6
2014-05-09 00:45:00;162.34e-6
2014-05-09 01:00:00;176.52e-6
2014-05-09 01:15:00;187.81e-6
2014-05-09 01:30:00;196.47e-6
2014-05-09 01:45:00;200.71e-6
2014-05-09 02:00:00;198.99e-6
2014-05-09 02:15:00;192.25e-6
2014-05-09 02:30:00;185.03e-6
2014-05-09 02:45:00;180.69e-6
2014-05-09 03:00:00;184.01e-6
2014-05-09 03:15:00;185.67e-6
2014-05-09 03:30:00;191.61e-6
2014-05-09 03:45:00;197.37e-6
2014-05-09 04:00:00;203.44e-6
2014-05-09 04:15:00;214.46e-6
2014-05-09 04:30:00;230.86e-6
2014-05-09 04:45:00;254.02e-6
2014-05-09 05:00:00;289.23e-6
2014-05-09 05:15:00;324.76e-6
2014-05-09 05:30:00;382.72e-6
2014-05-09 05:45:00;393.68e-6
2014-05-09 06:00:00;417.31e-6
2014-05-09 06:15:00;426.21e-6
2014-05-09 06:30:00;428.84e-6
2014-05-09 06:45:00;419.51e-6
2014-05-09 07:00:00;410.70e-6
2014-05-09 07:15:00;391.72e-6
2014-05-09 07:30:00;372.61e-6
2014-05-09 07:45:00;353.05e-6
2014-05-09 08:00:00;338.75e-6
2014-05-09 08:15:00;330.26e-6
2014-05-09 08:30:00;328.29e-6
2014-05-09 08:45:00;328.30e-6
2014-05-09 09:00:00;329.94e-6
2014-05-09 09:15:00;330.09e-6
2014-05-09 09:30:00;331.99e-6
2014-05-09 09:45:00;339.49e-6
2014-05-09 10:00:00;354.25e-6
2014-05-09 10:15:00;372.34e-6
2014-05-09 10:30:00;378.56e-6
2014-05-09 10:45:00;374.68e-6
2014-05-09 11:00:00;359.75e-6
2014-05-09 11:15:00;349.81e-6
2014-05-09 11:30:00;342.63e-6
2014-05-09 11:45:00;341.19e-6
2014-05-09 12:00:00;339.84e-6
2014-05-09 12:15:00;341.27e-6
2014-05-09 12:30:00;343.99e-6
2014-05-09 12:45:00;348.02e-6
2014-05-09 13:00:00;352.76e-6
2014-05-09 13:15:00;354.06e-6
2014-05-09 13:30:00;351.97e-6
2014-05-09 13:45:00;347.19e-6
2014-05-09 14:00:00;339.82e-6
2014-05-09 14:15:00;330.58e-6
2014-05-09 14:30:00;322.45e-6
2014-05-09 14:45:00;315.15e-6
2014-05-09 15:00:00;310.80e-6
2014-05-09 15:15:00;302.83e-6
2014-05-09 15:30:00;308.61e-6
2014-05-09 15:45:00;318.40e-6
2014-05-09 16:00:00;332.11e-6
2014-05-09 16:15:00;348.13e-6
2014-05-09 16:30:00;368.48e-6
2014-05-09 16:45:00;395.85e-6
2014-05-09 17:00:00;423.67e-6
2014-05-09 17:15:00;456.44e-6
2014-05-09 17:30:00;487.88e-6
2014-05-09 17:45:00;516.05e-6
2014-05-09 18:00:00;532.77e-6
2014-05-09 18:15:00;542.84e-6
2014-05-09 18:30:00;557.27e-6
2014-05-09 18:45:00;556.68e-6
2014-05-09 19:00:00;553.40e-6
2014-05-09 19:15:00;544.00e-6
2014-05-09 19:30:00;529.13e-6
2014-05-09 19:45:00;511.59e-6
2014-05-09 20:00:00;494.97e-6
2014-05-09 20:15:00;476.81e-6
2014-05-09 20:30:00;457.47e-6
2014-05-09 20:45:00;435.80e-6
2014-05-09 21:00:00;411.56e-6
2014-05-09 21:15:00;382.93e-6
2014-05-09 21:30:00;351.75e-6
2014-05-09 21:45:00;318.89e-6
2014-05-09 22:00:00;286.22e-6
2014-05-09 22:15:00;250.61e-6
2014-05-09 22:30:00;223.24e-6
2014-05-09 22:45:00;198.38e-6
2014-05-09 23:00:00;202.60e-6
2014-05-09 23:15:00;181.98e-6
2014-05-09 23:30:00;167.03e-6
2014-05-09 23:45:00;154.81e-6
2014-05-10 00:00:00;148.20e-6
2014-05-10 00:15:00;148.06e-6
2014-05-10 00:30:00;151.13e-6
2014-05-10 00:45:00;163.56e-6
2014-05-10 01:00:00;175.76e-6
2014-05-10 01:15:00;185.76e-6
2014-05-10 01:30:00;193.62e-6
2014-05-10 01:45:00;196.40e-6
2014-05-10 02:00:00;193.53e-6
2014-05-10 02:15:00;185.25e-6
2014-05-10 02:30:00;177.28e-6
2014-05-10 02:45:00;171.54e-6
2014-05-10 03:00:00;173.13e-6
2014-05-10 03:15:00;176.91e-6
2014-05-10 03:30:00;180.55e-6
2014-05-10 03:45:00;176.32e-6
2014-05-10 04:00:00;173.07e-6
2014-05-10 04:15:00;172.13e-6
2014-05-10 04:30:00;175.50e-6
2014-05-10 04:45:00;185.66e-6
2014-05-10 05:00:00;208.84e-6
2014-05-10 05:15:00;236.69e-6
2014-05-10 05:30:00;283.13e-6
2014-05-10 05:45:00;299.91e-6
2014-05-10 06:00:00;331.67e-6
2014-05-10 06:15:00;353.15e-6
2014-05-10 06:30:00;375.69e-6
2014-05-10 06:45:00;389.76e-6
2014-05-10 07:00:00;406.20e-6
2014-05-10 07:15:00;410.02e-6
2014-05-10 07:30:00;406.25e-6
2014-05-10 07:45:00;410.19e-6
2014-05-10 08:00:00;417.57e-6
2014-05-10 08:15:00;424.33e-6
2014-05-10 08:30:00;430.04e-6
2014-05-10 08:45:00;434.70e-6
2014-05-10 09:00:00;440.43e-6
2014-05-10 09:15:00;446.11e-6
2014-05-10 09:30:00;451.92e-6
2014-05-10 09:45:00;467.22e-6
2014-05-10 10:00:00;492.33e-6
2014-05-10 10:15:00;527.78e-6
2014-05-10 10:30:00;543.86e-6
2014-05-10 10:45:00;537.47e-6
2014-05-10 11:00:00;505.02e-6
2014-05-10 11:15:00;470.11e-6
2014-05-10 11:30:00;446.57e-6
2014-05-10 11:45:00;436.35e-6
2014-05-10 12:00:00;425.39e-6
2014-05-10 12:15:00;420.50e-6
2014-05-10 12:30:00;419.71e-6
2014-05-10 12:45:00;423.21e-6
2014-05-10 13:00:00;430.04e-6
2014-05-10 13:15:00;435.60e-6
2014-05-10 13:30:00;439.21e-6
2014-05-10 13:45:00;440.88e-6
2014-05-10 14:00:00;440.03e-6
2014-05-10 14:15:00;437.18e-6
2014-05-10 14:30:00;434.83e-6
2014-05-10 14:45:00;432.45e-6
2014-05-10 15:00:00;432.55e-6
2014-05-10 15:15:00;428.27e-6
2014-05-10 15:30:00;438.50e-6
2014-05-10 15:45:00;449.83e-6
2014-05-10 16:00:00;462.05e-6
2014-05-10 16:15:00;478.03e-6
2014-05-10 16:30:00;495.45e-6
2014-05-10 16:45:00;517.41e-6
2014-05-10 17:00:00;539.21e-6
2014-05-10 17:15:00;560.23e-6
2014-05-10 17:30:00;579.63e-6
2014-05-10 17:45:00;590.24e-6
2014-05-10 18:00:00;588.42e-6
2014-05-10 18:15:00;582.03e-6
2014-05-10 18:30:00;572.73e-6
2014-05-10 18:45:00;564.64e-6
2014-05-10 19:00:00;556.70e-6
2014-05-10 19:15:00;541.57e-6
2014-05-10 19:30:00;521.49e-6
2014-05-10 19:45:00;503.64e-6
2014-05-10 20:00:00;484.59e-6
2014-05-10 20:15:00;474.83e-6
2014-05-10 20:30:00;461.76e-6
2014-05-10 20:45:00;449.35e-6
2014-05-10 21:00:00;435.44e-6
2014-05-10 21:15:00;417.44e-6
2014-05-10 21:30:00;395.58e-6
2014-05-10 21:45:00;370.46e-6
2014-05-10 22:00:00;341.39e-6
2014-05-10 22:15:00;312.70e-6
2014-05-10 22:30:00;277.17e-6
2014-05-10 22:45:00;250.68e-6
2014-05-10 23:00:00;221.30e-6
2014-05-10 23:15:00;200.45e-6
2014-05-10 23:30:00;183.12e-6
2014-05-10 23:45:00;170.40e-6
2014-05-11 00:00:00;162.71e-6
2014-05-11 00:15:00;160.91e-6
2014-05-11 00:30:00;161.70e-6
2014-05-11 00:45:00;172.08e-6
2014-05-11 01:00:00;183.77e-6
2014-05-11 01:15:00;193.63e-6
2014-05-11 01:30:00;201.36e-6
2014-05-11 01:45:00;205.74e-6
2014-05-11 02:00:00;203.63e-6
2014-05-11 02:15:00;195.74e-6
2014-05-11 02:30:00;189.84e-6
2014-05-11 02:45:00;186.95e-6
2014-05-11 03:00:00;192.06e-6
2014-05-11 03:15:00;195.49e-6
2014-05-11 03:30:00;198.31e-6
2014-05-11 03:45:00;188.76e-6
2014-05-11 04:00:00;181.68e-6
2014-05-11 04:15:00;176.11e-6
2014-05-11 04:30:00;174.90e-6
2014-05-11 04:45:00;180.44e-6
2014-05-11 05:00:00;198.87e-6
2014-05-11 05:15:00;222.46e-6
2014-05-11 05:30:00;263.59e-6
2014-05-11 05:45:00;278.06e-6
2014-05-11 06:00:00;313.15e-6
2014-05-11 06:15:00;344.35e-6
2014-05-11 06:30:00;388.90e-6
2014-05-11 06:45:00;428.83e-6
2014-05-11 07:00:00;468.14e-6
2014-05-11 07:15:00;498.40e-6
2014-05-11 07:30:00;515.80e-6
2014-05-11 07:45:00;532.36e-6
2014-05-11 08:00:00;545.13e-6
2014-05-11 08:15:00;555.50e-6
2014-05-11 08:30:00;562.33e-6
2014-05-11 08:45:00;569.94e-6
2014-05-11 09:00:00;580.23e-6
2014-05-11 09:15:00;593.09e-6
2014-05-11 09:30:00;608.86e-6
2014-05-11 09:45:00;633.16e-6
2014-05-11 10:00:00;667.43e-6
2014-05-11 10:15:00;711.87e-6
2014-05-11 10:30:00;720.10e-6
2014-05-11 10:45:00;695.53e-6
2014-05-11 11:00:00;641.94e-6
2014-05-11 11:15:00;589.97e-6
2014-05-11 11:30:00;550.81e-6
2014-05-11 11:45:00;528.80e-6
2014-05-11 12:00:00;504.69e-6
2014-05-11 12:15:00;487.23e-6
2014-05-11 12:30:00;473.64e-6
2014-05-11 12:45:00;464.45e-6
2014-05-11 13:00:00;458.80e-6
2014-05-11 13:15:00;452.54e-6
2014-05-11 13:30:00;445.31e-6
2014-05-11 13:45:00;437.53e-6
2014-05-11 14:00:00;428.70e-6
2014-05-11 14:15:00;419.11e-6
2014-05-11 14:30:00;410.99e-6
2014-05-11 14:45:00;403.43e-6
2014-05-11 15:00:00;398.89e-6
2014-05-11 15:15:00;389.57e-6
2014-05-11 15:30:00;396.19e-6
2014-05-11 15:45:00;405.99e-6
2014-05-11 16:00:00;415.13e-6
2014-05-11 16:15:00;429.08e-6
2014-05-11 16:30:00;446.33e-6
2014-05-11 16:45:00;467.53e-6
2014-05-11 17:00:00;490.51e-6
2014-05-11 17:15:00;515.16e-6
2014-05-11 17:30:00;537.14e-6
2014-05-11 17:45:00;552.30e-6
2014-05-11 18:00:00;554.70e-6
2014-05-11 18:15:00;552.46e-6
2014-05-11 18:30:00;540.50e-6
2014-05-11 18:45:00;536.00e-6
2014-05-11 19:00:00;533.76e-6
2014-05-11 19:15:00;522.36e-6
2014-05-11 19:30:00;506.10e-6
2014-05-11 19:45:00;492.17e-6
2014-05-11 20:00:00;473.02e-6
2014-05-11 20:15:00;459.56e-6
2014-05-11 20:30:00;442.60e-6
2014-05-11 20:45:00;424.70e-6
2014-05-11 21:00:00;404.07e-6
2014-05-11 21:15:00;379.45e-6
2014-05-11 21:30:00;352.31e-6
2014-05-11 21:45:00;323.97e-6
2014-05-11 22:00:00;294.91e-6
2014-05-11 22:15:00;265.72e-6
2014-05-11 22:30:00;238.23e-6
2014-05-11 22:45:00;213.09e-6
2014-05-11 23:00:00;170.39e-6
2014-05-11 23:15:00;155.96e-6
2014-05-11 23:30:00;146.53e-6
2014-05-11 23:45:00;140.42e-6
2014-05-12 00:00:00;139.71e-6
2014-05-12 00:15:00;142.39e-6
2014-05-12 00:30:00;147.72e-6
2014-05-12 00:45:00;160.56e-6
2014-05-12 01:00:00;174.59e-6
2014-05-12 01:15:00;185.76e-6
2014-05-12 01:30:00;194.33e-6
2014-05-12 01:45:00;198.52e-6
2014-05-12 02:00:00;196.81e-6
2014-05-12 02:15:00;190.14e-6
2014-05-12 02:30:00;183.00e-6
2014-05-12 02:45:00;178.71e-6
2014-05-12 03:00:00;182.00e-6
2014-05-12 03:15:00;183.64e-6
2014-05-12 03:30:00;189.52e-6
2014-05-12 03:45:00;195.21e-6
2014-05-12 04:00:00;201.22e-6
2014-05-12 04:15:00;212.12e-6
2014-05-12 04:30:00;228.33e-6
2014-05-12 04:45:00;251.24e-6
2014-05-12 05:00:00;286.07e-6
2014-05-12 05:15:00;321.21e-6
2014-05-12 05:30:00;378.54e-6
2014-05-12 05:45:00;389.37e-6
2014-05-12 06:00:00;412.74e-6
2014-05-12 06:15:00;421.55e-6
2014-05-12 06:30:00;424.15e-6
2014-05-12 06:45:00;414.93e-6
2014-05-12 07:00:00;406.21e-6
2014-05-12 07:15:00;387.44e-6
2014-05-12 07:30:00;368.54e-6
2014-05-12 07:45:00;349.19e-6
2014-05-12 08:00:00;335.05e-6
2014-05-12 08:15:00;326.64e-6
2014-05-12 08:30:00;324.70e-6
2014-05-12 08:45:00;324.71e-6
2014-05-12 09:00:00;326.33e-6
2014-05-12 09:15:00;326.48e-6
2014-05-12 09:30:00;328.36e-6
2014-05-12 09:45:00;335.78e-6
2014-05-12 10:00:00;350.37e-6
2014-05-12 10:15:00;368.27e-6
2014-05-12 10:30:00;374.42e-6
2014-05-12 10:45:00;370.59e-6
2014-05-12 11:00:00;355.81e-6
2014-05-12 11:15:00;345.98e-6
2014-05-12 11:30:00;338.88e-6
2014-05-12 11:45:00;337.46e-6
2014-05-12 12:00:00;336.12e-6
2014-05-12 12:15:00;337.54e-6
2014-05-12 12:30:00;340.23e-6
2014-05-12 12:45:00;344.22e-6
2014-05-12 13:00:00;348.90e-6
2014-05-12 13:15:00;350.18e-6
2014-05-12 13:30:00;348.12e-6
2014-05-12 13:45:00;343.39e-6
2014-05-12 14:00:00;336.10e-6
2014-05-12 14:15:00;326.96e-6
2014-05-12 14:30:00;318.93e-6
2014-05-12 14:45:00;311.70e-6
2014-05-12 15:00:00;307.40e-6
2014-05-12 15:15:00;299.52e-6
2014-05-12 15:30:00;305.23e-6
2014-05-12 15:45:00;314.92e-6
2014-05-12 16:00:00;328.48e-6
2014-05-12 16:15:00;344.32e-6
2014-05-12 16:30:00;364.45e-6
2014-05-12 16:45:00;391.52e-6
2014-05-12 17:00:00;419.03e-6
2014-05-12 17:15:00;451.45e-6
2014-05-12 17:30:00;482.54e-6
2014-05-12 17:45:00;510.41e-6
2014-05-12 18:00:00;526.94e-6
2014-05-12 18:15:00;536.91e-6
2014-05-12 18:30:00;551.18e-6
2014-05-12 18:45:00;550.59e-6
2014-05-12 19:00:00;547.34e-6
2014-05-12 19:15:00;538.05e-6
2014-05-12 19:30:00;523.34e-6
2014-05-12 19:45:00;505.99e-6
2014-05-12 20:00:00;489.56e-6
2014-05-12 20:15:00;471.59e-6
2014-05-12 20:30:00;452.47e-6
2014-05-12 20:45:00;431.03e-6
2014-05-12 21:00:00;407.06e-6
2014-05-12 21:15:00;378.74e-6
2014-05-12 21:30:00;347.90e-6
2014-05-12 21:45:00;315.40e-6
2014-05-12 22:00:00;283.09e-6
2014-05-12 22:15:00;247.87e-6
2014-05-12 22:30:00;220.80e-6
2014-05-12 22:45:00;196.21e-6
2014-05-12 23:00:00;169.78e-6
2014-05-12 23:15:00;155.40e-6
2014-05-12 23:30:00;146.00e-6
2014-05-12 23:45:00;139.92e-6
2014-05-13 00:00:00;139.21e-6
2014-05-13 00:15:00;141.87e-6
2014-05-13 00:30:00;147.19e-6
2014-05-13 00:45:00;159.98e-6
2014-05-13 01:00:00;173.96e-6
2014-05-13 01:15:00;185.09e-6
2014-05-13 01:30:00;193.62e-6
2014-05-13 01:45:00;197.80e-6
2014-05-13 02:00:00;196.10e-6
2014-05-13 02:15:00;189.45e-6
2014-05-13 02:30:00;182.34e-6
2014-05-13 02:45:00;178.07e-6
2014-05-13 03:00:00;181.34e-6
2014-05-13 03:15:00;182.98e-6
2014-05-13 03:30:00;188.83e-6
2014-05-13 03:45:00;194.51e-6
2014-05-13 04:00:00;200.49e-6
2014-05-13 04:15:00;211.35e-6
2014-05-13 04:30:00;227.51e-6
2014-05-13 04:45:00;250.33e-6
2014-05-13 05:00:00;285.03e-6
2014-05-13 05:15:00;320.05e-6
2014-05-13 05:30:00;377.17e-6
2014-05-13 05:45:00;387.96e-6
2014-05-13 06:00:00;411.25e-6
2014-05-13 06:15:00;420.02e-6
2014-05-13 06:30:00;422.62e-6
2014-05-13 06:45:00;413.42e-6
2014-05-13 07:00:00;404.74e-6
2014-05-13 07:15:00;386.04e-6
2014-05-13 07:30:00;367.20e-6
2014-05-13 07:45:00;347.93e-6
2014-05-13 08:00:00;333.84e-6
2014-05-13 08:15:00;325.46e-6
2014-05-13 08:30:00;323.53e-6
2014-05-13 08:45:00;323.54e-6
2014-05-13 09:00:00;325.15e-6
2014-05-13 09:15:00;325.30e-6
2014-05-13 09:30:00;327.17e-6
2014-05-13 09:45:00;334.56e-6
2014-05-13 10:00:00;349.10e-6
2014-05-13 10:15:00;366.94e-6
2014-05-13 10:30:00;373.07e-6
2014-05-13 10:45:00;369.25e-6
2014-05-13 11:00:00;354.52e-6
2014-05-13 11:15:00;344.73e-6
2014-05-13 11:30:00;337.65e-6
2014-05-13 11:45:00;336.24e-6
2014-05-13 12:00:00;334.90e-6
2014-05-13 12:15:00;336.31e-6
2014-05-13 12:30:00;338.99e-6
2014-05-13 12:45:00;342.97e-6
2014-05-13 13:00:00;347.64e-6
2014-05-13 13:15:00;348.92e-6
2014-05-13 13:30:00;346.86e-6
2014-05-13 13:45:00;342.15e-6
2014-05-13 14:00:00;334.89e-6
2014-05-13 14:15:00;325.78e-6
2014-05-13 14:30:00;317.77e-6
2014-05-13 14:45:00;310.58e-6
2014-05-13 15:00:00;306.28e-6
2014-05-13 15:15:00;298.43e-6
2014-05-13 15:30:00;304.13e-6
2014-05-13 15:45:00;313.78e-6
2014-05-13 16:00:00;327.29e-6
2014-05-13 16:15:00;343.07e-6
2014-05-13 16:30:00;363.13e-6
2014-05-13 16:45:00;390.10e-6
2014-05-13 17:00:00;417.52e-6
2014-05-13 17:15:00;449.82e-6
2014-05-13 17:30:00;480.79e-6
2014-05-13 17:45:00;508.56e-6
2014-05-13 18:00:00;525.03e-6
2014-05-13 18:15:00;534.97e-6
2014-05-13 18:30:00;549.18e-6
2014-05-13 18:45:00;548.60e-6
2014-05-13 19:00:00;545.36e-6
2014-05-13 19:15:00;536.10e-6
2014-05-13 19:30:00;521.45e-6
2014-05-13 19:45:00;504.16e-6
2014-05-13 20:00:00;487.79e-6
2014-05-13 20:15:00;469.89e-6
2014-05-13 20:30:00;450.83e-6
2014-05-13 20:45:00;429.47e-6
2014-05-13 21:00:00;405.59e-6
2014-05-13 21:15:00;377.37e-6
2014-05-13 21:30:00;346.64e-6
2014-05-13 21:45:00;314.26e-6
2014-05-13 22:00:00;282.06e-6
2014-05-13 22:15:00;246.98e-6
2014-05-13 22:30:00;220.00e-6
2014-05-13 22:45:00;195.50e-6
2014-05-13 23:00:00;169.16e-6
2014-05-13 23:15:00;154.84e-6
2014-05-13 23:30:00;145.48e-6
2014-05-13 23:45:00;139.41e-6
2014-05-14 00:00:00;138.71e-6
2014-05-14 00:15:00;141.36e-6
2014-05-14 00:30:00;146.66e-6
2014-05-14 00:45:00;159.41e-6
2014-05-14 01:00:00;173.33e-6
2014-05-14 01:15:00;184.42e-6
2014-05-14 01:30:00;192.93e-6
2014-05-14 01:45:00;197.09e-6
2014-05-14 02:00:00;195.40e-6
2014-05-14 02:15:00;188.77e-6
2014-05-14 02:30:00;181.69e-6
2014-05-14 02:45:00;177.43e-6
2014-05-14 03:00:00;180.69e-6
2014-05-14 03:15:00;182.32e-6
2014-05-14 03:30:00;188.15e-6
2014-05-14 03:45:00;193.81e-6
2014-05-14 04:00:00;199.77e-6
2014-05-14 04:15:00;210.59e-6
2014-05-14 04:30:00;226.69e-6
2014-05-14 04:45:00;249.43e-6
2014-05-14 05:00:00;284.01e-6
2014-05-14 05:15:00;318.90e-6
2014-05-14 05:30:00;375.81e-6
2014-05-14 05:45:00;386.57e-6
2014-05-14 06:00:00;409.77e-6
2014-05-14 06:15:00;418.51e-6
2014-05-14 06:30:00;421.10e-6
2014-05-14 06:45:00;411.94e-6
2014-05-14 07:00:00;403.29e-6
2014-05-14 07:15:00;384.65e-6
2014-05-14 07:30:00;365.88e-6
2014-05-14 07:45:00;346.68e-6
2014-05-14 08:00:00;332.64e-6
2014-05-14 08:15:00;324.29e-6
2014-05-14 08:30:00;322.36e-6
2014-05-14 08:45:00;322.37e-6
2014-05-14 09:00:00;323.98e-6
2014-05-14 09:15:00;324.13e-6
2014-05-14 09:30:00;325.99e-6
2014-05-14 09:45:00;333.36e-6
2014-05-14 10:00:00;347.85e-6
2014-05-14 10:15:00;365.62e-6
2014-05-14 10:30:00;371.73e-6
2014-05-14 10:45:00;367.92e-6
2014-05-14 11:00:00;353.25e-6
2014-05-14 11:15:00;343.49e-6
2014-05-14 11:30:00;336.44e-6
2014-05-14 11:45:00;335.03e-6
2014-05-14 12:00:00;333.70e-6
2014-05-14 12:15:00;335.11e-6
2014-05-14 12:30:00;337.77e-6
2014-05-14 12:45:00;341.74e-6
2014-05-14 13:00:00;346.39e-6
2014-05-14 13:15:00;347.66e-6
2014-05-14 13:30:00;345.61e-6
2014-05-14 13:45:00;340.92e-6
2014-05-14 14:00:00;333.68e-6
2014-05-14 14:15:00;324.61e-6
2014-05-14 14:30:00;316.63e-6
2014-05-14 14:45:00;309.46e-6
2014-05-14 15:00:00;305.18e-6
2014-05-14 15:15:00;297.36e-6
2014-05-14 15:30:00;303.03e-6
2014-05-14 15:45:00;312.65e-6
2014-05-14 16:00:00;326.11e-6
2014-05-14 16:15:00;341.84e-6
2014-05-14 16:30:00;361.82e-6
2014-05-14 16:45:00;388.70e-6
2014-05-14 17:00:00;416.01e-6
2014-05-14 17:15:00;448.20e-6
2014-05-14 17:30:00;479.07e-6
2014-05-14 17:45:00;506.73e-6
2014-05-14 18:00:00;523.14e-6
2014-05-14 18:15:00;533.04e-6
2014-05-14 18:30:00;547.21e-6
2014-05-14 18:45:00;546.63e-6
2014-05-14 19:00:00;543.40e-6
2014-05-14 19:15:00;534.17e-6
2014-05-14 19:30:00;519.57e-6
2014-05-14 19:45:00;502.35e-6
2014-05-14 20:00:00;486.04e-6
2014-05-14 20:15:00;468.20e-6
2014-05-14 20:30:00;449.21e-6
2014-05-14 20:45:00;427.93e-6
2014-05-14 21:00:00;404.13e-6
2014-05-14 21:15:00;376.01e-6
2014-05-14 21:30:00;345.40e-6
2014-05-14 21:45:00;313.13e-6
2014-05-14 22:00:00;281.05e-6
2014-05-14 22:15:00;246.09e-6
2014-05-14 22:30:00;219.21e-6
2014-05-14 22:45:00;194.79e-6
2014-05-14 23:00:00;226.87e-6
2014-05-14 23:15:00;208.94e-6
2014-05-14 23:30:00;192.77e-6
2014-05-14 23:45:00;179.63e-6
2014-05-15 00:00:00;169.24e-6
2014-05-15 00:15:00;161.57e-6
2014-05-15 00:30:00;156.47e-6
2014-05-15 00:45:00;155.87e-6
2014-05-15 01:00:00;159.83e-6
2014-05-15 01:15:00;165.84e-6
2014-05-15 01:30:00;170.83e-6
2014-05-15 01:45:00;175.36e-6
2014-05-15 02:00:00;178.49e-6
2014-05-15 02:15:00;179.61e-6
2014-05-15 02:30:00;180.58e-6
2014-05-15 02:45:00;182.63e-6
2014-05-15 03:00:00;187.88e-6
2014-05-15 03:15:00;188.97e-6
2014-05-15 03:30:00;191.74e-6
2014-05-15 03:45:00;202.67e-6
2014-05-15 04:00:00;212.71e-6
2014-05-15 04:15:00;227.10e-6
2014-05-15 04:30:00;245.01e-6
2014-05-15 04:45:00;267.09e-6
2014-05-15 05:00:00;294.09e-6
2014-05-15 05:15:00;321.69e-6
2014-05-15 05:30:00;356.58e-6
2014-05-15 05:45:00;377.13e-6
2014-05-15 06:00:00;400.61e-6
2014-05-15 06:15:00;412.02e-6
2014-05-15 06:30:00;416.54e-6
2014-05-15 06:45:00;408.88e-6
2014-05-15 07:00:00;404.79e-6
2014-05-15 07:15:00;391.94e-6
2014-05-15 07:30:00;378.59e-6
2014-05-15 07:45:00;364.92e-6
2014-05-15 08:00:00;356.29e-6
2014-05-15 08:15:00;350.02e-6
2014-05-15 08:30:00;349.16e-6
2014-05-15 08:45:00;349.91e-6
2014-05-15 09:00:00;352.94e-6
2014-05-15 09:15:00;353.89e-6
2014-05-15 09:30:00;357.07e-6
2014-05-15 09:45:00;365.94e-6
2014-05-15 10:00:00;382.93e-6
2014-05-15 10:15:00;400.68e-6
2014-05-15 10:30:00;408.76e-6
2014-05-15 10:45:00;407.12e-6
2014-05-15 11:00:00;394.23e-6
2014-05-15 11:15:00;386.69e-6
2014-05-15 11:30:00;380.55e-6
2014-05-15 11:45:00;377.60e-6
2014-05-15 12:00:00;374.51e-6
2014-05-15 12:15:00;372.63e-6
2014-05-15 12:30:00;370.89e-6
2014-05-15 12:45:00;369.49e-6
2014-05-15 13:00:00;368.18e-6
2014-05-15 13:15:00;364.38e-6
2014-05-15 13:30:00;358.63e-6
2014-05-15 13:45:00;351.67e-6
2014-05-15 14:00:00;343.79e-6
2014-05-15 14:15:00;335.54e-6
2014-05-15 14:30:00;328.87e-6
2014-05-15 14:45:00;323.55e-6
2014-05-15 15:00:00;320.63e-6
2014-05-15 15:15:00;315.82e-6
2014-05-15 15:30:00;319.76e-6
2014-05-15 15:45:00;326.33e-6
2014-05-15 16:00:00;334.66e-6
2014-05-15 16:15:00;346.69e-6
2014-05-15 16:30:00;361.57e-6
2014-05-15 16:45:00;380.65e-6
2014-05-15 17:00:00;396.50e-6
2014-05-15 17:15:00;417.64e-6
2014-05-15 17:30:00;437.91e-6
2014-05-15 17:45:00;458.48e-6
2014-05-15 18:00:00;472.47e-6
2014-05-15 18:15:00;485.03e-6
2014-05-15 18:30:00;502.86e-6
2014-05-15 18:45:00;507.15e-6
2014-05-15 19:00:00;506.15e-6
2014-05-15 19:15:00;501.61e-6
2014-05-15 19:30:00;492.62e-6
2014-05-15 19:45:00;485.82e-6
2014-05-15 20:00:00;478.92e-6
2014-05-15 20:15:00;472.89e-6
2014-05-15 20:30:00;464.75e-6
2014-05-15 20:45:00;454.13e-6
2014-05-15 21:00:00;440.25e-6
2014-05-15 21:15:00;420.73e-6
2014-05-15 21:30:00;396.62e-6
2014-05-15 21:45:00;369.13e-6
2014-05-15 22:00:00;339.99e-6
2014-05-15 22:15:00;307.64e-6
2014-05-15 22:30:00;280.13e-6
2014-05-15 22:45:00;255.59e-6
2014-05-15 23:00:00;226.07e-6
2014-05-15 23:15:00;208.19e-6
2014-05-15 23:30:00;192.09e-6
2014-05-15 23:45:00;179.00e-6
2014-05-16 00:00:00;168.64e-6
2014-05-16 00:15:00;160.99e-6
2014-05-16 00:30:00;155.92e-6
2014-05-16 00:45:00;155.31e-6
2014-05-16 01:00:00;159.26e-6
2014-05-16 01:15:00;165.25e-6
2014-05-16 01:30:00;170.22e-6
2014-05-16 01:45:00;174.74e-6
2014-05-16 02:00:00;177.86e-6
2014-05-16 02:15:00;178.97e-6
2014-05-16 02:30:00;179.94e-6
2014-05-16 02:45:00;181.98e-6
2014-05-16 03:00:00;187.22e-6
2014-05-16 03:15:00;188.30e-6
2014-05-16 03:30:00;191.06e-6
2014-05-16 03:45:00;201.95e-6
2014-05-16 04:00:00;211.95e-6
2014-05-16 04:15:00;226.29e-6
2014-05-16 04:30:00;244.14e-6
2014-05-16 04:45:00;266.14e-6
2014-05-16 05:00:00;293.05e-6
2014-05-16 05:15:00;320.55e-6
2014-05-16 05:30:00;355.31e-6
2014-05-16 05:45:00;375.79e-6
2014-05-16 06:00:00;399.19e-6
2014-05-16 06:15:00;410.56e-6
2014-05-16 06:30:00;415.07e-6
2014-05-16 06:45:00;407.43e-6
2014-05-16 07:00:00;403.35e-6
2014-05-16 07:15:00;390.55e-6
2014-05-16 07:30:00;377.25e-6
2014-05-16 07:45:00;363.62e-6
2014-05-16 08:00:00;355.03e-6
2014-05-16 08:15:00;348.78e-6
2014-05-16 08:30:00;347.92e-6
2014-05-16 08:45:00;348.66e-6
2014-05-16 09:00:00;351.69e-6
2014-05-16 09:15:00;352.64e-6
2014-05-16 09:30:00;355.80e-6
2014-05-16 09:45:00;364.64e-6
2014-05-16 10:00:00;381.57e-6
2014-05-16 10:15:00;399.26e-6
2014-05-16 10:30:00;407.31e-6
2014-05-16 10:45:00;405.67e-6
2014-05-16 11:00:00;392.83e-6
2014-05-16 11:15:00;385.32e-6
2014-05-16 11:30:00;379.20e-6
2014-05-16 11:45:00;376.26e-6
2014-05-16 12:00:00;373.18e-6
2014-05-16 12:15:00;371.31e-6
2014-05-16 12:30:00;369.57e-6
2014-05-16 12:45:00;368.18e-6
2014-05-16 13:00:00;366.87e-6
2014-05-16 13:15:00;363.08e-6
2014-05-16 13:30:00;357.35e-6
2014-05-16 13:45:00;350.42e-6
2014-05-16 14:00:00;342.57e-6
2014-05-16 14:15:00;334.35e-6
2014-05-16 14:30:00;327.70e-6
2014-05-16 14:45:00;322.40e-6
2014-05-16 15:00:00;319.49e-6
2014-05-16 15:15:00;314.69e-6
2014-05-16 15:30:00;318.62e-6
2014-05-16 15:45:00;325.17e-6
2014-05-16 16:00:00;333.47e-6
2014-05-16 16:15:00;345.46e-6
2014-05-16 16:30:00;360.29e-6
2014-05-16 16:45:00;379.30e-6
2014-05-16 17:00:00;395.10e-6
2014-05-16 17:15:00;416.16e-6
2014-05-16 17:30:00;436.36e-6
2014-05-16 17:45:00;456.86e-6
2014-05-16 18:00:00;470.79e-6
2014-05-16 18:15:00;483.31e-6
2014-05-16 18:30:00;501.07e-6
2014-05-16 18:45:00;505.35e-6
2014-05-16 19:00:00;504.36e-6
2014-05-16 19:15:00;499.83e-6
2014-05-16 19:30:00;490.88e-6
2014-05-16 19:45:00;484.10e-6
2014-05-16 20:00:00;477.22e-6
2014-05-16 20:15:00;471.22e-6
2014-05-16 20:30:00;463.10e-6
2014-05-16 20:45:00;452.52e-6
2014-05-16 21:00:00;438.69e-6
2014-05-16 21:15:00;419.24e-6
2014-05-16 21:30:00;395.21e-6
2014-05-16 21:45:00;367.82e-6
2014-05-16 22:00:00;338.78e-6
2014-05-16 22:15:00;306.55e-6
2014-05-16 22:30:00;279.14e-6
2014-05-16 22:45:00;254.69e-6
2014-05-16 23:00:00;257.01e-6
2014-05-16 23:15:00;235.10e-6
2014-05-16 23:30:00;215.20e-6
2014-05-16 23:45:00;196.86e-6
2014-05-17 00:00:00;179.70e-6
2014-05-17 00:15:00;166.37e-6
2014-05-17 00:30:00;155.66e-6
2014-05-17 00:45:00;152.81e-6
2014-05-17 01:00:00;154.63e-6
2014-05-17 01:15:00;160.10e-6
2014-05-17 01:30:00;165.73e-6
2014-05-17 01:45:00;171.72e-6
2014-05-17 02:00:00;174.67e-6
2014-05-17 02:15:00;175.96e-6
2014-05-17 02:30:00;176.71e-6
2014-05-17 02:45:00;179.43e-6
2014-05-17 03:00:00;183.94e-6
2014-05-17 03:15:00;184.57e-6
2014-05-17 03:30:00;183.37e-6
2014-05-17 03:45:00;182.88e-6
2014-05-17 04:00:00;182.82e-6
2014-05-17 04:15:00;185.26e-6
2014-05-17 04:30:00;190.87e-6
2014-05-17 04:45:00;200.89e-6
2014-05-17 05:00:00;216.70e-6
2014-05-17 05:15:00;235.95e-6
2014-05-17 05:30:00;260.48e-6
2014-05-17 05:45:00;280.47e-6
2014-05-17 06:00:00;308.16e-6
2014-05-17 06:15:00;328.85e-6
2014-05-17 06:30:00;348.31e-6
2014-05-17 06:45:00;361.85e-6
2014-05-17 07:00:00;380.03e-6
2014-05-17 07:15:00;391.17e-6
2014-05-17 07:30:00;398.47e-6
2014-05-17 07:45:00;408.79e-6
2014-05-17 08:00:00;422.81e-6
2014-05-17 08:15:00;432.48e-6
2014-05-17 08:30:00;440.22e-6
2014-05-17 08:45:00;446.27e-6
2014-05-17 09:00:00;453.10e-6
2014-05-17 09:15:00;458.25e-6
2014-05-17 09:30:00;465.42e-6
2014-05-17 09:45:00;480.81e-6
2014-05-17 10:00:00;506.34e-6
2014-05-17 10:15:00;537.32e-6
2014-05-17 10:30:00;553.45e-6
2014-05-17 10:45:00;550.01e-6
2014-05-17 11:00:00;523.70e-6
2014-05-17 11:15:00;497.66e-6
2014-05-17 11:30:00;476.68e-6
2014-05-17 11:45:00;465.86e-6
2014-05-17 12:00:00;454.21e-6
2014-05-17 12:15:00;446.90e-6
2014-05-17 12:30:00;442.46e-6
2014-05-17 12:45:00;441.27e-6
2014-05-17 13:00:00;442.76e-6
2014-05-17 13:15:00;443.97e-6
2014-05-17 13:30:00;444.59e-6
2014-05-17 13:45:00;444.56e-6
2014-05-17 14:00:00;443.36e-6
2014-05-17 14:15:00;441.03e-6
2014-05-17 14:30:00;438.98e-6
2014-05-17 14:45:00;436.77e-6
2014-05-17 15:00:00;435.72e-6
2014-05-17 15:15:00;432.16e-6
2014-05-17 15:30:00;436.32e-6
2014-05-17 15:45:00;442.88e-6
2014-05-17 16:00:00;449.15e-6
2014-05-17 16:15:00;458.87e-6
2014-05-17 16:30:00;469.96e-6
2014-05-17 16:45:00;482.83e-6
2014-05-17 17:00:00;492.90e-6
2014-05-17 17:15:00;504.34e-6
2014-05-17 17:30:00;513.16e-6
2014-05-17 17:45:00;517.17e-6
2014-05-17 18:00:00;513.51e-6
2014-05-17 18:15:00;510.35e-6
2014-05-17 18:30:00;509.45e-6
2014-05-17 18:45:00;505.11e-6
2014-05-17 19:00:00;497.99e-6
2014-05-17 19:15:00;490.25e-6
2014-05-17 19:30:00;478.43e-6
2014-05-17 19:45:00;471.49e-6
2014-05-17 20:00:00;462.39e-6
2014-05-17 20:15:00;460.74e-6
2014-05-17 20:30:00;456.53e-6
2014-05-17 20:45:00;452.52e-6
2014-05-17 21:00:00;447.11e-6
2014-05-17 21:15:00;437.28e-6
2014-05-17 21:30:00;422.75e-6
2014-05-17 21:45:00;404.27e-6
2014-05-17 22:00:00;381.47e-6
2014-05-17 22:15:00;358.08e-6
2014-05-17 22:30:00;328.35e-6
2014-05-17 22:45:00;304.23e-6
2014-05-17 23:00:00;276.60e-6
2014-05-17 23:15:00;255.67e-6
2014-05-17 23:30:00;237.30e-6
2014-05-17 23:45:00;219.34e-6
2014-05-18 00:00:00;203.26e-6
2014-05-18 00:15:00;190.20e-6
2014-05-18 00:30:00;179.95e-6
2014-05-18 00:45:00;175.79e-6
2014-05-18 01:00:00;174.68e-6
2014-05-18 01:15:00;179.55e-6
2014-05-18 01:30:00;183.13e-6
2014-05-18 01:45:00;186.80e-6
2014-05-18 02:00:00;187.91e-6
2014-05-18 02:15:00;187.97e-6
2014-05-18 02:30:00;189.13e-6
2014-05-18 02:45:00;191.06e-6
2014-05-18 03:00:00;193.45e-6
2014-05-18 03:15:00;193.71e-6
2014-05-18 03:30:00;192.85e-6
2014-05-18 03:45:00;190.45e-6
2014-05-18 04:00:00;188.84e-6
2014-05-18 04:15:00;188.77e-6
2014-05-18 04:30:00;191.11e-6
2014-05-18 04:45:00;197.16e-6
2014-05-18 05:00:00;208.28e-6
2014-05-18 05:15:00;222.77e-6
2014-05-18 05:30:00;241.32e-6
2014-05-18 05:45:00;258.04e-6
2014-05-18 06:00:00;285.79e-6
2014-05-18 06:15:00;313.32e-6
2014-05-18 06:30:00;348.53e-6
2014-05-18 06:45:00;384.41e-6
2014-05-18 07:00:00;423.97e-6
2014-05-18 07:15:00;458.36e-6
2014-05-18 07:30:00;484.62e-6
2014-05-18 07:45:00;507.28e-6
2014-05-18 08:00:00;527.15e-6
2014-05-18 08:15:00;542.28e-6
2014-05-18 08:30:00;553.19e-6
2014-05-18 08:45:00;564.02e-6
2014-05-18 09:00:00;578.15e-6
2014-05-18 09:15:00;593.30e-6
2014-05-18 09:30:00;611.86e-6
2014-05-18 09:45:00;638.53e-6
2014-05-18 10:00:00;674.59e-6
2014-05-18 10:15:00;715.95e-6
2014-05-18 10:30:00;727.09e-6
2014-05-18 10:45:00;707.90e-6
2014-05-18 11:00:00;663.52e-6
2014-05-18 11:15:00;621.75e-6
2014-05-18 11:30:00;584.40e-6
2014-05-18 11:45:00;558.80e-6
2014-05-18 12:00:00;532.15e-6
2014-05-18 12:15:00;510.49e-6
2014-05-18 12:30:00;492.19e-6
2014-05-18 12:45:00;477.84e-6
2014-05-18 13:00:00;466.96e-6
2014-05-18 13:15:00;456.46e-6
2014-05-18 13:30:00;446.19e-6
2014-05-18 13:45:00;436.28e-6
2014-05-18 14:00:00;426.24e-6
2014-05-18 14:15:00;416.15e-6
2014-05-18 14:30:00;407.54e-6
2014-05-18 14:45:00;399.70e-6
2014-05-18 15:00:00;394.13e-6
2014-05-18 15:15:00;385.55e-6
2014-05-18 15:30:00;387.60e-6
2014-05-18 15:45:00;391.99e-6
2014-05-18 16:00:00;396.98e-6
2014-05-18 16:15:00;405.85e-6
2014-05-18 16:30:00;417.70e-6
2014-05-18 16:45:00;432.53e-6
2014-05-18 17:00:00;445.92e-6
2014-05-18 17:15:00;460.70e-6
2014-05-18 17:30:00;473.73e-6
2014-05-18 17:45:00;483.98e-6
2014-05-18 18:00:00;487.17e-6
2014-05-18 18:15:00;491.46e-6
2014-05-18 18:30:00;490.07e-6
2014-05-18 18:45:00;492.11e-6
2014-05-18 19:00:00;490.55e-6
2014-05-18 19:15:00;484.92e-6
2014-05-18 19:30:00;475.68e-6
2014-05-18 19:45:00;470.17e-6
2014-05-18 20:00:00;461.68e-6
2014-05-18 20:15:00;457.22e-6
2014-05-18 20:30:00;449.67e-6
2014-05-18 20:45:00;440.34e-6
2014-05-18 21:00:00;427.70e-6
2014-05-18 21:15:00;409.87e-6
2014-05-18 21:30:00;387.79e-6
2014-05-18 21:45:00;362.92e-6
2014-05-18 22:00:00;336.34e-6
2014-05-18 22:15:00;308.10e-6
2014-05-18 22:30:00;282.07e-6
2014-05-18 22:45:00;256.47e-6
2014-05-18 23:00:00;223.70e-6
2014-05-18 23:15:00;206.02e-6
2014-05-18 23:30:00;190.08e-6
2014-05-18 23:45:00;177.12e-6
2014-05-19 00:00:00;166.87e-6
2014-05-19 00:15:00;159.31e-6
2014-05-19 00:30:00;154.29e-6
2014-05-19 00:45:00;153.69e-6
2014-05-19 01:00:00;157.60e-6
2014-05-19 01:15:00;163.52e-6
2014-05-19 01:30:00;168.44e-6
2014-05-19 01:45:00;172.91e-6
2014-05-19 02:00:00;176.00e-6
2014-05-19 02:15:00;177.10e-6
2014-05-19 02:30:00;178.06e-6
2014-05-19 02:45:00;180.08e-6
2014-05-19 03:00:00;185.26e-6
2014-05-19 03:15:00;186.33e-6
2014-05-19 03:30:00;189.06e-6
2014-05-19 03:45:00;199.84e-6
2014-05-19 04:00:00;209.73e-6
2014-05-19 04:15:00;223.92e-6
2014-05-19 04:30:00;241.58e-6
2014-05-19 04:45:00;263.35e-6
2014-05-19 05:00:00;289.98e-6
2014-05-19 05:15:00;317.20e-6
2014-05-19 05:30:00;351.59e-6
2014-05-19 05:45:00;371.86e-6
2014-05-19 06:00:00;395.01e-6
2014-05-19 06:15:00;406.27e-6
2014-05-19 06:30:00;410.72e-6
2014-05-19 06:45:00;403.17e-6
2014-05-19 07:00:00;399.13e-6
2014-05-19 07:15:00;386.47e-6
2014-05-19 07:30:00;373.30e-6
2014-05-19 07:45:00;359.82e-6
2014-05-19 08:00:00;351.31e-6
2014-05-19 08:15:00;345.13e-6
2014-05-19 08:30:00;344.28e-6
2014-05-19 08:45:00;345.02e-6
2014-05-19 09:00:00;348.01e-6
2014-05-19 09:15:00;348.95e-6
2014-05-19 09:30:00;352.08e-6
2014-05-19 09:45:00;360.83e-6
2014-05-19 10:00:00;377.58e-6
2014-05-19 10:15:00;395.08e-6
2014-05-19 10:30:00;403.05e-6
2014-05-19 10:45:00;401.43e-6
2014-05-19 11:00:00;388.72e-6
2014-05-19 11:15:00;381.29e-6
2014-05-19 11:30:00;375.23e-6
2014-05-19 11:45:00;372.32e-6
2014-05-19 12:00:00;369.28e-6
2014-05-19 12:15:00;367.43e-6
2014-05-19 12:30:00;365.71e-6
2014-05-19 12:45:00;364.33e-6
2014-05-19 13:00:00;363.03e-6
2014-05-19 13:15:00;359.28e-6
2014-05-19 13:30:00;353.62e-6
2014-05-19 13:45:00;346.76e-6
2014-05-19 14:00:00;338.99e-6
2014-05-19 14:15:00;330.85e-6
2014-05-19 14:30:00;324.27e-6
2014-05-19 14:45:00;319.03e-6
2014-05-19 15:00:00;316.15e-6
2014-05-19 15:15:00;311.40e-6
2014-05-19 15:30:00;315.29e-6
2014-05-19 15:45:00;321.77e-6
2014-05-19 16:00:00;329.98e-6
2014-05-19 16:15:00;341.84e-6
2014-05-19 16:30:00;356.52e-6
2014-05-19 16:45:00;375.33e-6
2014-05-19 17:00:00;390.96e-6
2014-05-19 17:15:00;411.80e-6
2014-05-19 17:30:00;431.79e-6
2014-05-19 17:45:00;452.08e-6
2014-05-19 18:00:00;465.86e-6
2014-05-19 18:15:00;478.25e-6
2014-05-19 18:30:00;495.83e-6
2014-05-19 18:45:00;500.06e-6
2014-05-19 19:00:00;499.08e-6
2014-05-19 19:15:00;494.60e-6
2014-05-19 19:30:00;485.74e-6
2014-05-19 19:45:00;479.03e-6
2014-05-19 20:00:00;472.22e-6
2014-05-19 20:15:00;466.29e-6
2014-05-19 20:30:00;458.26e-6
2014-05-19 20:45:00;447.79e-6
2014-05-19 21:00:00;434.10e-6
2014-05-19 21:15:00;414.85e-6
2014-05-19 21:30:00;391.08e-6
2014-05-19 21:45:00;363.97e-6
2014-05-19 22:00:00;335.24e-6
2014-05-19 22:15:00;303.34e-6
2014-05-19 22:30:00;276.22e-6
2014-05-19 22:45:00;252.02e-6
2014-05-19 23:00:00;222.93e-6
2014-05-19 23:15:00;205.31e-6
2014-05-19 23:30:00;189.43e-6
2014-05-19 23:45:00;176.51e-6
2014-05-20 00:00:00;166.30e-6
2014-05-20 00:15:00;158.76e-6
2014-05-20 00:30:00;153.75e-6
2014-05-20 00:45:00;153.16e-6
2014-05-20 01:00:00;157.06e-6
2014-05-20 01:15:00;162.96e-6
2014-05-20 01:30:00;167.86e-6
2014-05-20 01:45:00;172.32e-6
2014-05-20 02:00:00;175.39e-6
2014-05-20 02:15:00;176.49e-6
2014-05-20 02:30:00;177.45e-6
2014-05-20 02:45:00;179.46e-6
2014-05-20 03:00:00;184.62e-6
2014-05-20 03:15:00;185.69e-6
2014-05-20 03:30:00;188.41e-6
2014-05-20 03:45:00;199.15e-6
2014-05-20 04:00:00;209.01e-6
2014-05-20 04:15:00;223.15e-6
2014-05-20 04:30:00;240.75e-6
2014-05-20 04:45:00;262.45e-6
2014-05-20 05:00:00;288.98e-6
2014-05-20 05:15:00;316.10e-6
2014-05-20 05:30:00;350.38e-6
2014-05-20 05:45:00;370.58e-6
2014-05-20 06:00:00;393.65e-6
2014-05-20 06:15:00;404.87e-6
2014-05-20 06:30:00;409.31e-6
2014-05-20 06:45:00;401.78e-6
2014-05-20 07:00:00;397.76e-6
2014-05-20 07:15:00;385.13e-6
2014-05-20 07:30:00;372.02e-6
2014-05-20 07:45:00;358.58e-6
2014-05-20 08:00:00;350.10e-6
2014-05-20 08:15:00;343.94e-6
2014-05-20 08:30:00;343.09e-6
2014-05-20 08:45:00;343.83e-6
2014-05-20 09:00:00;346.81e-6
2014-05-20 09:15:00;347.75e-6
2014-05-20 09:30:00;350.87e-6
2014-05-20 09:45:00;359.59e-6
2014-05-20 10:00:00;376.28e-6
2014-05-20 10:15:00;393.72e-6
2014-05-20 10:30:00;401.66e-6
2014-05-20 10:45:00;400.05e-6
2014-05-20 11:00:00;387.38e-6
2014-05-20 11:15:00;379.98e-6
2014-05-20 11:30:00;373.94e-6
2014-05-20 11:45:00;371.04e-6
2014-05-20 12:00:00;368.01e-6
2014-05-20 12:15:00;366.16e-6
2014-05-20 12:30:00;364.45e-6
2014-05-20 12:45:00;363.07e-6
2014-05-20 13:00:00;361.78e-6
2014-05-20 13:15:00;358.05e-6
2014-05-20 13:30:00;352.40e-6
2014-05-20 13:45:00;345.56e-6
2014-05-20 14:00:00;337.82e-6
2014-05-20 14:15:00;329.71e-6
2014-05-20 14:30:00;323.16e-6
2014-05-20 14:45:00;317.93e-6
2014-05-20 15:00:00;315.06e-6
2014-05-20 15:15:00;310.33e-6
2014-05-20 15:30:00;314.21e-6
2014-05-20 15:45:00;320.66e-6
2014-05-20 16:00:00;328.85e-6
2014-05-20 16:15:00;340.67e-6
2014-05-20 16:30:00;355.29e-6
2014-05-20 16:45:00;374.04e-6
2014-05-20 17:00:00;389.62e-6
2014-05-20 17:15:00;410.39e-6
2014-05-20 17:30:00;430.30e-6
2014-05-20 17:45:00;450.52e-6
2014-05-20 18:00:00;464.26e-6
2014-05-20 18:15:00;476.60e-6
2014-05-20 18:30:00;494.13e-6
2014-05-20 18:45:00;498.34e-6
2014-05-20 19:00:00;497.36e-6
2014-05-20 19:15:00;492.90e-6
2014-05-20 19:30:00;484.07e-6
2014-05-20 19:45:00;477.38e-6
2014-05-20 20:00:00;470.60e-6
2014-05-20 20:15:00;464.68e-6
2014-05-20 20:30:00;456.68e-6
2014-05-20 20:45:00;446.25e-6
2014-05-20 21:00:00;432.61e-6
2014-05-20 21:15:00;413.42e-6
2014-05-20 21:30:00;389.73e-6
2014-05-20 21:45:00;362.72e-6
2014-05-20 22:00:00;334.08e-6
2014-05-20 22:15:00;302.30e-6
2014-05-20 22:30:00;275.27e-6
2014-05-20 22:45:00;251.16e-6
2014-05-20 23:00:00;222.17e-6
2014-05-20 23:15:00;204.61e-6
2014-05-20 23:30:00;188.78e-6
2014-05-20 23:45:00;175.91e-6
2014-05-21 00:00:00;165.73e-6
2014-05-21 00:15:00;158.22e-6
2014-05-21 00:30:00;153.23e-6
2014-05-21 00:45:00;152.64e-6
2014-05-21 01:00:00;156.52e-6
2014-05-21 01:15:00;162.40e-6
2014-05-21 01:30:00;167.29e-6
2014-05-21 01:45:00;171.73e-6
2014-05-21 02:00:00;174.79e-6
2014-05-21 02:15:00;175.88e-6
2014-05-21 02:30:00;176.84e-6
2014-05-21 02:45:00;178.85e-6
2014-05-21 03:00:00;183.99e-6
2014-05-21 03:15:00;185.05e-6
2014-05-21 03:30:00;187.76e-6
2014-05-21 03:45:00;198.47e-6
2014-05-21 04:00:00;208.30e-6
2014-05-21 04:15:00;222.39e-6
2014-05-21 04:30:00;239.93e-6
2014-05-21 04:45:00;261.55e-6
2014-05-21 05:00:00;288.00e-6
2014-05-21 05:15:00;315.02e-6
2014-05-21 05:30:00;349.19e-6
2014-05-21 05:45:00;369.32e-6
2014-05-21 06:00:00;392.31e-6
2014-05-21 06:15:00;403.48e-6
2014-05-21 06:30:00;407.91e-6
2014-05-21 06:45:00;400.41e-6
2014-05-21 07:00:00;396.40e-6
2014-05-21 07:15:00;383.82e-6
2014-05-21 07:30:00;370.75e-6
2014-05-21 07:45:00;357.36e-6
2014-05-21 08:00:00;348.91e-6
2014-05-21 08:15:00;342.77e-6
2014-05-21 08:30:00;341.92e-6
2014-05-21 08:45:00;342.65e-6
2014-05-21 09:00:00;345.63e-6
2014-05-21 09:15:00;346.56e-6
2014-05-21 09:30:00;349.67e-6
2014-05-21 09:45:00;358.36e-6
2014-05-21 10:00:00;374.99e-6
2014-05-21 10:15:00;392.38e-6
2014-05-21 10:30:00;400.29e-6
2014-05-21 10:45:00;398.68e-6
2014-05-21 11:00:00;386.06e-6
2014-05-21 11:15:00;378.68e-6
2014-05-21 11:30:00;372.66e-6
2014-05-21 11:45:00;369.77e-6
2014-05-21 12:00:00;366.75e-6
2014-05-21 12:15:00;364.91e-6
2014-05-21 12:30:00;363.20e-6
2014-05-21 12:45:00;361.83e-6
2014-05-21 13:00:00;360.55e-6
2014-05-21 13:15:00;356.82e-6
2014-05-21 13:30:00;351.19e-6
2014-05-21 13:45:00;344.38e-6
2014-05-21 14:00:00;336.67e-6
2014-05-21 14:15:00;328.58e-6
2014-05-21 14:30:00;322.05e-6
2014-05-21 14:45:00;316.84e-6
2014-05-21 15:00:00;313.99e-6
2014-05-21 15:15:00;309.27e-6
2014-05-21 15:30:00;313.13e-6
2014-05-21 15:45:00;319.56e-6
2014-05-21 16:00:00;327.72e-6
2014-05-21 16:15:00;339.50e-6
2014-05-21 16:30:00;354.08e-6
2014-05-21 16:45:00;372.76e-6
2014-05-21 17:00:00;388.29e-6
2014-05-21 17:15:00;408.98e-6
2014-05-21 17:30:00;428.84e-6
2014-05-21 17:45:00;448.98e-6
2014-05-21 18:00:00;462.67e-6
2014-05-21 18:15:00;474.98e-6
2014-05-21 18:30:00;492.44e-6
2014-05-21 18:45:00;496.64e-6
2014-05-21 19:00:00;495.66e-6
2014-05-21 19:15:00;491.22e-6
2014-05-21 19:30:00;482.42e-6
2014-05-21 19:45:00;475.75e-6
2014-05-21 20:00:00;468.99e-6
2014-05-21 20:15:00;463.09e-6
2014-05-21 20:30:00;455.12e-6
2014-05-21 20:45:00;444.72e-6
2014-05-21 21:00:00;431.13e-6
2014-05-21 21:15:00;412.01e-6
2014-05-21 21:30:00;388.40e-6
2014-05-21 21:45:00;361.48e-6
2014-05-21 22:00:00;332.94e-6
2014-05-21 22:15:00;301.27e-6
2014-05-21 22:30:00;274.33e-6
2014-05-21 22:45:00;250.30e-6
2014-05-21 23:00:00;221.42e-6
2014-05-21 23:15:00;203.91e-6
2014-05-21 23:30:00;188.14e-6
2014-05-21 23:45:00;175.32e-6
2014-05-22 00:00:00;165.17e-6
2014-05-22 00:15:00;157.68e-6
2014-05-22 00:30:00;152.71e-6
2014-05-22 00:45:00;152.12e-6
2014-05-22 01:00:00;155.99e-6
2014-05-22 01:15:00;161.85e-6
2014-05-22 01:30:00;166.72e-6
2014-05-22 01:45:00;171.15e-6
2014-05-22 02:00:00;174.20e-6
2014-05-22 02:15:00;175.29e-6
2014-05-22 02:30:00;176.24e-6
2014-05-22 02:45:00;178.24e-6
2014-05-22 03:00:00;183.37e-6
2014-05-22 03:15:00;184.43e-6
2014-05-22 03:30:00;187.13e-6
2014-05-22 03:45:00;197.80e-6
2014-05-22 04:00:00;207.59e-6
2014-05-22 04:15:00;221.64e-6
2014-05-22 04:30:00;239.12e-6
2014-05-22 04:45:00;260.66e-6
2014-05-22 05:00:00;287.02e-6
2014-05-22 05:15:00;313.96e-6
2014-05-22 05:30:00;348.00e-6
2014-05-22 05:45:00;368.07e-6
2014-05-22 06:00:00;390.98e-6
2014-05-22 06:15:00;402.12e-6
2014-05-22 06:30:00;406.53e-6
2014-05-22 06:45:00;399.05e-6
2014-05-22 07:00:00;395.06e-6
2014-05-22 07:15:00;382.52e-6
2014-05-22 07:30:00;369.49e-6
2014-05-22 07:45:00;356.15e-6
2014-05-22 08:00:00;347.73e-6
2014-05-22 08:15:00;341.61e-6
2014-05-22 08:30:00;340.77e-6
2014-05-22 08:45:00;341.49e-6
2014-05-22 09:00:00;344.46e-6
2014-05-22 09:15:00;345.39e-6
2014-05-22 09:30:00;348.48e-6
2014-05-22 09:45:00;357.15e-6
2014-05-22 10:00:00;373.72e-6
2014-05-22 10:15:00;391.05e-6
2014-05-22 10:30:00;398.93e-6
2014-05-22 10:45:00;397.33e-6
2014-05-22 11:00:00;384.75e-6
2014-05-22 11:15:00;377.40e-6
2014-05-22 11:30:00;371.40e-6
2014-05-22 11:45:00;368.52e-6
2014-05-22 12:00:00;365.51e-6
2014-05-22 12:15:00;363.68e-6
2014-05-22 12:30:00;361.97e-6
2014-05-22 12:45:00;360.61e-6
2014-05-22 13:00:00;359.33e-6
2014-05-22 13:15:00;355.62e-6
2014-05-22 13:30:00;350.01e-6
2014-05-22 13:45:00;343.22e-6
2014-05-22 14:00:00;335.53e-6
2014-05-22 14:15:00;327.47e-6
2014-05-22 14:30:00;320.96e-6
2014-05-22 14:45:00;315.77e-6
2014-05-22 15:00:00;312.92e-6
2014-05-22 15:15:00;308.22e-6
2014-05-22 15:30:00;312.07e-6
2014-05-22 15:45:00;318.48e-6
2014-05-22 16:00:00;326.61e-6
2014-05-22 16:15:00;338.35e-6
2014-05-22 16:30:00;352.88e-6
2014-05-22 16:45:00;371.50e-6
2014-05-22 17:00:00;386.97e-6
2014-05-22 17:15:00;407.60e-6
2014-05-22 17:30:00;427.38e-6
2014-05-22 17:45:00;447.46e-6
2014-05-22 18:00:00;461.11e-6
2014-05-22 18:15:00;473.37e-6
2014-05-22 18:30:00;490.77e-6
2014-05-22 18:45:00;494.96e-6
2014-05-22 19:00:00;493.99e-6
2014-05-22 19:15:00;489.55e-6
2014-05-22 19:30:00;480.78e-6
2014-05-22 19:45:00;474.14e-6
2014-05-22 20:00:00;467.40e-6
2014-05-22 20:15:00;461.53e-6
2014-05-22 20:30:00;453.58e-6
2014-05-22 20:45:00;443.22e-6
2014-05-22 21:00:00;429.67e-6
2014-05-22 21:15:00;410.62e-6
2014-05-22 21:30:00;387.09e-6
2014-05-22 21:45:00;360.25e-6
2014-05-22 22:00:00;331.82e-6
2014-05-22 22:15:00;300.25e-6
2014-05-22 22:30:00;273.40e-6
2014-05-22 22:45:00;249.45e-6
2014-05-22 23:00:00;220.68e-6
2014-05-22 23:15:00;203.23e-6
2014-05-22 23:30:00;187.51e-6
2014-05-22 23:45:00;174.73e-6
2014-05-23 00:00:00;164.61e-6
2014-05-23 00:15:00;157.15e-6
2014-05-23 00:30:00;152.20e-6
2014-05-23 00:45:00;151.61e-6
2014-05-23 01:00:00;155.47e-6
2014-05-23 01:15:00;161.31e-6
2014-05-23 01:30:00;166.16e-6
2014-05-23 01:45:00;170.57e-6
2014-05-23 02:00:00;173.62e-6
2014-05-23 02:15:00;174.70e-6
2014-05-23 02:30:00;175.65e-6
2014-05-23 02:45:00;177.64e-6
2014-05-23 03:00:00;182.75e-6
2014-05-23 03:15:00;183.81e-6
2014-05-23 03:30:00;186.50e-6
2014-05-23 03:45:00;197.14e-6
2014-05-23 04:00:00;206.90e-6
2014-05-23 04:15:00;220.90e-6
2014-05-23 04:30:00;238.31e-6
2014-05-23 04:45:00;259.79e-6
2014-05-23 05:00:00;286.06e-6
2014-05-23 05:15:00;312.91e-6
2014-05-23 05:30:00;346.84e-6
2014-05-23 05:45:00;366.83e-6
2014-05-23 06:00:00;389.67e-6
2014-05-23 06:15:00;400.77e-6
2014-05-23 06:30:00;405.17e-6
2014-05-23 06:45:00;397.72e-6
2014-05-23 07:00:00;393.73e-6
2014-05-23 07:15:00;381.24e-6
2014-05-23 07:30:00;368.25e-6
2014-05-23 07:45:00;354.95e-6
2014-05-23 08:00:00;346.56e-6
2014-05-23 08:15:00;340.46e-6
2014-05-23 08:30:00;339.62e-6
2014-05-23 08:45:00;340.35e-6
2014-05-23 09:00:00;343.30e-6
2014-05-23 09:15:00;344.23e-6
2014-05-23 09:30:00;347.31e-6
2014-05-23 09:45:00;355.95e-6
2014-05-23 10:00:00;372.47e-6
2014-05-23 10:15:00;389.74e-6
2014-05-23 10:30:00;397.60e-6
2014-05-23 10:45:00;396.00e-6
2014-05-23 11:00:00;383.46e-6
2014-05-23 11:15:00;376.13e-6
2014-05-23 11:30:00;370.15e-6
2014-05-23 11:45:00;367.28e-6
2014-05-23 12:00:00;364.28e-6
2014-05-23 12:15:00;362.46e-6
2014-05-23 12:30:00;360.76e-6
2014-05-23 12:45:00;359.40e-6
2014-05-23 13:00:00;358.12e-6
2014-05-23 13:15:00;354.42e-6
2014-05-23 13:30:00;348.83e-6
2014-05-23 13:45:00;342.07e-6
2014-05-23 14:00:00;334.40e-6
2014-05-23 14:15:00;326.37e-6
2014-05-23 14:30:00;319.89e-6
2014-05-23 14:45:00;314.71e-6
2014-05-23 15:00:00;311.87e-6
2014-05-23 15:15:00;307.19e-6
2014-05-23 15:30:00;311.03e-6
2014-05-23 15:45:00;317.41e-6
2014-05-23 16:00:00;325.52e-6
2014-05-23 16:15:00;337.22e-6
2014-05-23 16:30:00;351.70e-6
2014-05-23 16:45:00;370.25e-6
2014-05-23 17:00:00;385.67e-6
2014-05-23 17:15:00;406.23e-6
2014-05-23 17:30:00;425.95e-6
2014-05-23 17:45:00;445.96e-6
2014-05-23 18:00:00;459.56e-6
2014-05-23 18:15:00;471.78e-6
2014-05-23 18:30:00;489.13e-6
2014-05-23 18:45:00;493.30e-6
2014-05-23 19:00:00;492.33e-6
2014-05-23 19:15:00;487.91e-6
2014-05-23 19:30:00;479.17e-6
2014-05-23 19:45:00;472.55e-6
2014-05-23 20:00:00;465.84e-6
2014-05-23 20:15:00;459.98e-6
2014-05-23 20:30:00;452.06e-6
2014-05-23 20:45:00;441.73e-6
2014-05-23 21:00:00;428.23e-6
2014-05-23 21:15:00;409.24e-6
2014-05-23 21:30:00;385.79e-6
2014-05-23 21:45:00;359.04e-6
2014-05-23 22:00:00;330.70e-6
2014-05-23 22:15:00;299.24e-6
2014-05-23 22:30:00;272.48e-6
2014-05-23 22:45:00;248.61e-6
2014-05-23 23:00:00;250.93e-6
2014-05-23 23:15:00;229.54e-6
2014-05-23 23:30:00;210.11e-6
2014-05-23 23:45:00;192.20e-6
2014-05-24 00:00:00;175.45e-6
2014-05-24 00:15:00;162.43e-6
2014-05-24 00:30:00;151.98e-6
2014-05-24 00:45:00;149.20e-6
2014-05-24 01:00:00;150.98e-6
2014-05-24 01:15:00;156.31e-6
2014-05-24 01:30:00;161.82e-6
2014-05-24 01:45:00;167.65e-6
2014-05-24 02:00:00;170.54e-6
2014-05-24 02:15:00;171.80e-6
2014-05-24 02:30:00;172.53e-6
2014-05-24 02:45:00;175.18e-6
2014-05-24 03:00:00;179.59e-6
2014-05-24 03:15:00;180.20e-6
2014-05-24 03:30:00;179.03e-6
2014-05-24 03:45:00;178.56e-6
2014-05-24 04:00:00;178.49e-6
2014-05-24 04:15:00;180.88e-6
2014-05-24 04:30:00;186.35e-6
2014-05-24 04:45:00;196.14e-6
2014-05-24 05:00:00;211.58e-6
2014-05-24 05:15:00;230.37e-6
2014-05-24 05:30:00;254.32e-6
2014-05-24 05:45:00;273.84e-6
2014-05-24 06:00:00;300.88e-6
2014-05-24 06:15:00;321.08e-6
2014-05-24 06:30:00;340.07e-6
2014-05-24 06:45:00;353.30e-6
2014-05-24 07:00:00;371.04e-6
2014-05-24 07:15:00;381.92e-6
2014-05-24 07:30:00;389.04e-6
2014-05-24 07:45:00;399.12e-6
2014-05-24 08:00:00;412.81e-6
2014-05-24 08:15:00;422.25e-6
2014-05-24 08:30:00;429.81e-6
2014-05-24 08:45:00;435.72e-6
2014-05-24 09:00:00;442.39e-6
2014-05-24 09:15:00;447.42e-6
2014-05-24 09:30:00;454.41e-6
2014-05-24 09:45:00;469.43e-6
2014-05-24 10:00:00;494.36e-6
2014-05-24 10:15:00;524.62e-6
2014-05-24 10:30:00;540.36e-6
2014-05-24 10:45:00;537.00e-6
2014-05-24 11:00:00;511.31e-6
2014-05-24 11:15:00;485.89e-6
2014-05-24 11:30:00;465.41e-6
2014-05-24 11:45:00;454.84e-6
2014-05-24 12:00:00;443.47e-6
2014-05-24 12:15:00;436.33e-6
2014-05-24 12:30:00;431.99e-6
2014-05-24 12:45:00;430.83e-6
2014-05-24 13:00:00;432.29e-6
2014-05-24 13:15:00;433.47e-6
2014-05-24 13:30:00;434.07e-6
2014-05-24 13:45:00;434.04e-6
2014-05-24 14:00:00;432.88e-6
2014-05-24 14:15:00;430.60e-6
2014-05-24 14:30:00;428.60e-6
2014-05-24 14:45:00;426.44e-6
2014-05-24 15:00:00;425.42e-6
2014-05-24 15:15:00;421.94e-6
2014-05-24 15:30:00;426.00e-6
2014-05-24 15:45:00;432.41e-6
2014-05-24 16:00:00;438.53e-6
2014-05-24 16:15:00;448.01e-6
2014-05-24 16:30:00;458.85e-6
2014-05-24 16:45:00;471.41e-6
2014-05-24 17:00:00;481.25e-6
2014-05-24 17:15:00;492.41e-6
2014-05-24 17:30:00;501.02e-6
2014-05-24 17:45:00;504.94e-6
2014-05-24 18:00:00;501.36e-6
2014-05-24 18:15:00;498.28e-6
2014-05-24 18:30:00;497.40e-6
2014-05-24 18:45:00;493.16e-6
2014-05-24 19:00:00;486.22e-6
2014-05-24 19:15:00;478.66e-6
2014-05-24 19:30:00;467.11e-6
2014-05-24 19:45:00;460.34e-6
2014-05-24 20:00:00;451.46e-6
2014-05-24 20:15:00;449.84e-6
2014-05-24 20:30:00;445.73e-6
2014-05-24 20:45:00;441.82e-6
2014-05-24 21:00:00;436.54e-6
2014-05-24 21:15:00;426.94e-6
2014-05-24 21:30:00;412.75e-6
2014-05-24 21:45:00;394.71e-6
2014-05-24 22:00:00;372.45e-6
2014-05-24 22:15:00;349.61e-6
2014-05-24 22:30:00;320.58e-6
2014-05-24 22:45:00;297.04e-6
2014-05-24 23:00:00;270.12e-6
2014-05-24 23:15:00;249.68e-6
2014-05-24 23:30:00;231.73e-6
2014-05-24 23:45:00;214.20e-6
2014-05-25 00:00:00;198.50e-6
2014-05-25 00:15:00;185.74e-6
2014-05-25 00:30:00;175.73e-6
2014-05-25 00:45:00;171.67e-6
2014-05-25 01:00:00;170.58e-6
2014-05-25 01:15:00;175.34e-6
2014-05-25 01:30:00;178.84e-6
2014-05-25 01:45:00;182.42e-6
2014-05-25 02:00:00;183.51e-6
2014-05-25 02:15:00;183.57e-6
2014-05-25 02:30:00;184.69e-6
2014-05-25 02:45:00;186.59e-6
2014-05-25 03:00:00;188.91e-6
2014-05-25 03:15:00;189.17e-6
2014-05-25 03:30:00;188.33e-6
2014-05-25 03:45:00;185.99e-6
2014-05-25 04:00:00;184.41e-6
2014-05-25 04:15:00;184.34e-6
2014-05-25 04:30:00;186.63e-6
2014-05-25 04:45:00;192.54e-6
2014-05-25 05:00:00;203.40e-6
2014-05-25 05:15:00;217.54e-6
2014-05-25 05:30:00;235.67e-6
2014-05-25 05:45:00;251.99e-6
2014-05-25 06:00:00;279.09e-6
2014-05-25 06:15:00;305.98e-6
2014-05-25 06:30:00;340.36e-6
2014-05-25 06:45:00;375.40e-6
2014-05-25 07:00:00;414.03e-6
2014-05-25 07:15:00;447.62e-6
2014-05-25 07:30:00;473.26e-6
2014-05-25 07:45:00;495.39e-6
2014-05-25 08:00:00;514.79e-6
2014-05-25 08:15:00;529.57e-6
2014-05-25 08:30:00;540.23e-6
2014-05-25 08:45:00;550.80e-6
2014-05-25 09:00:00;564.60e-6
2014-05-25 09:15:00;579.39e-6
2014-05-25 09:30:00;597.52e-6
2014-05-25 09:45:00;623.56e-6
2014-05-25 10:00:00;658.78e-6
2014-05-25 10:15:00;699.17e-6
2014-05-25 10:30:00;710.05e-6
2014-05-25 10:45:00;691.30e-6
2014-05-25 11:00:00;647.96e-6
2014-05-25 11:15:00;607.17e-6
2014-05-25 11:30:00;570.70e-6
2014-05-25 11:45:00;545.70e-6
2014-05-25 12:00:00;519.67e-6
2014-05-25 12:15:00;498.52e-6
2014-05-25 12:30:00;480.65e-6
2014-05-25 12:45:00;466.64e-6
2014-05-25 13:00:00;456.01e-6
2014-05-25 13:15:00;445.76e-6
2014-05-25 13:30:00;435.73e-6
2014-05-25 13:45:00;426.05e-6
2014-05-25 14:00:00;416.25e-6
2014-05-25 14:15:00;406.40e-6
2014-05-25 14:30:00;397.99e-6
2014-05-25 14:45:00;390.33e-6
2014-05-25 15:00:00;384.89e-6
2014-05-25 15:15:00;376.51e-6
2014-05-25 15:30:00;378.51e-6
2014-05-25 15:45:00;382.80e-6
2014-05-25 16:00:00;387.67e-6
2014-05-25 16:15:00;396.33e-6
2014-05-25 16:30:00;407.91e-6
2014-05-25 16:45:00;422.39e-6
2014-05-25 17:00:00;435.47e-6
2014-05-25 17:15:00;449.90e-6
2014-05-25 17:30:00;462.62e-6
2014-05-25 17:45:00;472.63e-6
2014-05-25 18:00:00;475.75e-6
2014-05-25 18:15:00;479.94e-6
2014-05-25 18:30:00;478.58e-6
2014-05-25 18:45:00;480.58e-6
2014-05-25 19:00:00;479.05e-6
2014-05-25 19:15:00;473.55e-6
2014-05-25 19:30:00;464.52e-6
2014-05-25 19:45:00;459.15e-6
2014-05-25 20:00:00;450.86e-6
2014-05-25 20:15:00;446.50e-6
2014-05-25 20:30:00;439.13e-6
2014-05-25 20:45:00;430.01e-6
2014-05-25 21:00:00;417.67e-6
2014-05-25 21:15:00;400.26e-6
2014-05-25 21:30:00;378.70e-6
2014-05-25 21:45:00;354.42e-6
2014-05-25 22:00:00;328.45e-6
2014-05-25 22:15:00;300.88e-6
2014-05-25 22:30:00;275.45e-6
2014-05-25 22:45:00;250.45e-6
2014-05-25 23:00:00;218.51e-6
2014-05-25 23:15:00;201.23e-6
2014-05-25 23:30:00;185.66e-6
2014-05-25 23:45:00;173.01e-6
2014-05-26 00:00:00;163.00e-6
2014-05-26 00:15:00;155.61e-6
2014-05-26 00:30:00;150.70e-6
2014-05-26 00:45:00;150.12e-6
2014-05-26 01:00:00;153.94e-6
2014-05-26 01:15:00;159.72e-6
2014-05-26 01:30:00;164.53e-6
2014-05-26 01:45:00;168.90e-6
2014-05-26 02:00:00;171.91e-6
2014-05-26 02:15:00;172.98e-6
2014-05-26 02:30:00;173.93e-6
2014-05-26 02:45:00;175.90e-6
2014-05-26 03:00:00;180.96e-6
2014-05-26 03:15:00;182.00e-6
2014-05-26 03:30:00;184.67e-6
2014-05-26 03:45:00;195.20e-6
2014-05-26 04:00:00;204.86e-6
2014-05-26 04:15:00;218.72e-6
2014-05-26 04:30:00;235.97e-6
2014-05-26 04:45:00;257.24e-6
2014-05-26 05:00:00;283.25e-6
2014-05-26 05:15:00;309.83e-6
2014-05-26 05:30:00;343.43e-6
2014-05-26 05:45:00;363.23e-6
2014-05-26 06:00:00;385.83e-6
2014-05-26 06:15:00;396.83e-6
2014-05-26 06:30:00;401.18e-6
2014-05-26 06:45:00;393.80e-6
2014-05-26 07:00:00;389.86e-6
2014-05-26 07:15:00;377.49e-6
2014-05-26 07:30:00;364.63e-6
2014-05-26 07:45:00;351.46e-6
2014-05-26 08:00:00;343.15e-6
2014-05-26 08:15:00;337.11e-6
2014-05-26 08:30:00;336.28e-6
2014-05-26 08:45:00;337.00e-6
2014-05-26 09:00:00;339.92e-6
2014-05-26 09:15:00;340.84e-6
2014-05-26 09:30:00;343.90e-6
2014-05-26 09:45:00;352.45e-6
2014-05-26 10:00:00;368.81e-6
2014-05-26 10:15:00;385.90e-6
2014-05-26 10:30:00;393.69e-6
2014-05-26 10:45:00;392.10e-6
2014-05-26 11:00:00;379.69e-6
2014-05-26 11:15:00;372.43e-6
2014-05-26 11:30:00;366.51e-6
2014-05-26 11:45:00;363.67e-6
2014-05-26 12:00:00;360.70e-6
2014-05-26 12:15:00;358.89e-6
2014-05-26 12:30:00;357.21e-6
2014-05-26 12:45:00;355.86e-6
2014-05-26 13:00:00;354.60e-6
2014-05-26 13:15:00;350.94e-6
2014-05-26 13:30:00;345.40e-6
2014-05-26 13:45:00;338.70e-6
2014-05-26 14:00:00;331.11e-6
2014-05-26 14:15:00;323.16e-6
2014-05-26 14:30:00;316.74e-6
2014-05-26 14:45:00;311.62e-6
2014-05-26 15:00:00;308.81e-6
2014-05-26 15:15:00;304.17e-6
2014-05-26 15:30:00;307.97e-6
2014-05-26 15:45:00;314.29e-6
2014-05-26 16:00:00;322.32e-6
2014-05-26 16:15:00;333.90e-6
2014-05-26 16:30:00;348.24e-6
2014-05-26 16:45:00;366.61e-6
2014-05-26 17:00:00;381.88e-6
2014-05-26 17:15:00;402.24e-6
2014-05-26 17:30:00;421.76e-6
2014-05-26 17:45:00;441.58e-6
2014-05-26 18:00:00;455.04e-6
2014-05-26 18:15:00;467.14e-6
2014-05-26 18:30:00;484.32e-6
2014-05-26 18:45:00;488.45e-6
2014-05-26 19:00:00;487.49e-6
2014-05-26 19:15:00;483.11e-6
2014-05-26 19:30:00;474.46e-6
2014-05-26 19:45:00;467.91e-6
2014-05-26 20:00:00;461.25e-6
2014-05-26 20:15:00;455.46e-6
2014-05-26 20:30:00;447.61e-6
2014-05-26 20:45:00;437.39e-6
2014-05-26 21:00:00;424.02e-6
2014-05-26 21:15:00;405.22e-6
2014-05-26 21:30:00;381.99e-6
2014-05-26 21:45:00;355.51e-6
2014-05-26 22:00:00;327.45e-6
2014-05-26 22:15:00;296.30e-6
2014-05-26 22:30:00;269.80e-6
2014-05-26 22:45:00;246.17e-6
2014-05-26 23:00:00;217.80e-6
2014-05-26 23:15:00;200.58e-6
2014-05-26 23:30:00;185.07e-6
2014-05-26 23:45:00;172.45e-6
2014-05-27 00:00:00;162.47e-6
2014-05-27 00:15:00;155.11e-6
2014-05-27 00:30:00;150.22e-6
2014-05-27 00:45:00;149.64e-6
2014-05-27 01:00:00;153.44e-6
2014-05-27 01:15:00;159.21e-6
2014-05-27 01:30:00;164.00e-6
2014-05-27 01:45:00;168.35e-6
2014-05-27 02:00:00;171.35e-6
2014-05-27 02:15:00;172.42e-6
2014-05-27 02:30:00;173.37e-6
2014-05-27 02:45:00;175.33e-6
2014-05-27 03:00:00;180.37e-6
2014-05-27 03:15:00;181.42e-6
2014-05-27 03:30:00;184.07e-6
2014-05-27 03:45:00;194.57e-6
2014-05-27 04:00:00;204.20e-6
2014-05-27 04:15:00;218.02e-6
2014-05-27 04:30:00;235.21e-6
2014-05-27 04:45:00;256.41e-6
2014-05-27 05:00:00;282.33e-6
2014-05-27 05:15:00;308.83e-6
2014-05-27 05:30:00;342.32e-6
2014-05-27 05:45:00;362.06e-6
2014-05-27 06:00:00;384.59e-6
2014-05-27 06:15:00;395.55e-6
2014-05-27 06:30:00;399.89e-6
2014-05-27 06:45:00;392.54e-6
2014-05-27 07:00:00;388.60e-6
2014-05-27 07:15:00;376.27e-6
2014-05-27 07:30:00;363.46e-6
2014-05-27 07:45:00;350.33e-6
2014-05-27 08:00:00;342.05e-6
2014-05-27 08:15:00;336.03e-6
2014-05-27 08:30:00;335.20e-6
2014-05-27 08:45:00;335.92e-6
2014-05-27 09:00:00;338.83e-6
2014-05-27 09:15:00;339.74e-6
2014-05-27 09:30:00;342.79e-6
2014-05-27 09:45:00;351.31e-6
2014-05-27 10:00:00;367.62e-6
2014-05-27 10:15:00;384.66e-6
2014-05-27 10:30:00;392.42e-6
2014-05-27 10:45:00;390.84e-6
2014-05-27 11:00:00;378.47e-6
2014-05-27 11:15:00;371.23e-6
2014-05-27 11:30:00;365.33e-6
2014-05-27 11:45:00;362.50e-6
2014-05-27 12:00:00;359.54e-6
2014-05-27 12:15:00;357.74e-6
2014-05-27 12:30:00;356.06e-6
2014-05-27 12:45:00;354.72e-6
2014-05-27 13:00:00;353.46e-6
2014-05-27 13:15:00;349.81e-6
2014-05-27 13:30:00;344.29e-6
2014-05-27 13:45:00;337.61e-6
2014-05-27 14:00:00;330.05e-6
2014-05-27 14:15:00;322.12e-6
2014-05-27 14:30:00;315.72e-6
2014-05-27 14:45:00;310.61e-6
2014-05-27 15:00:00;307.81e-6
2014-05-27 15:15:00;303.19e-6
2014-05-27 15:30:00;306.98e-6
2014-05-27 15:45:00;313.28e-6
2014-05-27 16:00:00;321.28e-6
2014-05-27 16:15:00;332.83e-6
2014-05-27 16:30:00;347.12e-6
2014-05-27 16:45:00;365.43e-6
2014-05-27 17:00:00;380.65e-6
2014-05-27 17:15:00;400.94e-6
2014-05-27 17:30:00;420.40e-6
2014-05-27 17:45:00;440.15e-6
2014-05-27 18:00:00;453.58e-6
2014-05-27 18:15:00;465.64e-6
2014-05-27 18:30:00;482.76e-6
2014-05-27 18:45:00;486.88e-6
2014-05-27 19:00:00;485.92e-6
2014-05-27 19:15:00;481.56e-6
2014-05-27 19:30:00;472.93e-6
2014-05-27 19:45:00;466.40e-6
2014-05-27 20:00:00;459.77e-6
2014-05-27 20:15:00;453.99e-6
2014-05-27 20:30:00;446.17e-6
2014-05-27 20:45:00;435.98e-6
2014-05-27 21:00:00;422.65e-6
2014-05-27 21:15:00;403.91e-6
2014-05-27 21:30:00;380.76e-6
2014-05-27 21:45:00;354.37e-6
2014-05-27 22:00:00;326.40e-6
2014-05-27 22:15:00;295.34e-6
2014-05-27 22:30:00;268.93e-6
2014-05-27 22:45:00;245.38e-6
2014-05-27 23:00:00;217.11e-6
2014-05-27 23:15:00;199.94e-6
2014-05-27 23:30:00;184.48e-6
2014-05-27 23:45:00;171.90e-6
2014-05-28 00:00:00;161.95e-6
2014-05-28 00:15:00;154.61e-6
2014-05-28 00:30:00;149.74e-6
2014-05-28 00:45:00;149.16e-6
2014-05-28 01:00:00;152.95e-6
2014-05-28 01:15:00;158.70e-6
2014-05-28 01:30:00;163.48e-6
2014-05-28 01:45:00;167.82e-6
2014-05-28 02:00:00;170.81e-6
2014-05-28 02:15:00;171.88e-6
2014-05-28 02:30:00;172.81e-6
2014-05-28 02:45:00;174.77e-6
2014-05-28 03:00:00;179.80e-6
2014-05-28 03:15:00;180.84e-6
2014-05-28 03:30:00;183.49e-6
2014-05-28 03:45:00;193.95e-6
2014-05-28 04:00:00;203.55e-6
2014-05-28 04:15:00;217.32e-6
2014-05-28 04:30:00;234.46e-6
2014-05-28 04:45:00;255.59e-6
2014-05-28 05:00:00;281.44e-6
2014-05-28 05:15:00;307.85e-6
2014-05-28 05:30:00;341.23e-6
2014-05-28 05:45:00;360.90e-6
2014-05-28 06:00:00;383.37e-6
2014-05-28 06:15:00;394.29e-6
2014-05-28 06:30:00;398.62e-6
2014-05-28 06:45:00;391.29e-6
2014-05-28 07:00:00;387.37e-6
2014-05-28 07:15:00;375.07e-6
2014-05-28 07:30:00;362.30e-6
2014-05-28 07:45:00;349.22e-6
2014-05-28 08:00:00;340.96e-6
2014-05-28 08:15:00;334.96e-6
2014-05-28 08:30:00;334.13e-6
2014-05-28 08:45:00;334.85e-6
2014-05-28 09:00:00;337.75e-6
2014-05-28 09:15:00;338.66e-6
2014-05-28 09:30:00;341.70e-6
2014-05-28 09:45:00;350.20e-6
2014-05-28 10:00:00;366.45e-6
2014-05-28 10:15:00;383.44e-6
2014-05-28 10:30:00;391.17e-6
2014-05-28 10:45:00;389.60e-6
2014-05-28 11:00:00;377.26e-6
2014-05-28 11:15:00;370.05e-6
2014-05-28 11:30:00;364.17e-6
2014-05-28 11:45:00;361.35e-6
2014-05-28 12:00:00;358.39e-6
2014-05-28 12:15:00;356.60e-6
2014-05-28 12:30:00;354.93e-6
2014-05-28 12:45:00;353.59e-6
2014-05-28 13:00:00;352.33e-6
2014-05-28 13:15:00;348.69e-6
2014-05-28 13:30:00;343.19e-6
2014-05-28 13:45:00;336.54e-6
2014-05-28 14:00:00;328.99e-6
2014-05-28 14:15:00;321.10e-6
2014-05-28 14:30:00;314.72e-6
2014-05-28 14:45:00;309.62e-6
2014-05-28 15:00:00;306.83e-6
2014-05-28 15:15:00;302.22e-6
2014-05-28 15:30:00;306.00e-6
2014-05-28 15:45:00;312.28e-6
2014-05-28 16:00:00;320.26e-6
2014-05-28 16:15:00;331.77e-6
2014-05-28 16:30:00;346.01e-6
2014-05-28 16:45:00;364.27e-6
2014-05-28 17:00:00;379.44e-6
2014-05-28 17:15:00;399.67e-6
2014-05-28 17:30:00;419.06e-6
2014-05-28 17:45:00;438.75e-6
2014-05-28 18:00:00;452.13e-6
2014-05-28 18:15:00;464.15e-6
2014-05-28 18:30:00;481.22e-6
2014-05-28 18:45:00;485.33e-6
2014-05-28 19:00:00;484.37e-6
2014-05-28 19:15:00;480.02e-6
2014-05-28 19:30:00;471.42e-6
2014-05-28 19:45:00;464.91e-6
2014-05-28 20:00:00;458.31e-6
2014-05-28 20:15:00;452.54e-6
2014-05-28 20:30:00;444.75e-6
2014-05-28 20:45:00;434.59e-6
2014-05-28 21:00:00;421.31e-6
2014-05-28 21:15:00;402.62e-6
2014-05-28 21:30:00;379.55e-6
2014-05-28 21:45:00;353.24e-6
2014-05-28 22:00:00;325.36e-6
2014-05-28 22:15:00;294.40e-6
2014-05-28 22:30:00;268.08e-6
2014-05-28 22:45:00;244.60e-6
2014-05-28 23:00:00;266.68e-6
2014-05-28 23:15:00;246.50e-6
2014-05-28 23:30:00;228.78e-6
2014-05-28 23:45:00;211.47e-6
2014-05-29 00:00:00;195.97e-6
2014-05-29 00:15:00;183.38e-6
2014-05-29 00:30:00;173.49e-6
2014-05-29 00:45:00;169.48e-6
2014-05-29 01:00:00;168.41e-6
2014-05-29 01:15:00;173.11e-6
2014-05-29 01:30:00;176.56e-6
2014-05-29 01:45:00;180.09e-6
2014-05-29 02:00:00;181.17e-6
2014-05-29 02:15:00;181.23e-6
2014-05-29 02:30:00;182.34e-6
2014-05-29 02:45:00;184.21e-6
2014-05-29 03:00:00;186.50e-6
2014-05-29 03:15:00;186.76e-6
2014-05-29 03:30:00;185.93e-6
2014-05-29 03:45:00;183.62e-6
2014-05-29 04:00:00;182.06e-6
2014-05-29 04:15:00;181.99e-6
2014-05-29 04:30:00;184.25e-6
2014-05-29 04:45:00;190.09e-6
2014-05-29 05:00:00;200.81e-6
2014-05-29 05:15:00;214.77e-6
2014-05-29 05:30:00;232.66e-6
2014-05-29 05:45:00;248.78e-6
2014-05-29 06:00:00;275.53e-6
2014-05-29 06:15:00;302.08e-6
2014-05-29 06:30:00;336.02e-6
2014-05-29 06:45:00;370.62e-6
2014-05-29 07:00:00;408.76e-6
2014-05-29 07:15:00;441.91e-6
2014-05-29 07:30:00;467.23e-6
2014-05-29 07:45:00;489.07e-6
2014-05-29 08:00:00;508.23e-6
2014-05-29 08:15:00;522.82e-6
2014-05-29 08:30:00;533.34e-6
2014-05-29 08:45:00;543.78e-6
2014-05-29 09:00:00;557.40e-6
2014-05-29 09:15:00;572.01e-6
2014-05-29 09:30:00;589.90e-6
2014-05-29 09:45:00;615.61e-6
2014-05-29 10:00:00;650.38e-6
2014-05-29 10:15:00;690.26e-6
2014-05-29 10:30:00;701.00e-6
2014-05-29 10:45:00;682.49e-6
2014-05-29 11:00:00;639.70e-6
2014-05-29 11:15:00;599.43e-6
2014-05-29 11:30:00;563.42e-6
2014-05-29 11:45:00;538.74e-6
2014-05-29 12:00:00;513.05e-6
2014-05-29 12:15:00;492.17e-6
2014-05-29 12:30:00;474.52e-6
2014-05-29 12:45:00;460.69e-6
2014-05-29 13:00:00;450.20e-6
2014-05-29 13:15:00;440.08e-6
2014-05-29 13:30:00;430.18e-6
2014-05-29 13:45:00;420.62e-6
2014-05-29 14:00:00;410.94e-6
2014-05-29 14:15:00;401.22e-6
2014-05-29 14:30:00;392.91e-6
2014-05-29 14:45:00;385.36e-6
2014-05-29 15:00:00;379.98e-6
2014-05-29 15:15:00;371.72e-6
2014-05-29 15:30:00;373.69e-6
2014-05-29 15:45:00;377.93e-6
2014-05-29 16:00:00;382.73e-6
2014-05-29 16:15:00;391.28e-6
2014-05-29 16:30:00;402.71e-6
2014-05-29 16:45:00;417.01e-6
2014-05-29 17:00:00;429.92e-6
2014-05-29 17:15:00;444.17e-6
2014-05-29 17:30:00;456.73e-6
2014-05-29 17:45:00;466.61e-6
2014-05-29 18:00:00;469.68e-6
2014-05-29 18:15:00;473.82e-6
2014-05-29 18:30:00;472.48e-6
2014-05-29 18:45:00;474.45e-6
2014-05-29 19:00:00;472.95e-6
2014-05-29 19:15:00;467.51e-6
2014-05-29 19:30:00;458.60e-6
2014-05-29 19:45:00;453.30e-6
2014-05-29 20:00:00;445.11e-6
2014-05-29 20:15:00;440.81e-6
2014-05-29 20:30:00;433.53e-6
2014-05-29 20:45:00;424.53e-6
2014-05-29 21:00:00;412.35e-6
2014-05-29 21:15:00;395.16e-6
2014-05-29 21:30:00;373.87e-6
2014-05-29 21:45:00;349.90e-6
2014-05-29 22:00:00;324.27e-6
2014-05-29 22:15:00;297.05e-6
2014-05-29 22:30:00;271.94e-6
2014-05-29 22:45:00;247.26e-6
2014-05-29 23:00:00;215.75e-6
2014-05-29 23:15:00;198.70e-6
2014-05-29 23:30:00;183.33e-6
2014-05-29 23:45:00;170.83e-6
2014-05-30 00:00:00;160.94e-6
2014-05-30 00:15:00;153.65e-6
2014-05-30 00:30:00;148.80e-6
2014-05-30 00:45:00;148.23e-6
2014-05-30 01:00:00;152.00e-6
2014-05-30 01:15:00;157.71e-6
2014-05-30 01:30:00;162.46e-6
2014-05-30 01:45:00;166.77e-6
2014-05-30 02:00:00;169.74e-6
2014-05-30 02:15:00;170.80e-6
2014-05-30 02:30:00;171.73e-6
2014-05-30 02:45:00;173.68e-6
2014-05-30 03:00:00;178.68e-6
2014-05-30 03:15:00;179.71e-6
2014-05-30 03:30:00;182.34e-6
2014-05-30 03:45:00;192.74e-6
2014-05-30 04:00:00;202.28e-6
2014-05-30 04:15:00;215.97e-6
2014-05-30 04:30:00;233.00e-6
2014-05-30 04:45:00;253.99e-6
2014-05-30 05:00:00;279.68e-6
2014-05-30 05:15:00;305.92e-6
2014-05-30 05:30:00;339.10e-6
2014-05-30 05:45:00;358.65e-6
2014-05-30 06:00:00;380.97e-6
2014-05-30 06:15:00;391.83e-6
2014-05-30 06:30:00;396.13e-6
2014-05-30 06:45:00;388.84e-6
2014-05-30 07:00:00;384.95e-6
2014-05-30 07:15:00;372.73e-6
2014-05-30 07:30:00;360.04e-6
2014-05-30 07:45:00;347.03e-6
2014-05-30 08:00:00;338.83e-6
2014-05-30 08:15:00;332.87e-6
2014-05-30 08:30:00;332.05e-6
2014-05-30 08:45:00;332.76e-6
2014-05-30 09:00:00;335.64e-6
2014-05-30 09:15:00;336.55e-6
2014-05-30 09:30:00;339.57e-6
2014-05-30 09:45:00;348.01e-6
2014-05-30 10:00:00;364.16e-6
2014-05-30 10:15:00;381.04e-6
2014-05-30 10:30:00;388.73e-6
2014-05-30 10:45:00;387.16e-6
2014-05-30 11:00:00;374.91e-6
2014-05-30 11:15:00;367.74e-6
2014-05-30 11:30:00;361.90e-6
2014-05-30 11:45:00;359.09e-6
2014-05-30 12:00:00;356.15e-6
2014-05-30 12:15:00;354.37e-6
2014-05-30 12:30:00;352.71e-6
2014-05-30 12:45:00;351.38e-6
2014-05-30 13:00:00;350.13e-6
2014-05-30 13:15:00;346.52e-6
2014-05-30 13:30:00;341.05e-6
2014-05-30 13:45:00;334.43e-6
2014-05-30 14:00:00;326.94e-6
2014-05-30 14:15:00;319.09e-6
2014-05-30 14:30:00;312.75e-6
2014-05-30 14:45:00;307.69e-6
2014-05-30 15:00:00;304.92e-6
2014-05-30 15:15:00;300.34e-6
2014-05-30 15:30:00;304.09e-6
2014-05-30 15:45:00;310.33e-6
2014-05-30 16:00:00;318.26e-6
2014-05-30 16:15:00;329.69e-6
2014-05-30 16:30:00;343.85e-6
2014-05-30 16:45:00;361.99e-6
2014-05-30 17:00:00;377.07e-6
2014-05-30 17:15:00;397.17e-6
2014-05-30 17:30:00;416.45e-6
2014-05-30 17:45:00;436.01e-6
2014-05-30 18:00:00;449.31e-6
2014-05-30 18:15:00;461.25e-6
2014-05-30 18:30:00;478.21e-6
2014-05-30 18:45:00;482.29e-6
2014-05-30 19:00:00;481.34e-6
2014-05-30 19:15:00;477.03e-6
2014-05-30 19:30:00;468.48e-6
2014-05-30 19:45:00;462.01e-6
2014-05-30 20:00:00;455.44e-6
2014-05-30 20:15:00;449.72e-6
2014-05-30 20:30:00;441.97e-6
2014-05-30 20:45:00;431.88e-6
2014-05-30 21:00:00;418.67e-6
2014-05-30 21:15:00;400.11e-6
2014-05-30 21:30:00;377.18e-6
2014-05-30 21:45:00;351.03e-6
2014-05-30 22:00:00;323.32e-6
2014-05-30 22:15:00;292.56e-6
2014-05-30 22:30:00;266.40e-6
2014-05-30 22:45:00;243.07e-6
2014-05-30 23:00:00;245.40e-6
2014-05-30 23:15:00;224.48e-6
2014-05-30 23:30:00;205.48e-6
2014-05-30 23:45:00;187.96e-6
2014-05-31 00:00:00;171.58e-6
2014-05-31 00:15:00;158.85e-6
2014-05-31 00:30:00;148.63e-6
2014-05-31 00:45:00;145.91e-6
2014-05-31 01:00:00;147.64e-6
2014-05-31 01:15:00;152.87e-6
2014-05-31 01:30:00;158.25e-6
2014-05-31 01:45:00;163.96e-6
2014-05-31 02:00:00;166.77e-6
2014-05-31 02:15:00;168.01e-6
2014-05-31 02:30:00;168.73e-6
2014-05-31 02:45:00;171.32e-6
2014-05-31 03:00:00;175.63e-6
2014-05-31 03:15:00;176.23e-6
2014-05-31 03:30:00;175.08e-6
2014-05-31 03:45:00;174.62e-6
2014-05-31 04:00:00;174.55e-6
2014-05-31 04:15:00;176.89e-6
2014-05-31 04:30:00;182.24e-6
2014-05-31 04:45:00;191.81e-6
2014-05-31 05:00:00;206.91e-6
2014-05-31 05:15:00;225.28e-6
2014-05-31 05:30:00;248.71e-6
2014-05-31 05:45:00;267.80e-6
2014-05-31 06:00:00;294.24e-6
2014-05-31 06:15:00;313.99e-6
2014-05-31 06:30:00;332.57e-6
2014-05-31 06:45:00;345.50e-6
2014-05-31 07:00:00;362.86e-6
2014-05-31 07:15:00;373.49e-6
2014-05-31 07:30:00;380.46e-6
2014-05-31 07:45:00;390.31e-6
2014-05-31 08:00:00;403.70e-6
2014-05-31 08:15:00;412.93e-6
2014-05-31 08:30:00;420.33e-6
2014-05-31 08:45:00;426.10e-6
2014-05-31 09:00:00;432.63e-6
2014-05-31 09:15:00;437.54e-6
2014-05-31 09:30:00;444.38e-6
2014-05-31 09:45:00;459.08e-6
2014-05-31 10:00:00;483.46e-6
2014-05-31 10:15:00;513.04e-6
2014-05-31 10:30:00;528.44e-6
2014-05-31 10:45:00;525.15e-6
2014-05-31 11:00:00;500.03e-6
2014-05-31 11:15:00;475.17e-6
2014-05-31 11:30:00;455.14e-6
2014-05-31 11:45:00;444.80e-6
2014-05-31 12:00:00;433.68e-6
2014-05-31 12:15:00;426.70e-6
2014-05-31 12:30:00;422.46e-6
2014-05-31 12:45:00;421.33e-6
2014-05-31 13:00:00;422.76e-6
2014-05-31 13:15:00;423.91e-6
2014-05-31 13:30:00;424.50e-6
2014-05-31 13:45:00;424.47e-6
2014-05-31 14:00:00;423.33e-6
2014-05-31 14:15:00;421.10e-6
2014-05-31 14:30:00;419.14e-6
2014-05-31 14:45:00;417.03e-6
2014-05-31 15:00:00;416.03e-6
2014-05-31 15:15:00;412.63e-6
2014-05-31 15:30:00;416.60e-6
2014-05-31 15:45:00;422.87e-6
2014-05-31 16:00:00;428.86e-6
2014-05-31 16:15:00;438.13e-6
2014-05-31 16:30:00;448.73e-6
2014-05-31 16:45:00;461.01e-6
2014-05-31 17:00:00;470.63e-6
2014-05-31 17:15:00;481.55e-6
2014-05-31 17:30:00;489.97e-6
2014-05-31 17:45:00;493.80e-6
2014-05-31 18:00:00;490.30e-6
2014-05-31 18:15:00;487.28e-6
2014-05-31 18:30:00;486.43e-6
2014-05-31 18:45:00;482.28e-6
2014-05-31 19:00:00;475.49e-6
2014-05-31 19:15:00;468.10e-6
2014-05-31 19:30:00;456.81e-6
2014-05-31 19:45:00;450.19e-6
2014-05-31 20:00:00;441.50e-6
2014-05-31 20:15:00;439.92e-6
2014-05-31 20:30:00;435.90e-6
2014-05-31 20:45:00;432.07e-6
2014-05-31 21:00:00;426.91e-6
2014-05-31 21:15:00;417.52e-6
2014-05-31 21:30:00;403.64e-6
2014-05-31 21:45:00;386.00e-6
2014-05-31 22:00:00;364.23e-6
2014-05-31 22:15:00;341.90e-6
2014-05-31 22:30:00;313.51e-6
2014-05-31 22:45:00;290.49e-6
2014-05-31 23:00:00;264.23e-6
2014-05-31 23:15:00;244.23e-6
2014-05-31 23:30:00;226.68e-6
2014-05-31 23:45:00;209.53e-6
2014-06-01 00:00:00;194.17e-6
2014-06-01 00:15:00;181.69e-6
2014-06-01 00:30:00;171.90e-6
2014-06-01 00:45:00;167.92e-6
2014-06-01 01:00:00;166.86e-6
2014-06-01 01:15:00;171.52e-6
2014-06-01 01:30:00;174.94e-6
2014-06-01 01:45:00;178.44e-6
2014-06-01 02:00:00;179.51e-6
2014-06-01 02:15:00;179.56e-6
2014-06-01 02:30:00;180.67e-6
2014-06-01 02:45:00;182.52e-6
2014-06-01 03:00:00;184.79e-6
2014-06-01 03:15:00;185.04e-6
2014-06-01 03:30:00;184.22e-6
2014-06-01 03:45:00;181.93e-6
2014-06-01 04:00:00;180.39e-6
2014-06-01 04:15:00;180.32e-6
2014-06-01 04:30:00;182.56e-6
2014-06-01 04:45:00;188.34e-6
2014-06-01 05:00:00;198.96e-6
2014-06-01 05:15:00;212.80e-6
2014-06-01 05:30:00;230.53e-6
2014-06-01 05:45:00;246.49e-6
2014-06-01 06:00:00;273.00e-6
2014-06-01 06:15:00;299.30e-6
2014-06-01 06:30:00;332.94e-6
2014-06-01 06:45:00;367.22e-6
2014-06-01 07:00:00;405.00e-6
2014-06-01 07:15:00;437.85e-6
2014-06-01 07:30:00;462.94e-6
2014-06-01 07:45:00;484.58e-6
2014-06-01 08:00:00;503.56e-6
2014-06-01 08:15:00;518.02e-6
2014-06-01 08:30:00;528.44e-6
2014-06-01 08:45:00;538.79e-6
2014-06-01 09:00:00;552.29e-6
2014-06-01 09:15:00;566.76e-6
2014-06-01 09:30:00;584.49e-6
2014-06-01 09:45:00;609.96e-6
2014-06-01 10:00:00;644.41e-6
2014-06-01 10:15:00;683.92e-6
2014-06-01 10:30:00;694.56e-6
2014-06-01 10:45:00;676.23e-6
2014-06-01 11:00:00;633.83e-6
2014-06-01 11:15:00;593.93e-6
2014-06-01 11:30:00;558.25e-6
2014-06-01 11:45:00;533.80e-6
2014-06-01 12:00:00;508.34e-6
2014-06-01 12:15:00;487.65e-6
2014-06-01 12:30:00;470.17e-6
2014-06-01 12:45:00;456.46e-6
2014-06-01 13:00:00;446.06e-6
2014-06-01 13:15:00;436.04e-6
2014-06-01 13:30:00;426.23e-6
2014-06-01 13:45:00;416.76e-6
2014-06-01 14:00:00;407.17e-6
2014-06-01 14:15:00;397.53e-6
2014-06-01 14:30:00;389.31e-6
2014-06-01 14:45:00;381.82e-6
2014-06-01 15:00:00;376.49e-6
2014-06-01 15:15:00;368.30e-6
2014-06-01 15:30:00;370.26e-6
2014-06-01 15:45:00;374.46e-6
2014-06-01 16:00:00;379.21e-6
2014-06-01 16:15:00;387.69e-6
2014-06-01 16:30:00;399.01e-6
2014-06-01 16:45:00;413.18e-6
2014-06-01 17:00:00;425.97e-6
2014-06-01 17:15:00;440.09e-6
2014-06-01 17:30:00;452.53e-6
2014-06-01 17:45:00;462.32e-6
2014-06-01 18:00:00;465.37e-6
2014-06-01 18:15:00;469.47e-6
2014-06-01 18:30:00;468.14e-6
2014-06-01 18:45:00;470.10e-6
2014-06-01 19:00:00;468.60e-6
2014-06-01 19:15:00;463.22e-6
2014-06-01 19:30:00;454.39e-6
2014-06-01 19:45:00;449.14e-6
2014-06-01 20:00:00;441.03e-6
2014-06-01 20:15:00;436.76e-6
2014-06-01 20:30:00;429.55e-6
2014-06-01 20:45:00;420.64e-6
2014-06-01 21:00:00;408.56e-6
2014-06-01 21:15:00;391.53e-6
2014-06-01 21:30:00;370.44e-6
2014-06-01 21:45:00;346.69e-6
2014-06-01 22:00:00;321.29e-6
2014-06-01 22:15:00;294.32e-6
2014-06-01 22:30:00;269.45e-6
2014-06-01 22:45:00;244.99e-6
2014-06-01 23:00:00;213.80e-6
2014-06-01 23:15:00;196.90e-6
2014-06-01 23:30:00;181.66e-6
2014-06-01 23:45:00;169.28e-6
2014-06-02 00:00:00;159.48e-6
2014-06-02 00:15:00;152.26e-6
2014-06-02 00:30:00;147.45e-6
2014-06-02 00:45:00;146.89e-6
2014-06-02 01:00:00;150.62e-6
2014-06-02 01:15:00;156.28e-6
2014-06-02 01:30:00;160.98e-6
2014-06-02 01:45:00;165.26e-6
2014-06-02 02:00:00;168.20e-6
2014-06-02 02:15:00;169.25e-6
2014-06-02 02:30:00;170.18e-6
2014-06-02 02:45:00;172.11e-6
2014-06-02 03:00:00;177.06e-6
2014-06-02 03:15:00;178.08e-6
2014-06-02 03:30:00;180.69e-6
2014-06-02 03:45:00;190.99e-6
2014-06-02 04:00:00;200.45e-6
2014-06-02 04:15:00;214.01e-6
2014-06-02 04:30:00;230.89e-6
2014-06-02 04:45:00;251.69e-6
2014-06-02 05:00:00;277.14e-6
2014-06-02 05:15:00;303.15e-6
2014-06-02 05:30:00;336.03e-6
2014-06-02 05:45:00;355.40e-6
2014-06-02 06:00:00;377.52e-6
2014-06-02 06:15:00;388.28e-6
2014-06-02 06:30:00;392.54e-6
2014-06-02 06:45:00;385.32e-6
2014-06-02 07:00:00;381.46e-6
2014-06-02 07:15:00;369.35e-6
2014-06-02 07:30:00;356.77e-6
2014-06-02 07:45:00;343.89e-6
2014-06-02 08:00:00;335.76e-6
2014-06-02 08:15:00;329.85e-6
2014-06-02 08:30:00;329.04e-6
2014-06-02 08:45:00;329.74e-6
2014-06-02 09:00:00;332.60e-6
2014-06-02 09:15:00;333.50e-6
2014-06-02 09:30:00;336.49e-6
2014-06-02 09:45:00;344.85e-6
2014-06-02 10:00:00;360.86e-6
2014-06-02 10:15:00;377.59e-6
2014-06-02 10:30:00;385.20e-6
2014-06-02 10:45:00;383.65e-6
2014-06-02 11:00:00;371.51e-6
2014-06-02 11:15:00;364.41e-6
2014-06-02 11:30:00;358.62e-6
2014-06-02 11:45:00;355.84e-6
2014-06-02 12:00:00;352.93e-6
2014-06-02 12:15:00;351.16e-6
2014-06-02 12:30:00;349.51e-6
2014-06-02 12:45:00;348.20e-6
2014-06-02 13:00:00;346.96e-6
2014-06-02 13:15:00;343.38e-6
2014-06-02 13:30:00;337.96e-6
2014-06-02 13:45:00;331.40e-6
2014-06-02 14:00:00;323.98e-6
2014-06-02 14:15:00;316.20e-6
2014-06-02 14:30:00;309.92e-6
2014-06-02 14:45:00;304.90e-6
2014-06-02 15:00:00;302.15e-6
2014-06-02 15:15:00;297.61e-6
2014-06-02 15:30:00;301.33e-6
2014-06-02 15:45:00;307.52e-6
2014-06-02 16:00:00;315.37e-6
2014-06-02 16:15:00;326.71e-6
2014-06-02 16:30:00;340.73e-6
2014-06-02 16:45:00;358.71e-6
2014-06-02 17:00:00;373.65e-6
2014-06-02 17:15:00;393.57e-6
2014-06-02 17:30:00;412.67e-6
2014-06-02 17:45:00;432.06e-6
2014-06-02 18:00:00;445.24e-6
2014-06-02 18:15:00;457.08e-6
2014-06-02 18:30:00;473.88e-6
2014-06-02 18:45:00;477.92e-6
2014-06-02 19:00:00;476.98e-6
2014-06-02 19:15:00;472.70e-6
2014-06-02 19:30:00;464.23e-6
2014-06-02 19:45:00;457.82e-6
2014-06-02 20:00:00;451.32e-6
2014-06-02 20:15:00;445.64e-6
2014-06-02 20:30:00;437.97e-6
2014-06-02 20:45:00;427.96e-6
2014-06-02 21:00:00;414.88e-6
2014-06-02 21:15:00;396.48e-6
2014-06-02 21:30:00;373.76e-6
2014-06-02 21:45:00;347.85e-6
2014-06-02 22:00:00;320.40e-6
2014-06-02 22:15:00;289.91e-6
2014-06-02 22:30:00;263.99e-6
2014-06-02 22:45:00;240.86e-6
2014-06-02 23:00:00;213.17e-6
2014-06-02 23:15:00;196.31e-6
2014-06-02 23:30:00;181.13e-6
2014-06-02 23:45:00;168.78e-6
2014-06-03 00:00:00;159.01e-6
2014-06-03 00:15:00;151.81e-6
2014-06-03 00:30:00;147.02e-6
2014-06-03 00:45:00;146.45e-6
2014-06-03 01:00:00;150.18e-6
2014-06-03 01:15:00;155.82e-6
2014-06-03 01:30:00;160.51e-6
2014-06-03 01:45:00;164.77e-6
2014-06-03 02:00:00;167.71e-6
2014-06-03 02:15:00;168.76e-6
2014-06-03 02:30:00;169.68e-6
2014-06-03 02:45:00;171.60e-6
2014-06-03 03:00:00;176.53e-6
2014-06-03 03:15:00;177.56e-6
2014-06-03 03:30:00;180.16e-6
2014-06-03 03:45:00;190.43e-6
2014-06-03 04:00:00;199.86e-6
2014-06-03 04:15:00;213.38e-6
2014-06-03 04:30:00;230.21e-6
2014-06-03 04:45:00;250.95e-6
2014-06-03 05:00:00;276.33e-6
2014-06-03 05:15:00;302.26e-6
2014-06-03 05:30:00;335.04e-6
2014-06-03 05:45:00;354.35e-6
2014-06-03 06:00:00;376.41e-6
2014-06-03 06:15:00;387.13e-6
2014-06-03 06:30:00;391.38e-6
2014-06-03 06:45:00;384.18e-6
2014-06-03 07:00:00;380.33e-6
2014-06-03 07:15:00;368.27e-6
2014-06-03 07:30:00;355.72e-6
2014-06-03 07:45:00;342.88e-6
2014-06-03 08:00:00;334.77e-6
2014-06-03 08:15:00;328.88e-6
2014-06-03 08:30:00;328.07e-6
2014-06-03 08:45:00;328.77e-6
2014-06-03 09:00:00;331.62e-6
2014-06-03 09:15:00;332.52e-6
2014-06-03 09:30:00;335.50e-6
2014-06-03 09:45:00;343.84e-6
2014-06-03 10:00:00;359.80e-6
2014-06-03 10:15:00;376.48e-6
2014-06-03 10:30:00;384.07e-6
2014-06-03 10:45:00;382.52e-6
2014-06-03 11:00:00;370.42e-6
2014-06-03 11:15:00;363.34e-6
2014-06-03 11:30:00;357.56e-6
2014-06-03 11:45:00;354.79e-6
2014-06-03 12:00:00;351.89e-6
2014-06-03 12:15:00;350.12e-6
2014-06-03 12:30:00;348.48e-6
2014-06-03 12:45:00;347.17e-6
2014-06-03 13:00:00;345.94e-6
2014-06-03 13:15:00;342.36e-6
2014-06-03 13:30:00;336.96e-6
2014-06-03 13:45:00;330.43e-6
2014-06-03 14:00:00;323.02e-6
2014-06-03 14:15:00;315.27e-6
2014-06-03 14:30:00;309.00e-6
2014-06-03 14:45:00;304.00e-6
2014-06-03 15:00:00;301.26e-6
2014-06-03 15:15:00;296.74e-6
2014-06-03 15:30:00;300.44e-6
2014-06-03 15:45:00;306.61e-6
2014-06-03 16:00:00;314.44e-6
2014-06-03 16:15:00;325.74e-6
2014-06-03 16:30:00;339.73e-6
2014-06-03 16:45:00;357.66e-6
2014-06-03 17:00:00;372.55e-6
2014-06-03 17:15:00;392.41e-6
2014-06-03 17:30:00;411.46e-6
2014-06-03 17:45:00;430.79e-6
2014-06-03 18:00:00;443.93e-6
2014-06-03 18:15:00;455.73e-6
2014-06-03 18:30:00;472.48e-6
2014-06-03 18:45:00;476.52e-6
2014-06-03 19:00:00;475.58e-6
2014-06-03 19:15:00;471.31e-6
2014-06-03 19:30:00;462.87e-6
2014-06-03 19:45:00;456.48e-6
2014-06-03 20:00:00;449.99e-6
2014-06-03 20:15:00;444.33e-6
2014-06-03 20:30:00;436.68e-6
2014-06-03 20:45:00;426.70e-6
2014-06-03 21:00:00;413.66e-6
2014-06-03 21:15:00;395.32e-6
2014-06-03 21:30:00;372.66e-6
2014-06-03 21:45:00;346.83e-6
2014-06-03 22:00:00;319.45e-6
2014-06-03 22:15:00;289.06e-6
2014-06-03 22:30:00;263.21e-6
2014-06-03 22:45:00;240.16e-6
2014-06-03 23:00:00;212.55e-6
2014-06-03 23:15:00;195.74e-6
2014-06-03 23:30:00;180.60e-6
2014-06-03 23:45:00;168.29e-6
2014-06-04 00:00:00;158.55e-6
2014-06-04 00:15:00;151.37e-6
2014-06-04 00:30:00;146.59e-6
2014-06-04 00:45:00;146.03e-6
2014-06-04 01:00:00;149.74e-6
2014-06-04 01:15:00;155.37e-6
2014-06-04 01:30:00;160.04e-6
2014-06-04 01:45:00;164.29e-6
2014-06-04 02:00:00;167.22e-6
2014-06-04 02:15:00;168.27e-6
2014-06-04 02:30:00;169.18e-6
2014-06-04 02:45:00;171.10e-6
2014-06-04 03:00:00;176.02e-6
2014-06-04 03:15:00;177.04e-6
2014-06-04 03:30:00;179.63e-6
2014-06-04 03:45:00;189.88e-6
2014-06-04 04:00:00;199.28e-6
2014-06-04 04:15:00;212.76e-6
2014-06-04 04:30:00;229.54e-6
2014-06-04 04:45:00;250.22e-6
2014-06-04 05:00:00;275.52e-6
2014-06-04 05:15:00;301.38e-6
2014-06-04 05:30:00;334.06e-6
2014-06-04 05:45:00;353.32e-6
2014-06-04 06:00:00;375.32e-6
2014-06-04 06:15:00;386.01e-6
2014-06-04 06:30:00;390.24e-6
2014-06-04 06:45:00;383.07e-6
2014-06-04 07:00:00;379.23e-6
2014-06-04 07:15:00;367.20e-6
2014-06-04 07:30:00;354.69e-6
2014-06-04 07:45:00;341.88e-6
2014-06-04 08:00:00;333.80e-6
2014-06-04 08:15:00;327.92e-6
2014-06-04 08:30:00;327.11e-6
2014-06-04 08:45:00;327.81e-6
2014-06-04 09:00:00;330.66e-6
2014-06-04 09:15:00;331.55e-6
2014-06-04 09:30:00;334.52e-6
2014-06-04 09:45:00;342.84e-6
2014-06-04 10:00:00;358.75e-6
2014-06-04 10:15:00;375.38e-6
2014-06-04 10:30:00;382.95e-6
2014-06-04 10:45:00;381.41e-6
2014-06-04 11:00:00;369.34e-6
2014-06-04 11:15:00;362.28e-6
2014-06-04 11:30:00;356.52e-6
2014-06-04 11:45:00;353.76e-6
2014-06-04 12:00:00;350.86e-6
2014-06-04 12:15:00;349.11e-6
2014-06-04 12:30:00;347.47e-6
2014-06-04 12:45:00;346.16e-6
2014-06-04 13:00:00;344.93e-6
2014-06-04 13:15:00;341.37e-6
2014-06-04 13:30:00;335.98e-6
2014-06-04 13:45:00;329.47e-6
2014-06-04 14:00:00;322.08e-6
2014-06-04 14:15:00;314.35e-6
2014-06-04 14:30:00;308.11e-6
2014-06-04 14:45:00;303.12e-6
2014-06-04 15:00:00;300.39e-6
2014-06-04 15:15:00;295.88e-6
2014-06-04 15:30:00;299.57e-6
2014-06-04 15:45:00;305.72e-6
2014-06-04 16:00:00;313.53e-6
2014-06-04 16:15:00;324.80e-6
2014-06-04 16:30:00;338.74e-6
2014-06-04 16:45:00;356.62e-6
2014-06-04 17:00:00;371.47e-6
2014-06-04 17:15:00;391.27e-6
2014-06-04 17:30:00;410.26e-6
2014-06-04 17:45:00;429.54e-6
2014-06-04 18:00:00;442.64e-6
2014-06-04 18:15:00;454.40e-6
2014-06-04 18:30:00;471.11e-6
2014-06-04 18:45:00;475.13e-6
2014-06-04 19:00:00;474.20e-6
2014-06-04 19:15:00;469.94e-6
2014-06-04 19:30:00;461.52e-6
2014-06-04 19:45:00;455.15e-6
2014-06-04 20:00:00;448.68e-6
2014-06-04 20:15:00;443.04e-6
2014-06-04 20:30:00;435.41e-6
2014-06-04 20:45:00;425.46e-6
2014-06-04 21:00:00;412.46e-6
2014-06-04 21:15:00;394.17e-6
2014-06-04 21:30:00;371.58e-6
2014-06-04 21:45:00;345.82e-6
2014-06-04 22:00:00;318.52e-6
2014-06-04 22:15:00;288.22e-6
2014-06-04 22:30:00;262.45e-6
2014-06-04 22:45:00;239.46e-6
2014-06-04 23:00:00;211.94e-6
2014-06-04 23:15:00;195.18e-6
2014-06-04 23:30:00;180.09e-6
2014-06-04 23:45:00;167.81e-6
2014-06-05 00:00:00;158.10e-6
2014-06-05 00:15:00;150.93e-6
2014-06-05 00:30:00;146.17e-6
2014-06-05 00:45:00;145.61e-6
2014-06-05 01:00:00;149.31e-6
2014-06-05 01:15:00;154.92e-6
2014-06-05 01:30:00;159.59e-6
2014-06-05 01:45:00;163.82e-6
2014-06-05 02:00:00;166.74e-6
2014-06-05 02:15:00;167.78e-6
2014-06-05 02:30:00;168.70e-6
2014-06-05 02:45:00;170.61e-6
2014-06-05 03:00:00;175.52e-6
2014-06-05 03:15:00;176.53e-6
2014-06-05 03:30:00;179.12e-6
2014-06-05 03:45:00;189.33e-6
2014-06-05 04:00:00;198.71e-6
2014-06-05 04:15:00;212.15e-6
2014-06-05 04:30:00;228.88e-6
2014-06-05 04:45:00;249.51e-6
2014-06-05 05:00:00;274.74e-6
2014-06-05 05:15:00;300.52e-6
2014-06-05 05:30:00;333.11e-6
2014-06-05 05:45:00;352.31e-6
2014-06-05 06:00:00;374.24e-6
2014-06-05 06:15:00;384.91e-6
2014-06-05 06:30:00;389.13e-6
2014-06-05 06:45:00;381.97e-6
2014-06-05 07:00:00;378.15e-6
2014-06-05 07:15:00;366.15e-6
2014-06-05 07:30:00;353.67e-6
2014-06-05 07:45:00;340.90e-6
2014-06-05 08:00:00;332.84e-6
2014-06-05 08:15:00;326.98e-6
2014-06-05 08:30:00;326.18e-6
2014-06-05 08:45:00;326.88e-6
2014-06-05 09:00:00;329.71e-6
2014-06-05 09:15:00;330.60e-6
2014-06-05 09:30:00;333.57e-6
2014-06-05 09:45:00;341.86e-6
2014-06-05 10:00:00;357.73e-6
2014-06-05 10:15:00;374.31e-6
2014-06-05 10:30:00;381.86e-6
2014-06-05 10:45:00;380.32e-6
2014-06-05 11:00:00;368.28e-6
2014-06-05 11:15:00;361.24e-6
2014-06-05 11:30:00;355.50e-6
2014-06-05 11:45:00;352.75e-6
2014-06-05 12:00:00;349.86e-6
2014-06-05 12:15:00;348.11e-6
2014-06-05 12:30:00;346.48e-6
2014-06-05 12:45:00;345.17e-6
2014-06-05 13:00:00;343.95e-6
2014-06-05 13:15:00;340.39e-6
2014-06-05 13:30:00;335.02e-6
2014-06-05 13:45:00;328.52e-6
2014-06-05 14:00:00;321.16e-6
2014-06-05 14:15:00;313.45e-6
2014-06-05 14:30:00;307.22e-6
2014-06-05 14:45:00;302.25e-6
2014-06-05 15:00:00;299.53e-6
2014-06-05 15:15:00;295.03e-6
2014-06-05 15:30:00;298.71e-6
2014-06-05 15:45:00;304.85e-6
2014-06-05 16:00:00;312.63e-6
2014-06-05 16:15:00;323.87e-6
2014-06-05 16:30:00;337.77e-6
2014-06-05 16:45:00;355.60e-6
2014-06-05 17:00:00;370.41e-6
2014-06-05 17:15:00;390.15e-6
2014-06-05 17:30:00;409.09e-6
2014-06-05 17:45:00;428.31e-6
2014-06-05 18:00:00;441.37e-6
2014-06-05 18:15:00;453.11e-6
2014-06-05 18:30:00;469.76e-6
2014-06-05 18:45:00;473.77e-6
2014-06-05 19:00:00;472.84e-6
2014-06-05 19:15:00;468.60e-6
2014-06-05 19:30:00;460.20e-6
2014-06-05 19:45:00;453.85e-6
2014-06-05 20:00:00;447.40e-6
2014-06-05 20:15:00;441.77e-6
2014-06-05 20:30:00;434.16e-6
2014-06-05 20:45:00;424.25e-6
2014-06-05 21:00:00;411.28e-6
2014-06-05 21:15:00;393.04e-6
2014-06-05 21:30:00;370.52e-6
2014-06-05 21:45:00;344.83e-6
2014-06-05 22:00:00;317.61e-6
2014-06-05 22:15:00;287.40e-6
2014-06-05 22:30:00;261.70e-6
2014-06-05 22:45:00;238.77e-6
2014-06-05 23:00:00;211.34e-6
2014-06-05 23:15:00;194.64e-6
2014-06-05 23:30:00;179.58e-6
2014-06-05 23:45:00;167.34e-6
2014-06-06 00:00:00;157.65e-6
2014-06-06 00:15:00;150.51e-6
2014-06-06 00:30:00;145.76e-6
2014-06-06 00:45:00;145.20e-6
2014-06-06 01:00:00;148.89e-6
2014-06-06 01:15:00;154.49e-6
2014-06-06 01:30:00;159.14e-6
2014-06-06 01:45:00;163.36e-6
2014-06-06 02:00:00;166.27e-6
2014-06-06 02:15:00;167.31e-6
2014-06-06 02:30:00;168.22e-6
2014-06-06 02:45:00;170.13e-6
2014-06-06 03:00:00;175.02e-6
2014-06-06 03:15:00;176.04e-6
2014-06-06 03:30:00;178.61e-6
2014-06-06 03:45:00;188.80e-6
2014-06-06 04:00:00;198.15e-6
2014-06-06 04:15:00;211.55e-6
2014-06-06 04:30:00;228.24e-6
2014-06-06 04:45:00;248.80e-6
2014-06-06 05:00:00;273.96e-6
2014-06-06 05:15:00;299.67e-6
2014-06-06 05:30:00;332.17e-6
2014-06-06 05:45:00;351.32e-6
2014-06-06 06:00:00;373.19e-6
2014-06-06 06:15:00;383.82e-6
2014-06-06 06:30:00;388.03e-6
2014-06-06 06:45:00;380.90e-6
2014-06-06 07:00:00;377.08e-6
2014-06-06 07:15:00;365.12e-6
2014-06-06 07:30:00;352.68e-6
2014-06-06 07:45:00;339.94e-6
2014-06-06 08:00:00;331.91e-6
2014-06-06 08:15:00;326.06e-6
2014-06-06 08:30:00;325.26e-6
2014-06-06 08:45:00;325.96e-6
2014-06-06 09:00:00;328.78e-6
2014-06-06 09:15:00;329.67e-6
2014-06-06 09:30:00;332.63e-6
2014-06-06 09:45:00;340.90e-6
2014-06-06 10:00:00;356.72e-6
2014-06-06 10:15:00;373.26e-6
2014-06-06 10:30:00;380.78e-6
2014-06-06 10:45:00;379.25e-6
2014-06-06 11:00:00;367.25e-6
2014-06-06 11:15:00;360.23e-6
2014-06-06 11:30:00;354.50e-6
2014-06-06 11:45:00;351.75e-6
2014-06-06 12:00:00;348.88e-6
2014-06-06 12:15:00;347.13e-6
2014-06-06 12:30:00;345.50e-6
2014-06-06 12:45:00;344.20e-6
2014-06-06 13:00:00;342.98e-6
2014-06-06 13:15:00;339.44e-6
2014-06-06 13:30:00;334.08e-6
2014-06-06 13:45:00;327.60e-6
2014-06-06 14:00:00;320.26e-6
2014-06-06 14:15:00;312.57e-6
2014-06-06 14:30:00;306.36e-6
2014-06-06 14:45:00;301.40e-6
2014-06-06 15:00:00;298.69e-6
2014-06-06 15:15:00;294.20e-6
2014-06-06 15:30:00;297.87e-6
2014-06-06 15:45:00;303.99e-6
2014-06-06 16:00:00;311.75e-6
2014-06-06 16:15:00;322.96e-6
2014-06-06 16:30:00;336.82e-6
2014-06-06 16:45:00;354.60e-6
2014-06-06 17:00:00;369.37e-6
2014-06-06 17:15:00;389.05e-6
2014-06-06 17:30:00;407.94e-6
2014-06-06 17:45:00;427.10e-6
2014-06-06 18:00:00;440.13e-6
2014-06-06 18:15:00;451.83e-6
2014-06-06 18:30:00;468.44e-6
2014-06-06 18:45:00;472.44e-6
2014-06-06 19:00:00;471.51e-6
2014-06-06 19:15:00;467.28e-6
2014-06-06 19:30:00;458.91e-6
2014-06-06 19:45:00;452.57e-6
2014-06-06 20:00:00;446.14e-6
2014-06-06 20:15:00;440.53e-6
2014-06-06 20:30:00;432.94e-6
2014-06-06 20:45:00;423.05e-6
2014-06-06 21:00:00;410.12e-6
2014-06-06 21:15:00;391.93e-6
2014-06-06 21:30:00;369.47e-6
2014-06-06 21:45:00;343.86e-6
2014-06-06 22:00:00;316.72e-6
2014-06-06 22:15:00;286.59e-6
2014-06-06 22:30:00;260.96e-6
2014-06-06 22:45:00;238.10e-6
2014-06-06 23:00:00;240.46e-6
2014-06-06 23:15:00;219.96e-6
2014-06-06 23:30:00;201.34e-6
2014-06-06 23:45:00;184.18e-6
2014-06-07 00:00:00;168.12e-6
2014-06-07 00:15:00;155.65e-6
2014-06-07 00:30:00;145.63e-6
2014-06-07 00:45:00;142.97e-6
2014-06-07 01:00:00;144.67e-6
2014-06-07 01:15:00;149.79e-6
2014-06-07 01:30:00;155.06e-6
2014-06-07 01:45:00;160.65e-6
2014-06-07 02:00:00;163.41e-6
2014-06-07 02:15:00;164.63e-6
2014-06-07 02:30:00;165.33e-6
2014-06-07 02:45:00;167.87e-6
2014-06-07 03:00:00;172.09e-6
2014-06-07 03:15:00;172.68e-6
2014-06-07 03:30:00;171.56e-6
2014-06-07 03:45:00;171.10e-6
2014-06-07 04:00:00;171.04e-6
2014-06-07 04:15:00;173.33e-6
2014-06-07 04:30:00;178.57e-6
2014-06-07 04:45:00;187.95e-6
2014-06-07 05:00:00;202.74e-6
2014-06-07 05:15:00;220.75e-6
2014-06-07 05:30:00;243.70e-6
2014-06-07 05:45:00;262.41e-6
2014-06-07 06:00:00;288.31e-6
2014-06-07 06:15:00;307.67e-6
2014-06-07 06:30:00;325.87e-6
2014-06-07 06:45:00;338.54e-6
2014-06-07 07:00:00;355.55e-6
2014-06-07 07:15:00;365.97e-6
2014-06-07 07:30:00;372.80e-6
2014-06-07 07:45:00;382.45e-6
2014-06-07 08:00:00;395.57e-6
2014-06-07 08:15:00;404.62e-6
2014-06-07 08:30:00;411.86e-6
2014-06-07 08:45:00;417.52e-6
2014-06-07 09:00:00;423.91e-6
2014-06-07 09:15:00;428.73e-6
2014-06-07 09:30:00;435.44e-6
2014-06-07 09:45:00;449.83e-6
2014-06-07 10:00:00;473.72e-6
2014-06-07 10:15:00;502.71e-6
2014-06-07 10:30:00;517.79e-6
2014-06-07 10:45:00;514.58e-6
2014-06-07 11:00:00;489.96e-6
2014-06-07 11:15:00;465.60e-6
2014-06-07 11:30:00;445.98e-6
2014-06-07 11:45:00;435.85e-6
2014-06-07 12:00:00;424.95e-6
2014-06-07 12:15:00;418.11e-6
2014-06-07 12:30:00;413.95e-6
2014-06-07 12:45:00;412.84e-6
2014-06-07 13:00:00;414.24e-6
2014-06-07 13:15:00;415.37e-6
2014-06-07 13:30:00;415.95e-6
2014-06-07 13:45:00;415.92e-6
2014-06-07 14:00:00;414.80e-6
2014-06-07 14:15:00;412.62e-6
2014-06-07 14:30:00;410.70e-6
2014-06-07 14:45:00;408.63e-6
2014-06-07 15:00:00;407.65e-6
2014-06-07 15:15:00;404.32e-6
2014-06-07 15:30:00;408.21e-6
2014-06-07 15:45:00;414.35e-6
2014-06-07 16:00:00;420.22e-6
2014-06-07 16:15:00;429.31e-6
2014-06-07 16:30:00;439.69e-6
2014-06-07 16:45:00;451.73e-6
2014-06-07 17:00:00;461.15e-6
2014-06-07 17:15:00;471.85e-6
2014-06-07 17:30:00;480.10e-6
2014-06-07 17:45:00;483.85e-6
2014-06-07 18:00:00;480.43e-6
2014-06-07 18:15:00;477.47e-6
2014-06-07 18:30:00;476.63e-6
2014-06-07 18:45:00;472.57e-6
2014-06-07 19:00:00;465.91e-6
2014-06-07 19:15:00;458.67e-6
2014-06-07 19:30:00;447.61e-6
2014-06-07 19:45:00;441.12e-6
2014-06-07 20:00:00;432.61e-6
2014-06-07 20:15:00;431.06e-6
2014-06-07 20:30:00;427.12e-6
2014-06-07 20:45:00;423.37e-6
2014-06-07 21:00:00;418.31e-6
2014-06-07 21:15:00;409.11e-6
2014-06-07 21:30:00;395.52e-6
2014-06-07 21:45:00;378.23e-6
2014-06-07 22:00:00;356.90e-6
2014-06-07 22:15:00;335.01e-6
2014-06-07 22:30:00;307.20e-6
2014-06-07 22:45:00;284.64e-6
2014-06-07 23:00:00;258.99e-6
2014-06-07 23:15:00;239.39e-6
2014-06-07 23:30:00;222.18e-6
2014-06-07 23:45:00;205.37e-6
2014-06-08 00:00:00;190.32e-6
2014-06-08 00:15:00;178.09e-6
2014-06-08 00:30:00;168.49e-6
2014-06-08 00:45:00;164.59e-6
2014-06-08 01:00:00;163.55e-6
2014-06-08 01:15:00;168.12e-6
2014-06-08 01:30:00;171.47e-6
2014-06-08 01:45:00;174.90e-6
2014-06-08 02:00:00;175.95e-6
2014-06-08 02:15:00;176.00e-6
2014-06-08 02:30:00;177.08e-6
2014-06-08 02:45:00;178.90e-6
2014-06-08 03:00:00;181.13e-6
2014-06-08 03:15:00;181.37e-6
2014-06-08 03:30:00;180.57e-6
2014-06-08 03:45:00;178.32e-6
2014-06-08 04:00:00;176.81e-6
2014-06-08 04:15:00;176.75e-6
2014-06-08 04:30:00;178.93e-6
2014-06-08 04:45:00;184.61e-6
2014-06-08 05:00:00;195.02e-6
2014-06-08 05:15:00;208.58e-6
2014-06-08 05:30:00;225.95e-6
2014-06-08 05:45:00;241.61e-6
2014-06-08 06:00:00;267.58e-6
2014-06-08 06:15:00;293.37e-6
2014-06-08 06:30:00;326.34e-6
2014-06-08 06:45:00;359.93e-6
2014-06-08 07:00:00;396.97e-6
2014-06-08 07:15:00;429.17e-6
2014-06-08 07:30:00;453.75e-6
2014-06-08 07:45:00;474.97e-6
2014-06-08 08:00:00;493.57e-6
2014-06-08 08:15:00;507.74e-6
2014-06-08 08:30:00;517.96e-6
2014-06-08 08:45:00;528.10e-6
2014-06-08 09:00:00;541.33e-6
2014-06-08 09:15:00;555.52e-6
2014-06-08 09:30:00;572.89e-6
2014-06-08 09:45:00;597.86e-6
2014-06-08 10:00:00;631.63e-6
2014-06-08 10:15:00;670.35e-6
2014-06-08 10:30:00;680.79e-6
2014-06-08 10:45:00;662.81e-6
2014-06-08 11:00:00;621.26e-6
2014-06-08 11:15:00;582.15e-6
2014-06-08 11:30:00;547.18e-6
2014-06-08 11:45:00;523.21e-6
2014-06-08 12:00:00;498.26e-6
2014-06-08 12:15:00;477.98e-6
2014-06-08 12:30:00;460.84e-6
2014-06-08 12:45:00;447.41e-6
2014-06-08 13:00:00;437.22e-6
2014-06-08 13:15:00;427.39e-6
2014-06-08 13:30:00;417.77e-6
2014-06-08 13:45:00;408.49e-6
2014-06-08 14:00:00;399.09e-6
2014-06-08 14:15:00;389.65e-6
2014-06-08 14:30:00;381.59e-6
2014-06-08 14:45:00;374.25e-6
2014-06-08 15:00:00;369.02e-6
2014-06-08 15:15:00;361.00e-6
2014-06-08 15:30:00;362.91e-6
2014-06-08 15:45:00;367.03e-6
2014-06-08 16:00:00;371.69e-6
2014-06-08 16:15:00;380.00e-6
2014-06-08 16:30:00;391.10e-6
2014-06-08 16:45:00;404.99e-6
2014-06-08 17:00:00;417.52e-6
2014-06-08 17:15:00;431.36e-6
2014-06-08 17:30:00;443.56e-6
2014-06-08 17:45:00;453.15e-6
2014-06-08 18:00:00;456.14e-6
2014-06-08 18:15:00;460.16e-6
2014-06-08 18:30:00;458.86e-6
2014-06-08 18:45:00;460.77e-6
2014-06-08 19:00:00;459.31e-6
2014-06-08 19:15:00;454.03e-6
2014-06-08 19:30:00;445.38e-6
2014-06-08 19:45:00;440.23e-6
2014-06-08 20:00:00;432.28e-6
2014-06-08 20:15:00;428.10e-6
2014-06-08 20:30:00;421.03e-6
2014-06-08 20:45:00;412.29e-6
2014-06-08 21:00:00;400.46e-6
2014-06-08 21:15:00;383.76e-6
2014-06-08 21:30:00;363.09e-6
2014-06-08 21:45:00;339.81e-6
2014-06-08 22:00:00;314.91e-6
2014-06-08 22:15:00;288.48e-6
2014-06-08 22:30:00;264.10e-6
2014-06-08 22:45:00;240.13e-6
2014-06-08 23:00:00;258.29e-6
2014-06-08 23:15:00;238.75e-6
2014-06-08 23:30:00;221.59e-6
2014-06-08 23:45:00;204.82e-6
2014-06-09 00:00:00;189.81e-6
2014-06-09 00:15:00;177.61e-6
2014-06-09 00:30:00;168.04e-6
2014-06-09 00:45:00;164.15e-6
2014-06-09 01:00:00;163.12e-6
2014-06-09 01:15:00;167.67e-6
2014-06-09 01:30:00;171.01e-6
2014-06-09 01:45:00;174.43e-6
2014-06-09 02:00:00;175.48e-6
2014-06-09 02:15:00;175.53e-6
2014-06-09 02:30:00;176.61e-6
2014-06-09 02:45:00;178.42e-6
2014-06-09 03:00:00;180.64e-6
2014-06-09 03:15:00;180.89e-6
2014-06-09 03:30:00;180.08e-6
2014-06-09 03:45:00;177.85e-6
2014-06-09 04:00:00;176.34e-6
2014-06-09 04:15:00;176.27e-6
2014-06-09 04:30:00;178.46e-6
2014-06-09 04:45:00;184.11e-6
2014-06-09 05:00:00;194.50e-6
2014-06-09 05:15:00;208.02e-6
2014-06-09 05:30:00;225.35e-6
2014-06-09 05:45:00;240.96e-6
2014-06-09 06:00:00;266.87e-6
2014-06-09 06:15:00;292.58e-6
2014-06-09 06:30:00;325.46e-6
2014-06-09 06:45:00;358.97e-6
2014-06-09 07:00:00;395.91e-6
2014-06-09 07:15:00;428.02e-6
2014-06-09 07:30:00;452.54e-6
2014-06-09 07:45:00;473.70e-6
2014-06-09 08:00:00;492.25e-6
2014-06-09 08:15:00;506.38e-6
2014-06-09 08:30:00;516.58e-6
2014-06-09 08:45:00;526.69e-6
2014-06-09 09:00:00;539.88e-6
2014-06-09 09:15:00;554.03e-6
2014-06-09 09:30:00;571.36e-6
2014-06-09 09:45:00;596.26e-6
2014-06-09 10:00:00;629.94e-6
2014-06-09 10:15:00;668.56e-6
2014-06-09 10:30:00;678.97e-6
2014-06-09 10:45:00;661.04e-6
2014-06-09 11:00:00;619.59e-6
2014-06-09 11:15:00;580.59e-6
2014-06-09 11:30:00;545.71e-6
2014-06-09 11:45:00;521.81e-6
2014-06-09 12:00:00;496.92e-6
2014-06-09 12:15:00;476.70e-6
2014-06-09 12:30:00;459.61e-6
2014-06-09 12:45:00;446.21e-6
2014-06-09 13:00:00;436.05e-6
2014-06-09 13:15:00;426.24e-6
2014-06-09 13:30:00;416.66e-6
2014-06-09 13:45:00;407.40e-6
2014-06-09 14:00:00;398.03e-6
2014-06-09 14:15:00;388.61e-6
2014-06-09 14:30:00;380.56e-6
2014-06-09 14:45:00;373.24e-6
2014-06-09 15:00:00;368.04e-6
2014-06-09 15:15:00;360.03e-6
2014-06-09 15:30:00;361.94e-6
2014-06-09 15:45:00;366.05e-6
2014-06-09 16:00:00;370.70e-6
2014-06-09 16:15:00;378.98e-6
2014-06-09 16:30:00;390.05e-6
2014-06-09 16:45:00;403.90e-6
2014-06-09 17:00:00;416.40e-6
2014-06-09 17:15:00;430.21e-6
2014-06-09 17:30:00;442.37e-6
2014-06-09 17:45:00;451.94e-6
2014-06-09 18:00:00;454.92e-6
2014-06-09 18:15:00;458.93e-6
2014-06-09 18:30:00;457.63e-6
2014-06-09 18:45:00;459.54e-6
2014-06-09 19:00:00;458.08e-6
2014-06-09 19:15:00;452.82e-6
2014-06-09 19:30:00;444.19e-6
2014-06-09 19:45:00;439.05e-6
2014-06-09 20:00:00;431.12e-6
2014-06-09 20:15:00;426.96e-6
2014-06-09 20:30:00;419.91e-6
2014-06-09 20:45:00;411.19e-6
2014-06-09 21:00:00;399.39e-6
2014-06-09 21:15:00;382.74e-6
2014-06-09 21:30:00;362.12e-6
2014-06-09 21:45:00;338.90e-6
2014-06-09 22:00:00;314.07e-6
2014-06-09 22:15:00;287.71e-6
2014-06-09 22:30:00;263.40e-6
2014-06-09 22:45:00;239.49e-6
2014-06-09 23:00:00;209.07e-6
2014-06-09 23:15:00;192.54e-6
2014-06-09 23:30:00;177.65e-6
2014-06-09 23:45:00;165.54e-6
2014-06-10 00:00:00;155.96e-6
2014-06-10 00:15:00;148.89e-6
2014-06-10 00:30:00;144.19e-6
2014-06-10 00:45:00;143.64e-6
2014-06-10 01:00:00;147.29e-6
2014-06-10 01:15:00;152.83e-6
2014-06-10 01:30:00;157.43e-6
2014-06-10 01:45:00;161.60e-6
2014-06-10 02:00:00;164.49e-6
2014-06-10 02:15:00;165.51e-6
2014-06-10 02:30:00;166.42e-6
2014-06-10 02:45:00;168.30e-6
2014-06-10 03:00:00;173.14e-6
2014-06-10 03:15:00;174.14e-6
2014-06-10 03:30:00;176.69e-6
2014-06-10 03:45:00;186.77e-6
2014-06-10 04:00:00;196.02e-6
2014-06-10 04:15:00;209.28e-6
2014-06-10 04:30:00;225.78e-6
2014-06-10 04:45:00;246.13e-6
2014-06-10 05:00:00;271.02e-6
2014-06-10 05:15:00;296.45e-6
2014-06-10 05:30:00;328.60e-6
2014-06-10 05:45:00;347.54e-6
2014-06-10 06:00:00;369.18e-6
2014-06-10 06:15:00;379.70e-6
2014-06-10 06:30:00;383.86e-6
2014-06-10 06:45:00;376.80e-6
2014-06-10 07:00:00;373.03e-6
2014-06-10 07:15:00;361.19e-6
2014-06-10 07:30:00;348.89e-6
2014-06-10 07:45:00;336.29e-6
2014-06-10 08:00:00;328.34e-6
2014-06-10 08:15:00;322.56e-6
2014-06-10 08:30:00;321.76e-6
2014-06-10 08:45:00;322.45e-6
2014-06-10 09:00:00;325.25e-6
2014-06-10 09:15:00;326.13e-6
2014-06-10 09:30:00;329.05e-6
2014-06-10 09:45:00;337.23e-6
2014-06-10 10:00:00;352.88e-6
2014-06-10 10:15:00;369.24e-6
2014-06-10 10:30:00;376.69e-6
2014-06-10 10:45:00;375.17e-6
2014-06-10 11:00:00;363.30e-6
2014-06-10 11:15:00;356.35e-6
2014-06-10 11:30:00;350.69e-6
2014-06-10 11:45:00;347.97e-6
2014-06-10 12:00:00;345.13e-6
2014-06-10 12:15:00;343.40e-6
2014-06-10 12:30:00;341.79e-6
2014-06-10 12:45:00;340.50e-6
2014-06-10 13:00:00;339.29e-6
2014-06-10 13:15:00;335.79e-6
2014-06-10 13:30:00;330.49e-6
2014-06-10 13:45:00;324.08e-6
2014-06-10 14:00:00;316.82e-6
2014-06-10 14:15:00;309.21e-6
2014-06-10 14:30:00;303.07e-6
2014-06-10 14:45:00;298.16e-6
2014-06-10 15:00:00;295.47e-6
2014-06-10 15:15:00;291.04e-6
2014-06-10 15:30:00;294.67e-6
2014-06-10 15:45:00;300.72e-6
2014-06-10 16:00:00;308.40e-6
2014-06-10 16:15:00;319.49e-6
2014-06-10 16:30:00;333.20e-6
2014-06-10 16:45:00;350.78e-6
2014-06-10 17:00:00;365.39e-6
2014-06-10 17:15:00;384.87e-6
2014-06-10 17:30:00;403.55e-6
2014-06-10 17:45:00;422.51e-6
2014-06-10 18:00:00;435.40e-6
2014-06-10 18:15:00;446.97e-6
2014-06-10 18:30:00;463.41e-6
2014-06-10 18:45:00;467.36e-6
2014-06-10 19:00:00;466.44e-6
2014-06-10 19:15:00;462.25e-6
2014-06-10 19:30:00;453.97e-6
2014-06-10 19:45:00;447.70e-6
2014-06-10 20:00:00;441.34e-6
2014-06-10 20:15:00;435.79e-6
2014-06-10 20:30:00;428.29e-6
2014-06-10 20:45:00;418.50e-6
2014-06-10 21:00:00;405.71e-6
2014-06-10 21:15:00;387.72e-6
2014-06-10 21:30:00;365.50e-6
2014-06-10 21:45:00;340.16e-6
2014-06-10 22:00:00;313.31e-6
2014-06-10 22:15:00;283.51e-6
2014-06-10 22:30:00;258.15e-6
2014-06-10 22:45:00;235.54e-6
2014-06-10 23:00:00;208.53e-6
2014-06-10 23:15:00;192.05e-6
2014-06-10 23:30:00;177.19e-6
2014-06-10 23:45:00;165.11e-6
2014-06-11 00:00:00;155.56e-6
2014-06-11 00:15:00;148.51e-6
2014-06-11 00:30:00;143.82e-6
2014-06-11 00:45:00;143.27e-6
2014-06-11 01:00:00;146.91e-6
2014-06-11 01:15:00;152.43e-6
2014-06-11 01:30:00;157.02e-6
2014-06-11 01:45:00;161.19e-6
2014-06-11 02:00:00;164.06e-6
2014-06-11 02:15:00;165.09e-6
2014-06-11 02:30:00;165.99e-6
2014-06-11 02:45:00;167.87e-6
2014-06-11 03:00:00;172.70e-6
2014-06-11 03:15:00;173.70e-6
2014-06-11 03:30:00;176.24e-6
2014-06-11 03:45:00;186.29e-6
2014-06-11 04:00:00;195.51e-6
2014-06-11 04:15:00;208.74e-6
2014-06-11 04:30:00;225.20e-6
2014-06-11 04:45:00;245.50e-6
2014-06-11 05:00:00;270.32e-6
2014-06-11 05:15:00;295.69e-6
2014-06-11 05:30:00;327.75e-6
2014-06-11 05:45:00;346.65e-6
2014-06-11 06:00:00;368.22e-6
2014-06-11 06:15:00;378.72e-6
2014-06-11 06:30:00;382.87e-6
2014-06-11 06:45:00;375.83e-6
2014-06-11 07:00:00;372.07e-6
2014-06-11 07:15:00;360.26e-6
2014-06-11 07:30:00;347.99e-6
2014-06-11 07:45:00;335.42e-6
2014-06-11 08:00:00;327.49e-6
2014-06-11 08:15:00;321.73e-6
2014-06-11 08:30:00;320.93e-6
2014-06-11 08:45:00;321.62e-6
2014-06-11 09:00:00;324.41e-6
2014-06-11 09:15:00;325.29e-6
2014-06-11 09:30:00;328.20e-6
2014-06-11 09:45:00;336.36e-6
2014-06-11 10:00:00;351.97e-6
2014-06-11 10:15:00;368.29e-6
2014-06-11 10:30:00;375.72e-6
2014-06-11 10:45:00;374.21e-6
2014-06-11 11:00:00;362.36e-6
2014-06-11 11:15:00;355.44e-6
2014-06-11 11:30:00;349.79e-6
2014-06-11 11:45:00;347.07e-6
2014-06-11 12:00:00;344.24e-6
2014-06-11 12:15:00;342.51e-6
2014-06-11 12:30:00;340.91e-6
2014-06-11 12:45:00;339.62e-6
2014-06-11 13:00:00;338.42e-6
2014-06-11 13:15:00;334.92e-6
2014-06-11 13:30:00;329.64e-6
2014-06-11 13:45:00;323.24e-6
2014-06-11 14:00:00;316.00e-6
2014-06-11 14:15:00;308.41e-6
2014-06-11 14:30:00;302.29e-6
2014-06-11 14:45:00;297.39e-6
2014-06-11 15:00:00;294.71e-6
2014-06-11 15:15:00;290.29e-6
2014-06-11 15:30:00;293.91e-6
2014-06-11 15:45:00;299.95e-6
2014-06-11 16:00:00;307.61e-6
2014-06-11 16:15:00;318.66e-6
2014-06-11 16:30:00;332.34e-6
2014-06-11 16:45:00;349.88e-6
2014-06-11 17:00:00;364.45e-6
2014-06-11 17:15:00;383.88e-6
2014-06-11 17:30:00;402.51e-6
2014-06-11 17:45:00;421.42e-6
2014-06-11 18:00:00;434.27e-6
2014-06-11 18:15:00;445.82e-6
2014-06-11 18:30:00;462.21e-6
2014-06-11 18:45:00;466.16e-6
2014-06-11 19:00:00;465.24e-6
2014-06-11 19:15:00;461.06e-6
2014-06-11 19:30:00;452.80e-6
2014-06-11 19:45:00;446.55e-6
2014-06-11 20:00:00;440.20e-6
2014-06-11 20:15:00;434.67e-6
2014-06-11 20:30:00;427.18e-6
2014-06-11 20:45:00;417.42e-6
2014-06-11 21:00:00;404.66e-6
2014-06-11 21:15:00;386.72e-6
2014-06-11 21:30:00;364.56e-6
2014-06-11 21:45:00;339.29e-6
2014-06-11 22:00:00;312.51e-6
2014-06-11 22:15:00;282.77e-6
2014-06-11 22:30:00;257.49e-6
2014-06-11 22:45:00;234.93e-6
2014-06-11 23:00:00;208.01e-6
2014-06-11 23:15:00;191.56e-6
2014-06-11 23:30:00;176.74e-6
2014-06-11 23:45:00;164.70e-6
2014-06-12 00:00:00;155.16e-6
2014-06-12 00:15:00;148.13e-6
2014-06-12 00:30:00;143.46e-6
2014-06-12 00:45:00;142.91e-6
2014-06-12 01:00:00;146.54e-6
2014-06-12 01:15:00;152.05e-6
2014-06-12 01:30:00;156.62e-6
2014-06-12 01:45:00;160.78e-6
2014-06-12 02:00:00;163.65e-6
2014-06-12 02:15:00;164.67e-6
2014-06-12 02:30:00;165.57e-6
2014-06-12 02:45:00;167.44e-6
2014-06-12 03:00:00;172.26e-6
2014-06-12 03:15:00;173.26e-6
2014-06-12 03:30:00;175.79e-6
2014-06-12 03:45:00;185.82e-6
2014-06-12 04:00:00;195.02e-6
2014-06-12 04:15:00;208.21e-6
2014-06-12 04:30:00;224.63e-6
2014-06-12 04:45:00;244.87e-6
2014-06-12 05:00:00;269.64e-6
2014-06-12 05:15:00;294.94e-6
2014-06-12 05:30:00;326.92e-6
2014-06-12 05:45:00;345.77e-6
2014-06-12 06:00:00;367.29e-6
2014-06-12 06:15:00;377.76e-6
2014-06-12 06:30:00;381.90e-6
2014-06-12 06:45:00;374.88e-6
2014-06-12 07:00:00;371.13e-6
2014-06-12 07:15:00;359.35e-6
2014-06-12 07:30:00;347.11e-6
2014-06-12 07:45:00;334.57e-6
2014-06-12 08:00:00;326.66e-6
2014-06-12 08:15:00;320.91e-6
2014-06-12 08:30:00;320.12e-6
2014-06-12 08:45:00;320.81e-6
2014-06-12 09:00:00;323.59e-6
2014-06-12 09:15:00;324.46e-6
2014-06-12 09:30:00;327.37e-6
2014-06-12 09:45:00;335.51e-6
2014-06-12 10:00:00;351.08e-6
2014-06-12 10:15:00;367.36e-6
2014-06-12 10:30:00;374.77e-6
2014-06-12 10:45:00;373.26e-6
2014-06-12 11:00:00;361.45e-6
2014-06-12 11:15:00;354.54e-6
2014-06-12 11:30:00;348.90e-6
2014-06-12 11:45:00;346.20e-6
2014-06-12 12:00:00;343.37e-6
2014-06-12 12:15:00;341.65e-6
2014-06-12 12:30:00;340.05e-6
2014-06-12 12:45:00;338.76e-6
2014-06-12 13:00:00;337.56e-6
2014-06-12 13:15:00;334.07e-6
2014-06-12 13:30:00;328.80e-6
2014-06-12 13:45:00;322.43e-6
2014-06-12 14:00:00;315.20e-6
2014-06-12 14:15:00;307.63e-6
2014-06-12 14:30:00;301.52e-6
2014-06-12 14:45:00;296.64e-6
2014-06-12 15:00:00;293.97e-6
2014-06-12 15:15:00;289.55e-6
2014-06-12 15:30:00;293.17e-6
2014-06-12 15:45:00;299.19e-6
2014-06-12 16:00:00;306.83e-6
2014-06-12 16:15:00;317.86e-6
2014-06-12 16:30:00;331.50e-6
2014-06-12 16:45:00;349.00e-6
2014-06-12 17:00:00;363.53e-6
2014-06-12 17:15:00;382.91e-6
2014-06-12 17:30:00;401.49e-6
2014-06-12 17:45:00;420.36e-6
2014-06-12 18:00:00;433.18e-6
2014-06-12 18:15:00;444.69e-6
2014-06-12 18:30:00;461.04e-6
2014-06-12 18:45:00;464.98e-6
2014-06-12 19:00:00;464.06e-6
2014-06-12 19:15:00;459.90e-6
2014-06-12 19:30:00;451.66e-6
2014-06-12 19:45:00;445.42e-6
2014-06-12 20:00:00;439.09e-6
2014-06-12 20:15:00;433.57e-6
2014-06-12 20:30:00;426.10e-6
2014-06-12 20:45:00;416.37e-6
2014-06-12 21:00:00;403.64e-6
2014-06-12 21:15:00;385.74e-6
2014-06-12 21:30:00;363.64e-6
2014-06-12 21:45:00;338.43e-6
2014-06-12 22:00:00;311.72e-6
2014-06-12 22:15:00;282.06e-6
2014-06-12 22:30:00;256.84e-6
2014-06-12 22:45:00;234.34e-6
2014-06-12 23:00:00;207.49e-6
2014-06-12 23:15:00;191.09e-6
2014-06-12 23:30:00;176.31e-6
2014-06-12 23:45:00;164.29e-6
2014-06-13 00:00:00;154.78e-6
2014-06-13 00:15:00;147.76e-6
2014-06-13 00:30:00;143.10e-6
2014-06-13 00:45:00;142.55e-6
2014-06-13 01:00:00;146.18e-6
2014-06-13 01:15:00;151.67e-6
2014-06-13 01:30:00;156.24e-6
2014-06-13 01:45:00;160.38e-6
2014-06-13 02:00:00;163.24e-6
2014-06-13 02:15:00;164.26e-6
2014-06-13 02:30:00;165.16e-6
2014-06-13 02:45:00;167.03e-6
2014-06-13 03:00:00;171.83e-6
2014-06-13 03:15:00;172.83e-6
2014-06-13 03:30:00;175.36e-6
2014-06-13 03:45:00;185.36e-6
2014-06-13 04:00:00;194.54e-6
2014-06-13 04:15:00;207.70e-6
2014-06-13 04:30:00;224.07e-6
2014-06-13 04:45:00;244.27e-6
2014-06-13 05:00:00;268.97e-6
2014-06-13 05:15:00;294.21e-6
2014-06-13 05:30:00;326.11e-6
2014-06-13 05:45:00;344.92e-6
2014-06-13 06:00:00;366.39e-6
2014-06-13 06:15:00;376.82e-6
2014-06-13 06:30:00;380.96e-6
2014-06-13 06:45:00;373.95e-6
2014-06-13 07:00:00;370.21e-6
2014-06-13 07:15:00;358.46e-6
2014-06-13 07:30:00;346.25e-6
2014-06-13 07:45:00;333.75e-6
2014-06-13 08:00:00;325.85e-6
2014-06-13 08:15:00;320.12e-6
2014-06-13 08:30:00;319.33e-6
2014-06-13 08:45:00;320.01e-6
2014-06-13 09:00:00;322.79e-6
2014-06-13 09:15:00;323.66e-6
2014-06-13 09:30:00;326.56e-6
2014-06-13 09:45:00;334.68e-6
2014-06-13 10:00:00;350.22e-6
2014-06-13 10:15:00;366.45e-6
2014-06-13 10:30:00;373.84e-6
2014-06-13 10:45:00;372.34e-6
2014-06-13 11:00:00;360.55e-6
2014-06-13 11:15:00;353.66e-6
2014-06-13 11:30:00;348.04e-6
2014-06-13 11:45:00;345.34e-6
2014-06-13 12:00:00;342.52e-6
2014-06-13 12:15:00;340.80e-6
2014-06-13 12:30:00;339.20e-6
2014-06-13 12:45:00;337.92e-6
2014-06-13 13:00:00;336.73e-6
2014-06-13 13:15:00;333.25e-6
2014-06-13 13:30:00;327.99e-6
2014-06-13 13:45:00;321.63e-6
2014-06-13 14:00:00;314.42e-6
2014-06-13 14:15:00;306.87e-6
2014-06-13 14:30:00;300.77e-6
2014-06-13 14:45:00;295.91e-6
2014-06-13 15:00:00;293.24e-6
2014-06-13 15:15:00;288.84e-6
2014-06-13 15:30:00;292.44e-6
2014-06-13 15:45:00;298.45e-6
2014-06-13 16:00:00;306.07e-6
2014-06-13 16:15:00;317.07e-6
2014-06-13 16:30:00;330.68e-6
2014-06-13 16:45:00;348.13e-6
2014-06-13 17:00:00;362.63e-6
2014-06-13 17:15:00;381.96e-6
2014-06-13 17:30:00;400.50e-6
2014-06-13 17:45:00;419.32e-6
2014-06-13 18:00:00;432.10e-6
2014-06-13 18:15:00;443.59e-6
2014-06-13 18:30:00;459.90e-6
2014-06-13 18:45:00;463.83e-6
2014-06-13 19:00:00;462.91e-6
2014-06-13 19:15:00;458.76e-6
2014-06-13 19:30:00;450.54e-6
2014-06-13 19:45:00;444.32e-6
2014-06-13 20:00:00;438.00e-6
2014-06-13 20:15:00;432.50e-6
2014-06-13 20:30:00;425.05e-6
2014-06-13 20:45:00;415.34e-6
2014-06-13 21:00:00;402.64e-6
2014-06-13 21:15:00;384.79e-6
2014-06-13 21:30:00;362.74e-6
2014-06-13 21:45:00;337.59e-6
2014-06-13 22:00:00;310.94e-6
2014-06-13 22:15:00;281.36e-6
2014-06-13 22:30:00;256.20e-6
2014-06-13 22:45:00;233.76e-6
2014-06-13 23:00:00;236.15e-6
2014-06-13 23:15:00;216.02e-6
2014-06-13 23:30:00;197.74e-6
2014-06-13 23:45:00;180.88e-6
2014-06-14 00:00:00;165.12e-6
2014-06-14 00:15:00;152.86e-6
2014-06-14 00:30:00;143.03e-6
2014-06-14 00:45:00;140.41e-6
2014-06-14 01:00:00;142.08e-6
2014-06-14 01:15:00;147.11e-6
2014-06-14 01:30:00;152.28e-6
2014-06-14 01:45:00;157.78e-6
2014-06-14 02:00:00;160.49e-6
2014-06-14 02:15:00;161.68e-6
2014-06-14 02:30:00;162.37e-6
2014-06-14 02:45:00;164.86e-6
2014-06-14 03:00:00;169.01e-6
2014-06-14 03:15:00;169.59e-6
2014-06-14 03:30:00;168.49e-6
2014-06-14 03:45:00;168.04e-6
2014-06-14 04:00:00;167.98e-6
2014-06-14 04:15:00;170.23e-6
2014-06-14 04:30:00;175.38e-6
2014-06-14 04:45:00;184.58e-6
2014-06-14 05:00:00;199.11e-6
2014-06-14 05:15:00;216.80e-6
2014-06-14 05:30:00;239.34e-6
2014-06-14 05:45:00;257.71e-6
2014-06-14 06:00:00;283.15e-6
2014-06-14 06:15:00;302.17e-6
2014-06-14 06:30:00;320.04e-6
2014-06-14 06:45:00;332.49e-6
2014-06-14 07:00:00;349.19e-6
2014-06-14 07:15:00;359.42e-6
2014-06-14 07:30:00;366.13e-6
2014-06-14 07:45:00;375.61e-6
2014-06-14 08:00:00;388.49e-6
2014-06-14 08:15:00;397.38e-6
2014-06-14 08:30:00;404.50e-6
2014-06-14 08:45:00;410.05e-6
2014-06-14 09:00:00;416.33e-6
2014-06-14 09:15:00;421.06e-6
2014-06-14 09:30:00;427.65e-6
2014-06-14 09:45:00;441.79e-6
2014-06-14 10:00:00;465.25e-6
2014-06-14 10:15:00;493.72e-6
2014-06-14 10:30:00;508.53e-6
2014-06-14 10:45:00;505.37e-6
2014-06-14 11:00:00;481.19e-6
2014-06-14 11:15:00;457.27e-6
2014-06-14 11:30:00;438.00e-6
2014-06-14 11:45:00;428.05e-6
2014-06-14 12:00:00;417.35e-6
2014-06-14 12:15:00;410.63e-6
2014-06-14 12:30:00;406.55e-6
2014-06-14 12:45:00;405.46e-6
2014-06-14 13:00:00;406.83e-6
2014-06-14 13:15:00;407.94e-6
2014-06-14 13:30:00;408.51e-6
2014-06-14 13:45:00;408.48e-6
2014-06-14 14:00:00;407.38e-6
2014-06-14 14:15:00;405.24e-6
2014-06-14 14:30:00;403.35e-6
2014-06-14 14:45:00;401.32e-6
2014-06-14 15:00:00;400.36e-6
2014-06-14 15:15:00;397.09e-6
2014-06-14 15:30:00;400.91e-6
2014-06-14 15:45:00;406.94e-6
2014-06-14 16:00:00;412.70e-6
2014-06-14 16:15:00;421.63e-6
2014-06-14 16:30:00;431.82e-6
2014-06-14 16:45:00;443.65e-6
2014-06-14 17:00:00;452.90e-6
2014-06-14 17:15:00;463.41e-6
2014-06-14 17:30:00;471.51e-6
2014-06-14 17:45:00;475.20e-6
2014-06-14 18:00:00;471.83e-6
2014-06-14 18:15:00;468.93e-6
2014-06-14 18:30:00;468.11e-6
2014-06-14 18:45:00;464.12e-6
2014-06-14 19:00:00;457.58e-6
2014-06-14 19:15:00;450.47e-6
2014-06-14 19:30:00;439.60e-6
2014-06-14 19:45:00;433.23e-6
2014-06-14 20:00:00;424.87e-6
2014-06-14 20:15:00;423.34e-6
2014-06-14 20:30:00;419.48e-6
2014-06-14 20:45:00;415.80e-6
2014-06-14 21:00:00;410.82e-6
2014-06-14 21:15:00;401.79e-6
2014-06-14 21:30:00;388.44e-6
2014-06-14 21:45:00;371.46e-6
2014-06-14 22:00:00;350.51e-6
2014-06-14 22:15:00;329.02e-6
2014-06-14 22:30:00;301.70e-6
2014-06-14 22:45:00;279.54e-6
2014-06-14 23:00:00;254.44e-6
2014-06-14 23:15:00;235.19e-6
2014-06-14 23:30:00;218.28e-6
2014-06-14 23:45:00;201.77e-6
2014-06-15 00:00:00;186.98e-6
2014-06-15 00:15:00;174.96e-6
2014-06-15 00:30:00;165.53e-6
2014-06-15 00:45:00;161.71e-6
2014-06-15 01:00:00;160.68e-6
2014-06-15 01:15:00;165.17e-6
2014-06-15 01:30:00;168.46e-6
2014-06-15 01:45:00;171.83e-6
2014-06-15 02:00:00;172.86e-6
2014-06-15 02:15:00;172.91e-6
2014-06-15 02:30:00;173.98e-6
2014-06-15 02:45:00;175.76e-6
2014-06-15 03:00:00;177.95e-6
2014-06-15 03:15:00;178.19e-6
2014-06-15 03:30:00;177.40e-6
2014-06-15 03:45:00;175.20e-6
2014-06-15 04:00:00;173.71e-6
2014-06-15 04:15:00;173.64e-6
2014-06-15 04:30:00;175.80e-6
2014-06-15 04:45:00;181.37e-6
2014-06-15 05:00:00;191.60e-6
2014-06-15 05:15:00;204.92e-6
2014-06-15 05:30:00;221.99e-6
2014-06-15 05:45:00;237.37e-6
2014-06-15 06:00:00;262.89e-6
2014-06-15 06:15:00;288.22e-6
2014-06-15 06:30:00;320.61e-6
2014-06-15 06:45:00;353.62e-6
2014-06-15 07:00:00;390.00e-6
2014-06-15 07:15:00;421.64e-6
2014-06-15 07:30:00;445.79e-6
2014-06-15 07:45:00;466.64e-6
2014-06-15 08:00:00;484.92e-6
2014-06-15 08:15:00;498.83e-6
2014-06-15 08:30:00;508.88e-6
2014-06-15 08:45:00;518.83e-6
2014-06-15 09:00:00;531.83e-6
2014-06-15 09:15:00;545.77e-6
2014-06-15 09:30:00;562.84e-6
2014-06-15 09:45:00;587.37e-6
2014-06-15 10:00:00;620.55e-6
2014-06-15 10:15:00;658.59e-6
2014-06-15 10:30:00;668.84e-6
2014-06-15 10:45:00;651.18e-6
2014-06-15 11:00:00;610.36e-6
2014-06-15 11:15:00;571.94e-6
2014-06-15 11:30:00;537.58e-6
2014-06-15 11:45:00;514.03e-6
2014-06-15 12:00:00;489.52e-6
2014-06-15 12:15:00;469.59e-6
2014-06-15 12:30:00;452.76e-6
2014-06-15 12:45:00;439.56e-6
2014-06-15 13:00:00;429.55e-6
2014-06-15 13:15:00;419.89e-6
2014-06-15 13:30:00;410.44e-6
2014-06-15 13:45:00;401.32e-6
2014-06-15 14:00:00;392.09e-6
2014-06-15 14:15:00;382.81e-6
2014-06-15 14:30:00;374.89e-6
2014-06-15 14:45:00;367.68e-6
2014-06-15 15:00:00;362.55e-6
2014-06-15 15:15:00;354.66e-6
2014-06-15 15:30:00;356.55e-6
2014-06-15 15:45:00;360.59e-6
2014-06-15 16:00:00;365.17e-6
2014-06-15 16:15:00;373.33e-6
2014-06-15 16:30:00;384.24e-6
2014-06-15 16:45:00;397.88e-6
2014-06-15 17:00:00;410.20e-6
2014-06-15 17:15:00;423.79e-6
2014-06-15 17:30:00;435.78e-6
2014-06-15 17:45:00;445.20e-6
2014-06-15 18:00:00;448.14e-6
2014-06-15 18:15:00;452.08e-6
2014-06-15 18:30:00;450.81e-6
2014-06-15 18:45:00;452.69e-6
2014-06-15 19:00:00;451.25e-6
2014-06-15 19:15:00;446.07e-6
2014-06-15 19:30:00;437.57e-6
2014-06-15 19:45:00;432.51e-6
2014-06-15 20:00:00;424.70e-6
2014-06-15 20:15:00;420.59e-6
2014-06-15 20:30:00;413.65e-6
2014-06-15 20:45:00;405.06e-6
2014-06-15 21:00:00;393.43e-6
2014-06-15 21:15:00;377.03e-6
2014-06-15 21:30:00;356.72e-6
2014-06-15 21:45:00;333.85e-6
2014-06-15 22:00:00;309.39e-6
2014-06-15 22:15:00;283.42e-6
2014-06-15 22:30:00;259.47e-6
2014-06-15 22:45:00;235.92e-6
2014-06-15 23:00:00;206.02e-6
2014-06-15 23:15:00;189.73e-6
2014-06-15 23:30:00;175.05e-6
2014-06-15 23:45:00;163.12e-6
2014-06-16 00:00:00;153.68e-6
2014-06-16 00:15:00;146.72e-6
2014-06-16 00:30:00;142.09e-6
2014-06-16 00:45:00;141.54e-6
2014-06-16 01:00:00;145.14e-6
2014-06-16 01:15:00;150.59e-6
2014-06-16 01:30:00;155.13e-6
2014-06-16 01:45:00;159.25e-6
2014-06-16 02:00:00;162.08e-6
2014-06-16 02:15:00;163.10e-6
2014-06-16 02:30:00;163.99e-6
2014-06-16 02:45:00;165.84e-6
2014-06-16 03:00:00;170.61e-6
2014-06-16 03:15:00;171.60e-6
2014-06-16 03:30:00;174.11e-6
2014-06-16 03:45:00;184.04e-6
2014-06-16 04:00:00;193.15e-6
2014-06-16 04:15:00;206.22e-6
2014-06-16 04:30:00;222.49e-6
2014-06-16 04:45:00;242.54e-6
2014-06-16 05:00:00;267.06e-6
2014-06-16 05:15:00;292.12e-6
2014-06-16 05:30:00;323.80e-6
2014-06-16 05:45:00;342.47e-6
2014-06-16 06:00:00;363.79e-6
2014-06-16 06:15:00;374.15e-6
2014-06-16 06:30:00;378.26e-6
2014-06-16 06:45:00;371.30e-6
2014-06-16 07:00:00;367.58e-6
2014-06-16 07:15:00;355.92e-6
2014-06-16 07:30:00;343.79e-6
2014-06-16 07:45:00;331.38e-6
2014-06-16 08:00:00;323.54e-6
2014-06-16 08:15:00;317.85e-6
2014-06-16 08:30:00;317.07e-6
2014-06-16 08:45:00;317.74e-6
2014-06-16 09:00:00;320.50e-6
2014-06-16 09:15:00;321.36e-6
2014-06-16 09:30:00;324.25e-6
2014-06-16 09:45:00;332.31e-6
2014-06-16 10:00:00;347.73e-6
2014-06-16 10:15:00;363.85e-6
2014-06-16 10:30:00;371.19e-6
2014-06-16 10:45:00;369.70e-6
2014-06-16 11:00:00;357.99e-6
2014-06-16 11:15:00;351.15e-6
2014-06-16 11:30:00;345.57e-6
2014-06-16 11:45:00;342.89e-6
2014-06-16 12:00:00;340.09e-6
2014-06-16 12:15:00;338.38e-6
2014-06-16 12:30:00;336.80e-6
2014-06-16 12:45:00;335.53e-6
2014-06-16 13:00:00;334.34e-6
2014-06-16 13:15:00;330.88e-6
2014-06-16 13:30:00;325.66e-6
2014-06-16 13:45:00;319.35e-6
2014-06-16 14:00:00;312.19e-6
2014-06-16 14:15:00;304.69e-6
2014-06-16 14:30:00;298.64e-6
2014-06-16 14:45:00;293.81e-6
2014-06-16 15:00:00;291.16e-6
2014-06-16 15:15:00;286.79e-6
2014-06-16 15:30:00;290.37e-6
2014-06-16 15:45:00;296.33e-6
2014-06-16 16:00:00;303.90e-6
2014-06-16 16:15:00;314.82e-6
2014-06-16 16:30:00;328.34e-6
2014-06-16 16:45:00;345.66e-6
2014-06-16 17:00:00;360.06e-6
2014-06-16 17:15:00;379.25e-6
2014-06-16 17:30:00;397.66e-6
2014-06-16 17:45:00;416.34e-6
2014-06-16 18:00:00;429.04e-6
2014-06-16 18:15:00;440.45e-6
2014-06-16 18:30:00;456.64e-6
2014-06-16 18:45:00;460.54e-6
2014-06-16 19:00:00;459.63e-6
2014-06-16 19:15:00;455.50e-6
2014-06-16 19:30:00;447.34e-6
2014-06-16 19:45:00;441.17e-6
2014-06-16 20:00:00;434.90e-6
2014-06-16 20:15:00;429.43e-6
2014-06-16 20:30:00;422.03e-6
2014-06-16 20:45:00;412.39e-6
2014-06-16 21:00:00;399.79e-6
2014-06-16 21:15:00;382.06e-6
2014-06-16 21:30:00;360.16e-6
2014-06-16 21:45:00;335.20e-6
2014-06-16 22:00:00;308.74e-6
2014-06-16 22:15:00;279.37e-6
2014-06-16 22:30:00;254.38e-6
2014-06-16 22:45:00;232.10e-6
2014-06-16 23:00:00;205.55e-6
2014-06-16 23:15:00;189.30e-6
2014-06-16 23:30:00;174.66e-6
2014-06-16 23:45:00;162.75e-6
2014-06-17 00:00:00;153.33e-6
2014-06-17 00:15:00;146.38e-6
2014-06-17 00:30:00;141.77e-6
2014-06-17 00:45:00;141.22e-6
2014-06-17 01:00:00;144.81e-6
2014-06-17 01:15:00;150.25e-6
2014-06-17 01:30:00;154.78e-6
2014-06-17 01:45:00;158.88e-6
2014-06-17 02:00:00;161.72e-6
2014-06-17 02:15:00;162.73e-6
2014-06-17 02:30:00;163.61e-6
2014-06-17 02:45:00;165.47e-6
2014-06-17 03:00:00;170.23e-6
2014-06-17 03:15:00;171.21e-6
2014-06-17 03:30:00;173.72e-6
2014-06-17 03:45:00;183.63e-6
2014-06-17 04:00:00;192.72e-6
2014-06-17 04:15:00;205.76e-6
2014-06-17 04:30:00;221.98e-6
2014-06-17 04:45:00;241.99e-6
2014-06-17 05:00:00;266.46e-6
2014-06-17 05:15:00;291.46e-6
2014-06-17 05:30:00;323.07e-6
2014-06-17 05:45:00;341.69e-6
2014-06-17 06:00:00;362.96e-6
2014-06-17 06:15:00;373.30e-6
2014-06-17 06:30:00;377.40e-6
2014-06-17 06:45:00;370.46e-6
2014-06-17 07:00:00;366.75e-6
2014-06-17 07:15:00;355.11e-6
2014-06-17 07:30:00;343.01e-6
2014-06-17 07:45:00;330.63e-6
2014-06-17 08:00:00;322.81e-6
2014-06-17 08:15:00;317.13e-6
2014-06-17 08:30:00;316.35e-6
2014-06-17 08:45:00;317.02e-6
2014-06-17 09:00:00;319.77e-6
2014-06-17 09:15:00;320.64e-6
2014-06-17 09:30:00;323.51e-6
2014-06-17 09:45:00;331.56e-6
2014-06-17 10:00:00;346.94e-6
2014-06-17 10:15:00;363.03e-6
2014-06-17 10:30:00;370.35e-6
2014-06-17 10:45:00;368.86e-6
2014-06-17 11:00:00;357.18e-6
2014-06-17 11:15:00;350.36e-6
2014-06-17 11:30:00;344.79e-6
2014-06-17 11:45:00;342.11e-6
2014-06-17 12:00:00;339.32e-6
2014-06-17 12:15:00;337.62e-6
2014-06-17 12:30:00;336.04e-6
2014-06-17 12:45:00;334.77e-6
2014-06-17 13:00:00;333.58e-6
2014-06-17 13:15:00;330.13e-6
2014-06-17 13:30:00;324.93e-6
2014-06-17 13:45:00;318.62e-6
2014-06-17 14:00:00;311.48e-6
2014-06-17 14:15:00;304.01e-6
2014-06-17 14:30:00;297.96e-6
2014-06-17 14:45:00;293.14e-6
2014-06-17 15:00:00;290.50e-6
2014-06-17 15:15:00;286.14e-6
2014-06-17 15:30:00;289.71e-6
2014-06-17 15:45:00;295.66e-6
2014-06-17 16:00:00;303.21e-6
2014-06-17 16:15:00;314.11e-6
2014-06-17 16:30:00;327.59e-6
2014-06-17 16:45:00;344.88e-6
2014-06-17 17:00:00;359.24e-6
2014-06-17 17:15:00;378.39e-6
2014-06-17 17:30:00;396.76e-6
2014-06-17 17:45:00;415.40e-6
2014-06-17 18:00:00;428.07e-6
2014-06-17 18:15:00;439.45e-6
2014-06-17 18:30:00;455.61e-6
2014-06-17 18:45:00;459.49e-6
2014-06-17 19:00:00;458.59e-6
2014-06-17 19:15:00;454.47e-6
2014-06-17 19:30:00;446.33e-6
2014-06-17 19:45:00;440.17e-6
2014-06-17 20:00:00;433.91e-6
2014-06-17 20:15:00;428.46e-6
2014-06-17 20:30:00;421.08e-6
2014-06-17 20:45:00;411.46e-6
2014-06-17 21:00:00;398.88e-6
2014-06-17 21:15:00;381.19e-6
2014-06-17 21:30:00;359.35e-6
2014-06-17 21:45:00;334.44e-6
2014-06-17 22:00:00;308.04e-6
2014-06-17 22:15:00;278.73e-6
2014-06-17 22:30:00;253.81e-6
2014-06-17 22:45:00;231.58e-6
2014-06-17 23:00:00;205.10e-6
2014-06-17 23:15:00;188.88e-6
2014-06-17 23:30:00;174.27e-6
2014-06-17 23:45:00;162.39e-6
2014-06-18 00:00:00;152.99e-6
2014-06-18 00:15:00;146.06e-6
2014-06-18 00:30:00;141.45e-6
2014-06-18 00:45:00;140.91e-6
2014-06-18 01:00:00;144.49e-6
2014-06-18 01:15:00;149.92e-6
2014-06-18 01:30:00;154.43e-6
2014-06-18 01:45:00;158.53e-6
2014-06-18 02:00:00;161.36e-6
2014-06-18 02:15:00;162.37e-6
2014-06-18 02:30:00;163.25e-6
2014-06-18 02:45:00;165.10e-6
2014-06-18 03:00:00;169.85e-6
2014-06-18 03:15:00;170.84e-6
2014-06-18 03:30:00;173.34e-6
2014-06-18 03:45:00;183.22e-6
2014-06-18 04:00:00;192.29e-6
2014-06-18 04:15:00;205.30e-6
2014-06-18 04:30:00;221.49e-6
2014-06-18 04:45:00;241.45e-6
2014-06-18 05:00:00;265.87e-6
2014-06-18 05:15:00;290.82e-6
2014-06-18 05:30:00;322.35e-6
2014-06-18 05:45:00;340.94e-6
2014-06-18 06:00:00;362.16e-6
2014-06-18 06:15:00;372.48e-6
2014-06-18 06:30:00;376.57e-6
2014-06-18 06:45:00;369.64e-6
2014-06-18 07:00:00;365.94e-6
2014-06-18 07:15:00;354.33e-6
2014-06-18 07:30:00;342.26e-6
2014-06-18 07:45:00;329.90e-6
2014-06-18 08:00:00;322.10e-6
2014-06-18 08:15:00;316.43e-6
2014-06-18 08:30:00;315.65e-6
2014-06-18 08:45:00;316.32e-6
2014-06-18 09:00:00;319.07e-6
2014-06-18 09:15:00;319.93e-6
2014-06-18 09:30:00;322.80e-6
2014-06-18 09:45:00;330.82e-6
2014-06-18 10:00:00;346.18e-6
2014-06-18 10:15:00;362.23e-6
2014-06-18 10:30:00;369.53e-6
2014-06-18 10:45:00;368.05e-6
2014-06-18 11:00:00;356.39e-6
2014-06-18 11:15:00;349.58e-6
2014-06-18 11:30:00;344.03e-6
2014-06-18 11:45:00;341.36e-6
2014-06-18 12:00:00;338.57e-6
2014-06-18 12:15:00;336.87e-6
2014-06-18 12:30:00;335.29e-6
2014-06-18 12:45:00;334.03e-6
2014-06-18 13:00:00;332.84e-6
2014-06-18 13:15:00;329.41e-6
2014-06-18 13:30:00;324.21e-6
2014-06-18 13:45:00;317.92e-6
2014-06-18 14:00:00;310.80e-6
2014-06-18 14:15:00;303.33e-6
2014-06-18 14:30:00;297.31e-6
2014-06-18 14:45:00;292.50e-6
2014-06-18 15:00:00;289.86e-6
2014-06-18 15:15:00;285.51e-6
2014-06-18 15:30:00;289.07e-6
2014-06-18 15:45:00;295.01e-6
2014-06-18 16:00:00;302.54e-6
2014-06-18 16:15:00;313.42e-6
2014-06-18 16:30:00;326.87e-6
2014-06-18 16:45:00;344.12e-6
2014-06-18 17:00:00;358.45e-6
2014-06-18 17:15:00;377.56e-6
2014-06-18 17:30:00;395.88e-6
2014-06-18 17:45:00;414.48e-6
2014-06-18 18:00:00;427.12e-6
2014-06-18 18:15:00;438.48e-6
2014-06-18 18:30:00;454.60e-6
2014-06-18 18:45:00;458.48e-6
2014-06-18 19:00:00;457.58e-6
2014-06-18 19:15:00;453.47e-6
2014-06-18 19:30:00;445.35e-6
2014-06-18 19:45:00;439.20e-6
2014-06-18 20:00:00;432.95e-6
2014-06-18 20:15:00;427.51e-6
2014-06-18 20:30:00;420.15e-6
2014-06-18 20:45:00;410.55e-6
2014-06-18 21:00:00;398.00e-6
2014-06-18 21:15:00;380.35e-6
2014-06-18 21:30:00;358.56e-6
2014-06-18 21:45:00;333.70e-6
2014-06-18 22:00:00;307.36e-6
2014-06-18 22:15:00;278.12e-6
2014-06-18 22:30:00;253.25e-6
2014-06-18 22:45:00;231.07e-6
2014-06-18 23:00:00;204.66e-6
2014-06-18 23:15:00;188.48e-6
2014-06-18 23:30:00;173.90e-6
2014-06-18 23:45:00;162.04e-6
2014-06-19 00:00:00;152.67e-6
2014-06-19 00:15:00;145.75e-6
2014-06-19 00:30:00;141.15e-6
2014-06-19 00:45:00;140.61e-6
2014-06-19 01:00:00;144.18e-6
2014-06-19 01:15:00;149.60e-6
2014-06-19 01:30:00;154.10e-6
2014-06-19 01:45:00;158.19e-6
2014-06-19 02:00:00;161.01e-6
2014-06-19 02:15:00;162.02e-6
2014-06-19 02:30:00;162.90e-6
2014-06-19 02:45:00;164.75e-6
2014-06-19 03:00:00;169.49e-6
2014-06-19 03:15:00;170.47e-6
2014-06-19 03:30:00;172.96e-6
2014-06-19 03:45:00;182.83e-6
2014-06-19 04:00:00;191.88e-6
2014-06-19 04:15:00;204.86e-6
2014-06-19 04:30:00;221.02e-6
2014-06-19 04:45:00;240.93e-6
2014-06-19 05:00:00;265.30e-6
2014-06-19 05:15:00;290.19e-6
2014-06-19 05:30:00;321.66e-6
2014-06-19 05:45:00;340.21e-6
2014-06-19 06:00:00;361.38e-6
2014-06-19 06:15:00;371.68e-6
2014-06-19 06:30:00;375.76e-6
2014-06-19 06:45:00;368.85e-6
2014-06-19 07:00:00;365.15e-6
2014-06-19 07:15:00;353.56e-6
2014-06-19 07:30:00;341.52e-6
2014-06-19 07:45:00;329.19e-6
2014-06-19 08:00:00;321.41e-6
2014-06-19 08:15:00;315.75e-6
2014-06-19 08:30:00;314.97e-6
2014-06-19 08:45:00;315.64e-6
2014-06-19 09:00:00;318.38e-6
2014-06-19 09:15:00;319.24e-6
2014-06-19 09:30:00;322.10e-6
2014-06-19 09:45:00;330.11e-6
2014-06-19 10:00:00;345.43e-6
2014-06-19 10:15:00;361.45e-6
2014-06-19 10:30:00;368.74e-6
2014-06-19 10:45:00;367.25e-6
2014-06-19 11:00:00;355.63e-6
2014-06-19 11:15:00;348.83e-6
2014-06-19 11:30:00;343.29e-6
2014-06-19 11:45:00;340.62e-6
2014-06-19 12:00:00;337.84e-6
2014-06-19 12:15:00;336.15e-6
2014-06-19 12:30:00;334.57e-6
2014-06-19 12:45:00;333.31e-6
2014-06-19 13:00:00;332.13e-6
2014-06-19 13:15:00;328.70e-6
2014-06-19 13:30:00;323.51e-6
2014-06-19 13:45:00;317.24e-6
2014-06-19 14:00:00;310.13e-6
2014-06-19 14:15:00;302.68e-6
2014-06-19 14:30:00;296.67e-6
2014-06-19 14:45:00;291.87e-6
2014-06-19 15:00:00;289.24e-6
2014-06-19 15:15:00;284.89e-6
2014-06-19 15:30:00;288.45e-6
2014-06-19 15:45:00;294.37e-6
2014-06-19 16:00:00;301.89e-6
2014-06-19 16:15:00;312.74e-6
2014-06-19 16:30:00;326.17e-6
2014-06-19 16:45:00;343.38e-6
2014-06-19 17:00:00;357.68e-6
2014-06-19 17:15:00;376.75e-6
2014-06-19 17:30:00;395.03e-6
2014-06-19 17:45:00;413.59e-6
2014-06-19 18:00:00;426.20e-6
2014-06-19 18:15:00;437.54e-6
2014-06-19 18:30:00;453.62e-6
2014-06-19 18:45:00;457.49e-6
2014-06-19 19:00:00;456.59e-6
2014-06-19 19:15:00;452.49e-6
2014-06-19 19:30:00;444.39e-6
2014-06-19 19:45:00;438.25e-6
2014-06-19 20:00:00;432.02e-6
2014-06-19 20:15:00;426.59e-6
2014-06-19 20:30:00;419.25e-6
2014-06-19 20:45:00;409.67e-6
2014-06-19 21:00:00;397.14e-6
2014-06-19 21:15:00;379.54e-6
2014-06-19 21:30:00;357.79e-6
2014-06-19 21:45:00;332.98e-6
2014-06-19 22:00:00;306.70e-6
2014-06-19 22:15:00;277.52e-6
2014-06-19 22:30:00;252.70e-6
2014-06-19 22:45:00;230.57e-6
2014-06-19 23:00:00;204.23e-6
2014-06-19 23:15:00;188.08e-6
2014-06-19 23:30:00;173.53e-6
2014-06-19 23:45:00;161.71e-6
2014-06-20 00:00:00;152.35e-6
2014-06-20 00:15:00;145.44e-6
2014-06-20 00:30:00;140.85e-6
2014-06-20 00:45:00;140.31e-6
2014-06-20 01:00:00;143.88e-6
2014-06-20 01:15:00;149.29e-6
2014-06-20 01:30:00;153.78e-6
2014-06-20 01:45:00;157.86e-6
2014-06-20 02:00:00;160.68e-6
2014-06-20 02:15:00;161.68e-6
2014-06-20 02:30:00;162.56e-6
2014-06-20 02:45:00;164.40e-6
2014-06-20 03:00:00;169.13e-6
2014-06-20 03:15:00;170.11e-6
2014-06-20 03:30:00;172.60e-6
2014-06-20 03:45:00;182.45e-6
2014-06-20 04:00:00;191.48e-6
2014-06-20 04:15:00;204.43e-6
2014-06-20 04:30:00;220.55e-6
2014-06-20 04:45:00;240.43e-6
2014-06-20 05:00:00;264.74e-6
2014-06-20 05:15:00;289.59e-6
2014-06-20 05:30:00;320.99e-6
2014-06-20 05:45:00;339.49e-6
2014-06-20 06:00:00;360.63e-6
2014-06-20 06:15:00;370.90e-6
2014-06-20 06:30:00;374.97e-6
2014-06-20 06:45:00;368.07e-6
2014-06-20 07:00:00;364.39e-6
2014-06-20 07:15:00;352.82e-6
2014-06-20 07:30:00;340.81e-6
2014-06-20 07:45:00;328.50e-6
2014-06-20 08:00:00;320.73e-6
2014-06-20 08:15:00;315.09e-6
2014-06-20 08:30:00;314.31e-6
2014-06-20 08:45:00;314.98e-6
2014-06-20 09:00:00;317.71e-6
2014-06-20 09:15:00;318.57e-6
2014-06-20 09:30:00;321.43e-6
2014-06-20 09:45:00;329.42e-6
2014-06-20 10:00:00;344.71e-6
2014-06-20 10:15:00;360.69e-6
2014-06-20 10:30:00;367.96e-6
2014-06-20 10:45:00;366.48e-6
2014-06-20 11:00:00;354.88e-6
2014-06-20 11:15:00;348.10e-6
2014-06-20 11:30:00;342.57e-6
2014-06-20 11:45:00;339.91e-6
2014-06-20 12:00:00;337.13e-6
2014-06-20 12:15:00;335.44e-6
2014-06-20 12:30:00;333.87e-6
2014-06-20 12:45:00;332.61e-6
2014-06-20 13:00:00;331.43e-6
2014-06-20 13:15:00;328.01e-6
2014-06-20 13:30:00;322.83e-6
2014-06-20 13:45:00;316.57e-6
2014-06-20 14:00:00;309.48e-6
2014-06-20 14:15:00;302.05e-6
2014-06-20 14:30:00;296.05e-6
2014-06-20 14:45:00;291.26e-6
2014-06-20 15:00:00;288.63e-6
2014-06-20 15:15:00;284.30e-6
2014-06-20 15:30:00;287.85e-6
2014-06-20 15:45:00;293.76e-6
2014-06-20 16:00:00;301.26e-6
2014-06-20 16:15:00;312.09e-6
2014-06-20 16:30:00;325.48e-6
2014-06-20 16:45:00;342.66e-6
2014-06-20 17:00:00;356.93e-6
2014-06-20 17:15:00;375.96e-6
2014-06-20 17:30:00;394.20e-6
2014-06-20 17:45:00;412.73e-6
2014-06-20 18:00:00;425.31e-6
2014-06-20 18:15:00;436.62e-6
2014-06-20 18:30:00;452.67e-6
2014-06-20 18:45:00;456.53e-6
2014-06-20 19:00:00;455.64e-6
2014-06-20 19:15:00;451.55e-6
2014-06-20 19:30:00;443.46e-6
2014-06-20 19:45:00;437.33e-6
2014-06-20 20:00:00;431.12e-6
2014-06-20 20:15:00;425.70e-6
2014-06-20 20:30:00;418.37e-6
2014-06-20 20:45:00;408.81e-6
2014-06-20 21:00:00;396.31e-6
2014-06-20 21:15:00;378.74e-6
2014-06-20 21:30:00;357.04e-6
2014-06-20 21:45:00;332.29e-6
2014-06-20 22:00:00;306.06e-6
2014-06-20 22:15:00;276.94e-6
2014-06-20 22:30:00;252.17e-6
2014-06-20 22:45:00;230.09e-6
2014-06-20 23:00:00;232.53e-6
2014-06-20 23:15:00;212.71e-6
2014-06-20 23:30:00;194.70e-6
2014-06-20 23:45:00;178.11e-6
2014-06-21 00:00:00;162.58e-6
2014-06-21 00:15:00;150.52e-6
2014-06-21 00:30:00;140.83e-6
2014-06-21 00:45:00;138.26e-6
2014-06-21 01:00:00;139.90e-6
2014-06-21 01:15:00;144.85e-6
2014-06-21 01:30:00;149.95e-6
2014-06-21 01:45:00;155.36e-6
2014-06-21 02:00:00;158.03e-6
2014-06-21 02:15:00;159.20e-6
2014-06-21 02:30:00;159.88e-6
2014-06-21 02:45:00;162.34e-6
2014-06-21 03:00:00;166.42e-6
2014-06-21 03:15:00;166.99e-6
2014-06-21 03:30:00;165.90e-6
2014-06-21 03:45:00;165.46e-6
2014-06-21 04:00:00;165.40e-6
2014-06-21 04:15:00;167.62e-6
2014-06-21 04:30:00;172.69e-6
2014-06-21 04:45:00;181.75e-6
2014-06-21 05:00:00;196.06e-6
2014-06-21 05:15:00;213.47e-6
2014-06-21 05:30:00;235.67e-6
2014-06-21 05:45:00;253.76e-6
2014-06-21 06:00:00;278.81e-6
2014-06-21 06:15:00;297.53e-6
2014-06-21 06:30:00;315.13e-6
2014-06-21 06:45:00;327.39e-6
2014-06-21 07:00:00;343.83e-6
2014-06-21 07:15:00;353.91e-6
2014-06-21 07:30:00;360.51e-6
2014-06-21 07:45:00;369.85e-6
2014-06-21 08:00:00;382.54e-6
2014-06-21 08:15:00;391.28e-6
2014-06-21 08:30:00;398.29e-6
2014-06-21 08:45:00;403.76e-6
2014-06-21 09:00:00;409.94e-6
2014-06-21 09:15:00;414.60e-6
2014-06-21 09:30:00;421.09e-6
2014-06-21 09:45:00;435.01e-6
2014-06-21 10:00:00;458.11e-6
2014-06-21 10:15:00;486.14e-6
2014-06-21 10:30:00;500.73e-6
2014-06-21 10:45:00;497.62e-6
2014-06-21 11:00:00;473.81e-6
2014-06-21 11:15:00;450.26e-6
2014-06-21 11:30:00;431.28e-6
2014-06-21 11:45:00;421.48e-6
2014-06-21 12:00:00;410.94e-6
2014-06-21 12:15:00;404.33e-6
2014-06-21 12:30:00;400.31e-6
2014-06-21 12:45:00;399.24e-6
2014-06-21 13:00:00;400.59e-6
2014-06-21 13:15:00;401.68e-6
2014-06-21 13:30:00;402.24e-6
2014-06-21 13:45:00;402.21e-6
2014-06-21 14:00:00;401.13e-6
2014-06-21 14:15:00;399.02e-6
2014-06-21 14:30:00;397.17e-6
2014-06-21 14:45:00;395.17e-6
2014-06-21 15:00:00;394.22e-6
2014-06-21 15:15:00;391.00e-6
2014-06-21 15:30:00;394.76e-6
2014-06-21 15:45:00;400.70e-6
2014-06-21 16:00:00;406.37e-6
2014-06-21 16:15:00;415.16e-6
2014-06-21 16:30:00;425.20e-6
2014-06-21 16:45:00;436.84e-6
2014-06-21 17:00:00;445.95e-6
2014-06-21 17:15:00;456.30e-6
2014-06-21 17:30:00;464.28e-6
2014-06-21 17:45:00;467.91e-6
2014-06-21 18:00:00;464.60e-6
2014-06-21 18:15:00;461.74e-6
2014-06-21 18:30:00;460.93e-6
2014-06-21 18:45:00;457.00e-6
2014-06-21 19:00:00;450.56e-6
2014-06-21 19:15:00;443.56e-6
2014-06-21 19:30:00;432.86e-6
2014-06-21 19:45:00;426.58e-6
2014-06-21 20:00:00;418.35e-6
2014-06-21 20:15:00;416.85e-6
2014-06-21 20:30:00;413.04e-6
2014-06-21 20:45:00;409.42e-6
2014-06-21 21:00:00;404.52e-6
2014-06-21 21:15:00;395.63e-6
2014-06-21 21:30:00;382.48e-6
2014-06-21 21:45:00;365.77e-6
2014-06-21 22:00:00;345.14e-6
2014-06-21 22:15:00;323.97e-6
2014-06-21 22:30:00;297.07e-6
2014-06-21 22:45:00;275.26e-6
2014-06-21 23:00:00;250.64e-6
2014-06-21 23:15:00;231.67e-6
2014-06-21 23:30:00;215.02e-6
2014-06-21 23:45:00;198.75e-6
2014-06-22 00:00:00;184.18e-6
2014-06-22 00:15:00;172.35e-6
2014-06-22 00:30:00;163.06e-6
2014-06-22 00:45:00;159.29e-6
2014-06-22 01:00:00;158.28e-6
2014-06-22 01:15:00;162.70e-6
2014-06-22 01:30:00;165.94e-6
2014-06-22 01:45:00;169.26e-6
2014-06-22 02:00:00;170.27e-6
2014-06-22 02:15:00;170.33e-6
2014-06-22 02:30:00;171.37e-6
2014-06-22 02:45:00;173.13e-6
2014-06-22 03:00:00;175.29e-6
2014-06-22 03:15:00;175.53e-6
2014-06-22 03:30:00;174.75e-6
2014-06-22 03:45:00;172.58e-6
2014-06-22 04:00:00;171.11e-6
2014-06-22 04:15:00;171.05e-6
2014-06-22 04:30:00;173.17e-6
2014-06-22 04:45:00;178.66e-6
2014-06-22 05:00:00;188.73e-6
2014-06-22 05:15:00;201.86e-6
2014-06-22 05:30:00;218.67e-6
2014-06-22 05:45:00;233.82e-6
2014-06-22 06:00:00;258.96e-6
2014-06-22 06:15:00;283.91e-6
2014-06-22 06:30:00;315.82e-6
2014-06-22 06:45:00;348.33e-6
2014-06-22 07:00:00;384.17e-6
2014-06-22 07:15:00;415.34e-6
2014-06-22 07:30:00;439.13e-6
2014-06-22 07:45:00;459.66e-6
2014-06-22 08:00:00;477.67e-6
2014-06-22 08:15:00;491.38e-6
2014-06-22 08:30:00;501.27e-6
2014-06-22 08:45:00;511.08e-6
2014-06-22 09:00:00;523.88e-6
2014-06-22 09:15:00;537.61e-6
2014-06-22 09:30:00;554.43e-6
2014-06-22 09:45:00;578.59e-6
2014-06-22 10:00:00;611.27e-6
2014-06-22 10:15:00;648.75e-6
2014-06-22 10:30:00;658.84e-6
2014-06-22 10:45:00;641.45e-6
2014-06-22 11:00:00;601.23e-6
2014-06-22 11:15:00;563.39e-6
2014-06-22 11:30:00;529.54e-6
2014-06-22 11:45:00;506.34e-6
2014-06-22 12:00:00;482.20e-6
2014-06-22 12:15:00;462.57e-6
2014-06-22 12:30:00;445.99e-6
2014-06-22 12:45:00;432.99e-6
2014-06-22 13:00:00;423.12e-6
2014-06-22 13:15:00;413.61e-6
2014-06-22 13:30:00;404.31e-6
2014-06-22 13:45:00;395.32e-6
2014-06-22 14:00:00;386.23e-6
2014-06-22 14:15:00;377.09e-6
2014-06-22 14:30:00;369.29e-6
2014-06-22 14:45:00;362.18e-6
2014-06-22 15:00:00;357.13e-6
2014-06-22 15:15:00;349.36e-6
2014-06-22 15:30:00;351.22e-6
2014-06-22 15:45:00;355.20e-6
2014-06-22 16:00:00;359.71e-6
2014-06-22 16:15:00;367.75e-6
2014-06-22 16:30:00;378.49e-6
2014-06-22 16:45:00;391.93e-6
2014-06-22 17:00:00;404.06e-6
2014-06-22 17:15:00;417.46e-6
2014-06-22 17:30:00;429.26e-6
2014-06-22 17:45:00;438.55e-6
2014-06-22 18:00:00;441.44e-6
2014-06-22 18:15:00;445.33e-6
2014-06-22 18:30:00;444.07e-6
2014-06-22 18:45:00;445.92e-6
2014-06-22 19:00:00;444.50e-6
2014-06-22 19:15:00;439.40e-6
2014-06-22 19:30:00;431.03e-6
2014-06-22 19:45:00;426.04e-6
2014-06-22 20:00:00;418.35e-6
2014-06-22 20:15:00;414.30e-6
2014-06-22 20:30:00;407.46e-6
2014-06-22 20:45:00;399.00e-6
2014-06-22 21:00:00;387.55e-6
2014-06-22 21:15:00;371.39e-6
2014-06-22 21:30:00;351.39e-6
2014-06-22 21:45:00;328.86e-6
2014-06-22 22:00:00;304.76e-6
2014-06-22 22:15:00;279.18e-6
2014-06-22 22:30:00;255.59e-6
2014-06-22 22:45:00;232.39e-6
2014-06-22 23:00:00;203.02e-6
2014-06-22 23:15:00;186.97e-6
2014-06-22 23:30:00;172.51e-6
2014-06-22 23:45:00;160.75e-6
2014-06-23 00:00:00;151.44e-6
2014-06-23 00:15:00;144.58e-6
2014-06-23 00:30:00;140.02e-6
2014-06-23 00:45:00;139.48e-6
2014-06-23 01:00:00;143.03e-6
2014-06-23 01:15:00;148.40e-6
2014-06-23 01:30:00;152.87e-6
2014-06-23 01:45:00;156.93e-6
2014-06-23 02:00:00;159.72e-6
2014-06-23 02:15:00;160.72e-6
2014-06-23 02:30:00;161.60e-6
2014-06-23 02:45:00;163.43e-6
2014-06-23 03:00:00;168.13e-6
2014-06-23 03:15:00;169.10e-6
2014-06-23 03:30:00;171.58e-6
2014-06-23 03:45:00;181.37e-6
2014-06-23 04:00:00;190.34e-6
2014-06-23 04:15:00;203.22e-6
2014-06-23 04:30:00;219.25e-6
2014-06-23 04:45:00;239.01e-6
2014-06-23 05:00:00;263.17e-6
2014-06-23 05:15:00;287.87e-6
2014-06-23 05:30:00;319.09e-6
2014-06-23 05:45:00;337.48e-6
2014-06-23 06:00:00;358.49e-6
2014-06-23 06:15:00;368.70e-6
2014-06-23 06:30:00;372.75e-6
2014-06-23 06:45:00;365.89e-6
2014-06-23 07:00:00;362.23e-6
2014-06-23 07:15:00;350.74e-6
2014-06-23 07:30:00;338.79e-6
2014-06-23 07:45:00;326.55e-6
2014-06-23 08:00:00;318.83e-6
2014-06-23 08:15:00;313.22e-6
2014-06-23 08:30:00;312.45e-6
2014-06-23 08:45:00;313.12e-6
2014-06-23 09:00:00;315.83e-6
2014-06-23 09:15:00;316.69e-6
2014-06-23 09:30:00;319.53e-6
2014-06-23 09:45:00;327.47e-6
2014-06-23 10:00:00;342.67e-6
2014-06-23 10:15:00;358.55e-6
2014-06-23 10:30:00;365.78e-6
2014-06-23 10:45:00;364.31e-6
2014-06-23 11:00:00;352.78e-6
2014-06-23 11:15:00;346.04e-6
2014-06-23 11:30:00;340.54e-6
2014-06-23 11:45:00;337.90e-6
2014-06-23 12:00:00;335.14e-6
2014-06-23 12:15:00;333.46e-6
2014-06-23 12:30:00;331.90e-6
2014-06-23 12:45:00;330.64e-6
2014-06-23 13:00:00;329.47e-6
2014-06-23 13:15:00;326.07e-6
2014-06-23 13:30:00;320.92e-6
2014-06-23 13:45:00;314.70e-6
2014-06-23 14:00:00;307.65e-6
2014-06-23 14:15:00;300.26e-6
2014-06-23 14:30:00;294.29e-6
2014-06-23 14:45:00;289.53e-6
2014-06-23 15:00:00;286.92e-6
2014-06-23 15:15:00;282.61e-6
2014-06-23 15:30:00;286.14e-6
2014-06-23 15:45:00;292.02e-6
2014-06-23 16:00:00;299.48e-6
2014-06-23 16:15:00;310.24e-6
2014-06-23 16:30:00;323.56e-6
2014-06-23 16:45:00;340.63e-6
2014-06-23 17:00:00;354.82e-6
2014-06-23 17:15:00;373.73e-6
2014-06-23 17:30:00;391.87e-6
2014-06-23 17:45:00;410.28e-6
2014-06-23 18:00:00;422.79e-6
2014-06-23 18:15:00;434.03e-6
2014-06-23 18:30:00;449.99e-6
2014-06-23 18:45:00;453.83e-6
2014-06-23 19:00:00;452.94e-6
2014-06-23 19:15:00;448.87e-6
2014-06-23 19:30:00;440.83e-6
2014-06-23 19:45:00;434.75e-6
2014-06-23 20:00:00;428.56e-6
2014-06-23 20:15:00;423.18e-6
2014-06-23 20:30:00;415.89e-6
2014-06-23 20:45:00;406.39e-6
2014-06-23 21:00:00;393.97e-6
2014-06-23 21:15:00;376.50e-6
2014-06-23 21:30:00;354.92e-6
2014-06-23 21:45:00;330.32e-6
2014-06-23 22:00:00;304.24e-6
2014-06-23 22:15:00;275.30e-6
2014-06-23 22:30:00;250.68e-6
2014-06-23 22:45:00;228.72e-6
2014-06-23 23:00:00;202.64e-6
2014-06-23 23:15:00;186.62e-6
2014-06-23 23:30:00;172.19e-6
2014-06-23 23:45:00;160.45e-6
2014-06-24 00:00:00;151.16e-6
2014-06-24 00:15:00;144.31e-6
2014-06-24 00:30:00;139.76e-6
2014-06-24 00:45:00;139.22e-6
2014-06-24 01:00:00;142.76e-6
2014-06-24 01:15:00;148.13e-6
2014-06-24 01:30:00;152.58e-6
2014-06-24 01:45:00;156.64e-6
2014-06-24 02:00:00;159.43e-6
2014-06-24 02:15:00;160.42e-6
2014-06-24 02:30:00;161.30e-6
2014-06-24 02:45:00;163.13e-6
2014-06-24 03:00:00;167.82e-6
2014-06-24 03:15:00;168.79e-6
2014-06-24 03:30:00;171.26e-6
2014-06-24 03:45:00;181.03e-6
2014-06-24 04:00:00;189.99e-6
2014-06-24 04:15:00;202.84e-6
2014-06-24 04:30:00;218.84e-6
2014-06-24 04:45:00;238.56e-6
2014-06-24 05:00:00;262.68e-6
2014-06-24 05:15:00;287.34e-6
2014-06-24 05:30:00;318.49e-6
2014-06-24 05:45:00;336.86e-6
2014-06-24 06:00:00;357.82e-6
2014-06-24 06:15:00;368.02e-6
2014-06-24 06:30:00;372.06e-6
2014-06-24 06:45:00;365.21e-6
2014-06-24 07:00:00;361.56e-6
2014-06-24 07:15:00;350.08e-6
2014-06-24 07:30:00;338.16e-6
2014-06-24 07:45:00;325.95e-6
2014-06-24 08:00:00;318.24e-6
2014-06-24 08:15:00;312.64e-6
2014-06-24 08:30:00;311.87e-6
2014-06-24 08:45:00;312.54e-6
2014-06-24 09:00:00;315.25e-6
2014-06-24 09:15:00;316.10e-6
2014-06-24 09:30:00;318.93e-6
2014-06-24 09:45:00;326.86e-6
2014-06-24 10:00:00;342.03e-6
2014-06-24 10:15:00;357.89e-6
2014-06-24 10:30:00;365.10e-6
2014-06-24 10:45:00;363.64e-6
2014-06-24 11:00:00;352.13e-6
2014-06-24 11:15:00;345.40e-6
2014-06-24 11:30:00;339.91e-6
2014-06-24 11:45:00;337.27e-6
2014-06-24 12:00:00;334.51e-6
2014-06-24 12:15:00;332.84e-6
2014-06-24 12:30:00;331.28e-6
2014-06-24 12:45:00;330.03e-6
2014-06-24 13:00:00;328.86e-6
2014-06-24 13:15:00;325.46e-6
2014-06-24 13:30:00;320.33e-6
2014-06-24 13:45:00;314.11e-6
2014-06-24 14:00:00;307.07e-6
2014-06-24 14:15:00;299.70e-6
2014-06-24 14:30:00;293.75e-6
2014-06-24 14:45:00;288.99e-6
2014-06-24 15:00:00;286.39e-6
2014-06-24 15:15:00;282.09e-6
2014-06-24 15:30:00;285.61e-6
2014-06-24 15:45:00;291.47e-6
2014-06-24 16:00:00;298.92e-6
2014-06-24 16:15:00;309.66e-6
2014-06-24 16:30:00;322.96e-6
2014-06-24 16:45:00;340.00e-6
2014-06-24 17:00:00;354.16e-6
2014-06-24 17:15:00;373.04e-6
2014-06-24 17:30:00;391.14e-6
2014-06-24 17:45:00;409.52e-6
2014-06-24 18:00:00;422.01e-6
2014-06-24 18:15:00;433.23e-6
2014-06-24 18:30:00;449.15e-6
2014-06-24 18:45:00;452.99e-6
2014-06-24 19:00:00;452.10e-6
2014-06-24 19:15:00;448.04e-6
2014-06-24 19:30:00;440.01e-6
2014-06-24 19:45:00;433.94e-6
2014-06-24 20:00:00;427.77e-6
2014-06-24 20:15:00;422.39e-6
2014-06-24 20:30:00;415.12e-6
2014-06-24 20:45:00;405.63e-6
2014-06-24 21:00:00;393.23e-6
2014-06-24 21:15:00;375.80e-6
2014-06-24 21:30:00;354.26e-6
2014-06-24 21:45:00;329.70e-6
2014-06-24 22:00:00;303.68e-6
2014-06-24 22:15:00;274.79e-6
2014-06-24 22:30:00;250.22e-6
2014-06-24 22:45:00;228.30e-6
2014-06-24 23:00:00;202.28e-6
2014-06-24 23:15:00;186.29e-6
2014-06-24 23:30:00;171.88e-6
2014-06-24 23:45:00;160.16e-6
2014-06-25 00:00:00;150.89e-6
2014-06-25 00:15:00;144.05e-6
2014-06-25 00:30:00;139.51e-6
2014-06-25 00:45:00;138.97e-6
2014-06-25 01:00:00;142.50e-6
2014-06-25 01:15:00;147.86e-6
2014-06-25 01:30:00;152.31e-6
2014-06-25 01:45:00;156.35e-6
2014-06-25 02:00:00;159.14e-6
2014-06-25 02:15:00;160.13e-6
2014-06-25 02:30:00;161.01e-6
2014-06-25 02:45:00;162.83e-6
2014-06-25 03:00:00;167.52e-6
2014-06-25 03:15:00;168.49e-6
2014-06-25 03:30:00;170.95e-6
2014-06-25 03:45:00;180.70e-6
2014-06-25 04:00:00;189.65e-6
2014-06-25 04:15:00;202.48e-6
2014-06-25 04:30:00;218.45e-6
2014-06-25 04:45:00;238.13e-6
2014-06-25 05:00:00;262.21e-6
2014-06-25 05:15:00;286.82e-6
2014-06-25 05:30:00;317.92e-6
2014-06-25 05:45:00;336.25e-6
2014-06-25 06:00:00;357.18e-6
2014-06-25 06:15:00;367.36e-6
2014-06-25 06:30:00;371.39e-6
2014-06-25 06:45:00;364.56e-6
2014-06-25 07:00:00;360.91e-6
2014-06-25 07:15:00;349.45e-6
2014-06-25 07:30:00;337.55e-6
2014-06-25 07:45:00;325.36e-6
2014-06-25 08:00:00;317.67e-6
2014-06-25 08:15:00;312.08e-6
2014-06-25 08:30:00;311.31e-6
2014-06-25 08:45:00;311.97e-6
2014-06-25 09:00:00;314.68e-6
2014-06-25 09:15:00;315.53e-6
2014-06-25 09:30:00;318.36e-6
2014-06-25 09:45:00;326.27e-6
2014-06-25 10:00:00;341.42e-6
2014-06-25 10:15:00;357.24e-6
2014-06-25 10:30:00;364.45e-6
2014-06-25 10:45:00;362.98e-6
2014-06-25 11:00:00;351.49e-6
2014-06-25 11:15:00;344.77e-6
2014-06-25 11:30:00;339.29e-6
2014-06-25 11:45:00;336.66e-6
2014-06-25 12:00:00;333.91e-6
2014-06-25 12:15:00;332.24e-6
2014-06-25 12:30:00;330.68e-6
2014-06-25 12:45:00;329.43e-6
2014-06-25 13:00:00;328.27e-6
2014-06-25 13:15:00;324.88e-6
2014-06-25 13:30:00;319.75e-6
2014-06-25 13:45:00;313.55e-6
2014-06-25 14:00:00;306.52e-6
2014-06-25 14:15:00;299.16e-6
2014-06-25 14:30:00;293.22e-6
2014-06-25 14:45:00;288.47e-6
2014-06-25 15:00:00;285.87e-6
2014-06-25 15:15:00;281.58e-6
2014-06-25 15:30:00;285.10e-6
2014-06-25 15:45:00;290.95e-6
2014-06-25 16:00:00;298.38e-6
2014-06-25 16:15:00;309.10e-6
2014-06-25 16:30:00;322.37e-6
2014-06-25 16:45:00;339.39e-6
2014-06-25 17:00:00;353.52e-6
2014-06-25 17:15:00;372.37e-6
2014-06-25 17:30:00;390.44e-6
2014-06-25 17:45:00;408.78e-6
2014-06-25 18:00:00;421.25e-6
2014-06-25 18:15:00;432.45e-6
2014-06-25 18:30:00;448.35e-6
2014-06-25 18:45:00;452.17e-6
2014-06-25 19:00:00;451.28e-6
2014-06-25 19:15:00;447.23e-6
2014-06-25 19:30:00;439.22e-6
2014-06-25 19:45:00;433.16e-6
2014-06-25 20:00:00;427.00e-6
2014-06-25 20:15:00;421.63e-6
2014-06-25 20:30:00;414.37e-6
2014-06-25 20:45:00;404.90e-6
2014-06-25 21:00:00;392.53e-6
2014-06-25 21:15:00;375.12e-6
2014-06-25 21:30:00;353.62e-6
2014-06-25 21:45:00;329.11e-6
2014-06-25 22:00:00;303.13e-6
2014-06-25 22:15:00;274.29e-6
2014-06-25 22:30:00;249.77e-6
2014-06-25 22:45:00;227.89e-6
2014-06-25 23:00:00;201.93e-6
2014-06-25 23:15:00;185.96e-6
2014-06-25 23:30:00;171.58e-6
2014-06-25 23:45:00;159.88e-6
2014-06-26 00:00:00;150.63e-6
2014-06-26 00:15:00;143.80e-6
2014-06-26 00:30:00;139.27e-6
2014-06-26 00:45:00;138.73e-6
2014-06-26 01:00:00;142.26e-6
2014-06-26 01:15:00;147.60e-6
2014-06-26 01:30:00;152.05e-6
2014-06-26 01:45:00;156.08e-6
2014-06-26 02:00:00;158.86e-6
2014-06-26 02:15:00;159.86e-6
2014-06-26 02:30:00;160.73e-6
2014-06-26 02:45:00;162.55e-6
2014-06-26 03:00:00;167.23e-6
2014-06-26 03:15:00;168.19e-6
2014-06-26 03:30:00;170.65e-6
2014-06-26 03:45:00;180.39e-6
2014-06-26 04:00:00;189.32e-6
2014-06-26 04:15:00;202.13e-6
2014-06-26 04:30:00;218.07e-6
2014-06-26 04:45:00;237.72e-6
2014-06-26 05:00:00;261.76e-6
2014-06-26 05:15:00;286.32e-6
2014-06-26 05:30:00;317.37e-6
2014-06-26 05:45:00;335.67e-6
2014-06-26 06:00:00;356.56e-6
2014-06-26 06:15:00;366.72e-6
2014-06-26 06:30:00;370.74e-6
2014-06-26 06:45:00;363.92e-6
2014-06-26 07:00:00;360.28e-6
2014-06-26 07:15:00;348.85e-6
2014-06-26 07:30:00;336.96e-6
2014-06-26 07:45:00;324.80e-6
2014-06-26 08:00:00;317.12e-6
2014-06-26 08:15:00;311.53e-6
2014-06-26 08:30:00;310.77e-6
2014-06-26 08:45:00;311.43e-6
2014-06-26 09:00:00;314.13e-6
2014-06-26 09:15:00;314.98e-6
2014-06-26 09:30:00;317.81e-6
2014-06-26 09:45:00;325.71e-6
2014-06-26 10:00:00;340.82e-6
2014-06-26 10:15:00;356.62e-6
2014-06-26 10:30:00;363.81e-6
2014-06-26 10:45:00;362.35e-6
2014-06-26 11:00:00;350.88e-6
2014-06-26 11:15:00;344.18e-6
2014-06-26 11:30:00;338.71e-6
2014-06-26 11:45:00;336.08e-6
2014-06-26 12:00:00;333.33e-6
2014-06-26 12:15:00;331.66e-6
2014-06-26 12:30:00;330.11e-6
2014-06-26 12:45:00;328.86e-6
2014-06-26 13:00:00;327.70e-6
2014-06-26 13:15:00;324.31e-6
2014-06-26 13:30:00;319.19e-6
2014-06-26 13:45:00;313.00e-6
2014-06-26 14:00:00;305.99e-6
2014-06-26 14:15:00;298.64e-6
2014-06-26 14:30:00;292.71e-6
2014-06-26 14:45:00;287.97e-6
2014-06-26 15:00:00;285.38e-6
2014-06-26 15:15:00;281.09e-6
2014-06-26 15:30:00;284.60e-6
2014-06-26 15:45:00;290.44e-6
2014-06-26 16:00:00;297.86e-6
2014-06-26 16:15:00;308.57e-6
2014-06-26 16:30:00;321.81e-6
2014-06-26 16:45:00;338.80e-6
2014-06-26 17:00:00;352.91e-6
2014-06-26 17:15:00;371.72e-6
2014-06-26 17:30:00;389.76e-6
2014-06-26 17:45:00;408.07e-6
2014-06-26 18:00:00;420.52e-6
2014-06-26 18:15:00;431.70e-6
2014-06-26 18:30:00;447.57e-6
2014-06-26 18:45:00;451.39e-6
2014-06-26 19:00:00;450.50e-6
2014-06-26 19:15:00;446.46e-6
2014-06-26 19:30:00;438.46e-6
2014-06-26 19:45:00;432.40e-6
2014-06-26 20:00:00;426.26e-6
2014-06-26 20:15:00;420.90e-6
2014-06-26 20:30:00;413.65e-6
2014-06-26 20:45:00;404.20e-6
2014-06-26 21:00:00;391.84e-6
2014-06-26 21:15:00;374.47e-6
2014-06-26 21:30:00;353.01e-6
2014-06-26 21:45:00;328.54e-6
2014-06-26 22:00:00;302.61e-6
2014-06-26 22:15:00;273.82e-6
2014-06-26 22:30:00;249.33e-6
2014-06-26 22:45:00;227.49e-6
2014-06-26 23:00:00;201.59e-6
2014-06-26 23:15:00;185.65e-6
2014-06-26 23:30:00;171.29e-6
2014-06-26 23:45:00;159.61e-6
2014-06-27 00:00:00;150.38e-6
2014-06-27 00:15:00;143.56e-6
2014-06-27 00:30:00;139.03e-6
2014-06-27 00:45:00;138.50e-6
2014-06-27 01:00:00;142.02e-6
2014-06-27 01:15:00;147.36e-6
2014-06-27 01:30:00;151.79e-6
2014-06-27 01:45:00;155.82e-6
2014-06-27 02:00:00;158.60e-6
2014-06-27 02:15:00;159.59e-6
2014-06-27 02:30:00;160.46e-6
2014-06-27 02:45:00;162.28e-6
2014-06-27 03:00:00;166.94e-6
2014-06-27 03:15:00;167.91e-6
2014-06-27 03:30:00;170.37e-6
2014-06-27 03:45:00;180.09e-6
2014-06-27 04:00:00;189.00e-6
2014-06-27 04:15:00;201.79e-6
2014-06-27 04:30:00;217.70e-6
2014-06-27 04:45:00;237.32e-6
2014-06-27 05:00:00;261.32e-6
2014-06-27 05:15:00;285.84e-6
2014-06-27 05:30:00;316.84e-6
2014-06-27 05:45:00;335.10e-6
2014-06-27 06:00:00;355.96e-6
2014-06-27 06:15:00;366.10e-6
2014-06-27 06:30:00;370.12e-6
2014-06-27 06:45:00;363.31e-6
2014-06-27 07:00:00;359.68e-6
2014-06-27 07:15:00;348.26e-6
2014-06-27 07:30:00;336.40e-6
2014-06-27 07:45:00;324.25e-6
2014-06-27 08:00:00;316.58e-6
2014-06-27 08:15:00;311.01e-6
2014-06-27 08:30:00;310.25e-6
2014-06-27 08:45:00;310.91e-6
2014-06-27 09:00:00;313.61e-6
2014-06-27 09:15:00;314.45e-6
2014-06-27 09:30:00;317.27e-6
2014-06-27 09:45:00;325.16e-6
2014-06-27 10:00:00;340.25e-6
2014-06-27 10:15:00;356.03e-6
2014-06-27 10:30:00;363.21e-6
2014-06-27 10:45:00;361.75e-6
2014-06-27 11:00:00;350.29e-6
2014-06-27 11:15:00;343.60e-6
2014-06-27 11:30:00;338.14e-6
2014-06-27 11:45:00;335.52e-6
2014-06-27 12:00:00;332.77e-6
2014-06-27 12:15:00;331.10e-6
2014-06-27 12:30:00;329.56e-6
2014-06-27 12:45:00;328.31e-6
2014-06-27 13:00:00;327.15e-6
2014-06-27 13:15:00;323.77e-6
2014-06-27 13:30:00;318.66e-6
2014-06-27 13:45:00;312.48e-6
2014-06-27 14:00:00;305.48e-6
2014-06-27 14:15:00;298.14e-6
2014-06-27 14:30:00;292.22e-6
2014-06-27 14:45:00;287.49e-6
2014-06-27 15:00:00;284.90e-6
2014-06-27 15:15:00;280.62e-6
2014-06-27 15:30:00;284.12e-6
2014-06-27 15:45:00;289.96e-6
2014-06-27 16:00:00;297.36e-6
2014-06-27 16:15:00;308.05e-6
2014-06-27 16:30:00;321.28e-6
2014-06-27 16:45:00;338.23e-6
2014-06-27 17:00:00;352.32e-6
2014-06-27 17:15:00;371.10e-6
2014-06-27 17:30:00;389.11e-6
2014-06-27 17:45:00;407.39e-6
2014-06-27 18:00:00;419.81e-6
2014-06-27 18:15:00;430.97e-6
2014-06-27 18:30:00;446.82e-6
2014-06-27 18:45:00;450.63e-6
2014-06-27 19:00:00;449.74e-6
2014-06-27 19:15:00;445.71e-6
2014-06-27 19:30:00;437.72e-6
2014-06-27 19:45:00;431.68e-6
2014-06-27 20:00:00;425.54e-6
2014-06-27 20:15:00;420.19e-6
2014-06-27 20:30:00;412.96e-6
2014-06-27 20:45:00;403.52e-6
2014-06-27 21:00:00;391.19e-6
2014-06-27 21:15:00;373.84e-6
2014-06-27 21:30:00;352.42e-6
2014-06-27 21:45:00;327.99e-6
2014-06-27 22:00:00;302.10e-6
2014-06-27 22:15:00;273.36e-6
2014-06-27 22:30:00;248.91e-6
2014-06-27 22:45:00;227.11e-6
2014-06-27 23:00:00;229.62e-6
2014-06-27 23:15:00;210.05e-6
2014-06-27 23:30:00;192.27e-6
2014-06-27 23:45:00;175.88e-6
2014-06-28 00:00:00;160.55e-6
2014-06-28 00:15:00;148.64e-6
2014-06-28 00:30:00;139.07e-6
2014-06-28 00:45:00;136.53e-6
2014-06-28 01:00:00;138.15e-6
2014-06-28 01:15:00;143.04e-6
2014-06-28 01:30:00;148.07e-6
2014-06-28 01:45:00;153.42e-6
2014-06-28 02:00:00;156.05e-6
2014-06-28 02:15:00;157.21e-6
2014-06-28 02:30:00;157.88e-6
2014-06-28 02:45:00;160.31e-6
2014-06-28 03:00:00;164.34e-6
2014-06-28 03:15:00;164.90e-6
2014-06-28 03:30:00;163.83e-6
2014-06-28 03:45:00;163.39e-6
2014-06-28 04:00:00;163.33e-6
2014-06-28 04:15:00;165.52e-6
2014-06-28 04:30:00;170.53e-6
2014-06-28 04:45:00;179.48e-6
2014-06-28 05:00:00;193.61e-6
2014-06-28 05:15:00;210.80e-6
2014-06-28 05:30:00;232.72e-6
2014-06-28 05:45:00;250.58e-6
2014-06-28 06:00:00;275.32e-6
2014-06-28 06:15:00;293.81e-6
2014-06-28 06:30:00;311.19e-6
2014-06-28 06:45:00;323.29e-6
2014-06-28 07:00:00;339.53e-6
2014-06-28 07:15:00;349.48e-6
2014-06-28 07:30:00;356.00e-6
2014-06-28 07:45:00;365.22e-6
2014-06-28 08:00:00;377.75e-6
2014-06-28 08:15:00;386.39e-6
2014-06-28 08:30:00;393.31e-6
2014-06-28 08:45:00;398.71e-6
2014-06-28 09:00:00;404.81e-6
2014-06-28 09:15:00;409.42e-6
2014-06-28 09:30:00;415.82e-6
2014-06-28 09:45:00;429.57e-6
2014-06-28 10:00:00;452.38e-6
2014-06-28 10:15:00;480.06e-6
2014-06-28 10:30:00;494.47e-6
2014-06-28 10:45:00;491.39e-6
2014-06-28 11:00:00;467.89e-6
2014-06-28 11:15:00;444.63e-6
2014-06-28 11:30:00;425.88e-6
2014-06-28 11:45:00;416.21e-6
2014-06-28 12:00:00;405.80e-6
2014-06-28 12:15:00;399.27e-6
2014-06-28 12:30:00;395.30e-6
2014-06-28 12:45:00;394.24e-6
2014-06-28 13:00:00;395.58e-6
2014-06-28 13:15:00;396.66e-6
2014-06-28 13:30:00;397.21e-6
2014-06-28 13:45:00;397.18e-6
2014-06-28 14:00:00;396.11e-6
2014-06-28 14:15:00;394.03e-6
2014-06-28 14:30:00;392.20e-6
2014-06-28 14:45:00;390.22e-6
2014-06-28 15:00:00;389.29e-6
2014-06-28 15:15:00;386.11e-6
2014-06-28 15:30:00;389.82e-6
2014-06-28 15:45:00;395.69e-6
2014-06-28 16:00:00;401.29e-6
2014-06-28 16:15:00;409.96e-6
2014-06-28 16:30:00;419.88e-6
2014-06-28 16:45:00;431.38e-6
2014-06-28 17:00:00;440.37e-6
2014-06-28 17:15:00;450.59e-6
2014-06-28 17:30:00;458.47e-6
2014-06-28 17:45:00;462.05e-6
2014-06-28 18:00:00;458.78e-6
2014-06-28 18:15:00;455.96e-6
2014-06-28 18:30:00;455.16e-6
2014-06-28 18:45:00;451.28e-6
2014-06-28 19:00:00;444.92e-6
2014-06-28 19:15:00;438.01e-6
2014-06-28 19:30:00;427.44e-6
2014-06-28 19:45:00;421.25e-6
2014-06-28 20:00:00;413.12e-6
2014-06-28 20:15:00;411.64e-6
2014-06-28 20:30:00;407.88e-6
2014-06-28 20:45:00;404.30e-6
2014-06-28 21:00:00;399.46e-6
2014-06-28 21:15:00;390.68e-6
2014-06-28 21:30:00;377.70e-6
2014-06-28 21:45:00;361.19e-6
2014-06-28 22:00:00;340.82e-6
2014-06-28 22:15:00;319.92e-6
2014-06-28 22:30:00;293.36e-6
2014-06-28 22:45:00;271.81e-6
2014-06-28 23:00:00;247.61e-6
2014-06-28 23:15:00;228.87e-6
2014-06-28 23:30:00;212.42e-6
2014-06-28 23:45:00;196.35e-6
2014-06-29 00:00:00;181.96e-6
2014-06-29 00:15:00;170.27e-6
2014-06-29 00:30:00;161.09e-6
2014-06-29 00:45:00;157.36e-6
2014-06-29 01:00:00;156.37e-6
2014-06-29 01:15:00;160.73e-6
2014-06-29 01:30:00;163.94e-6
2014-06-29 01:45:00;167.22e-6
2014-06-29 02:00:00;168.22e-6
2014-06-29 02:15:00;168.27e-6
2014-06-29 02:30:00;169.30e-6
2014-06-29 02:45:00;171.04e-6
2014-06-29 03:00:00;173.17e-6
2014-06-29 03:15:00;173.40e-6
2014-06-29 03:30:00;172.63e-6
2014-06-29 03:45:00;170.49e-6
2014-06-29 04:00:00;169.04e-6
2014-06-29 04:15:00;168.98e-6
2014-06-29 04:30:00;171.07e-6
2014-06-29 04:45:00;176.50e-6
2014-06-29 05:00:00;186.45e-6
2014-06-29 05:15:00;199.42e-6
2014-06-29 05:30:00;216.03e-6
2014-06-29 05:45:00;230.99e-6
2014-06-29 06:00:00;255.83e-6
2014-06-29 06:15:00;280.48e-6
2014-06-29 06:30:00;312.00e-6
2014-06-29 06:45:00;344.12e-6
2014-06-29 07:00:00;379.53e-6
2014-06-29 07:15:00;410.32e-6
2014-06-29 07:30:00;433.82e-6
2014-06-29 07:45:00;454.10e-6
2014-06-29 08:00:00;471.89e-6
2014-06-29 08:15:00;485.44e-6
2014-06-29 08:30:00;495.21e-6
2014-06-29 08:45:00;504.90e-6
2014-06-29 09:00:00;517.55e-6
2014-06-29 09:15:00;531.11e-6
2014-06-29 09:30:00;547.72e-6
2014-06-29 09:45:00;571.60e-6
2014-06-29 10:00:00;603.88e-6
2014-06-29 10:15:00;640.90e-6
2014-06-29 10:30:00;650.88e-6
2014-06-29 10:45:00;633.69e-6
2014-06-29 11:00:00;593.97e-6
2014-06-29 11:15:00;556.58e-6
2014-06-29 11:30:00;523.14e-6
2014-06-29 11:45:00;500.22e-6
2014-06-29 12:00:00;476.37e-6
2014-06-29 12:15:00;456.98e-6
2014-06-29 12:30:00;440.60e-6
2014-06-29 12:45:00;427.75e-6
2014-06-29 13:00:00;418.01e-6
2014-06-29 13:15:00;408.61e-6
2014-06-29 13:30:00;399.42e-6
2014-06-29 13:45:00;390.55e-6
2014-06-29 14:00:00;381.56e-6
2014-06-29 14:15:00;372.53e-6
2014-06-29 14:30:00;364.82e-6
2014-06-29 14:45:00;357.80e-6
2014-06-29 15:00:00;352.81e-6
2014-06-29 15:15:00;345.14e-6
2014-06-29 15:30:00;346.97e-6
2014-06-29 15:45:00;350.90e-6
2014-06-29 16:00:00;355.36e-6
2014-06-29 16:15:00;363.30e-6
2014-06-29 16:30:00;373.92e-6
2014-06-29 16:45:00;387.19e-6
2014-06-29 17:00:00;399.18e-6
2014-06-29 17:15:00;412.41e-6
2014-06-29 17:30:00;424.07e-6
2014-06-29 17:45:00;433.25e-6
2014-06-29 18:00:00;436.10e-6
2014-06-29 18:15:00;439.94e-6
2014-06-29 18:30:00;438.70e-6
2014-06-29 18:45:00;440.53e-6
2014-06-29 19:00:00;439.13e-6
2014-06-29 19:15:00;434.09e-6
2014-06-29 19:30:00;425.82e-6
2014-06-29 19:45:00;420.89e-6
2014-06-29 20:00:00;413.29e-6
2014-06-29 20:15:00;409.29e-6
2014-06-29 20:30:00;402.54e-6
2014-06-29 20:45:00;394.18e-6
2014-06-29 21:00:00;382.87e-6
2014-06-29 21:15:00;366.91e-6
2014-06-29 21:30:00;347.14e-6
2014-06-29 21:45:00;324.88e-6
2014-06-29 22:00:00;301.08e-6
2014-06-29 22:15:00;275.81e-6
2014-06-29 22:30:00;252.50e-6
2014-06-29 22:45:00;229.58e-6
2014-06-29 23:00:00;200.65e-6
2014-06-29 23:15:00;184.79e-6
2014-06-29 23:30:00;170.49e-6
2014-06-29 23:45:00;158.87e-6
2014-06-30 00:00:00;149.68e-6
2014-06-30 00:15:00;142.89e-6
2014-06-30 00:30:00;138.39e-6
2014-06-30 00:45:00;137.85e-6
2014-06-30 01:00:00;141.36e-6
2014-06-30 01:15:00;146.67e-6
2014-06-30 01:30:00;151.09e-6
2014-06-30 01:45:00;155.10e-6
2014-06-30 02:00:00;157.86e-6
2014-06-30 02:15:00;158.85e-6
2014-06-30 02:30:00;159.71e-6
2014-06-30 02:45:00;161.52e-6
2014-06-30 03:00:00;166.17e-6
2014-06-30 03:15:00;167.13e-6
2014-06-30 03:30:00;169.58e-6
2014-06-30 03:45:00;179.25e-6
2014-06-30 04:00:00;188.12e-6
2014-06-30 04:15:00;200.85e-6
2014-06-30 04:30:00;216.69e-6
2014-06-30 04:45:00;236.22e-6
2014-06-30 05:00:00;260.10e-6
2014-06-30 05:15:00;284.51e-6
2014-06-30 05:30:00;315.37e-6
2014-06-30 05:45:00;333.55e-6
2014-06-30 06:00:00;354.31e-6
2014-06-30 06:15:00;364.41e-6
2014-06-30 06:30:00;368.40e-6
2014-06-30 06:45:00;361.63e-6
2014-06-30 07:00:00;358.01e-6
2014-06-30 07:15:00;346.65e-6
2014-06-30 07:30:00;334.84e-6
2014-06-30 07:45:00;322.75e-6
2014-06-30 08:00:00;315.12e-6
2014-06-30 08:15:00;309.57e-6
2014-06-30 08:30:00;308.81e-6
2014-06-30 08:45:00;309.47e-6
2014-06-30 09:00:00;312.15e-6
2014-06-30 09:15:00;312.99e-6
2014-06-30 09:30:00;315.80e-6
2014-06-30 09:45:00;323.65e-6
2014-06-30 10:00:00;338.67e-6
2014-06-30 10:15:00;354.37e-6
2014-06-30 10:30:00;361.52e-6
2014-06-30 10:45:00;360.07e-6
2014-06-30 11:00:00;348.67e-6
2014-06-30 11:15:00;342.00e-6
2014-06-30 11:30:00;336.57e-6
2014-06-30 11:45:00;333.96e-6
2014-06-30 12:00:00;331.23e-6
2014-06-30 12:15:00;329.57e-6
2014-06-30 12:30:00;328.03e-6
2014-06-30 12:45:00;326.79e-6
2014-06-30 13:00:00;325.63e-6
2014-06-30 13:15:00;322.26e-6
2014-06-30 13:30:00;317.18e-6
2014-06-30 13:45:00;311.03e-6
2014-06-30 14:00:00;304.06e-6
2014-06-30 14:15:00;296.76e-6
2014-06-30 14:30:00;290.86e-6
2014-06-30 14:45:00;286.16e-6
2014-06-30 15:00:00;283.58e-6
2014-06-30 15:15:00;279.32e-6
2014-06-30 15:30:00;282.80e-6
2014-06-30 15:45:00;288.61e-6
2014-06-30 16:00:00;295.98e-6
2014-06-30 16:15:00;306.62e-6
2014-06-30 16:30:00;319.78e-6
2014-06-30 16:45:00;336.66e-6
2014-06-30 17:00:00;350.68e-6
2014-06-30 17:15:00;369.37e-6
2014-06-30 17:30:00;387.30e-6
2014-06-30 17:45:00;405.50e-6
2014-06-30 18:00:00;417.86e-6
2014-06-30 18:15:00;428.97e-6
2014-06-30 18:30:00;444.74e-6
2014-06-30 18:45:00;448.54e-6
2014-06-30 19:00:00;447.66e-6
2014-06-30 19:15:00;443.64e-6
2014-06-30 19:30:00;435.69e-6
2014-06-30 19:45:00;429.68e-6
2014-06-30 20:00:00;423.57e-6
2014-06-30 20:15:00;418.24e-6
2014-06-30 20:30:00;411.04e-6
2014-06-30 20:45:00;401.65e-6
2014-06-30 21:00:00;389.37e-6
2014-06-30 21:15:00;372.11e-6
2014-06-30 21:30:00;350.78e-6
2014-06-30 21:45:00;326.47e-6
2014-06-30 22:00:00;300.70e-6
2014-06-30 22:15:00;272.09e-6
2014-06-30 22:30:00;247.76e-6
2014-06-30 22:45:00;226.06e-6
2014-06-30 23:00:00;200.37e-6
2014-06-30 23:15:00;184.53e-6
2014-06-30 23:30:00;170.25e-6
2014-06-30 23:45:00;158.65e-6
2014-07-01 00:00:00;149.47e-6
2014-07-01 00:15:00;142.69e-6
2014-07-01 00:30:00;138.19e-6
2014-07-01 00:45:00;137.66e-6
2014-07-01 01:00:00;141.16e-6
2014-07-01 01:15:00;146.46e-6
2014-07-01 01:30:00;150.87e-6
2014-07-01 01:45:00;154.88e-6
2014-07-01 02:00:00;157.64e-6
2014-07-01 02:15:00;158.62e-6
2014-07-01 02:30:00;159.49e-6
2014-07-01 02:45:00;161.29e-6
2014-07-01 03:00:00;165.93e-6
2014-07-01 03:15:00;166.89e-6
2014-07-01 03:30:00;169.34e-6
2014-07-01 03:45:00;179.00e-6
2014-07-01 04:00:00;187.86e-6
2014-07-01 04:15:00;200.57e-6
2014-07-01 04:30:00;216.38e-6
2014-07-01 04:45:00;235.88e-6
2014-07-01 05:00:00;259.73e-6
2014-07-01 05:15:00;284.11e-6
2014-07-01 05:30:00;314.92e-6
2014-07-01 05:45:00;333.07e-6
2014-07-01 06:00:00;353.81e-6
2014-07-01 06:15:00;363.89e-6
2014-07-01 06:30:00;367.88e-6
2014-07-01 06:45:00;361.11e-6
2014-07-01 07:00:00;357.50e-6
2014-07-01 07:15:00;346.15e-6
2014-07-01 07:30:00;334.36e-6
2014-07-01 07:45:00;322.29e-6
2014-07-01 08:00:00;314.67e-6
2014-07-01 08:15:00;309.13e-6
2014-07-01 08:30:00;308.37e-6
2014-07-01 08:45:00;309.03e-6
2014-07-01 09:00:00;311.71e-6
2014-07-01 09:15:00;312.55e-6
2014-07-01 09:30:00;315.35e-6
2014-07-01 09:45:00;323.19e-6
2014-07-01 10:00:00;338.19e-6
2014-07-01 10:15:00;353.87e-6
2014-07-01 10:30:00;361.01e-6
2014-07-01 10:45:00;359.55e-6
2014-07-01 11:00:00;348.17e-6
2014-07-01 11:15:00;341.52e-6
2014-07-01 11:30:00;336.09e-6
2014-07-01 11:45:00;333.48e-6
2014-07-01 12:00:00;330.76e-6
2014-07-01 12:15:00;329.10e-6
2014-07-01 12:30:00;327.56e-6
2014-07-01 12:45:00;326.32e-6
2014-07-01 13:00:00;325.16e-6
2014-07-01 13:15:00;321.81e-6
2014-07-01 13:30:00;316.73e-6
2014-07-01 13:45:00;310.59e-6
2014-07-01 14:00:00;303.63e-6
2014-07-01 14:15:00;296.34e-6
2014-07-01 14:30:00;290.45e-6
2014-07-01 14:45:00;285.75e-6
2014-07-01 15:00:00;283.17e-6
2014-07-01 15:15:00;278.92e-6
2014-07-01 15:30:00;282.40e-6
2014-07-01 15:45:00;288.20e-6
2014-07-01 16:00:00;295.56e-6
2014-07-01 16:15:00;306.18e-6
2014-07-01 16:30:00;319.33e-6
2014-07-01 16:45:00;336.18e-6
2014-07-01 17:00:00;350.18e-6
2014-07-01 17:15:00;368.85e-6
2014-07-01 17:30:00;386.75e-6
2014-07-01 17:45:00;404.92e-6
2014-07-01 18:00:00;417.27e-6
2014-07-01 18:15:00;428.36e-6
2014-07-01 18:30:00;444.11e-6
2014-07-01 18:45:00;447.90e-6
2014-07-01 19:00:00;447.02e-6
2014-07-01 19:15:00;443.01e-6
2014-07-01 19:30:00;435.07e-6
2014-07-01 19:45:00;429.07e-6
2014-07-01 20:00:00;422.97e-6
2014-07-01 20:15:00;417.65e-6
2014-07-01 20:30:00;410.46e-6
2014-07-01 20:45:00;401.08e-6
2014-07-01 21:00:00;388.82e-6
2014-07-01 21:15:00;371.58e-6
2014-07-01 21:30:00;350.28e-6
2014-07-01 21:45:00;326.00e-6
2014-07-01 22:00:00;300.27e-6
2014-07-01 22:15:00;271.70e-6
2014-07-01 22:30:00;247.41e-6
2014-07-01 22:45:00;225.73e-6
2014-07-01 23:00:00;200.10e-6
2014-07-01 23:15:00;184.28e-6
2014-07-01 23:30:00;170.02e-6
2014-07-01 23:45:00;158.43e-6
2014-07-02 00:00:00;149.26e-6
2014-07-02 00:15:00;142.50e-6
2014-07-02 00:30:00;138.00e-6
2014-07-02 00:45:00;137.47e-6
2014-07-02 01:00:00;140.97e-6
2014-07-02 01:15:00;146.26e-6
2014-07-02 01:30:00;150.67e-6
2014-07-02 01:45:00;154.67e-6
2014-07-02 02:00:00;157.42e-6
2014-07-02 02:15:00;158.41e-6
2014-07-02 02:30:00;159.27e-6
2014-07-02 02:45:00;161.08e-6
2014-07-02 03:00:00;165.71e-6
2014-07-02 03:15:00;166.67e-6
2014-07-02 03:30:00;169.11e-6
2014-07-02 03:45:00;178.75e-6
2014-07-02 04:00:00;187.60e-6
2014-07-02 04:15:00;200.29e-6
2014-07-02 04:30:00;216.09e-6
2014-07-02 04:45:00;235.56e-6
2014-07-02 05:00:00;259.38e-6
2014-07-02 05:15:00;283.72e-6
2014-07-02 05:30:00;314.49e-6
2014-07-02 05:45:00;332.62e-6
2014-07-02 06:00:00;353.33e-6
2014-07-02 06:15:00;363.39e-6
2014-07-02 06:30:00;367.38e-6
2014-07-02 06:45:00;360.62e-6
2014-07-02 07:00:00;357.01e-6
2014-07-02 07:15:00;345.68e-6
2014-07-02 07:30:00;333.91e-6
2014-07-02 07:45:00;321.85e-6
2014-07-02 08:00:00;314.24e-6
2014-07-02 08:15:00;308.71e-6
2014-07-02 08:30:00;307.95e-6
2014-07-02 08:45:00;308.61e-6
2014-07-02 09:00:00;311.28e-6
2014-07-02 09:15:00;312.12e-6
2014-07-02 09:30:00;314.92e-6
2014-07-02 09:45:00;322.75e-6
2014-07-02 10:00:00;337.73e-6
2014-07-02 10:15:00;353.39e-6
2014-07-02 10:30:00;360.52e-6
2014-07-02 10:45:00;359.07e-6
2014-07-02 11:00:00;347.70e-6
2014-07-02 11:15:00;341.05e-6
2014-07-02 11:30:00;335.63e-6
2014-07-02 11:45:00;333.03e-6
2014-07-02 12:00:00;330.31e-6
2014-07-02 12:15:00;328.65e-6
2014-07-02 12:30:00;327.11e-6
2014-07-02 12:45:00;325.88e-6
2014-07-02 13:00:00;324.72e-6
2014-07-02 13:15:00;321.37e-6
2014-07-02 13:30:00;316.30e-6
2014-07-02 13:45:00;310.16e-6
2014-07-02 14:00:00;303.21e-6
2014-07-02 14:15:00;295.93e-6
2014-07-02 14:30:00;290.05e-6
2014-07-02 14:45:00;285.36e-6
2014-07-02 15:00:00;282.79e-6
2014-07-02 15:15:00;278.54e-6
2014-07-02 15:30:00;282.02e-6
2014-07-02 15:45:00;287.81e-6
2014-07-02 16:00:00;295.16e-6
2014-07-02 16:15:00;305.77e-6
2014-07-02 16:30:00;318.90e-6
2014-07-02 16:45:00;335.72e-6
2014-07-02 17:00:00;349.71e-6
2014-07-02 17:15:00;368.35e-6
2014-07-02 17:30:00;386.23e-6
2014-07-02 17:45:00;404.37e-6
2014-07-02 18:00:00;416.70e-6
2014-07-02 18:15:00;427.78e-6
2014-07-02 18:30:00;443.51e-6
2014-07-02 18:45:00;447.29e-6
2014-07-02 19:00:00;446.41e-6
2014-07-02 19:15:00;442.41e-6
2014-07-02 19:30:00;434.48e-6
2014-07-02 19:45:00;428.48e-6
2014-07-02 20:00:00;422.39e-6
2014-07-02 20:15:00;417.08e-6
2014-07-02 20:30:00;409.90e-6
2014-07-02 20:45:00;400.53e-6
2014-07-02 21:00:00;388.29e-6
2014-07-02 21:15:00;371.07e-6
2014-07-02 21:30:00;349.81e-6
2014-07-02 21:45:00;325.56e-6
2014-07-02 22:00:00;299.86e-6
2014-07-02 22:15:00;271.33e-6
2014-07-02 22:30:00;247.07e-6
2014-07-02 22:45:00;225.43e-6
2014-07-02 23:00:00;199.84e-6
2014-07-02 23:15:00;184.04e-6
2014-07-02 23:30:00;169.80e-6
2014-07-02 23:45:00;158.23e-6
2014-07-03 00:00:00;149.07e-6
2014-07-03 00:15:00;142.31e-6
2014-07-03 00:30:00;137.83e-6
2014-07-03 00:45:00;137.29e-6
2014-07-03 01:00:00;140.79e-6
2014-07-03 01:15:00;146.08e-6
2014-07-03 01:30:00;150.47e-6
2014-07-03 01:45:00;154.47e-6
2014-07-03 02:00:00;157.22e-6
2014-07-03 02:15:00;158.20e-6
2014-07-03 02:30:00;159.07e-6
2014-07-03 02:45:00;160.87e-6
2014-07-03 03:00:00;165.49e-6
2014-07-03 03:15:00;166.45e-6
2014-07-03 03:30:00;168.89e-6
2014-07-03 03:45:00;178.52e-6
2014-07-03 04:00:00;187.36e-6
2014-07-03 04:15:00;200.04e-6
2014-07-03 04:30:00;215.81e-6
2014-07-03 04:45:00;235.26e-6
2014-07-03 05:00:00;259.05e-6
2014-07-03 05:15:00;283.36e-6
2014-07-03 05:30:00;314.08e-6
2014-07-03 05:45:00;332.19e-6
2014-07-03 06:00:00;352.87e-6
2014-07-03 06:15:00;362.92e-6
2014-07-03 06:30:00;366.91e-6
2014-07-03 06:45:00;360.16e-6
2014-07-03 07:00:00;356.55e-6
2014-07-03 07:15:00;345.24e-6
2014-07-03 07:30:00;333.48e-6
2014-07-03 07:45:00;321.43e-6
2014-07-03 08:00:00;313.83e-6
2014-07-03 08:15:00;308.31e-6
2014-07-03 08:30:00;307.55e-6
2014-07-03 08:45:00;308.21e-6
2014-07-03 09:00:00;310.88e-6
2014-07-03 09:15:00;311.72e-6
2014-07-03 09:30:00;314.52e-6
2014-07-03 09:45:00;322.34e-6
2014-07-03 10:00:00;337.30e-6
2014-07-03 10:15:00;352.93e-6
2014-07-03 10:30:00;360.05e-6
2014-07-03 10:45:00;358.60e-6
2014-07-03 11:00:00;347.25e-6
2014-07-03 11:15:00;340.61e-6
2014-07-03 11:30:00;335.20e-6
2014-07-03 11:45:00;332.60e-6
2014-07-03 12:00:00;329.88e-6
2014-07-03 12:15:00;328.23e-6
2014-07-03 12:30:00;326.69e-6
2014-07-03 12:45:00;325.46e-6
2014-07-03 13:00:00;324.30e-6
2014-07-03 13:15:00;320.95e-6
2014-07-03 13:30:00;315.89e-6
2014-07-03 13:45:00;309.76e-6
2014-07-03 14:00:00;302.82e-6
2014-07-03 14:15:00;295.55e-6
2014-07-03 14:30:00;289.68e-6
2014-07-03 14:45:00;284.99e-6
2014-07-03 15:00:00;282.42e-6
2014-07-03 15:15:00;278.18e-6
2014-07-03 15:30:00;281.66e-6
2014-07-03 15:45:00;287.44e-6
2014-07-03 16:00:00;294.78e-6
2014-07-03 16:15:00;305.37e-6
2014-07-03 16:30:00;318.48e-6
2014-07-03 16:45:00;335.29e-6
2014-07-03 17:00:00;349.25e-6
2014-07-03 17:15:00;367.87e-6
2014-07-03 17:30:00;385.73e-6
2014-07-03 17:45:00;403.85e-6
2014-07-03 18:00:00;416.17e-6
2014-07-03 18:15:00;427.23e-6
2014-07-03 18:30:00;442.94e-6
2014-07-03 18:45:00;446.72e-6
2014-07-03 19:00:00;445.84e-6
2014-07-03 19:15:00;441.84e-6
2014-07-03 19:30:00;433.92e-6
2014-07-03 19:45:00;427.93e-6
2014-07-03 20:00:00;421.85e-6
2014-07-03 20:15:00;416.54e-6
2014-07-03 20:30:00;409.37e-6
2014-07-03 20:45:00;400.02e-6
2014-07-03 21:00:00;387.79e-6
2014-07-03 21:15:00;370.60e-6
2014-07-03 21:30:00;349.36e-6
2014-07-03 21:45:00;325.14e-6
2014-07-03 22:00:00;299.47e-6
2014-07-03 22:15:00;270.98e-6
2014-07-03 22:30:00;246.75e-6
2014-07-03 22:45:00;225.14e-6
2014-07-03 23:00:00;199.59e-6
2014-07-03 23:15:00;183.81e-6
2014-07-03 23:30:00;169.59e-6
2014-07-03 23:45:00;158.03e-6
2014-07-04 00:00:00;148.89e-6
2014-07-04 00:15:00;142.14e-6
2014-07-04 00:30:00;137.66e-6
2014-07-04 00:45:00;137.13e-6
2014-07-04 01:00:00;140.61e-6
2014-07-04 01:15:00;145.90e-6
2014-07-04 01:30:00;150.29e-6
2014-07-04 01:45:00;154.28e-6
2014-07-04 02:00:00;157.03e-6
2014-07-04 02:15:00;158.01e-6
2014-07-04 02:30:00;158.87e-6
2014-07-04 02:45:00;160.67e-6
2014-07-04 03:00:00;165.29e-6
2014-07-04 03:15:00;166.25e-6
2014-07-04 03:30:00;168.68e-6
2014-07-04 03:45:00;178.30e-6
2014-07-04 04:00:00;187.13e-6
2014-07-04 04:15:00;199.79e-6
2014-07-04 04:30:00;215.54e-6
2014-07-04 04:45:00;234.97e-6
2014-07-04 05:00:00;258.73e-6
2014-07-04 05:15:00;283.01e-6
2014-07-04 05:30:00;313.70e-6
2014-07-04 05:45:00;331.79e-6
2014-07-04 06:00:00;352.44e-6
2014-07-04 06:15:00;362.48e-6
2014-07-04 06:30:00;366.46e-6
2014-07-04 06:45:00;359.72e-6
2014-07-04 07:00:00;356.11e-6
2014-07-04 07:15:00;344.81e-6
2014-07-04 07:30:00;333.07e-6
2014-07-04 07:45:00;321.04e-6
2014-07-04 08:00:00;313.45e-6
2014-07-04 08:15:00;307.93e-6
2014-07-04 08:30:00;307.17e-6
2014-07-04 08:45:00;307.83e-6
2014-07-04 09:00:00;310.50e-6
2014-07-04 09:15:00;311.34e-6
2014-07-04 09:30:00;314.13e-6
2014-07-04 09:45:00;321.94e-6
2014-07-04 10:00:00;336.88e-6
2014-07-04 10:15:00;352.50e-6
2014-07-04 10:30:00;359.61e-6
2014-07-04 10:45:00;358.16e-6
2014-07-04 11:00:00;346.83e-6
2014-07-04 11:15:00;340.20e-6
2014-07-04 11:30:00;334.79e-6
2014-07-04 11:45:00;332.19e-6
2014-07-04 12:00:00;329.48e-6
2014-07-04 12:15:00;327.83e-6
2014-07-04 12:30:00;326.29e-6
2014-07-04 12:45:00;325.06e-6
2014-07-04 13:00:00;323.91e-6
2014-07-04 13:15:00;320.56e-6
2014-07-04 13:30:00;315.50e-6
2014-07-04 13:45:00;309.38e-6
2014-07-04 14:00:00;302.45e-6
2014-07-04 14:15:00;295.19e-6
2014-07-04 14:30:00;289.32e-6
2014-07-04 14:45:00;284.64e-6
2014-07-04 15:00:00;282.08e-6
2014-07-04 15:15:00;277.84e-6
2014-07-04 15:30:00;281.31e-6
2014-07-04 15:45:00;287.09e-6
2014-07-04 16:00:00;294.42e-6
2014-07-04 16:15:00;305.00e-6
2014-07-04 16:30:00;318.09e-6
2014-07-04 16:45:00;334.88e-6
2014-07-04 17:00:00;348.83e-6
2014-07-04 17:15:00;367.42e-6
2014-07-04 17:30:00;385.25e-6
2014-07-04 17:45:00;403.35e-6
2014-07-04 18:00:00;415.66e-6
2014-07-04 18:15:00;426.71e-6
2014-07-04 18:30:00;442.39e-6
2014-07-04 18:45:00;446.17e-6
2014-07-04 19:00:00;445.29e-6
2014-07-04 19:15:00;441.30e-6
2014-07-04 19:30:00;433.39e-6
2014-07-04 19:45:00;427.41e-6
2014-07-04 20:00:00;421.33e-6
2014-07-04 20:15:00;416.03e-6
2014-07-04 20:30:00;408.87e-6
2014-07-04 20:45:00;399.53e-6
2014-07-04 21:00:00;387.32e-6
2014-07-04 21:15:00;370.14e-6
2014-07-04 21:30:00;348.93e-6
2014-07-04 21:45:00;324.74e-6
2014-07-04 22:00:00;299.11e-6
2014-07-04 22:15:00;270.65e-6
2014-07-04 22:30:00;246.45e-6
2014-07-04 22:45:00;224.86e-6
2014-07-04 23:00:00;227.45e-6
2014-07-04 23:15:00;208.06e-6
2014-07-04 23:30:00;190.45e-6
2014-07-04 23:45:00;174.22e-6
2014-07-05 00:00:00;159.03e-6
2014-07-05 00:15:00;147.23e-6
2014-07-05 00:30:00;137.76e-6
2014-07-05 00:45:00;135.24e-6
2014-07-05 01:00:00;136.85e-6
2014-07-05 01:15:00;141.69e-6
2014-07-05 01:30:00;146.67e-6
2014-07-05 01:45:00;151.97e-6
2014-07-05 02:00:00;154.58e-6
2014-07-05 02:15:00;155.72e-6
2014-07-05 02:30:00;156.39e-6
2014-07-05 02:45:00;158.79e-6
2014-07-05 03:00:00;162.78e-6
2014-07-05 03:15:00;163.34e-6
2014-07-05 03:30:00;162.28e-6
2014-07-05 03:45:00;161.85e-6
2014-07-05 04:00:00;161.79e-6
2014-07-05 04:15:00;163.96e-6
2014-07-05 04:30:00;168.91e-6
2014-07-05 04:45:00;177.78e-6
2014-07-05 05:00:00;191.78e-6
2014-07-05 05:15:00;208.81e-6
2014-07-05 05:30:00;230.52e-6
2014-07-05 05:45:00;248.22e-6
2014-07-05 06:00:00;272.72e-6
2014-07-05 06:15:00;291.03e-6
2014-07-05 06:30:00;308.25e-6
2014-07-05 06:45:00;320.24e-6
2014-07-05 07:00:00;336.32e-6
2014-07-05 07:15:00;346.18e-6
2014-07-05 07:30:00;352.64e-6
2014-07-05 07:45:00;361.77e-6
2014-07-05 08:00:00;374.18e-6
2014-07-05 08:15:00;382.74e-6
2014-07-05 08:30:00;389.59e-6
2014-07-05 08:45:00;394.94e-6
2014-07-05 09:00:00;400.99e-6
2014-07-05 09:15:00;405.55e-6
2014-07-05 09:30:00;411.89e-6
2014-07-05 09:45:00;425.51e-6
2014-07-05 10:00:00;448.10e-6
2014-07-05 10:15:00;475.52e-6
2014-07-05 10:30:00;489.79e-6
2014-07-05 10:45:00;486.75e-6
2014-07-05 11:00:00;463.46e-6
2014-07-05 11:15:00;440.42e-6
2014-07-05 11:30:00;421.86e-6
2014-07-05 11:45:00;412.28e-6
2014-07-05 12:00:00;401.97e-6
2014-07-05 12:15:00;395.50e-6
2014-07-05 12:30:00;391.57e-6
2014-07-05 12:45:00;390.52e-6
2014-07-05 13:00:00;391.84e-6
2014-07-05 13:15:00;392.91e-6
2014-07-05 13:30:00;393.45e-6
2014-07-05 13:45:00;393.43e-6
2014-07-05 14:00:00;392.37e-6
2014-07-05 14:15:00;390.31e-6
2014-07-05 14:30:00;388.49e-6
2014-07-05 14:45:00;386.53e-6
2014-07-05 15:00:00;385.61e-6
2014-07-05 15:15:00;382.46e-6
2014-07-05 15:30:00;386.13e-6
2014-07-05 15:45:00;391.95e-6
2014-07-05 16:00:00;397.49e-6
2014-07-05 16:15:00;406.09e-6
2014-07-05 16:30:00;415.91e-6
2014-07-05 16:45:00;427.30e-6
2014-07-05 17:00:00;436.21e-6
2014-07-05 17:15:00;446.33e-6
2014-07-05 17:30:00;454.14e-6
2014-07-05 17:45:00;457.69e-6
2014-07-05 18:00:00;454.45e-6
2014-07-05 18:15:00;451.65e-6
2014-07-05 18:30:00;450.86e-6
2014-07-05 18:45:00;447.02e-6
2014-07-05 19:00:00;440.72e-6
2014-07-05 19:15:00;433.87e-6
2014-07-05 19:30:00;423.40e-6
2014-07-05 19:45:00;417.27e-6
2014-07-05 20:00:00;409.21e-6
2014-07-05 20:15:00;407.74e-6
2014-07-05 20:30:00;404.02e-6
2014-07-05 20:45:00;400.47e-6
2014-07-05 21:00:00;395.69e-6
2014-07-05 21:15:00;386.99e-6
2014-07-05 21:30:00;374.13e-6
2014-07-05 21:45:00;357.78e-6
2014-07-05 22:00:00;337.60e-6
2014-07-05 22:15:00;316.90e-6
2014-07-05 22:30:00;290.58e-6
2014-07-05 22:45:00;269.24e-6
2014-07-05 23:00:00;245.38e-6
2014-07-05 23:15:00;226.81e-6
2014-07-05 23:30:00;210.51e-6
2014-07-05 23:45:00;194.58e-6
2014-07-06 00:00:00;180.32e-6
2014-07-06 00:15:00;168.73e-6
2014-07-06 00:30:00;159.64e-6
2014-07-06 00:45:00;155.95e-6
2014-07-06 01:00:00;154.96e-6
2014-07-06 01:15:00;159.29e-6
2014-07-06 01:30:00;162.46e-6
2014-07-06 01:45:00;165.71e-6
2014-07-06 02:00:00;166.70e-6
2014-07-06 02:15:00;166.75e-6
2014-07-06 02:30:00;167.78e-6
2014-07-06 02:45:00;169.50e-6
2014-07-06 03:00:00;171.61e-6
2014-07-06 03:15:00;171.84e-6
2014-07-06 03:30:00;171.08e-6
2014-07-06 03:45:00;168.96e-6
2014-07-06 04:00:00;167.52e-6
2014-07-06 04:15:00;167.46e-6
2014-07-06 04:30:00;169.53e-6
2014-07-06 04:45:00;174.91e-6
2014-07-06 05:00:00;184.77e-6
2014-07-06 05:15:00;197.62e-6
2014-07-06 05:30:00;214.08e-6
2014-07-06 05:45:00;228.91e-6
2014-07-06 06:00:00;253.53e-6
2014-07-06 06:15:00;277.95e-6
2014-07-06 06:30:00;309.19e-6
2014-07-06 06:45:00;341.02e-6
2014-07-06 07:00:00;376.12e-6
2014-07-06 07:15:00;406.62e-6
2014-07-06 07:30:00;429.92e-6
2014-07-06 07:45:00;450.02e-6
2014-07-06 08:00:00;467.65e-6
2014-07-06 08:15:00;481.07e-6
2014-07-06 08:30:00;490.75e-6
2014-07-06 08:45:00;500.36e-6
2014-07-06 09:00:00;512.89e-6
2014-07-06 09:15:00;526.33e-6
2014-07-06 09:30:00;542.80e-6
2014-07-06 09:45:00;566.46e-6
2014-07-06 10:00:00;598.45e-6
2014-07-06 10:15:00;635.14e-6
2014-07-06 10:30:00;645.02e-6
2014-07-06 10:45:00;627.99e-6
2014-07-06 11:00:00;588.62e-6
2014-07-06 11:15:00;551.57e-6
2014-07-06 11:30:00;518.43e-6
2014-07-06 11:45:00;495.72e-6
2014-07-06 12:00:00;472.08e-6
2014-07-06 12:15:00;452.87e-6
2014-07-06 12:30:00;436.63e-6
2014-07-06 12:45:00;423.91e-6
2014-07-06 13:00:00;414.25e-6
2014-07-06 13:15:00;404.94e-6
2014-07-06 13:30:00;395.83e-6
2014-07-06 13:45:00;387.03e-6
2014-07-06 14:00:00;378.13e-6
2014-07-06 14:15:00;369.18e-6
2014-07-06 14:30:00;361.54e-6
2014-07-06 14:45:00;354.59e-6
2014-07-06 15:00:00;349.64e-6
2014-07-06 15:15:00;342.03e-6
2014-07-06 15:30:00;343.85e-6
2014-07-06 15:45:00;347.75e-6
2014-07-06 16:00:00;352.17e-6
2014-07-06 16:15:00;360.04e-6
2014-07-06 16:30:00;370.55e-6
2014-07-06 16:45:00;383.71e-6
2014-07-06 17:00:00;395.59e-6
2014-07-06 17:15:00;408.70e-6
2014-07-06 17:30:00;420.26e-6
2014-07-06 17:45:00;429.35e-6
2014-07-06 18:00:00;432.18e-6
2014-07-06 18:15:00;435.98e-6
2014-07-06 18:30:00;434.75e-6
2014-07-06 18:45:00;436.56e-6
2014-07-06 19:00:00;435.18e-6
2014-07-06 19:15:00;430.18e-6
2014-07-06 19:30:00;421.98e-6
2014-07-06 19:45:00;417.10e-6
2014-07-06 20:00:00;409.57e-6
2014-07-06 20:15:00;405.61e-6
2014-07-06 20:30:00;398.92e-6
2014-07-06 20:45:00;390.63e-6
2014-07-06 21:00:00;379.42e-6
2014-07-06 21:15:00;363.60e-6
2014-07-06 21:30:00;344.02e-6
2014-07-06 21:45:00;321.96e-6
2014-07-06 22:00:00;298.37e-6
2014-07-06 22:15:00;273.33e-6
2014-07-06 22:30:00;250.23e-6
2014-07-06 22:45:00;227.52e-6
2014-07-06 23:00:00;198.94e-6
2014-07-06 23:15:00;183.21e-6
2014-07-06 23:30:00;169.04e-6
2014-07-06 23:45:00;157.52e-6
2014-07-07 00:00:00;148.40e-6
2014-07-07 00:15:00;141.67e-6
2014-07-07 00:30:00;137.21e-6
2014-07-07 00:45:00;136.68e-6
2014-07-07 01:00:00;140.15e-6
2014-07-07 01:15:00;145.42e-6
2014-07-07 01:30:00;149.80e-6
2014-07-07 01:45:00;153.77e-6
2014-07-07 02:00:00;156.51e-6
2014-07-07 02:15:00;157.49e-6
2014-07-07 02:30:00;158.35e-6
2014-07-07 02:45:00;160.14e-6
2014-07-07 03:00:00;164.75e-6
2014-07-07 03:15:00;165.70e-6
2014-07-07 03:30:00;168.13e-6
2014-07-07 03:45:00;177.72e-6
2014-07-07 04:00:00;186.52e-6
2014-07-07 04:15:00;199.14e-6
2014-07-07 04:30:00;214.84e-6
2014-07-07 04:45:00;234.20e-6
2014-07-07 05:00:00;257.88e-6
2014-07-07 05:15:00;282.08e-6
2014-07-07 05:30:00;312.67e-6
2014-07-07 05:45:00;330.70e-6
2014-07-07 06:00:00;351.28e-6
2014-07-07 06:15:00;361.29e-6
2014-07-07 06:30:00;365.26e-6
2014-07-07 06:45:00;358.54e-6
2014-07-07 07:00:00;354.95e-6
2014-07-07 07:15:00;343.68e-6
2014-07-07 07:30:00;331.98e-6
2014-07-07 07:45:00;319.99e-6
2014-07-07 08:00:00;312.42e-6
2014-07-07 08:15:00;306.93e-6
2014-07-07 08:30:00;306.17e-6
2014-07-07 08:45:00;306.82e-6
2014-07-07 09:00:00;309.48e-6
2014-07-07 09:15:00;310.32e-6
2014-07-07 09:30:00;313.10e-6
2014-07-07 09:45:00;320.89e-6
2014-07-07 10:00:00;335.78e-6
2014-07-07 10:15:00;351.35e-6
2014-07-07 10:30:00;358.43e-6
2014-07-07 10:45:00;356.99e-6
2014-07-07 11:00:00;345.69e-6
2014-07-07 11:15:00;339.08e-6
2014-07-07 11:30:00;333.69e-6
2014-07-07 11:45:00;331.11e-6
2014-07-07 12:00:00;328.40e-6
2014-07-07 12:15:00;326.75e-6
2014-07-07 12:30:00;325.22e-6
2014-07-07 12:45:00;324.00e-6
2014-07-07 13:00:00;322.85e-6
2014-07-07 13:15:00;319.51e-6
2014-07-07 13:30:00;314.47e-6
2014-07-07 13:45:00;308.37e-6
2014-07-07 14:00:00;301.46e-6
2014-07-07 14:15:00;294.22e-6
2014-07-07 14:30:00;288.38e-6
2014-07-07 14:45:00;283.71e-6
2014-07-07 15:00:00;281.15e-6
2014-07-07 15:15:00;276.93e-6
2014-07-07 15:30:00;280.39e-6
2014-07-07 15:45:00;286.15e-6
2014-07-07 16:00:00;293.46e-6
2014-07-07 16:15:00;304.00e-6
2014-07-07 16:30:00;317.05e-6
2014-07-07 16:45:00;333.78e-6
2014-07-07 17:00:00;347.69e-6
2014-07-07 17:15:00;366.22e-6
2014-07-07 17:30:00;383.99e-6
2014-07-07 17:45:00;402.03e-6
2014-07-07 18:00:00;414.29e-6
2014-07-07 18:15:00;425.31e-6
2014-07-07 18:30:00;440.95e-6
2014-07-07 18:45:00;444.71e-6
2014-07-07 19:00:00;443.83e-6
2014-07-07 19:15:00;439.85e-6
2014-07-07 19:30:00;431.97e-6
2014-07-07 19:45:00;426.01e-6
2014-07-07 20:00:00;419.95e-6
2014-07-07 20:15:00;414.67e-6
2014-07-07 20:30:00;407.53e-6
2014-07-07 20:45:00;398.22e-6
2014-07-07 21:00:00;386.05e-6
2014-07-07 21:15:00;368.93e-6
2014-07-07 21:30:00;347.79e-6
2014-07-07 21:45:00;323.68e-6
2014-07-07 22:00:00;298.13e-6
2014-07-07 22:15:00;269.77e-6
2014-07-07 22:30:00;245.64e-6
2014-07-07 22:45:00;224.13e-6
2014-07-07 23:00:00;198.75e-6
2014-07-07 23:15:00;183.04e-6
2014-07-07 23:30:00;168.88e-6
2014-07-07 23:45:00;157.37e-6
2014-07-08 00:00:00;148.26e-6
2014-07-08 00:15:00;141.54e-6
2014-07-08 00:30:00;137.07e-6
2014-07-08 00:45:00;136.55e-6
2014-07-08 01:00:00;140.02e-6
2014-07-08 01:15:00;145.28e-6
2014-07-08 01:30:00;149.65e-6
2014-07-08 01:45:00;153.63e-6
2014-07-08 02:00:00;156.36e-6
2014-07-08 02:15:00;157.34e-6
2014-07-08 02:30:00;158.20e-6
2014-07-08 02:45:00;159.99e-6
2014-07-08 03:00:00;164.59e-6
2014-07-08 03:15:00;165.55e-6
2014-07-08 03:30:00;167.97e-6
2014-07-08 03:45:00;177.55e-6
2014-07-08 04:00:00;186.34e-6
2014-07-08 04:15:00;198.95e-6
2014-07-08 04:30:00;214.63e-6
2014-07-08 04:45:00;233.98e-6
2014-07-08 05:00:00;257.64e-6
2014-07-08 05:15:00;281.81e-6
2014-07-08 05:30:00;312.37e-6
2014-07-08 05:45:00;330.38e-6
2014-07-08 06:00:00;350.95e-6
2014-07-08 06:15:00;360.95e-6
2014-07-08 06:30:00;364.91e-6
2014-07-08 06:45:00;358.20e-6
2014-07-08 07:00:00;354.61e-6
2014-07-08 07:15:00;343.36e-6
2014-07-08 07:30:00;331.66e-6
2014-07-08 07:45:00;319.68e-6
2014-07-08 08:00:00;312.13e-6
2014-07-08 08:15:00;306.63e-6
2014-07-08 08:30:00;305.88e-6
2014-07-08 08:45:00;306.53e-6
2014-07-08 09:00:00;309.19e-6
2014-07-08 09:15:00;310.02e-6
2014-07-08 09:30:00;312.80e-6
2014-07-08 09:45:00;320.58e-6
2014-07-08 10:00:00;335.46e-6
2014-07-08 10:15:00;351.01e-6
2014-07-08 10:30:00;358.09e-6
2014-07-08 10:45:00;356.65e-6
2014-07-08 11:00:00;345.36e-6
2014-07-08 11:15:00;338.76e-6
2014-07-08 11:30:00;333.37e-6
2014-07-08 11:45:00;330.79e-6
2014-07-08 12:00:00;328.08e-6
2014-07-08 12:15:00;326.44e-6
2014-07-08 12:30:00;324.91e-6
2014-07-08 12:45:00;323.69e-6
2014-07-08 13:00:00;322.54e-6
2014-07-08 13:15:00;319.21e-6
2014-07-08 13:30:00;314.17e-6
2014-07-08 13:45:00;308.08e-6
2014-07-08 14:00:00;301.17e-6
2014-07-08 14:15:00;293.94e-6
2014-07-08 14:30:00;288.10e-6
2014-07-08 14:45:00;283.44e-6
2014-07-08 15:00:00;280.89e-6
2014-07-08 15:15:00;276.67e-6
2014-07-08 15:30:00;280.12e-6
2014-07-08 15:45:00;285.87e-6
2014-07-08 16:00:00;293.17e-6
2014-07-08 16:15:00;303.71e-6
2014-07-08 16:30:00;316.75e-6
2014-07-08 16:45:00;333.46e-6
2014-07-08 17:00:00;347.35e-6
2014-07-08 17:15:00;365.87e-6
2014-07-08 17:30:00;383.63e-6
2014-07-08 17:45:00;401.65e-6
2014-07-08 18:00:00;413.90e-6
2014-07-08 18:15:00;424.90e-6
2014-07-08 18:30:00;440.52e-6
2014-07-08 18:45:00;444.28e-6
2014-07-08 19:00:00;443.41e-6
2014-07-08 19:15:00;439.43e-6
2014-07-08 19:30:00;431.56e-6
2014-07-08 19:45:00;425.60e-6
2014-07-08 20:00:00;419.55e-6
2014-07-08 20:15:00;414.27e-6
2014-07-08 20:30:00;407.14e-6
2014-07-08 20:45:00;397.84e-6
2014-07-08 21:00:00;385.68e-6
2014-07-08 21:15:00;368.58e-6
2014-07-08 21:30:00;347.45e-6
2014-07-08 21:45:00;323.37e-6
2014-07-08 22:00:00;297.84e-6
2014-07-08 22:15:00;269.51e-6
2014-07-08 22:30:00;245.41e-6
2014-07-08 22:45:00;223.91e-6
2014-07-08 23:00:00;198.57e-6
2014-07-08 23:15:00;182.87e-6
2014-07-08 23:30:00;168.73e-6
2014-07-08 23:45:00;157.23e-6
2014-07-09 00:00:00;148.13e-6
2014-07-09 00:15:00;141.41e-6
2014-07-09 00:30:00;136.95e-6
2014-07-09 00:45:00;136.42e-6
2014-07-09 01:00:00;139.89e-6
2014-07-09 01:15:00;145.15e-6
2014-07-09 01:30:00;149.52e-6
2014-07-09 01:45:00;153.49e-6
2014-07-09 02:00:00;156.23e-6
2014-07-09 02:15:00;157.20e-6
2014-07-09 02:30:00;158.06e-6
2014-07-09 02:45:00;159.85e-6
2014-07-09 03:00:00;164.45e-6
2014-07-09 03:15:00;165.40e-6
2014-07-09 03:30:00;167.82e-6
2014-07-09 03:45:00;177.39e-6
2014-07-09 04:00:00;186.17e-6
2014-07-09 04:15:00;198.77e-6
2014-07-09 04:30:00;214.44e-6
2014-07-09 04:45:00;233.77e-6
2014-07-09 05:00:00;257.41e-6
2014-07-09 05:15:00;281.56e-6
2014-07-09 05:30:00;312.10e-6
2014-07-09 05:45:00;330.09e-6
2014-07-09 06:00:00;350.64e-6
2014-07-09 06:15:00;360.63e-6
2014-07-09 06:30:00;364.58e-6
2014-07-09 06:45:00;357.88e-6
2014-07-09 07:00:00;354.29e-6
2014-07-09 07:15:00;343.05e-6
2014-07-09 07:30:00;331.37e-6
2014-07-09 07:45:00;319.40e-6
2014-07-09 08:00:00;311.85e-6
2014-07-09 08:15:00;306.36e-6
2014-07-09 08:30:00;305.60e-6
2014-07-09 08:45:00;306.26e-6
2014-07-09 09:00:00;308.91e-6
2014-07-09 09:15:00;309.75e-6
2014-07-09 09:30:00;312.53e-6
2014-07-09 09:45:00;320.30e-6
2014-07-09 10:00:00;335.16e-6
2014-07-09 10:15:00;350.70e-6
2014-07-09 10:30:00;357.77e-6
2014-07-09 10:45:00;356.33e-6
2014-07-09 11:00:00;345.05e-6
2014-07-09 11:15:00;338.46e-6
2014-07-09 11:30:00;333.08e-6
2014-07-09 11:45:00;330.50e-6
2014-07-09 12:00:00;327.79e-6
2014-07-09 12:15:00;326.15e-6
2014-07-09 12:30:00;324.62e-6
2014-07-09 12:45:00;323.40e-6
2014-07-09 13:00:00;322.25e-6
2014-07-09 13:15:00;318.92e-6
2014-07-09 13:30:00;313.89e-6
2014-07-09 13:45:00;307.80e-6
2014-07-09 14:00:00;300.91e-6
2014-07-09 14:15:00;293.68e-6
2014-07-09 14:30:00;287.85e-6
2014-07-09 14:45:00;283.19e-6
2014-07-09 15:00:00;280.64e-6
2014-07-09 15:15:00;276.42e-6
2014-07-09 15:30:00;279.87e-6
2014-07-09 15:45:00;285.62e-6
2014-07-09 16:00:00;292.91e-6
2014-07-09 16:15:00;303.44e-6
2014-07-09 16:30:00;316.47e-6
2014-07-09 16:45:00;333.17e-6
2014-07-09 17:00:00;347.04e-6
2014-07-09 17:15:00;365.54e-6
2014-07-09 17:30:00;383.28e-6
2014-07-09 17:45:00;401.29e-6
2014-07-09 18:00:00;413.53e-6
2014-07-09 18:15:00;424.52e-6
2014-07-09 18:30:00;440.13e-6
2014-07-09 18:45:00;443.89e-6
2014-07-09 19:00:00;443.01e-6
2014-07-09 19:15:00;439.04e-6
2014-07-09 19:30:00;431.17e-6
2014-07-09 19:45:00;425.22e-6
2014-07-09 20:00:00;419.17e-6
2014-07-09 20:15:00;413.90e-6
2014-07-09 20:30:00;406.78e-6
2014-07-09 20:45:00;397.48e-6
2014-07-09 21:00:00;385.33e-6
2014-07-09 21:15:00;368.25e-6
2014-07-09 21:30:00;347.15e-6
2014-07-09 21:45:00;323.08e-6
2014-07-09 22:00:00;297.58e-6
2014-07-09 22:15:00;269.27e-6
2014-07-09 22:30:00;245.19e-6
2014-07-09 22:45:00;223.71e-6
2014-07-09 23:00:00;198.41e-6
2014-07-09 23:15:00;182.72e-6
2014-07-09 23:30:00;168.59e-6
2014-07-09 23:45:00;157.10e-6
2014-07-10 00:00:00;148.00e-6
2014-07-10 00:15:00;141.30e-6
2014-07-10 00:30:00;136.84e-6
2014-07-10 00:45:00;136.31e-6
2014-07-10 01:00:00;139.78e-6
2014-07-10 01:15:00;145.03e-6
2014-07-10 01:30:00;149.40e-6
2014-07-10 01:45:00;153.36e-6
2014-07-10 02:00:00;156.10e-6
2014-07-10 02:15:00;157.07e-6
2014-07-10 02:30:00;157.93e-6
2014-07-10 02:45:00;159.72e-6
2014-07-10 03:00:00;164.31e-6
2014-07-10 03:15:00;165.26e-6
2014-07-10 03:30:00;167.68e-6
2014-07-10 03:45:00;177.25e-6
2014-07-10 04:00:00;186.02e-6
2014-07-10 04:15:00;198.61e-6
2014-07-10 04:30:00;214.27e-6
2014-07-10 04:45:00;233.58e-6
2014-07-10 05:00:00;257.20e-6
2014-07-10 05:15:00;281.33e-6
2014-07-10 05:30:00;311.84e-6
2014-07-10 05:45:00;329.82e-6
2014-07-10 06:00:00;350.35e-6
2014-07-10 06:15:00;360.33e-6
2014-07-10 06:30:00;364.28e-6
2014-07-10 06:45:00;357.58e-6
2014-07-10 07:00:00;354.00e-6
2014-07-10 07:15:00;342.77e-6
2014-07-10 07:30:00;331.09e-6
2014-07-10 07:45:00;319.14e-6
2014-07-10 08:00:00;311.59e-6
2014-07-10 08:15:00;306.11e-6
2014-07-10 08:30:00;305.35e-6
2014-07-10 08:45:00;306.01e-6
2014-07-10 09:00:00;308.66e-6
2014-07-10 09:15:00;309.49e-6
2014-07-10 09:30:00;312.27e-6
2014-07-10 09:45:00;320.03e-6
2014-07-10 10:00:00;334.89e-6
2014-07-10 10:15:00;350.41e-6
2014-07-10 10:30:00;357.48e-6
2014-07-10 10:45:00;356.04e-6
2014-07-10 11:00:00;344.77e-6
2014-07-10 11:15:00;338.18e-6
2014-07-10 11:30:00;332.80e-6
2014-07-10 11:45:00;330.22e-6
2014-07-10 12:00:00;327.52e-6
2014-07-10 12:15:00;325.88e-6
2014-07-10 12:30:00;324.36e-6
2014-07-10 12:45:00;323.13e-6
2014-07-10 13:00:00;321.99e-6
2014-07-10 13:15:00;318.66e-6
2014-07-10 13:30:00;313.63e-6
2014-07-10 13:45:00;307.55e-6
2014-07-10 14:00:00;300.66e-6
2014-07-10 14:15:00;293.44e-6
2014-07-10 14:30:00;287.61e-6
2014-07-10 14:45:00;282.96e-6
2014-07-10 15:00:00;280.40e-6
2014-07-10 15:15:00;276.19e-6
2014-07-10 15:30:00;279.64e-6
2014-07-10 15:45:00;285.38e-6
2014-07-10 16:00:00;292.67e-6
2014-07-10 16:15:00;303.19e-6
2014-07-10 16:30:00;316.21e-6
2014-07-10 16:45:00;332.89e-6
2014-07-10 17:00:00;346.76e-6
2014-07-10 17:15:00;365.24e-6
2014-07-10 17:30:00;382.97e-6
2014-07-10 17:45:00;400.96e-6
2014-07-10 18:00:00;413.19e-6
2014-07-10 18:15:00;424.18e-6
2014-07-10 18:30:00;439.77e-6
2014-07-10 18:45:00;443.52e-6
2014-07-10 19:00:00;442.65e-6
2014-07-10 19:15:00;438.68e-6
2014-07-10 19:30:00;430.82e-6
2014-07-10 19:45:00;424.87e-6
2014-07-10 20:00:00;418.83e-6
2014-07-10 20:15:00;413.56e-6
2014-07-10 20:30:00;406.44e-6
2014-07-10 20:45:00;397.16e-6
2014-07-10 21:00:00;385.02e-6
2014-07-10 21:15:00;367.95e-6
2014-07-10 21:30:00;346.86e-6
2014-07-10 21:45:00;322.82e-6
2014-07-10 22:00:00;297.33e-6
2014-07-10 22:15:00;269.05e-6
2014-07-10 22:30:00;244.99e-6
2014-07-10 22:45:00;223.53e-6
2014-07-10 23:00:00;198.26e-6
2014-07-10 23:15:00;182.59e-6
2014-07-10 23:30:00;168.46e-6
2014-07-10 23:45:00;156.98e-6
2014-07-11 00:00:00;147.89e-6
2014-07-11 00:15:00;141.19e-6
2014-07-11 00:30:00;136.74e-6
2014-07-11 00:45:00;136.21e-6
2014-07-11 01:00:00;139.67e-6
2014-07-11 01:15:00;144.92e-6
2014-07-11 01:30:00;149.28e-6
2014-07-11 01:45:00;153.25e-6
2014-07-11 02:00:00;155.98e-6
2014-07-11 02:15:00;156.95e-6
2014-07-11 02:30:00;157.81e-6
2014-07-11 02:45:00;159.60e-6
2014-07-11 03:00:00;164.19e-6
2014-07-11 03:15:00;165.14e-6
2014-07-11 03:30:00;167.56e-6
2014-07-11 03:45:00;177.11e-6
2014-07-11 04:00:00;185.88e-6
2014-07-11 04:15:00;198.46e-6
2014-07-11 04:30:00;214.11e-6
2014-07-11 04:45:00;233.40e-6
2014-07-11 05:00:00;257.00e-6
2014-07-11 05:15:00;281.12e-6
2014-07-11 05:30:00;311.60e-6
2014-07-11 05:45:00;329.57e-6
2014-07-11 06:00:00;350.08e-6
2014-07-11 06:15:00;360.06e-6
2014-07-11 06:30:00;364.01e-6
2014-07-11 06:45:00;357.32e-6
2014-07-11 07:00:00;353.74e-6
2014-07-11 07:15:00;342.51e-6
2014-07-11 07:30:00;330.84e-6
2014-07-11 07:45:00;318.90e-6
2014-07-11 08:00:00;311.36e-6
2014-07-11 08:15:00;305.88e-6
2014-07-11 08:30:00;305.12e-6
2014-07-11 08:45:00;305.78e-6
2014-07-11 09:00:00;308.43e-6
2014-07-11 09:15:00;309.26e-6
2014-07-11 09:30:00;312.03e-6
2014-07-11 09:45:00;319.79e-6
2014-07-11 10:00:00;334.63e-6
2014-07-11 10:15:00;350.15e-6
2014-07-11 10:30:00;357.21e-6
2014-07-11 10:45:00;355.77e-6
2014-07-11 11:00:00;344.51e-6
2014-07-11 11:15:00;337.93e-6
2014-07-11 11:30:00;332.55e-6
2014-07-11 11:45:00;329.98e-6
2014-07-11 12:00:00;327.28e-6
2014-07-11 12:15:00;325.64e-6
2014-07-11 12:30:00;324.11e-6
2014-07-11 12:45:00;322.89e-6
2014-07-11 13:00:00;321.74e-6
2014-07-11 13:15:00;318.42e-6
2014-07-11 13:30:00;313.40e-6
2014-07-11 13:45:00;307.32e-6
2014-07-11 14:00:00;300.43e-6
2014-07-11 14:15:00;293.22e-6
2014-07-11 14:30:00;287.39e-6
2014-07-11 14:45:00;282.74e-6
2014-07-11 15:00:00;280.19e-6
2014-07-11 15:15:00;275.99e-6
2014-07-11 15:30:00;279.43e-6
2014-07-11 15:45:00;285.17e-6
2014-07-11 16:00:00;292.45e-6
2014-07-11 16:15:00;302.96e-6
2014-07-11 16:30:00;315.97e-6
2014-07-11 16:45:00;332.64e-6
2014-07-11 17:00:00;346.50e-6
2014-07-11 17:15:00;364.97e-6
2014-07-11 17:30:00;382.68e-6
2014-07-11 17:45:00;400.66e-6
2014-07-11 18:00:00;412.88e-6
2014-07-11 18:15:00;423.86e-6
2014-07-11 18:30:00;439.44e-6
2014-07-11 18:45:00;443.19e-6
2014-07-11 19:00:00;442.32e-6
2014-07-11 19:15:00;438.35e-6
2014-07-11 19:30:00;430.50e-6
2014-07-11 19:45:00;424.55e-6
2014-07-11 20:00:00;418.52e-6
2014-07-11 20:15:00;413.25e-6
2014-07-11 20:30:00;406.14e-6
2014-07-11 20:45:00;396.86e-6
2014-07-11 21:00:00;384.73e-6
2014-07-11 21:15:00;367.67e-6
2014-07-11 21:30:00;346.60e-6
2014-07-11 21:45:00;322.57e-6
2014-07-11 22:00:00;297.11e-6
2014-07-11 22:15:00;268.84e-6
2014-07-11 22:30:00;244.80e-6
2014-07-11 22:45:00;223.36e-6
2014-07-11 23:00:00;226.04e-6
2014-07-11 23:15:00;206.77e-6
2014-07-11 23:30:00;189.27e-6
2014-07-11 23:45:00;173.14e-6
2014-07-12 00:00:00;158.05e-6
2014-07-12 00:15:00;146.32e-6
2014-07-12 00:30:00;136.90e-6
2014-07-12 00:45:00;134.40e-6
2014-07-12 01:00:00;136.00e-6
2014-07-12 01:15:00;140.81e-6
2014-07-12 01:30:00;145.76e-6
2014-07-12 01:45:00;151.02e-6
2014-07-12 02:00:00;153.62e-6
2014-07-12 02:15:00;154.76e-6
2014-07-12 02:30:00;155.42e-6
2014-07-12 02:45:00;157.80e-6
2014-07-12 03:00:00;161.77e-6
2014-07-12 03:15:00;162.33e-6
2014-07-12 03:30:00;161.27e-6
2014-07-12 03:45:00;160.84e-6
2014-07-12 04:00:00;160.79e-6
2014-07-12 04:15:00;162.94e-6
2014-07-12 04:30:00;167.87e-6
2014-07-12 04:45:00;176.68e-6
2014-07-12 05:00:00;190.59e-6
2014-07-12 05:15:00;207.51e-6
2014-07-12 05:30:00;229.09e-6
2014-07-12 05:45:00;246.68e-6
2014-07-12 06:00:00;271.03e-6
2014-07-12 06:15:00;289.23e-6
2014-07-12 06:30:00;306.34e-6
2014-07-12 06:45:00;318.25e-6
2014-07-12 07:00:00;334.24e-6
2014-07-12 07:15:00;344.03e-6
2014-07-12 07:30:00;350.45e-6
2014-07-12 07:45:00;359.53e-6
2014-07-12 08:00:00;371.86e-6
2014-07-12 08:15:00;380.36e-6
2014-07-12 08:30:00;387.17e-6
2014-07-12 08:45:00;392.49e-6
2014-07-12 09:00:00;398.50e-6
2014-07-12 09:15:00;403.03e-6
2014-07-12 09:30:00;409.33e-6
2014-07-12 09:45:00;422.87e-6
2014-07-12 10:00:00;445.32e-6
2014-07-12 10:15:00;472.57e-6
2014-07-12 10:30:00;486.75e-6
2014-07-12 10:45:00;483.73e-6
2014-07-12 11:00:00;460.59e-6
2014-07-12 11:15:00;437.69e-6
2014-07-12 11:30:00;419.24e-6
2014-07-12 11:45:00;409.72e-6
2014-07-12 12:00:00;399.47e-6
2014-07-12 12:15:00;393.05e-6
2014-07-12 12:30:00;389.14e-6
2014-07-12 12:45:00;388.09e-6
2014-07-12 13:00:00;389.41e-6
2014-07-12 13:15:00;390.47e-6
2014-07-12 13:30:00;391.01e-6
2014-07-12 13:45:00;390.99e-6
2014-07-12 14:00:00;389.93e-6
2014-07-12 14:15:00;387.89e-6
2014-07-12 14:30:00;386.08e-6
2014-07-12 14:45:00;384.14e-6
2014-07-12 15:00:00;383.22e-6
2014-07-12 15:15:00;380.08e-6
2014-07-12 15:30:00;383.74e-6
2014-07-12 15:45:00;389.51e-6
2014-07-12 16:00:00;395.03e-6
2014-07-12 16:15:00;403.57e-6
2014-07-12 16:30:00;413.33e-6
2014-07-12 16:45:00;424.65e-6
2014-07-12 17:00:00;433.51e-6
2014-07-12 17:15:00;443.56e-6
2014-07-12 17:30:00;451.32e-6
2014-07-12 17:45:00;454.85e-6
2014-07-12 18:00:00;451.63e-6
2014-07-12 18:15:00;448.85e-6
2014-07-12 18:30:00;448.06e-6
2014-07-12 18:45:00;444.24e-6
2014-07-12 19:00:00;437.98e-6
2014-07-12 19:15:00;431.18e-6
2014-07-12 19:30:00;420.78e-6
2014-07-12 19:45:00;414.68e-6
2014-07-12 20:00:00;406.67e-6
2014-07-12 20:15:00;405.21e-6
2014-07-12 20:30:00;401.51e-6
2014-07-12 20:45:00;397.99e-6
2014-07-12 21:00:00;393.23e-6
2014-07-12 21:15:00;384.59e-6
2014-07-12 21:30:00;371.81e-6
2014-07-12 21:45:00;355.56e-6
2014-07-12 22:00:00;335.50e-6
2014-07-12 22:15:00;314.93e-6
2014-07-12 22:30:00;288.78e-6
2014-07-12 22:45:00;267.57e-6
2014-07-12 23:00:00;243.98e-6
2014-07-12 23:15:00;225.51e-6
2014-07-12 23:30:00;209.30e-6
2014-07-12 23:45:00;193.47e-6
2014-07-13 00:00:00;179.29e-6
2014-07-13 00:15:00;167.77e-6
2014-07-13 00:30:00;158.72e-6
2014-07-13 00:45:00;155.05e-6
2014-07-13 01:00:00;154.07e-6
2014-07-13 01:15:00;158.37e-6
2014-07-13 01:30:00;161.53e-6
2014-07-13 01:45:00;164.76e-6
2014-07-13 02:00:00;165.75e-6
2014-07-13 02:15:00;165.80e-6
2014-07-13 02:30:00;166.82e-6
2014-07-13 02:45:00;168.53e-6
2014-07-13 03:00:00;170.63e-6
2014-07-13 03:15:00;170.86e-6
2014-07-13 03:30:00;170.10e-6
2014-07-13 03:45:00;167.99e-6
2014-07-13 04:00:00;166.56e-6
2014-07-13 04:15:00;166.50e-6
2014-07-13 04:30:00;168.56e-6
2014-07-13 04:45:00;173.91e-6
2014-07-13 05:00:00;183.71e-6
2014-07-13 05:15:00;196.49e-6
2014-07-13 05:30:00;212.86e-6
2014-07-13 05:45:00;227.60e-6
2014-07-13 06:00:00;252.07e-6
2014-07-13 06:15:00;276.36e-6
2014-07-13 06:30:00;307.42e-6
2014-07-13 06:45:00;339.07e-6
2014-07-13 07:00:00;373.96e-6
2014-07-13 07:15:00;404.29e-6
2014-07-13 07:30:00;427.45e-6
2014-07-13 07:45:00;447.44e-6
2014-07-13 08:00:00;464.97e-6
2014-07-13 08:15:00;478.31e-6
2014-07-13 08:30:00;487.94e-6
2014-07-13 08:45:00;497.49e-6
2014-07-13 09:00:00;509.96e-6
2014-07-13 09:15:00;523.32e-6
2014-07-13 09:30:00;539.69e-6
2014-07-13 09:45:00;563.21e-6
2014-07-13 10:00:00;595.02e-6
2014-07-13 10:15:00;631.50e-6
2014-07-13 10:30:00;641.33e-6
2014-07-13 10:45:00;624.40e-6
2014-07-13 11:00:00;585.25e-6
2014-07-13 11:15:00;548.41e-6
2014-07-13 11:30:00;515.46e-6
2014-07-13 11:45:00;492.88e-6
2014-07-13 12:00:00;469.38e-6
2014-07-13 12:15:00;450.27e-6
2014-07-13 12:30:00;434.13e-6
2014-07-13 12:45:00;421.48e-6
2014-07-13 13:00:00;411.88e-6
2014-07-13 13:15:00;402.62e-6
2014-07-13 13:30:00;393.56e-6
2014-07-13 13:45:00;384.81e-6
2014-07-13 14:00:00;375.96e-6
2014-07-13 14:15:00;367.06e-6
2014-07-13 14:30:00;359.47e-6
2014-07-13 14:45:00;352.55e-6
2014-07-13 15:00:00;347.64e-6
2014-07-13 15:15:00;340.07e-6
2014-07-13 15:30:00;341.88e-6
2014-07-13 15:45:00;345.76e-6
2014-07-13 16:00:00;350.15e-6
2014-07-13 16:15:00;357.97e-6
2014-07-13 16:30:00;368.43e-6
2014-07-13 16:45:00;381.51e-6
2014-07-13 17:00:00;393.32e-6
2014-07-13 17:15:00;406.36e-6
2014-07-13 17:30:00;417.85e-6
2014-07-13 17:45:00;426.89e-6
2014-07-13 18:00:00;429.70e-6
2014-07-13 18:15:00;433.49e-6
2014-07-13 18:30:00;432.26e-6
2014-07-13 18:45:00;434.06e-6
2014-07-13 19:00:00;432.69e-6
2014-07-13 19:15:00;427.72e-6
2014-07-13 19:30:00;419.57e-6
2014-07-13 19:45:00;414.71e-6
2014-07-13 20:00:00;407.22e-6
2014-07-13 20:15:00;403.29e-6
2014-07-13 20:30:00;396.63e-6
2014-07-13 20:45:00;388.40e-6
2014-07-13 21:00:00;377.25e-6
2014-07-13 21:15:00;361.52e-6
2014-07-13 21:30:00;342.05e-6
2014-07-13 21:45:00;320.11e-6
2014-07-13 22:00:00;296.66e-6
2014-07-13 22:15:00;271.76e-6
2014-07-13 22:30:00;248.79e-6
2014-07-13 22:45:00;226.21e-6
2014-07-13 23:00:00;197.90e-6
2014-07-13 23:15:00;182.25e-6
2014-07-13 23:30:00;168.15e-6
2014-07-13 23:45:00;156.69e-6
2014-07-14 00:00:00;147.62e-6
2014-07-14 00:15:00;140.93e-6
2014-07-14 00:30:00;136.49e-6
2014-07-14 00:45:00;135.96e-6
2014-07-14 01:00:00;139.42e-6
2014-07-14 01:15:00;144.66e-6
2014-07-14 01:30:00;149.01e-6
2014-07-14 01:45:00;152.97e-6
2014-07-14 02:00:00;155.69e-6
2014-07-14 02:15:00;156.66e-6
2014-07-14 02:30:00;157.52e-6
2014-07-14 02:45:00;159.30e-6
2014-07-14 03:00:00;163.89e-6
2014-07-14 03:15:00;164.83e-6
2014-07-14 03:30:00;167.25e-6
2014-07-14 03:45:00;176.79e-6
2014-07-14 04:00:00;185.54e-6
2014-07-14 04:15:00;198.09e-6
2014-07-14 04:30:00;213.71e-6
2014-07-14 04:45:00;232.97e-6
2014-07-14 05:00:00;256.53e-6
2014-07-14 05:15:00;280.60e-6
2014-07-14 05:30:00;311.03e-6
2014-07-14 05:45:00;328.96e-6
2014-07-14 06:00:00;349.44e-6
2014-07-14 06:15:00;359.40e-6
2014-07-14 06:30:00;363.34e-6
2014-07-14 06:45:00;356.66e-6
2014-07-14 07:00:00;353.08e-6
2014-07-14 07:15:00;341.88e-6
2014-07-14 07:30:00;330.24e-6
2014-07-14 07:45:00;318.31e-6
2014-07-14 08:00:00;310.78e-6
2014-07-14 08:15:00;305.31e-6
2014-07-14 08:30:00;304.56e-6
2014-07-14 08:45:00;305.21e-6
2014-07-14 09:00:00;307.86e-6
2014-07-14 09:15:00;308.69e-6
2014-07-14 09:30:00;311.46e-6
2014-07-14 09:45:00;319.20e-6
2014-07-14 10:00:00;334.02e-6
2014-07-14 10:15:00;349.50e-6
2014-07-14 10:30:00;356.55e-6
2014-07-14 10:45:00;355.12e-6
2014-07-14 11:00:00;343.88e-6
2014-07-14 11:15:00;337.30e-6
2014-07-14 11:30:00;331.94e-6
2014-07-14 11:45:00;329.37e-6
2014-07-14 12:00:00;326.67e-6
2014-07-14 12:15:00;325.04e-6
2014-07-14 12:30:00;323.52e-6
2014-07-14 12:45:00;322.30e-6
2014-07-14 13:00:00;321.15e-6
2014-07-14 13:15:00;317.84e-6
2014-07-14 13:30:00;312.82e-6
2014-07-14 13:45:00;306.75e-6
2014-07-14 14:00:00;299.88e-6
2014-07-14 14:15:00;292.68e-6
2014-07-14 14:30:00;286.86e-6
2014-07-14 14:45:00;282.22e-6
2014-07-14 15:00:00;279.68e-6
2014-07-14 15:15:00;275.48e-6
2014-07-14 15:30:00;278.92e-6
2014-07-14 15:45:00;284.65e-6
2014-07-14 16:00:00;291.91e-6
2014-07-14 16:15:00;302.41e-6
2014-07-14 16:30:00;315.39e-6
2014-07-14 16:45:00;332.03e-6
2014-07-14 17:00:00;345.86e-6
2014-07-14 17:15:00;364.30e-6
2014-07-14 17:30:00;381.98e-6
2014-07-14 17:45:00;399.92e-6
2014-07-14 18:00:00;412.12e-6
2014-07-14 18:15:00;423.08e-6
2014-07-14 18:30:00;438.63e-6
2014-07-14 18:45:00;442.37e-6
2014-07-14 19:00:00;441.50e-6
2014-07-14 19:15:00;437.54e-6
2014-07-14 19:30:00;429.70e-6
2014-07-14 19:45:00;423.77e-6
2014-07-14 20:00:00;417.75e-6
2014-07-14 20:15:00;412.49e-6
2014-07-14 20:30:00;405.39e-6
2014-07-14 20:45:00;396.13e-6
2014-07-14 21:00:00;384.02e-6
2014-07-14 21:15:00;366.99e-6
2014-07-14 21:30:00;345.96e-6
2014-07-14 21:45:00;321.98e-6
2014-07-14 22:00:00;296.56e-6
2014-07-14 22:15:00;268.35e-6
2014-07-14 22:30:00;244.35e-6
2014-07-14 22:45:00;222.95e-6
2014-07-14 23:00:00;197.80e-6
2014-07-14 23:15:00;182.16e-6
2014-07-14 23:30:00;168.07e-6
2014-07-14 23:45:00;156.62e-6
2014-07-15 00:00:00;147.55e-6
2014-07-15 00:15:00;140.86e-6
2014-07-15 00:30:00;136.42e-6
2014-07-15 00:45:00;135.90e-6
2014-07-15 01:00:00;139.35e-6
2014-07-15 01:15:00;144.59e-6
2014-07-15 01:30:00;148.94e-6
2014-07-15 01:45:00;152.89e-6
2014-07-15 02:00:00;155.62e-6
2014-07-15 02:15:00;156.59e-6
2014-07-15 02:30:00;157.44e-6
2014-07-15 02:45:00;159.23e-6
2014-07-15 03:00:00;163.81e-6
2014-07-15 03:15:00;164.76e-6
2014-07-15 03:30:00;167.17e-6
2014-07-15 03:45:00;176.70e-6
2014-07-15 04:00:00;185.45e-6
2014-07-15 04:15:00;198.00e-6
2014-07-15 04:30:00;213.61e-6
2014-07-15 04:45:00;232.86e-6
2014-07-15 05:00:00;256.41e-6
2014-07-15 05:15:00;280.47e-6
2014-07-15 05:30:00;310.88e-6
2014-07-15 05:45:00;328.81e-6
2014-07-15 06:00:00;349.27e-6
2014-07-15 06:15:00;359.23e-6
2014-07-15 06:30:00;363.17e-6
2014-07-15 06:45:00;356.49e-6
2014-07-15 07:00:00;352.92e-6
2014-07-15 07:15:00;341.72e-6
2014-07-15 07:30:00;330.08e-6
2014-07-15 07:45:00;318.16e-6
2014-07-15 08:00:00;310.64e-6
2014-07-15 08:15:00;305.17e-6
2014-07-15 08:30:00;304.42e-6
2014-07-15 08:45:00;305.07e-6
2014-07-15 09:00:00;307.71e-6
2014-07-15 09:15:00;308.55e-6
2014-07-15 09:30:00;311.31e-6
2014-07-15 09:45:00;319.05e-6
2014-07-15 10:00:00;333.86e-6
2014-07-15 10:15:00;349.34e-6
2014-07-15 10:30:00;356.38e-6
2014-07-15 10:45:00;354.95e-6
2014-07-15 11:00:00;343.71e-6
2014-07-15 11:15:00;337.14e-6
2014-07-15 11:30:00;331.79e-6
2014-07-15 11:45:00;329.21e-6
2014-07-15 12:00:00;326.52e-6
2014-07-15 12:15:00;324.88e-6
2014-07-15 12:30:00;323.36e-6
2014-07-15 12:45:00;322.14e-6
2014-07-15 13:00:00;321.00e-6
2014-07-15 13:15:00;317.68e-6
2014-07-15 13:30:00;312.67e-6
2014-07-15 13:45:00;306.61e-6
2014-07-15 14:00:00;299.74e-6
2014-07-15 14:15:00;292.54e-6
2014-07-15 14:30:00;286.73e-6
2014-07-15 14:45:00;282.09e-6
2014-07-15 15:00:00;279.55e-6
2014-07-15 15:15:00;275.35e-6
2014-07-15 15:30:00;278.79e-6
2014-07-15 15:45:00;284.51e-6
2014-07-15 16:00:00;291.78e-6
2014-07-15 16:15:00;302.26e-6
2014-07-15 16:30:00;315.24e-6
2014-07-15 16:45:00;331.87e-6
2014-07-15 17:00:00;345.70e-6
2014-07-15 17:15:00;364.12e-6
2014-07-15 17:30:00;381.80e-6
2014-07-15 17:45:00;399.73e-6
2014-07-15 18:00:00;411.92e-6
2014-07-15 18:15:00;422.88e-6
2014-07-15 18:30:00;438.42e-6
2014-07-15 18:45:00;442.16e-6
2014-07-15 19:00:00;441.29e-6
2014-07-15 19:15:00;437.33e-6
2014-07-15 19:30:00;429.50e-6
2014-07-15 19:45:00;423.57e-6
2014-07-15 20:00:00;417.55e-6
2014-07-15 20:15:00;412.30e-6
2014-07-15 20:30:00;405.20e-6
2014-07-15 20:45:00;395.94e-6
2014-07-15 21:00:00;383.84e-6
2014-07-15 21:15:00;366.82e-6
2014-07-15 21:30:00;345.80e-6
2014-07-15 21:45:00;321.83e-6
2014-07-15 22:00:00;296.42e-6
2014-07-15 22:15:00;268.22e-6
2014-07-15 22:30:00;244.24e-6
2014-07-15 22:45:00;222.84e-6
2014-07-15 23:00:00;197.72e-6
2014-07-15 23:15:00;182.09e-6
2014-07-15 23:30:00;168.00e-6
2014-07-15 23:45:00;156.55e-6
2014-07-16 00:00:00;147.49e-6
2014-07-16 00:15:00;140.81e-6
2014-07-16 00:30:00;136.37e-6
2014-07-16 00:45:00;135.84e-6
2014-07-16 01:00:00;139.29e-6
2014-07-16 01:15:00;144.53e-6
2014-07-16 01:30:00;148.88e-6
2014-07-16 01:45:00;152.83e-6
2014-07-16 02:00:00;155.56e-6
2014-07-16 02:15:00;156.53e-6
2014-07-16 02:30:00;157.38e-6
2014-07-16 02:45:00;159.16e-6
2014-07-16 03:00:00;163.74e-6
2014-07-16 03:15:00;164.69e-6
2014-07-16 03:30:00;167.10e-6
2014-07-16 03:45:00;176.63e-6
2014-07-16 04:00:00;185.38e-6
2014-07-16 04:15:00;197.92e-6
2014-07-16 04:30:00;213.52e-6
2014-07-16 04:45:00;232.77e-6
2014-07-16 05:00:00;256.30e-6
2014-07-16 05:15:00;280.36e-6
2014-07-16 05:30:00;310.76e-6
2014-07-16 05:45:00;328.67e-6
2014-07-16 06:00:00;349.13e-6
2014-07-16 06:15:00;359.08e-6
2014-07-16 06:30:00;363.02e-6
2014-07-16 06:45:00;356.34e-6
2014-07-16 07:00:00;352.77e-6
2014-07-16 07:15:00;341.58e-6
2014-07-16 07:30:00;329.95e-6
2014-07-16 07:45:00;318.03e-6
2014-07-16 08:00:00;310.51e-6
2014-07-16 08:15:00;305.05e-6
2014-07-16 08:30:00;304.29e-6
2014-07-16 08:45:00;304.95e-6
2014-07-16 09:00:00;307.59e-6
2014-07-16 09:15:00;308.42e-6
2014-07-16 09:30:00;311.19e-6
2014-07-16 09:45:00;318.92e-6
2014-07-16 10:00:00;333.72e-6
2014-07-16 10:15:00;349.20e-6
2014-07-16 10:30:00;356.24e-6
2014-07-16 10:45:00;354.81e-6
2014-07-16 11:00:00;343.57e-6
2014-07-16 11:15:00;337.01e-6
2014-07-16 11:30:00;331.65e-6
2014-07-16 11:45:00;329.08e-6
2014-07-16 12:00:00;326.39e-6
2014-07-16 12:15:00;324.75e-6
2014-07-16 12:30:00;323.23e-6
2014-07-16 12:45:00;322.01e-6
2014-07-16 13:00:00;320.87e-6
2014-07-16 13:15:00;317.56e-6
2014-07-16 13:30:00;312.55e-6
2014-07-16 13:45:00;306.48e-6
2014-07-16 14:00:00;299.62e-6
2014-07-16 14:15:00;292.42e-6
2014-07-16 14:30:00;286.61e-6
2014-07-16 14:45:00;281.97e-6
2014-07-16 15:00:00;279.43e-6
2014-07-16 15:15:00;275.24e-6
2014-07-16 15:30:00;278.67e-6
2014-07-16 15:45:00;284.40e-6
2014-07-16 16:00:00;291.66e-6
2014-07-16 16:15:00;302.14e-6
2014-07-16 16:30:00;315.11e-6
2014-07-16 16:45:00;331.74e-6
2014-07-16 17:00:00;345.56e-6
2014-07-16 17:15:00;363.98e-6
2014-07-16 17:30:00;381.64e-6
2014-07-16 17:45:00;399.57e-6
2014-07-16 18:00:00;411.76e-6
2014-07-16 18:15:00;422.70e-6
2014-07-16 18:30:00;438.25e-6
2014-07-16 18:45:00;441.99e-6
2014-07-16 19:00:00;441.12e-6
2014-07-16 19:15:00;437.16e-6
2014-07-16 19:30:00;429.33e-6
2014-07-16 19:45:00;423.40e-6
2014-07-16 20:00:00;417.38e-6
2014-07-16 20:15:00;412.13e-6
2014-07-16 20:30:00;405.04e-6
2014-07-16 20:45:00;395.78e-6
2014-07-16 21:00:00;383.68e-6
2014-07-16 21:15:00;366.67e-6
2014-07-16 21:30:00;345.66e-6
2014-07-16 21:45:00;321.70e-6
2014-07-16 22:00:00;296.30e-6
2014-07-16 22:15:00;268.11e-6
2014-07-16 22:30:00;244.14e-6
2014-07-16 22:45:00;222.75e-6
2014-07-16 23:00:00;197.66e-6
2014-07-16 23:15:00;182.03e-6
2014-07-16 23:30:00;167.95e-6
2014-07-16 23:45:00;156.50e-6
2014-07-17 00:00:00;147.44e-6
2014-07-17 00:15:00;140.76e-6
2014-07-17 00:30:00;136.32e-6
2014-07-17 00:45:00;135.79e-6
2014-07-17 01:00:00;139.25e-6
2014-07-17 01:15:00;144.48e-6
2014-07-17 01:30:00;148.83e-6
2014-07-17 01:45:00;152.78e-6
2014-07-17 02:00:00;155.50e-6
2014-07-17 02:15:00;156.47e-6
2014-07-17 02:30:00;157.33e-6
2014-07-17 02:45:00;159.11e-6
2014-07-17 03:00:00;163.69e-6
2014-07-17 03:15:00;164.63e-6
2014-07-17 03:30:00;167.04e-6
2014-07-17 03:45:00;176.57e-6
2014-07-17 04:00:00;185.31e-6
2014-07-17 04:15:00;197.85e-6
2014-07-17 04:30:00;213.45e-6
2014-07-17 04:45:00;232.69e-6
2014-07-17 05:00:00;256.22e-6
2014-07-17 05:15:00;280.26e-6
2014-07-17 05:30:00;310.65e-6
2014-07-17 05:45:00;328.56e-6
2014-07-17 06:00:00;349.02e-6
2014-07-17 06:15:00;358.96e-6
2014-07-17 06:30:00;362.90e-6
2014-07-17 06:45:00;356.23e-6
2014-07-17 07:00:00;352.66e-6
2014-07-17 07:15:00;341.47e-6
2014-07-17 07:30:00;329.84e-6
2014-07-17 07:45:00;317.92e-6
2014-07-17 08:00:00;310.41e-6
2014-07-17 08:15:00;304.94e-6
2014-07-17 08:30:00;304.19e-6
2014-07-17 08:45:00;304.84e-6
2014-07-17 09:00:00;307.49e-6
2014-07-17 09:15:00;308.32e-6
2014-07-17 09:30:00;311.08e-6
2014-07-17 09:45:00;318.82e-6
2014-07-17 10:00:00;333.61e-6
2014-07-17 10:15:00;349.08e-6
2014-07-17 10:30:00;356.12e-6
2014-07-17 10:45:00;354.69e-6
2014-07-17 11:00:00;343.46e-6
2014-07-17 11:15:00;336.89e-6
2014-07-17 11:30:00;331.54e-6
2014-07-17 11:45:00;328.97e-6
2014-07-17 12:00:00;326.28e-6
2014-07-17 12:15:00;324.64e-6
2014-07-17 12:30:00;323.12e-6
2014-07-17 12:45:00;321.90e-6
2014-07-17 13:00:00;320.76e-6
2014-07-17 13:15:00;317.45e-6
2014-07-17 13:30:00;312.44e-6
2014-07-17 13:45:00;306.38e-6
2014-07-17 14:00:00;299.52e-6
2014-07-17 14:15:00;292.32e-6
2014-07-17 14:30:00;286.52e-6
2014-07-17 14:45:00;281.88e-6
2014-07-17 15:00:00;279.34e-6
2014-07-17 15:15:00;275.14e-6
2014-07-17 15:30:00;278.58e-6
2014-07-17 15:45:00;284.30e-6
2014-07-17 16:00:00;291.56e-6
2014-07-17 16:15:00;302.04e-6
2014-07-17 16:30:00;315.01e-6
2014-07-17 16:45:00;331.63e-6
2014-07-17 17:00:00;345.44e-6
2014-07-17 17:15:00;363.85e-6
2014-07-17 17:30:00;381.51e-6
2014-07-17 17:45:00;399.44e-6
2014-07-17 18:00:00;411.62e-6
2014-07-17 18:15:00;422.56e-6
2014-07-17 18:30:00;438.10e-6
2014-07-17 18:45:00;441.84e-6
2014-07-17 19:00:00;440.97e-6
2014-07-17 19:15:00;437.01e-6
2014-07-17 19:30:00;429.18e-6
2014-07-17 19:45:00;423.26e-6
2014-07-17 20:00:00;417.24e-6
2014-07-17 20:15:00;411.99e-6
2014-07-17 20:30:00;404.90e-6
2014-07-17 20:45:00;395.65e-6
2014-07-17 21:00:00;383.56e-6
2014-07-17 21:15:00;366.55e-6
2014-07-17 21:30:00;345.54e-6
2014-07-17 21:45:00;321.59e-6
2014-07-17 22:00:00;296.20e-6
2014-07-17 22:15:00;268.02e-6
2014-07-17 22:30:00;244.06e-6
2014-07-17 22:45:00;222.68e-6
2014-07-17 23:00:00;197.60e-6
2014-07-17 23:15:00;181.98e-6
2014-07-17 23:30:00;167.90e-6
2014-07-17 23:45:00;156.46e-6
2014-07-18 00:00:00;147.40e-6
2014-07-18 00:15:00;140.72e-6
2014-07-18 00:30:00;136.28e-6
2014-07-18 00:45:00;135.76e-6
2014-07-18 01:00:00;139.21e-6
2014-07-18 01:15:00;144.44e-6
2014-07-18 01:30:00;148.79e-6
2014-07-18 01:45:00;152.74e-6
2014-07-18 02:00:00;155.46e-6
2014-07-18 02:15:00;156.43e-6
2014-07-18 02:30:00;157.29e-6
2014-07-18 02:45:00;159.07e-6
2014-07-18 03:00:00;163.64e-6
2014-07-18 03:15:00;164.59e-6
2014-07-18 03:30:00;167.00e-6
2014-07-18 03:45:00;176.53e-6
2014-07-18 04:00:00;185.26e-6
2014-07-18 04:15:00;197.80e-6
2014-07-18 04:30:00;213.40e-6
2014-07-18 04:45:00;232.63e-6
2014-07-18 05:00:00;256.15e-6
2014-07-18 05:15:00;280.19e-6
2014-07-18 05:30:00;310.57e-6
2014-07-18 05:45:00;328.48e-6
2014-07-18 06:00:00;348.92e-6
2014-07-18 06:15:00;358.87e-6
2014-07-18 06:30:00;362.80e-6
2014-07-18 06:45:00;356.13e-6
2014-07-18 07:00:00;352.56e-6
2014-07-18 07:15:00;341.38e-6
2014-07-18 07:30:00;329.75e-6
2014-07-18 07:45:00;317.84e-6
2014-07-18 08:00:00;310.33e-6
2014-07-18 08:15:00;304.86e-6
2014-07-18 08:30:00;304.11e-6
2014-07-18 08:45:00;304.76e-6
2014-07-18 09:00:00;307.41e-6
2014-07-18 09:15:00;308.24e-6
2014-07-18 09:30:00;311.00e-6
2014-07-18 09:45:00;318.73e-6
2014-07-18 10:00:00;333.53e-6
2014-07-18 10:15:00;348.99e-6
2014-07-18 10:30:00;356.02e-6
2014-07-18 10:45:00;354.59e-6
2014-07-18 11:00:00;343.37e-6
2014-07-18 11:15:00;336.81e-6
2014-07-18 11:30:00;331.45e-6
2014-07-18 11:45:00;328.88e-6
2014-07-18 12:00:00;326.19e-6
2014-07-18 12:15:00;324.56e-6
2014-07-18 12:30:00;323.04e-6
2014-07-18 12:45:00;321.82e-6
2014-07-18 13:00:00;320.68e-6
2014-07-18 13:15:00;317.37e-6
2014-07-18 13:30:00;312.36e-6
2014-07-18 13:45:00;306.30e-6
2014-07-18 14:00:00;299.44e-6
2014-07-18 14:15:00;292.25e-6
2014-07-18 14:30:00;286.44e-6
2014-07-18 14:45:00;281.81e-6
2014-07-18 15:00:00;279.27e-6
2014-07-18 15:15:00;275.07e-6
2014-07-18 15:30:00;278.51e-6
2014-07-18 15:45:00;284.23e-6
2014-07-18 16:00:00;291.48e-6
2014-07-18 16:15:00;301.96e-6
2014-07-18 16:30:00;314.92e-6
2014-07-18 16:45:00;331.54e-6
2014-07-18 17:00:00;345.35e-6
2014-07-18 17:15:00;363.76e-6
2014-07-18 17:30:00;381.41e-6
2014-07-18 17:45:00;399.33e-6
2014-07-18 18:00:00;411.51e-6
2014-07-18 18:15:00;422.45e-6
2014-07-18 18:30:00;437.98e-6
2014-07-18 18:45:00;441.72e-6
2014-07-18 19:00:00;440.85e-6
2014-07-18 19:15:00;436.90e-6
2014-07-18 19:30:00;429.07e-6
2014-07-18 19:45:00;423.14e-6
2014-07-18 20:00:00;417.13e-6
2014-07-18 20:15:00;411.88e-6
2014-07-18 20:30:00;404.79e-6
2014-07-18 20:45:00;395.54e-6
2014-07-18 21:00:00;383.45e-6
2014-07-18 21:15:00;366.45e-6
2014-07-18 21:30:00;345.45e-6
2014-07-18 21:45:00;321.50e-6
2014-07-18 22:00:00;296.13e-6
2014-07-18 22:15:00;267.95e-6
2014-07-18 22:30:00;243.99e-6
2014-07-18 22:45:00;222.62e-6
2014-07-18 23:00:00;225.40e-6
2014-07-18 23:15:00;206.19e-6
2014-07-18 23:30:00;188.73e-6
2014-07-18 23:45:00;172.65e-6
2014-07-19 00:00:00;157.60e-6
2014-07-19 00:15:00;145.91e-6
2014-07-19 00:30:00;136.51e-6
2014-07-19 00:45:00;134.02e-6
2014-07-19 01:00:00;135.61e-6
2014-07-19 01:15:00;140.41e-6
2014-07-19 01:30:00;145.35e-6
2014-07-19 01:45:00;150.60e-6
2014-07-19 02:00:00;153.18e-6
2014-07-19 02:15:00;154.32e-6
2014-07-19 02:30:00;154.98e-6
2014-07-19 02:45:00;157.36e-6
2014-07-19 03:00:00;161.32e-6
2014-07-19 03:15:00;161.87e-6
2014-07-19 03:30:00;160.82e-6
2014-07-19 03:45:00;160.39e-6
2014-07-19 04:00:00;160.33e-6
2014-07-19 04:15:00;162.48e-6
2014-07-19 04:30:00;167.39e-6
2014-07-19 04:45:00;176.18e-6
2014-07-19 05:00:00;190.05e-6
2014-07-19 05:15:00;206.93e-6
2014-07-19 05:30:00;228.44e-6
2014-07-19 05:45:00;245.98e-6
2014-07-19 06:00:00;270.26e-6
2014-07-19 06:15:00;288.41e-6
2014-07-19 06:30:00;305.47e-6
2014-07-19 06:45:00;317.35e-6
2014-07-19 07:00:00;333.29e-6
2014-07-19 07:15:00;343.06e-6
2014-07-19 07:30:00;349.46e-6
2014-07-19 07:45:00;358.51e-6
2014-07-19 08:00:00;370.81e-6
2014-07-19 08:15:00;379.29e-6
2014-07-19 08:30:00;386.08e-6
2014-07-19 08:45:00;391.38e-6
2014-07-19 09:00:00;397.37e-6
2014-07-19 09:15:00;401.89e-6
2014-07-19 09:30:00;408.18e-6
2014-07-19 09:45:00;421.67e-6
2014-07-19 10:00:00;444.06e-6
2014-07-19 10:15:00;471.24e-6
2014-07-19 10:30:00;485.38e-6
2014-07-19 10:45:00;482.36e-6
2014-07-19 11:00:00;459.29e-6
2014-07-19 11:15:00;436.46e-6
2014-07-19 11:30:00;418.06e-6
2014-07-19 11:45:00;408.56e-6
2014-07-19 12:00:00;398.35e-6
2014-07-19 12:15:00;391.94e-6
2014-07-19 12:30:00;388.04e-6
2014-07-19 12:45:00;387.00e-6
2014-07-19 13:00:00;388.31e-6
2014-07-19 13:15:00;389.37e-6
2014-07-19 13:30:00;389.91e-6
2014-07-19 13:45:00;389.88e-6
2014-07-19 14:00:00;388.83e-6
2014-07-19 14:15:00;386.79e-6
2014-07-19 14:30:00;384.99e-6
2014-07-19 14:45:00;383.05e-6
2014-07-19 15:00:00;382.13e-6
2014-07-19 15:15:00;379.01e-6
2014-07-19 15:30:00;382.65e-6
2014-07-19 15:45:00;388.41e-6
2014-07-19 16:00:00;393.91e-6
2014-07-19 16:15:00;402.43e-6
2014-07-19 16:30:00;412.16e-6
2014-07-19 16:45:00;423.45e-6
2014-07-19 17:00:00;432.28e-6
2014-07-19 17:15:00;442.31e-6
2014-07-19 17:30:00;450.04e-6
2014-07-19 17:45:00;453.56e-6
2014-07-19 18:00:00;450.35e-6
2014-07-19 18:15:00;447.58e-6
2014-07-19 18:30:00;446.79e-6
2014-07-19 18:45:00;442.99e-6
2014-07-19 19:00:00;436.75e-6
2014-07-19 19:15:00;429.96e-6
2014-07-19 19:30:00;419.59e-6
2014-07-19 19:45:00;413.51e-6
2014-07-19 20:00:00;405.52e-6
2014-07-19 20:15:00;404.07e-6
2014-07-19 20:30:00;400.38e-6
2014-07-19 20:45:00;396.87e-6
2014-07-19 21:00:00;392.12e-6
2014-07-19 21:15:00;383.50e-6
2014-07-19 21:30:00;370.76e-6
2014-07-19 21:45:00;354.55e-6
2014-07-19 22:00:00;334.56e-6
2014-07-19 22:15:00;314.04e-6
2014-07-19 22:30:00;287.96e-6
2014-07-19 22:45:00;266.82e-6
2014-07-19 23:00:00;243.41e-6
2014-07-19 23:15:00;224.99e-6
2014-07-19 23:30:00;208.82e-6
2014-07-19 23:45:00;193.02e-6
2014-07-20 00:00:00;178.87e-6
2014-07-20 00:15:00;167.38e-6
2014-07-20 00:30:00;158.35e-6
2014-07-20 00:45:00;154.69e-6
2014-07-20 01:00:00;153.71e-6
2014-07-20 01:15:00;158.00e-6
2014-07-20 01:30:00;161.15e-6
2014-07-20 01:45:00;164.38e-6
2014-07-20 02:00:00;165.36e-6
2014-07-20 02:15:00;165.41e-6
2014-07-20 02:30:00;166.43e-6
2014-07-20 02:45:00;168.13e-6
2014-07-20 03:00:00;170.23e-6
2014-07-20 03:15:00;170.46e-6
2014-07-20 03:30:00;169.70e-6
2014-07-20 03:45:00;167.60e-6
2014-07-20 04:00:00;166.17e-6
2014-07-20 04:15:00;166.11e-6
2014-07-20 04:30:00;168.17e-6
2014-07-20 04:45:00;173.50e-6
2014-07-20 05:00:00;183.29e-6
2014-07-20 05:15:00;196.03e-6
2014-07-20 05:30:00;212.36e-6
2014-07-20 05:45:00;227.07e-6
2014-07-20 06:00:00;251.49e-6
2014-07-20 06:15:00;275.72e-6
2014-07-20 06:30:00;306.70e-6
2014-07-20 06:45:00;338.28e-6
2014-07-20 07:00:00;373.09e-6
2014-07-20 07:15:00;403.35e-6
2014-07-20 07:30:00;426.46e-6
2014-07-20 07:45:00;446.40e-6
2014-07-20 08:00:00;463.88e-6
2014-07-20 08:15:00;477.20e-6
2014-07-20 08:30:00;486.80e-6
2014-07-20 08:45:00;496.33e-6
2014-07-20 09:00:00;508.77e-6
2014-07-20 09:15:00;522.10e-6
2014-07-20 09:30:00;538.43e-6
2014-07-20 09:45:00;561.90e-6
2014-07-20 10:00:00;593.63e-6
2014-07-20 10:15:00;630.02e-6
2014-07-20 10:30:00;639.83e-6
2014-07-20 10:45:00;622.94e-6
2014-07-20 11:00:00;583.88e-6
2014-07-20 11:15:00;547.13e-6
2014-07-20 11:30:00;514.26e-6
2014-07-20 11:45:00;491.73e-6
2014-07-20 12:00:00;468.28e-6
2014-07-20 12:15:00;449.22e-6
2014-07-20 12:30:00;433.12e-6
2014-07-20 12:45:00;420.49e-6
2014-07-20 13:00:00;410.91e-6
2014-07-20 13:15:00;401.68e-6
2014-07-20 13:30:00;392.64e-6
2014-07-20 13:45:00;383.92e-6
2014-07-20 14:00:00;375.08e-6
2014-07-20 14:15:00;366.21e-6
2014-07-20 14:30:00;358.63e-6
2014-07-20 14:45:00;351.73e-6
2014-07-20 15:00:00;346.82e-6
2014-07-20 15:15:00;339.28e-6
2014-07-20 15:30:00;341.08e-6
2014-07-20 15:45:00;344.95e-6
2014-07-20 16:00:00;349.33e-6
2014-07-20 16:15:00;357.14e-6
2014-07-20 16:30:00;367.57e-6
2014-07-20 16:45:00;380.62e-6
2014-07-20 17:00:00;392.40e-6
2014-07-20 17:15:00;405.41e-6
2014-07-20 17:30:00;416.87e-6
2014-07-20 17:45:00;425.89e-6
2014-07-20 18:00:00;428.70e-6
2014-07-20 18:15:00;432.47e-6
2014-07-20 18:30:00;431.25e-6
2014-07-20 18:45:00;433.05e-6
2014-07-20 19:00:00;431.68e-6
2014-07-20 19:15:00;426.72e-6
2014-07-20 19:30:00;418.59e-6
2014-07-20 19:45:00;413.74e-6
2014-07-20 20:00:00;406.27e-6
2014-07-20 20:15:00;402.35e-6
2014-07-20 20:30:00;395.70e-6
2014-07-20 20:45:00;387.49e-6
2014-07-20 21:00:00;376.37e-6
2014-07-20 21:15:00;360.68e-6
2014-07-20 21:30:00;341.25e-6
2014-07-20 21:45:00;319.37e-6
2014-07-20 22:00:00;295.97e-6
2014-07-20 22:15:00;271.13e-6
2014-07-20 22:30:00;248.21e-6
2014-07-20 22:45:00;225.69e-6
2014-07-20 23:00:00;197.53e-6
2014-07-20 23:15:00;181.91e-6
2014-07-20 23:30:00;167.84e-6
2014-07-20 23:45:00;156.40e-6
2014-07-21 00:00:00;147.35e-6
2014-07-21 00:15:00;140.67e-6
2014-07-21 00:30:00;136.23e-6
2014-07-21 00:45:00;135.71e-6
2014-07-21 01:00:00;139.16e-6
2014-07-21 01:15:00;144.39e-6
2014-07-21 01:30:00;148.73e-6
2014-07-21 01:45:00;152.68e-6
2014-07-21 02:00:00;155.41e-6
2014-07-21 02:15:00;156.38e-6
2014-07-21 02:30:00;157.23e-6
2014-07-21 02:45:00;159.01e-6
2014-07-21 03:00:00;163.58e-6
2014-07-21 03:15:00;164.53e-6
2014-07-21 03:30:00;166.94e-6
2014-07-21 03:45:00;176.46e-6
2014-07-21 04:00:00;185.20e-6
2014-07-21 04:15:00;197.73e-6
2014-07-21 04:30:00;213.32e-6
2014-07-21 04:45:00;232.54e-6
2014-07-21 05:00:00;256.06e-6
2014-07-21 05:15:00;280.09e-6
2014-07-21 05:30:00;310.46e-6
2014-07-21 05:45:00;328.36e-6
2014-07-21 06:00:00;348.80e-6
2014-07-21 06:15:00;358.73e-6
2014-07-21 06:30:00;362.67e-6
2014-07-21 06:45:00;356.00e-6
2014-07-21 07:00:00;352.43e-6
2014-07-21 07:15:00;341.25e-6
2014-07-21 07:30:00;329.63e-6
2014-07-21 07:45:00;317.72e-6
2014-07-21 08:00:00;310.21e-6
2014-07-21 08:15:00;304.75e-6
2014-07-21 08:30:00;304.00e-6
2014-07-21 08:45:00;304.65e-6
2014-07-21 09:00:00;307.29e-6
2014-07-21 09:15:00;308.12e-6
2014-07-21 09:30:00;310.89e-6
2014-07-21 09:45:00;318.61e-6
2014-07-21 10:00:00;333.40e-6
2014-07-21 10:15:00;348.86e-6
2014-07-21 10:30:00;355.89e-6
2014-07-21 10:45:00;354.46e-6
2014-07-21 11:00:00;343.24e-6
2014-07-21 11:15:00;336.68e-6
2014-07-21 11:30:00;331.33e-6
2014-07-21 11:45:00;328.76e-6
2014-07-21 12:00:00;326.07e-6
2014-07-21 12:15:00;324.44e-6
2014-07-21 12:30:00;322.92e-6
2014-07-21 12:45:00;321.70e-6
2014-07-21 13:00:00;320.56e-6
2014-07-21 13:15:00;317.25e-6
2014-07-21 13:30:00;312.24e-6
2014-07-21 13:45:00;306.19e-6
2014-07-21 14:00:00;299.33e-6
2014-07-21 14:15:00;292.14e-6
2014-07-21 14:30:00;286.34e-6
2014-07-21 14:45:00;281.70e-6
2014-07-21 15:00:00;279.16e-6
2014-07-21 15:15:00;274.97e-6
2014-07-21 15:30:00;278.40e-6
2014-07-21 15:45:00;284.12e-6
2014-07-21 16:00:00;291.38e-6
2014-07-21 16:15:00;301.85e-6
2014-07-21 16:30:00;314.81e-6
2014-07-21 16:45:00;331.42e-6
2014-07-21 17:00:00;345.22e-6
2014-07-21 17:15:00;363.62e-6
2014-07-21 17:30:00;381.27e-6
2014-07-21 17:45:00;399.19e-6
2014-07-21 18:00:00;411.36e-6
2014-07-21 18:15:00;422.30e-6
2014-07-21 18:30:00;437.82e-6
2014-07-21 18:45:00;441.56e-6
2014-07-21 19:00:00;440.69e-6
2014-07-21 19:15:00;436.74e-6
2014-07-21 19:30:00;428.91e-6
2014-07-21 19:45:00;422.99e-6
2014-07-21 20:00:00;416.98e-6
2014-07-21 20:15:00;411.73e-6
2014-07-21 20:30:00;404.64e-6
2014-07-21 20:45:00;395.40e-6
2014-07-21 21:00:00;383.31e-6
2014-07-21 21:15:00;366.32e-6
2014-07-21 21:30:00;345.32e-6
2014-07-21 21:45:00;321.39e-6
2014-07-21 22:00:00;296.02e-6
2014-07-21 22:15:00;267.85e-6
2014-07-21 22:30:00;243.90e-6
2014-07-21 22:45:00;222.54e-6
2014-07-21 23:00:00;197.53e-6
2014-07-21 23:15:00;181.92e-6
2014-07-21 23:30:00;167.84e-6
2014-07-21 23:45:00;156.40e-6
2014-07-22 00:00:00;147.35e-6
2014-07-22 00:15:00;140.67e-6
2014-07-22 00:30:00;136.24e-6
2014-07-22 00:45:00;135.71e-6
2014-07-22 01:00:00;139.16e-6
2014-07-22 01:15:00;144.39e-6
2014-07-22 01:30:00;148.74e-6
2014-07-22 01:45:00;152.69e-6
2014-07-22 02:00:00;155.41e-6
2014-07-22 02:15:00;156.38e-6
2014-07-22 02:30:00;157.23e-6
2014-07-22 02:45:00;159.01e-6
2014-07-22 03:00:00;163.59e-6
2014-07-22 03:15:00;164.53e-6
2014-07-22 03:30:00;166.94e-6
2014-07-22 03:45:00;176.46e-6
2014-07-22 04:00:00;185.20e-6
2014-07-22 04:15:00;197.73e-6
2014-07-22 04:30:00;213.32e-6
2014-07-22 04:45:00;232.55e-6
2014-07-22 05:00:00;256.06e-6
2014-07-22 05:15:00;280.09e-6
2014-07-22 05:30:00;310.46e-6
2014-07-22 05:45:00;328.36e-6
2014-07-22 06:00:00;348.80e-6
2014-07-22 06:15:00;358.74e-6
2014-07-22 06:30:00;362.68e-6
2014-07-22 06:45:00;356.01e-6
2014-07-22 07:00:00;352.44e-6
2014-07-22 07:15:00;341.26e-6
2014-07-22 07:30:00;329.63e-6
2014-07-22 07:45:00;317.73e-6
2014-07-22 08:00:00;310.22e-6
2014-07-22 08:15:00;304.76e-6
2014-07-22 08:30:00;304.01e-6
2014-07-22 08:45:00;304.66e-6
2014-07-22 09:00:00;307.30e-6
2014-07-22 09:15:00;308.13e-6
2014-07-22 09:30:00;310.89e-6
2014-07-22 09:45:00;318.62e-6
2014-07-22 10:00:00;333.41e-6
2014-07-22 10:15:00;348.86e-6
2014-07-22 10:30:00;355.90e-6
2014-07-22 10:45:00;354.47e-6
2014-07-22 11:00:00;343.25e-6
2014-07-22 11:15:00;336.69e-6
2014-07-22 11:30:00;331.34e-6
2014-07-22 11:45:00;328.77e-6
2014-07-22 12:00:00;326.08e-6
2014-07-22 12:15:00;324.44e-6
2014-07-22 12:30:00;322.93e-6
2014-07-22 12:45:00;321.71e-6
2014-07-22 13:00:00;320.57e-6
2014-07-22 13:15:00;317.26e-6
2014-07-22 13:30:00;312.25e-6
2014-07-22 13:45:00;306.19e-6
2014-07-22 14:00:00;299.33e-6
2014-07-22 14:15:00;292.15e-6
2014-07-22 14:30:00;286.34e-6
2014-07-22 14:45:00;281.71e-6
2014-07-22 15:00:00;279.17e-6
2014-07-22 15:15:00;274.97e-6
2014-07-22 15:30:00;278.41e-6
2014-07-22 15:45:00;284.13e-6
2014-07-22 16:00:00;291.38e-6
2014-07-22 16:15:00;301.85e-6
2014-07-22 16:30:00;314.81e-6
2014-07-22 16:45:00;331.42e-6
2014-07-22 17:00:00;345.23e-6
2014-07-22 17:15:00;363.63e-6
2014-07-22 17:30:00;381.28e-6
2014-07-22 17:45:00;399.19e-6
2014-07-22 18:00:00;411.37e-6
2014-07-22 18:15:00;422.30e-6
2014-07-22 18:30:00;437.83e-6
2014-07-22 18:45:00;441.57e-6
2014-07-22 19:00:00;440.70e-6
2014-07-22 19:15:00;436.74e-6
2014-07-22 19:30:00;428.92e-6
2014-07-22 19:45:00;423.00e-6
2014-07-22 20:00:00;416.98e-6
2014-07-22 20:15:00;411.74e-6
2014-07-22 20:30:00;404.65e-6
2014-07-22 20:45:00;395.41e-6
2014-07-22 21:00:00;383.32e-6
2014-07-22 21:15:00;366.32e-6
2014-07-22 21:30:00;345.33e-6
2014-07-22 21:45:00;321.39e-6
2014-07-22 22:00:00;296.02e-6
2014-07-22 22:15:00;267.86e-6
2014-07-22 22:30:00;243.91e-6
2014-07-22 22:45:00;222.54e-6
2014-07-22 23:00:00;197.55e-6
2014-07-22 23:15:00;181.93e-6
2014-07-22 23:30:00;167.86e-6
2014-07-22 23:45:00;156.42e-6
2014-07-23 00:00:00;147.36e-6
2014-07-23 00:15:00;140.69e-6
2014-07-23 00:30:00;136.25e-6
2014-07-23 00:45:00;135.72e-6
2014-07-23 01:00:00;139.17e-6
2014-07-23 01:15:00;144.40e-6
2014-07-23 01:30:00;148.75e-6
2014-07-23 01:45:00;152.70e-6
2014-07-23 02:00:00;155.42e-6
2014-07-23 02:15:00;156.39e-6
2014-07-23 02:30:00;157.25e-6
2014-07-23 02:45:00;159.03e-6
2014-07-23 03:00:00;163.60e-6
2014-07-23 03:15:00;164.55e-6
2014-07-23 03:30:00;166.96e-6
2014-07-23 03:45:00;176.48e-6
2014-07-23 04:00:00;185.22e-6
2014-07-23 04:15:00;197.75e-6
2014-07-23 04:30:00;213.34e-6
2014-07-23 04:45:00;232.57e-6
2014-07-23 05:00:00;256.08e-6
2014-07-23 05:15:00;280.12e-6
2014-07-23 05:30:00;310.49e-6
2014-07-23 05:45:00;328.39e-6
2014-07-23 06:00:00;348.83e-6
2014-07-23 06:15:00;358.77e-6
2014-07-23 06:30:00;362.71e-6
2014-07-23 06:45:00;356.04e-6
2014-07-23 07:00:00;352.47e-6
2014-07-23 07:15:00;341.29e-6
2014-07-23 07:30:00;329.66e-6
2014-07-23 07:45:00;317.76e-6
2014-07-23 08:00:00;310.24e-6
2014-07-23 08:15:00;304.78e-6
2014-07-23 08:30:00;304.03e-6
2014-07-23 08:45:00;304.68e-6
2014-07-23 09:00:00;307.33e-6
2014-07-23 09:15:00;308.16e-6
2014-07-23 09:30:00;310.92e-6
2014-07-23 09:45:00;318.65e-6
2014-07-23 10:00:00;333.44e-6
2014-07-23 10:15:00;348.90e-6
2014-07-23 10:30:00;355.93e-6
2014-07-23 10:45:00;354.50e-6
2014-07-23 11:00:00;343.28e-6
2014-07-23 11:15:00;336.72e-6
2014-07-23 11:30:00;331.37e-6
2014-07-23 11:45:00;328.80e-6
2014-07-23 12:00:00;326.11e-6
2014-07-23 12:15:00;324.47e-6
2014-07-23 12:30:00;322.96e-6
2014-07-23 12:45:00;321.74e-6
2014-07-23 13:00:00;320.59e-6
2014-07-23 13:15:00;317.28e-6
2014-07-23 13:30:00;312.28e-6
2014-07-23 13:45:00;306.22e-6
2014-07-23 14:00:00;299.36e-6
2014-07-23 14:15:00;292.17e-6
2014-07-23 14:30:00;286.37e-6
2014-07-23 14:45:00;281.73e-6
2014-07-23 15:00:00;279.19e-6
2014-07-23 15:15:00;275.00e-6
2014-07-23 15:30:00;278.43e-6
2014-07-23 15:45:00;284.15e-6
2014-07-23 16:00:00;291.41e-6
2014-07-23 16:15:00;301.88e-6
2014-07-23 16:30:00;314.84e-6
2014-07-23 16:45:00;331.45e-6
2014-07-23 17:00:00;345.26e-6
2014-07-23 17:15:00;363.66e-6
2014-07-23 17:30:00;381.32e-6
2014-07-23 17:45:00;399.23e-6
2014-07-23 18:00:00;411.40e-6
2014-07-23 18:15:00;422.34e-6
2014-07-23 18:30:00;437.87e-6
2014-07-23 18:45:00;441.61e-6
2014-07-23 19:00:00;440.74e-6
2014-07-23 19:15:00;436.78e-6
2014-07-23 19:30:00;428.96e-6
2014-07-23 19:45:00;423.03e-6
2014-07-23 20:00:00;417.02e-6
2014-07-23 20:15:00;411.78e-6
2014-07-23 20:30:00;404.69e-6
2014-07-23 20:45:00;395.44e-6
2014-07-23 21:00:00;383.35e-6
2014-07-23 21:15:00;366.36e-6
2014-07-23 21:30:00;345.36e-6
2014-07-23 21:45:00;321.42e-6
2014-07-23 22:00:00;296.05e-6
2014-07-23 22:15:00;267.88e-6
2014-07-23 22:30:00;243.93e-6
2014-07-23 22:45:00;222.56e-6
2014-07-23 23:00:00;197.58e-6
2014-07-23 23:15:00;181.96e-6
2014-07-23 23:30:00;167.89e-6
2014-07-23 23:45:00;156.44e-6
2014-07-24 00:00:00;147.39e-6
2014-07-24 00:15:00;140.71e-6
2014-07-24 00:30:00;136.27e-6
2014-07-24 00:45:00;135.75e-6
2014-07-24 01:00:00;139.20e-6
2014-07-24 01:15:00;144.43e-6
2014-07-24 01:30:00;148.77e-6
2014-07-24 01:45:00;152.72e-6
2014-07-24 02:00:00;155.45e-6
2014-07-24 02:15:00;156.42e-6
2014-07-24 02:30:00;157.27e-6
2014-07-24 02:45:00;159.05e-6
2014-07-24 03:00:00;163.63e-6
2014-07-24 03:15:00;164.57e-6
2014-07-24 03:30:00;166.98e-6
2014-07-24 03:45:00;176.51e-6
2014-07-24 04:00:00;185.25e-6
2014-07-24 04:15:00;197.78e-6
2014-07-24 04:30:00;213.37e-6
2014-07-24 04:45:00;232.60e-6
2014-07-24 05:00:00;256.12e-6
2014-07-24 05:15:00;280.16e-6
2014-07-24 05:30:00;310.54e-6
2014-07-24 05:45:00;328.44e-6
2014-07-24 06:00:00;348.89e-6
2014-07-24 06:15:00;358.83e-6
2014-07-24 06:30:00;362.77e-6
2014-07-24 06:45:00;356.10e-6
2014-07-24 07:00:00;352.53e-6
2014-07-24 07:15:00;341.34e-6
2014-07-24 07:30:00;329.72e-6
2014-07-24 07:45:00;317.81e-6
2014-07-24 08:00:00;310.29e-6
2014-07-24 08:15:00;304.83e-6
2014-07-24 08:30:00;304.08e-6
2014-07-24 08:45:00;304.73e-6
2014-07-24 09:00:00;307.37e-6
2014-07-24 09:15:00;308.21e-6
2014-07-24 09:30:00;310.97e-6
2014-07-24 09:45:00;318.70e-6
2014-07-24 10:00:00;333.49e-6
2014-07-24 10:15:00;348.95e-6
2014-07-24 10:30:00;355.99e-6
2014-07-24 10:45:00;354.56e-6
2014-07-24 11:00:00;343.33e-6
2014-07-24 11:15:00;336.77e-6
2014-07-24 11:30:00;331.42e-6
2014-07-24 11:45:00;328.85e-6
2014-07-24 12:00:00;326.16e-6
2014-07-24 12:15:00;324.53e-6
2014-07-24 12:30:00;323.01e-6
2014-07-24 12:45:00;321.79e-6
2014-07-24 13:00:00;320.65e-6
2014-07-24 13:15:00;317.33e-6
2014-07-24 13:30:00;312.33e-6
2014-07-24 13:45:00;306.27e-6
2014-07-24 14:00:00;299.41e-6
2014-07-24 14:15:00;292.22e-6
2014-07-24 14:30:00;286.41e-6
2014-07-24 14:45:00;281.78e-6
2014-07-24 15:00:00;279.24e-6
2014-07-24 15:15:00;275.04e-6
2014-07-24 15:30:00;278.48e-6
2014-07-24 15:45:00;284.20e-6
2014-07-24 16:00:00;291.45e-6
2014-07-24 16:15:00;301.93e-6
2014-07-24 16:30:00;314.89e-6
2014-07-24 16:45:00;331.51e-6
2014-07-24 17:00:00;345.32e-6
2014-07-24 17:15:00;363.72e-6
2014-07-24 17:30:00;381.38e-6
2014-07-24 17:45:00;399.29e-6
2014-07-24 18:00:00;411.47e-6
2014-07-24 18:15:00;422.41e-6
2014-07-24 18:30:00;437.94e-6
2014-07-24 18:45:00;441.68e-6
2014-07-24 19:00:00;440.81e-6
2014-07-24 19:15:00;436.85e-6
2014-07-24 19:30:00;429.03e-6
2014-07-24 19:45:00;423.10e-6
2014-07-24 20:00:00;417.09e-6
2014-07-24 20:15:00;411.84e-6
2014-07-24 20:30:00;404.75e-6
2014-07-24 20:45:00;395.51e-6
2014-07-24 21:00:00;383.42e-6
2014-07-24 21:15:00;366.41e-6
2014-07-24 21:30:00;345.42e-6
2014-07-24 21:45:00;321.47e-6
2014-07-24 22:00:00;296.10e-6
2014-07-24 22:15:00;267.93e-6
2014-07-24 22:30:00;243.97e-6
2014-07-24 22:45:00;222.60e-6
2014-07-24 23:00:00;197.63e-6
2014-07-24 23:15:00;182.00e-6
2014-07-24 23:30:00;167.93e-6
2014-07-24 23:45:00;156.48e-6
2014-07-25 00:00:00;147.42e-6
2014-07-25 00:15:00;140.74e-6
2014-07-25 00:30:00;136.30e-6
2014-07-25 00:45:00;135.78e-6
2014-07-25 01:00:00;139.23e-6
2014-07-25 01:15:00;144.46e-6
2014-07-25 01:30:00;148.81e-6
2014-07-25 01:45:00;152.76e-6
2014-07-25 02:00:00;155.48e-6
2014-07-25 02:15:00;156.45e-6
2014-07-25 02:30:00;157.31e-6
2014-07-25 02:45:00;159.09e-6
2014-07-25 03:00:00;163.67e-6
2014-07-25 03:15:00;164.61e-6
2014-07-25 03:30:00;167.02e-6
2014-07-25 03:45:00;176.55e-6
2014-07-25 04:00:00;185.29e-6
2014-07-25 04:15:00;197.82e-6
2014-07-25 04:30:00;213.42e-6
2014-07-25 04:45:00;232.66e-6
2014-07-25 05:00:00;256.18e-6
2014-07-25 05:15:00;280.23e-6
2014-07-25 05:30:00;310.61e-6
2014-07-25 05:45:00;328.52e-6
2014-07-25 06:00:00;348.97e-6
2014-07-25 06:15:00;358.91e-6
2014-07-25 06:30:00;362.85e-6
2014-07-25 06:45:00;356.18e-6
2014-07-25 07:00:00;352.61e-6
2014-07-25 07:15:00;341.42e-6
2014-07-25 07:30:00;329.79e-6
2014-07-25 07:45:00;317.88e-6
2014-07-25 08:00:00;310.37e-6
2014-07-25 08:15:00;304.90e-6
2014-07-25 08:30:00;304.15e-6
2014-07-25 08:45:00;304.80e-6
2014-07-25 09:00:00;307.45e-6
2014-07-25 09:15:00;308.28e-6
2014-07-25 09:30:00;311.04e-6
2014-07-25 09:45:00;318.77e-6
2014-07-25 10:00:00;333.57e-6
2014-07-25 10:15:00;349.03e-6
2014-07-25 10:30:00;356.07e-6
2014-07-25 10:45:00;354.64e-6
2014-07-25 11:00:00;343.41e-6
2014-07-25 11:15:00;336.85e-6
2014-07-25 11:30:00;331.50e-6
2014-07-25 11:45:00;328.93e-6
2014-07-25 12:00:00;326.24e-6
2014-07-25 12:15:00;324.60e-6
2014-07-25 12:30:00;323.08e-6
2014-07-25 12:45:00;321.86e-6
2014-07-25 13:00:00;320.72e-6
2014-07-25 13:15:00;317.41e-6
2014-07-25 13:30:00;312.40e-6
2014-07-25 13:45:00;306.34e-6
2014-07-25 14:00:00;299.48e-6
2014-07-25 14:15:00;292.29e-6
2014-07-25 14:30:00;286.48e-6
2014-07-25 14:45:00;281.84e-6
2014-07-25 15:00:00;279.30e-6
2014-07-25 15:15:00;275.11e-6
2014-07-25 15:30:00;278.54e-6
2014-07-25 15:45:00;284.26e-6
2014-07-25 16:00:00;291.52e-6
2014-07-25 16:15:00;302.00e-6
2014-07-25 16:30:00;314.96e-6
2014-07-25 16:45:00;331.58e-6
2014-07-25 17:00:00;345.39e-6
2014-07-25 17:15:00;363.81e-6
2014-07-25 17:30:00;381.46e-6
2014-07-25 17:45:00;399.39e-6
2014-07-25 18:00:00;411.57e-6
2014-07-25 18:15:00;422.51e-6
2014-07-25 18:30:00;438.04e-6
2014-07-25 18:45:00;441.78e-6
2014-07-25 19:00:00;440.91e-6
2014-07-25 19:15:00;436.95e-6
2014-07-25 19:30:00;429.13e-6
2014-07-25 19:45:00;423.20e-6
2014-07-25 20:00:00;417.18e-6
2014-07-25 20:15:00;411.94e-6
2014-07-25 20:30:00;404.85e-6
2014-07-25 20:45:00;395.60e-6
2014-07-25 21:00:00;383.50e-6
2014-07-25 21:15:00;366.50e-6
2014-07-25 21:30:00;345.50e-6
2014-07-25 21:45:00;321.55e-6
2014-07-25 22:00:00;296.16e-6
2014-07-25 22:15:00;267.99e-6
2014-07-25 22:30:00;244.02e-6
2014-07-25 22:45:00;222.65e-6
2014-07-25 23:00:00;225.54e-6
2014-07-25 23:15:00;206.32e-6
2014-07-25 23:30:00;188.85e-6
2014-07-25 23:45:00;172.76e-6
2014-07-26 00:00:00;157.70e-6
2014-07-26 00:15:00;146.00e-6
2014-07-26 00:30:00;136.60e-6
2014-07-26 00:45:00;134.10e-6
2014-07-26 01:00:00;135.70e-6
2014-07-26 01:15:00;140.50e-6
2014-07-26 01:30:00;145.44e-6
2014-07-26 01:45:00;150.69e-6
2014-07-26 02:00:00;153.28e-6
2014-07-26 02:15:00;154.42e-6
2014-07-26 02:30:00;155.07e-6
2014-07-26 02:45:00;157.46e-6
2014-07-26 03:00:00;161.42e-6
2014-07-26 03:15:00;161.97e-6
2014-07-26 03:30:00;160.92e-6
2014-07-26 03:45:00;160.49e-6
2014-07-26 04:00:00;160.43e-6
2014-07-26 04:15:00;162.58e-6
2014-07-26 04:30:00;167.50e-6
2014-07-26 04:45:00;176.29e-6
2014-07-26 05:00:00;190.17e-6
2014-07-26 05:15:00;207.06e-6
2014-07-26 05:30:00;228.59e-6
2014-07-26 05:45:00;246.13e-6
2014-07-26 06:00:00;270.43e-6
2014-07-26 06:15:00;288.59e-6
2014-07-26 06:30:00;305.66e-6
2014-07-26 06:45:00;317.55e-6
2014-07-26 07:00:00;333.50e-6
2014-07-26 07:15:00;343.27e-6
2014-07-26 07:30:00;349.68e-6
2014-07-26 07:45:00;358.74e-6
2014-07-26 08:00:00;371.04e-6
2014-07-26 08:15:00;379.52e-6
2014-07-26 08:30:00;386.32e-6
2014-07-26 08:45:00;391.63e-6
2014-07-26 09:00:00;397.62e-6
2014-07-26 09:15:00;402.14e-6
2014-07-26 09:30:00;408.43e-6
2014-07-26 09:45:00;421.94e-6
2014-07-26 10:00:00;444.34e-6
2014-07-26 10:15:00;471.53e-6
2014-07-26 10:30:00;485.68e-6
2014-07-26 10:45:00;482.67e-6
2014-07-26 11:00:00;459.57e-6
2014-07-26 11:15:00;436.73e-6
2014-07-26 11:30:00;418.32e-6
2014-07-26 11:45:00;408.82e-6
2014-07-26 12:00:00;398.59e-6
2014-07-26 12:15:00;392.18e-6
2014-07-26 12:30:00;388.28e-6
2014-07-26 12:45:00;387.24e-6
2014-07-26 13:00:00;388.55e-6
2014-07-26 13:15:00;389.61e-6
2014-07-26 13:30:00;390.15e-6
2014-07-26 13:45:00;390.13e-6
2014-07-26 14:00:00;389.08e-6
2014-07-26 14:15:00;387.03e-6
2014-07-26 14:30:00;385.23e-6
2014-07-26 14:45:00;383.29e-6
2014-07-26 15:00:00;382.37e-6
2014-07-26 15:15:00;379.25e-6
2014-07-26 15:30:00;382.89e-6
2014-07-26 15:45:00;388.66e-6
2014-07-26 16:00:00;394.16e-6
2014-07-26 16:15:00;402.68e-6
2014-07-26 16:30:00;412.42e-6
2014-07-26 16:45:00;423.71e-6
2014-07-26 17:00:00;432.55e-6
2014-07-26 17:15:00;442.59e-6
2014-07-26 17:30:00;450.33e-6
2014-07-26 17:45:00;453.85e-6
2014-07-26 18:00:00;450.63e-6
2014-07-26 18:15:00;447.86e-6
2014-07-26 18:30:00;447.07e-6
2014-07-26 18:45:00;443.26e-6
2014-07-26 19:00:00;437.02e-6
2014-07-26 19:15:00;430.23e-6
2014-07-26 19:30:00;419.85e-6
2014-07-26 19:45:00;413.76e-6
2014-07-26 20:00:00;405.78e-6
2014-07-26 20:15:00;404.32e-6
2014-07-26 20:30:00;400.63e-6
2014-07-26 20:45:00;397.11e-6
2014-07-26 21:00:00;392.37e-6
2014-07-26 21:15:00;383.74e-6
2014-07-26 21:30:00;370.99e-6
2014-07-26 21:45:00;354.77e-6
2014-07-26 22:00:00;334.76e-6
2014-07-26 22:15:00;314.24e-6
2014-07-26 22:30:00;288.15e-6
2014-07-26 22:45:00;266.98e-6
2014-07-26 23:00:00;243.68e-6
2014-07-26 23:15:00;225.24e-6
2014-07-26 23:30:00;209.05e-6
2014-07-26 23:45:00;193.23e-6
2014-07-27 00:00:00;179.07e-6
2014-07-27 00:15:00;167.56e-6
2014-07-27 00:30:00;158.53e-6
2014-07-27 00:45:00;154.87e-6
2014-07-27 01:00:00;153.89e-6
2014-07-27 01:15:00;158.18e-6
2014-07-27 01:30:00;161.33e-6
2014-07-27 01:45:00;164.56e-6
2014-07-27 02:00:00;165.55e-6
2014-07-27 02:15:00;165.60e-6
2014-07-27 02:30:00;166.62e-6
2014-07-27 02:45:00;168.32e-6
2014-07-27 03:00:00;170.42e-6
2014-07-27 03:15:00;170.65e-6
2014-07-27 03:30:00;169.89e-6
2014-07-27 03:45:00;167.78e-6
2014-07-27 04:00:00;166.36e-6
2014-07-27 04:15:00;166.30e-6
2014-07-27 04:30:00;168.36e-6
2014-07-27 04:45:00;173.69e-6
2014-07-27 05:00:00;183.49e-6
2014-07-27 05:15:00;196.25e-6
2014-07-27 05:30:00;212.60e-6
2014-07-27 05:45:00;227.32e-6
2014-07-27 06:00:00;251.77e-6
2014-07-27 06:15:00;276.03e-6
2014-07-27 06:30:00;307.05e-6
2014-07-27 06:45:00;338.66e-6
2014-07-27 07:00:00;373.51e-6
2014-07-27 07:15:00;403.80e-6
2014-07-27 07:30:00;426.93e-6
2014-07-27 07:45:00;446.90e-6
2014-07-27 08:00:00;464.40e-6
2014-07-27 08:15:00;477.73e-6
2014-07-27 08:30:00;487.35e-6
2014-07-27 08:45:00;496.89e-6
2014-07-27 09:00:00;509.34e-6
2014-07-27 09:15:00;522.68e-6
2014-07-27 09:30:00;539.03e-6
2014-07-27 09:45:00;562.53e-6
2014-07-27 10:00:00;594.29e-6
2014-07-27 10:15:00;630.73e-6
2014-07-27 10:30:00;640.55e-6
2014-07-27 10:45:00;623.64e-6
2014-07-27 11:00:00;584.54e-6
2014-07-27 11:15:00;547.74e-6
2014-07-27 11:30:00;514.84e-6
2014-07-27 11:45:00;492.28e-6
2014-07-27 12:00:00;468.81e-6
2014-07-27 12:15:00;449.72e-6
2014-07-27 12:30:00;433.60e-6
2014-07-27 12:45:00;420.96e-6
2014-07-27 13:00:00;411.37e-6
2014-07-27 13:15:00;402.13e-6
2014-07-27 13:30:00;393.08e-6
2014-07-27 13:45:00;384.35e-6
2014-07-27 14:00:00;375.50e-6
2014-07-27 14:15:00;366.62e-6
2014-07-27 14:30:00;359.03e-6
2014-07-27 14:45:00;352.13e-6
2014-07-27 15:00:00;347.21e-6
2014-07-27 15:15:00;339.66e-6
2014-07-27 15:30:00;341.46e-6
2014-07-27 15:45:00;345.33e-6
2014-07-27 16:00:00;349.72e-6
2014-07-27 16:15:00;357.54e-6
2014-07-27 16:30:00;367.98e-6
2014-07-27 16:45:00;381.05e-6
2014-07-27 17:00:00;392.84e-6
2014-07-27 17:15:00;405.87e-6
2014-07-27 17:30:00;417.34e-6
2014-07-27 17:45:00;426.37e-6
2014-07-27 18:00:00;429.18e-6
2014-07-27 18:15:00;432.96e-6
2014-07-27 18:30:00;431.74e-6
2014-07-27 18:45:00;433.54e-6
2014-07-27 19:00:00;432.16e-6
2014-07-27 19:15:00;427.20e-6
2014-07-27 19:30:00;419.06e-6
2014-07-27 19:45:00;414.21e-6
2014-07-27 20:00:00;406.73e-6
2014-07-27 20:15:00;402.80e-6
2014-07-27 20:30:00;396.15e-6
2014-07-27 20:45:00;387.92e-6
2014-07-27 21:00:00;376.79e-6
2014-07-27 21:15:00;361.08e-6
2014-07-27 21:30:00;341.63e-6
2014-07-27 21:45:00;319.73e-6
2014-07-27 22:00:00;296.30e-6
2014-07-27 22:15:00;271.43e-6
2014-07-27 22:30:00;248.49e-6
2014-07-27 22:45:00;225.94e-6
2014-07-27 23:00:00;197.85e-6
2014-07-27 23:15:00;182.21e-6
2014-07-27 23:30:00;168.11e-6
2014-07-27 23:45:00;156.65e-6
2014-07-28 00:00:00;147.59e-6
2014-07-28 00:15:00;140.90e-6
2014-07-28 00:30:00;136.45e-6
2014-07-28 00:45:00;135.93e-6
2014-07-28 01:00:00;139.38e-6
2014-07-28 01:15:00;144.62e-6
2014-07-28 01:30:00;148.98e-6
2014-07-28 01:45:00;152.93e-6
2014-07-28 02:00:00;155.66e-6
2014-07-28 02:15:00;156.63e-6
2014-07-28 02:30:00;157.48e-6
2014-07-28 02:45:00;159.27e-6
2014-07-28 03:00:00;163.85e-6
2014-07-28 03:15:00;164.80e-6
2014-07-28 03:30:00;167.21e-6
2014-07-28 03:45:00;176.75e-6
2014-07-28 04:00:00;185.50e-6
2014-07-28 04:15:00;198.05e-6
2014-07-28 04:30:00;213.66e-6
2014-07-28 04:45:00;232.92e-6
2014-07-28 05:00:00;256.47e-6
2014-07-28 05:15:00;280.54e-6
2014-07-28 05:30:00;310.96e-6
2014-07-28 05:45:00;328.89e-6
2014-07-28 06:00:00;349.36e-6
2014-07-28 06:15:00;359.31e-6
2014-07-28 06:30:00;363.26e-6
2014-07-28 06:45:00;356.58e-6
2014-07-28 07:00:00;353.00e-6
2014-07-28 07:15:00;341.80e-6
2014-07-28 07:30:00;330.16e-6
2014-07-28 07:45:00;318.24e-6
2014-07-28 08:00:00;310.71e-6
2014-07-28 08:15:00;305.24e-6
2014-07-28 08:30:00;304.49e-6
2014-07-28 08:45:00;305.14e-6
2014-07-28 09:00:00;307.79e-6
2014-07-28 09:15:00;308.62e-6
2014-07-28 09:30:00;311.39e-6
2014-07-28 09:45:00;319.13e-6
2014-07-28 10:00:00;333.94e-6
2014-07-28 10:15:00;349.42e-6
2014-07-28 10:30:00;356.47e-6
2014-07-28 10:45:00;355.04e-6
2014-07-28 11:00:00;343.80e-6
2014-07-28 11:15:00;337.23e-6
2014-07-28 11:30:00;331.87e-6
2014-07-28 11:45:00;329.29e-6
2014-07-28 12:00:00;326.60e-6
2014-07-28 12:15:00;324.96e-6
2014-07-28 12:30:00;323.44e-6
2014-07-28 12:45:00;322.22e-6
2014-07-28 13:00:00;321.08e-6
2014-07-28 13:15:00;317.76e-6
2014-07-28 13:30:00;312.75e-6
2014-07-28 13:45:00;306.68e-6
2014-07-28 14:00:00;299.81e-6
2014-07-28 14:15:00;292.61e-6
2014-07-28 14:30:00;286.80e-6
2014-07-28 14:45:00;282.16e-6
2014-07-28 15:00:00;279.61e-6
2014-07-28 15:15:00;275.41e-6
2014-07-28 15:30:00;278.85e-6
2014-07-28 15:45:00;284.58e-6
2014-07-28 16:00:00;291.85e-6
2014-07-28 16:15:00;302.34e-6
2014-07-28 16:30:00;315.32e-6
2014-07-28 16:45:00;331.95e-6
2014-07-28 17:00:00;345.78e-6
2014-07-28 17:15:00;364.21e-6
2014-07-28 17:30:00;381.89e-6
2014-07-28 17:45:00;399.83e-6
2014-07-28 18:00:00;412.03e-6
2014-07-28 18:15:00;422.98e-6
2014-07-28 18:30:00;438.53e-6
2014-07-28 18:45:00;442.27e-6
2014-07-28 19:00:00;441.40e-6
2014-07-28 19:15:00;437.44e-6
2014-07-28 19:30:00;429.60e-6
2014-07-28 19:45:00;423.67e-6
2014-07-28 20:00:00;417.65e-6
2014-07-28 20:15:00;412.40e-6
2014-07-28 20:30:00;405.30e-6
2014-07-28 20:45:00;396.04e-6
2014-07-28 21:00:00;383.93e-6
2014-07-28 21:15:00;366.91e-6
2014-07-28 21:30:00;345.88e-6
2014-07-28 21:45:00;321.91e-6
2014-07-28 22:00:00;296.50e-6
2014-07-28 22:15:00;268.29e-6
2014-07-28 22:30:00;244.30e-6
2014-07-28 22:45:00;222.90e-6
2014-07-28 23:00:00;197.95e-6
2014-07-28 23:15:00;182.30e-6
2014-07-28 23:30:00;168.20e-6
2014-07-28 23:45:00;156.73e-6
2014-07-29 00:00:00;147.66e-6
2014-07-29 00:15:00;140.97e-6
2014-07-29 00:30:00;136.52e-6
2014-07-29 00:45:00;136.00e-6
2014-07-29 01:00:00;139.46e-6
2014-07-29 01:15:00;144.70e-6
2014-07-29 01:30:00;149.05e-6
2014-07-29 01:45:00;153.01e-6
2014-07-29 02:00:00;155.74e-6
2014-07-29 02:15:00;156.71e-6
2014-07-29 02:30:00;157.56e-6
2014-07-29 02:45:00;159.35e-6
2014-07-29 03:00:00;163.93e-6
2014-07-29 03:15:00;164.88e-6
2014-07-29 03:30:00;167.29e-6
2014-07-29 03:45:00;176.84e-6
2014-07-29 04:00:00;185.59e-6
2014-07-29 04:15:00;198.15e-6
2014-07-29 04:30:00;213.77e-6
2014-07-29 04:45:00;233.04e-6
2014-07-29 05:00:00;256.60e-6
2014-07-29 05:15:00;280.68e-6
2014-07-29 05:30:00;311.12e-6
2014-07-29 05:45:00;329.06e-6
2014-07-29 06:00:00;349.54e-6
2014-07-29 06:15:00;359.50e-6
2014-07-29 06:30:00;363.44e-6
2014-07-29 06:45:00;356.76e-6
2014-07-29 07:00:00;353.18e-6
2014-07-29 07:15:00;341.98e-6
2014-07-29 07:30:00;330.33e-6
2014-07-29 07:45:00;318.40e-6
2014-07-29 08:00:00;310.87e-6
2014-07-29 08:15:00;305.40e-6
2014-07-29 08:30:00;304.65e-6
2014-07-29 08:45:00;305.30e-6
2014-07-29 09:00:00;307.95e-6
2014-07-29 09:15:00;308.78e-6
2014-07-29 09:30:00;311.55e-6
2014-07-29 09:45:00;319.29e-6
2014-07-29 10:00:00;334.11e-6
2014-07-29 10:15:00;349.60e-6
2014-07-29 10:30:00;356.65e-6
2014-07-29 10:45:00;355.22e-6
2014-07-29 11:00:00;343.97e-6
2014-07-29 11:15:00;337.40e-6
2014-07-29 11:30:00;332.04e-6
2014-07-29 11:45:00;329.46e-6
2014-07-29 12:00:00;326.77e-6
2014-07-29 12:15:00;325.13e-6
2014-07-29 12:30:00;323.61e-6
2014-07-29 12:45:00;322.39e-6
2014-07-29 13:00:00;321.24e-6
2014-07-29 13:15:00;317.93e-6
2014-07-29 13:30:00;312.91e-6
2014-07-29 13:45:00;306.84e-6
2014-07-29 14:00:00;299.96e-6
2014-07-29 14:15:00;292.76e-6
2014-07-29 14:30:00;286.95e-6
2014-07-29 14:45:00;282.30e-6
2014-07-29 15:00:00;279.76e-6
2014-07-29 15:15:00;275.56e-6
2014-07-29 15:30:00;279.00e-6
2014-07-29 15:45:00;284.73e-6
2014-07-29 16:00:00;292.00e-6
2014-07-29 16:15:00;302.49e-6
2014-07-29 16:30:00;315.48e-6
2014-07-29 16:45:00;332.12e-6
2014-07-29 17:00:00;345.96e-6
2014-07-29 17:15:00;364.40e-6
2014-07-29 17:30:00;382.09e-6
2014-07-29 17:45:00;400.04e-6
2014-07-29 18:00:00;412.24e-6
2014-07-29 18:15:00;423.20e-6
2014-07-29 18:30:00;438.76e-6
2014-07-29 18:45:00;442.50e-6
2014-07-29 19:00:00;441.63e-6
2014-07-29 19:15:00;437.67e-6
2014-07-29 19:30:00;429.82e-6
2014-07-29 19:45:00;423.89e-6
2014-07-29 20:00:00;417.86e-6
2014-07-29 20:15:00;412.61e-6
2014-07-29 20:30:00;405.51e-6
2014-07-29 20:45:00;396.24e-6
2014-07-29 21:00:00;384.13e-6
2014-07-29 21:15:00;367.10e-6
2014-07-29 21:30:00;346.06e-6
2014-07-29 21:45:00;322.07e-6
2014-07-29 22:00:00;296.65e-6
2014-07-29 22:15:00;268.42e-6
2014-07-29 22:30:00;244.42e-6
2014-07-29 22:45:00;223.01e-6
2014-07-29 23:00:00;198.07e-6
2014-07-29 23:15:00;182.41e-6
2014-07-29 23:30:00;168.30e-6
2014-07-29 23:45:00;156.83e-6
2014-07-30 00:00:00;147.75e-6
2014-07-30 00:15:00;141.05e-6
2014-07-30 00:30:00;136.60e-6
2014-07-30 00:45:00;136.08e-6
2014-07-30 01:00:00;139.54e-6
2014-07-30 01:15:00;144.78e-6
2014-07-30 01:30:00;149.14e-6
2014-07-30 01:45:00;153.10e-6
2014-07-30 02:00:00;155.83e-6
2014-07-30 02:15:00;156.80e-6
2014-07-30 02:30:00;157.66e-6
2014-07-30 02:45:00;159.44e-6
2014-07-30 03:00:00;164.03e-6
2014-07-30 03:15:00;164.98e-6
2014-07-30 03:30:00;167.39e-6
2014-07-30 03:45:00;176.94e-6
2014-07-30 04:00:00;185.70e-6
2014-07-30 04:15:00;198.26e-6
2014-07-30 04:30:00;213.90e-6
2014-07-30 04:45:00;233.17e-6
2014-07-30 05:00:00;256.75e-6
2014-07-30 05:15:00;280.85e-6
2014-07-30 05:30:00;311.30e-6
2014-07-30 05:45:00;329.25e-6
2014-07-30 06:00:00;349.74e-6
2014-07-30 06:15:00;359.71e-6
2014-07-30 06:30:00;363.65e-6
2014-07-30 06:45:00;356.97e-6
2014-07-30 07:00:00;353.39e-6
2014-07-30 07:15:00;342.18e-6
2014-07-30 07:30:00;330.52e-6
2014-07-30 07:45:00;318.59e-6
2014-07-30 08:00:00;311.05e-6
2014-07-30 08:15:00;305.58e-6
2014-07-30 08:30:00;304.83e-6
2014-07-30 08:45:00;305.48e-6
2014-07-30 09:00:00;308.13e-6
2014-07-30 09:15:00;308.96e-6
2014-07-30 09:30:00;311.73e-6
2014-07-30 09:45:00;319.48e-6
2014-07-30 10:00:00;334.31e-6
2014-07-30 10:15:00;349.81e-6
2014-07-30 10:30:00;356.86e-6
2014-07-30 10:45:00;355.43e-6
2014-07-30 11:00:00;344.17e-6
2014-07-30 11:15:00;337.60e-6
2014-07-30 11:30:00;332.23e-6
2014-07-30 11:45:00;329.65e-6
2014-07-30 12:00:00;326.96e-6
2014-07-30 12:15:00;325.32e-6
2014-07-30 12:30:00;323.80e-6
2014-07-30 12:45:00;322.57e-6
2014-07-30 13:00:00;321.43e-6
2014-07-30 13:15:00;318.11e-6
2014-07-30 13:30:00;313.09e-6
2014-07-30 13:45:00;307.02e-6
2014-07-30 14:00:00;300.14e-6
2014-07-30 14:15:00;292.93e-6
2014-07-30 14:30:00;287.11e-6
2014-07-30 14:45:00;282.47e-6
2014-07-30 15:00:00;279.92e-6
2014-07-30 15:15:00;275.72e-6
2014-07-30 15:30:00;279.16e-6
2014-07-30 15:45:00;284.89e-6
2014-07-30 16:00:00;292.17e-6
2014-07-30 16:15:00;302.67e-6
2014-07-30 16:30:00;315.66e-6
2014-07-30 16:45:00;332.32e-6
2014-07-30 17:00:00;346.16e-6
2014-07-30 17:15:00;364.61e-6
2014-07-30 17:30:00;382.31e-6
2014-07-30 17:45:00;400.27e-6
2014-07-30 18:00:00;412.48e-6
2014-07-30 18:15:00;423.44e-6
2014-07-30 18:30:00;439.01e-6
2014-07-30 18:45:00;442.76e-6
2014-07-30 19:00:00;441.89e-6
2014-07-30 19:15:00;437.92e-6
2014-07-30 19:30:00;430.08e-6
2014-07-30 19:45:00;424.14e-6
2014-07-30 20:00:00;418.11e-6
2014-07-30 20:15:00;412.85e-6
2014-07-30 20:30:00;405.74e-6
2014-07-30 20:45:00;396.47e-6
2014-07-30 21:00:00;384.35e-6
2014-07-30 21:15:00;367.31e-6
2014-07-30 21:30:00;346.26e-6
2014-07-30 21:45:00;322.26e-6
2014-07-30 22:00:00;296.82e-6
2014-07-30 22:15:00;268.58e-6
2014-07-30 22:30:00;244.56e-6
2014-07-30 22:45:00;223.14e-6
2014-07-30 23:00:00;198.20e-6
2014-07-30 23:15:00;182.53e-6
2014-07-30 23:30:00;168.41e-6
2014-07-30 23:45:00;156.93e-6
2014-07-31 00:00:00;147.85e-6
2014-07-31 00:15:00;141.14e-6
2014-07-31 00:30:00;136.69e-6
2014-07-31 00:45:00;136.17e-6
2014-07-31 01:00:00;139.63e-6
2014-07-31 01:15:00;144.88e-6
2014-07-31 01:30:00;149.24e-6
2014-07-31 01:45:00;153.20e-6
2014-07-31 02:00:00;155.93e-6
2014-07-31 02:15:00;156.90e-6
2014-07-31 02:30:00;157.76e-6
2014-07-31 02:45:00;159.55e-6
2014-07-31 03:00:00;164.14e-6
2014-07-31 03:15:00;165.08e-6
2014-07-31 03:30:00;167.50e-6
2014-07-31 03:45:00;177.06e-6
2014-07-31 04:00:00;185.82e-6
2014-07-31 04:15:00;198.39e-6
2014-07-31 04:30:00;214.04e-6
2014-07-31 04:45:00;233.33e-6
2014-07-31 05:00:00;256.92e-6
2014-07-31 05:15:00;281.03e-6
2014-07-31 05:30:00;311.50e-6
2014-07-31 05:45:00;329.46e-6
2014-07-31 06:00:00;349.97e-6
2014-07-31 06:15:00;359.94e-6
2014-07-31 06:30:00;363.89e-6
2014-07-31 06:45:00;357.20e-6
2014-07-31 07:00:00;353.62e-6
2014-07-31 07:15:00;342.40e-6
2014-07-31 07:30:00;330.74e-6
2014-07-31 07:45:00;318.79e-6
2014-07-31 08:00:00;311.26e-6
2014-07-31 08:15:00;305.78e-6
2014-07-31 08:30:00;305.03e-6
2014-07-31 08:45:00;305.68e-6
2014-07-31 09:00:00;308.33e-6
2014-07-31 09:15:00;309.16e-6
2014-07-31 09:30:00;311.93e-6
2014-07-31 09:45:00;319.69e-6
2014-07-31 10:00:00;334.53e-6
2014-07-31 10:15:00;350.03e-6
2014-07-31 10:30:00;357.09e-6
2014-07-31 10:45:00;355.66e-6
2014-07-31 11:00:00;344.40e-6
2014-07-31 11:15:00;337.82e-6
2014-07-31 11:30:00;332.45e-6
2014-07-31 11:45:00;329.87e-6
2014-07-31 12:00:00;327.17e-6
2014-07-31 12:15:00;325.53e-6
2014-07-31 12:30:00;324.01e-6
2014-07-31 12:45:00;322.79e-6
2014-07-31 13:00:00;321.64e-6
2014-07-31 13:15:00;318.32e-6
2014-07-31 13:30:00;313.30e-6
2014-07-31 13:45:00;307.22e-6
2014-07-31 14:00:00;300.33e-6
2014-07-31 14:15:00;293.12e-6
2014-07-31 14:30:00;287.30e-6
2014-07-31 14:45:00;282.65e-6
2014-07-31 15:00:00;280.10e-6
2014-07-31 15:15:00;275.90e-6
2014-07-31 15:30:00;279.34e-6
2014-07-31 15:45:00;285.08e-6
2014-07-31 16:00:00;292.36e-6
2014-07-31 16:15:00;302.87e-6
2014-07-31 16:30:00;315.87e-6
2014-07-31 16:45:00;332.54e-6
2014-07-31 17:00:00;346.39e-6
2014-07-31 17:15:00;364.85e-6
2014-07-31 17:30:00;382.56e-6
2014-07-31 17:45:00;400.53e-6
2014-07-31 18:00:00;412.75e-6
2014-07-31 18:15:00;423.72e-6
2014-07-31 18:30:00;439.30e-6
2014-07-31 18:45:00;443.05e-6
2014-07-31 19:00:00;442.17e-6
2014-07-31 19:15:00;438.21e-6
2014-07-31 19:30:00;430.36e-6
2014-07-31 19:45:00;424.41e-6
2014-07-31 20:00:00;418.38e-6
2014-07-31 20:15:00;413.12e-6
2014-07-31 20:30:00;406.01e-6
2014-07-31 20:45:00;396.73e-6
2014-07-31 21:00:00;384.60e-6
2014-07-31 21:15:00;367.55e-6
2014-07-31 21:30:00;346.49e-6
2014-07-31 21:45:00;322.47e-6
2014-07-31 22:00:00;297.01e-6
2014-07-31 22:15:00;268.76e-6
2014-07-31 22:30:00;244.72e-6
2014-07-31 22:45:00;223.29e-6
2014-07-31 23:00:00;198.34e-6
2014-07-31 23:15:00;182.66e-6
2014-07-31 23:30:00;168.53e-6
2014-07-31 23:45:00;157.04e-6
2014-08-01 00:00:00;147.95e-6
2014-08-01 00:15:00;141.25e-6
2014-08-01 00:30:00;136.79e-6
2014-08-01 00:45:00;136.26e-6
2014-08-01 01:00:00;139.73e-6
2014-08-01 01:15:00;144.98e-6
2014-08-01 01:30:00;149.34e-6
2014-08-01 01:45:00;153.31e-6
2014-08-01 02:00:00;156.04e-6
2014-08-01 02:15:00;157.02e-6
2014-08-01 02:30:00;157.87e-6
2014-08-01 02:45:00;159.66e-6
2014-08-01 03:00:00;164.25e-6
2014-08-01 03:15:00;165.20e-6
2014-08-01 03:30:00;167.62e-6
2014-08-01 03:45:00;177.18e-6
2014-08-01 04:00:00;185.95e-6
2014-08-01 04:15:00;198.54e-6
2014-08-01 04:30:00;214.19e-6
2014-08-01 04:45:00;233.49e-6
2014-08-01 05:00:00;257.10e-6
2014-08-01 05:15:00;281.23e-6
2014-08-01 05:30:00;311.73e-6
2014-08-01 05:45:00;329.70e-6
2014-08-01 06:00:00;350.22e-6
2014-08-01 06:15:00;360.20e-6
2014-08-01 06:30:00;364.16e-6
2014-08-01 06:45:00;357.46e-6
2014-08-01 07:00:00;353.88e-6
2014-08-01 07:15:00;342.65e-6
2014-08-01 07:30:00;330.98e-6
2014-08-01 07:45:00;319.02e-6
2014-08-01 08:00:00;311.48e-6
2014-08-01 08:15:00;306.00e-6
2014-08-01 08:30:00;305.25e-6
2014-08-01 08:45:00;305.90e-6
2014-08-01 09:00:00;308.55e-6
2014-08-01 09:15:00;309.38e-6
2014-08-01 09:30:00;312.16e-6
2014-08-01 09:45:00;319.92e-6
2014-08-01 10:00:00;334.77e-6
2014-08-01 10:15:00;350.29e-6
2014-08-01 10:30:00;357.35e-6
2014-08-01 10:45:00;355.91e-6
2014-08-01 11:00:00;344.65e-6
2014-08-01 11:15:00;338.06e-6
2014-08-01 11:30:00;332.69e-6
2014-08-01 11:45:00;330.11e-6
2014-08-01 12:00:00;327.41e-6
2014-08-01 12:15:00;325.77e-6
2014-08-01 12:30:00;324.24e-6
2014-08-01 12:45:00;323.02e-6
2014-08-01 13:00:00;321.87e-6
2014-08-01 13:15:00;318.55e-6
2014-08-01 13:30:00;313.52e-6
2014-08-01 13:45:00;307.44e-6
2014-08-01 14:00:00;300.55e-6
2014-08-01 14:15:00;293.34e-6
2014-08-01 14:30:00;287.51e-6
2014-08-01 14:45:00;282.86e-6
2014-08-01 15:00:00;280.31e-6
2014-08-01 15:15:00;276.10e-6
2014-08-01 15:30:00;279.54e-6
2014-08-01 15:45:00;285.28e-6
2014-08-01 16:00:00;292.57e-6
2014-08-01 16:15:00;303.08e-6
2014-08-01 16:30:00;316.10e-6
2014-08-01 16:45:00;332.78e-6
2014-08-01 17:00:00;346.64e-6
2014-08-01 17:15:00;365.11e-6
2014-08-01 17:30:00;382.83e-6
2014-08-01 17:45:00;400.82e-6
2014-08-01 18:00:00;413.04e-6
2014-08-01 18:15:00;424.03e-6
2014-08-01 18:30:00;439.62e-6
2014-08-01 18:45:00;443.37e-6
2014-08-01 19:00:00;442.49e-6
2014-08-01 19:15:00;438.52e-6
2014-08-01 19:30:00;430.67e-6
2014-08-01 19:45:00;424.72e-6
2014-08-01 20:00:00;418.68e-6
2014-08-01 20:15:00;413.42e-6
2014-08-01 20:30:00;406.30e-6
2014-08-01 20:45:00;397.02e-6
2014-08-01 21:00:00;384.88e-6
2014-08-01 21:15:00;367.82e-6
2014-08-01 21:30:00;346.74e-6
2014-08-01 21:45:00;322.70e-6
2014-08-01 22:00:00;297.23e-6
2014-08-01 22:15:00;268.95e-6
2014-08-01 22:30:00;244.90e-6
2014-08-01 22:45:00;223.45e-6
2014-08-01 23:00:00;226.46e-6
2014-08-01 23:15:00;207.16e-6
2014-08-01 23:30:00;189.62e-6
2014-08-01 23:45:00;173.46e-6
2014-08-02 00:00:00;158.34e-6
2014-08-02 00:15:00;146.59e-6
2014-08-02 00:30:00;137.16e-6
2014-08-02 00:45:00;134.65e-6
2014-08-02 01:00:00;136.25e-6
2014-08-02 01:15:00;141.07e-6
2014-08-02 01:30:00;146.04e-6
2014-08-02 01:45:00;151.31e-6
2014-08-02 02:00:00;153.91e-6
2014-08-02 02:15:00;155.05e-6
2014-08-02 02:30:00;155.71e-6
2014-08-02 02:45:00;158.10e-6
2014-08-02 03:00:00;162.08e-6
2014-08-02 03:15:00;162.63e-6
2014-08-02 03:30:00;161.58e-6
2014-08-02 03:45:00;161.14e-6
2014-08-02 04:00:00;161.09e-6
2014-08-02 04:15:00;163.24e-6
2014-08-02 04:30:00;168.18e-6
2014-08-02 04:45:00;177.01e-6
2014-08-02 05:00:00;190.94e-6
2014-08-02 05:15:00;207.90e-6
2014-08-02 05:30:00;229.52e-6
2014-08-02 05:45:00;247.14e-6
2014-08-02 06:00:00;271.54e-6
2014-08-02 06:15:00;289.77e-6
2014-08-02 06:30:00;306.91e-6
2014-08-02 06:45:00;318.85e-6
2014-08-02 07:00:00;334.86e-6
2014-08-02 07:15:00;344.67e-6
2014-08-02 07:30:00;351.11e-6
2014-08-02 07:45:00;360.20e-6
2014-08-02 08:00:00;372.56e-6
2014-08-02 08:15:00;381.08e-6
2014-08-02 08:30:00;387.90e-6
2014-08-02 08:45:00;393.23e-6
2014-08-02 09:00:00;399.25e-6
2014-08-02 09:15:00;403.79e-6
2014-08-02 09:30:00;410.10e-6
2014-08-02 09:45:00;423.66e-6
2014-08-02 10:00:00;446.16e-6
2014-08-02 10:15:00;473.46e-6
2014-08-02 10:30:00;487.67e-6
2014-08-02 10:45:00;484.64e-6
2014-08-02 11:00:00;461.45e-6
2014-08-02 11:15:00;438.51e-6
2014-08-02 11:30:00;420.03e-6
2014-08-02 11:45:00;410.49e-6
2014-08-02 12:00:00;400.22e-6
2014-08-02 12:15:00;393.78e-6
2014-08-02 12:30:00;389.87e-6
2014-08-02 12:45:00;388.82e-6
2014-08-02 13:00:00;390.14e-6
2014-08-02 13:15:00;391.20e-6
2014-08-02 13:30:00;391.74e-6
2014-08-02 13:45:00;391.72e-6
2014-08-02 14:00:00;390.67e-6
2014-08-02 14:15:00;388.61e-6
2014-08-02 14:30:00;386.81e-6
2014-08-02 14:45:00;384.86e-6
2014-08-02 15:00:00;383.94e-6
2014-08-02 15:15:00;380.80e-6
2014-08-02 15:30:00;384.46e-6
2014-08-02 15:45:00;390.25e-6
2014-08-02 16:00:00;395.77e-6
2014-08-02 16:15:00;404.33e-6
2014-08-02 16:30:00;414.11e-6
2014-08-02 16:45:00;425.44e-6
2014-08-02 17:00:00;434.32e-6
2014-08-02 17:15:00;444.39e-6
2014-08-02 17:30:00;452.17e-6
2014-08-02 17:45:00;455.70e-6
2014-08-02 18:00:00;452.48e-6
2014-08-02 18:15:00;449.69e-6
2014-08-02 18:30:00;448.90e-6
2014-08-02 18:45:00;445.08e-6
2014-08-02 19:00:00;438.81e-6
2014-08-02 19:15:00;431.99e-6
2014-08-02 19:30:00;421.57e-6
2014-08-02 19:45:00;415.45e-6
2014-08-02 20:00:00;407.44e-6
2014-08-02 20:15:00;405.98e-6
2014-08-02 20:30:00;402.27e-6
2014-08-02 20:45:00;398.74e-6
2014-08-02 21:00:00;393.97e-6
2014-08-02 21:15:00;385.31e-6
2014-08-02 21:30:00;372.50e-6
2014-08-02 21:45:00;356.22e-6
2014-08-02 22:00:00;336.13e-6
2014-08-02 22:15:00;315.52e-6
2014-08-02 22:30:00;289.32e-6
2014-08-02 22:45:00;268.07e-6
2014-08-02 23:00:00;244.79e-6
2014-08-02 23:15:00;226.27e-6
2014-08-02 23:30:00;210.01e-6
2014-08-02 23:45:00;194.12e-6
2014-08-03 00:00:00;179.89e-6
2014-08-03 00:15:00;168.33e-6
2014-08-03 00:30:00;159.26e-6
2014-08-03 00:45:00;155.57e-6
2014-08-03 01:00:00;154.59e-6
2014-08-03 01:15:00;158.90e-6
2014-08-03 01:30:00;162.07e-6
2014-08-03 01:45:00;165.32e-6
2014-08-03 02:00:00;166.30e-6
2014-08-03 02:15:00;166.36e-6
2014-08-03 02:30:00;167.38e-6
2014-08-03 02:45:00;169.09e-6
2014-08-03 03:00:00;171.20e-6
2014-08-03 03:15:00;171.43e-6
2014-08-03 03:30:00;170.67e-6
2014-08-03 03:45:00;168.55e-6
2014-08-03 04:00:00;167.12e-6
2014-08-03 04:15:00;167.06e-6
2014-08-03 04:30:00;169.13e-6
2014-08-03 04:45:00;174.49e-6
2014-08-03 05:00:00;184.33e-6
2014-08-03 05:15:00;197.15e-6
2014-08-03 05:30:00;213.57e-6
2014-08-03 05:45:00;228.37e-6
2014-08-03 06:00:00;252.92e-6
2014-08-03 06:15:00;277.29e-6
2014-08-03 06:30:00;308.45e-6
2014-08-03 06:45:00;340.21e-6
2014-08-03 07:00:00;375.22e-6
2014-08-03 07:15:00;405.65e-6
2014-08-03 07:30:00;428.89e-6
2014-08-03 07:45:00;448.94e-6
2014-08-03 08:00:00;466.53e-6
2014-08-03 08:15:00;479.92e-6
2014-08-03 08:30:00;489.58e-6
2014-08-03 08:45:00;499.16e-6
2014-08-03 09:00:00;511.67e-6
2014-08-03 09:15:00;525.07e-6
2014-08-03 09:30:00;541.50e-6
2014-08-03 09:45:00;565.10e-6
2014-08-03 10:00:00;597.01e-6
2014-08-03 10:15:00;633.62e-6
2014-08-03 10:30:00;643.48e-6
2014-08-03 10:45:00;626.49e-6
2014-08-03 11:00:00;587.21e-6
2014-08-03 11:15:00;550.25e-6
2014-08-03 11:30:00;517.19e-6
2014-08-03 11:45:00;494.53e-6
2014-08-03 12:00:00;470.95e-6
2014-08-03 12:15:00;451.78e-6
2014-08-03 12:30:00;435.59e-6
2014-08-03 12:45:00;422.89e-6
2014-08-03 13:00:00;413.26e-6
2014-08-03 13:15:00;403.97e-6
2014-08-03 13:30:00;394.88e-6
2014-08-03 13:45:00;386.11e-6
2014-08-03 14:00:00;377.22e-6
2014-08-03 14:15:00;368.30e-6
2014-08-03 14:30:00;360.67e-6
2014-08-03 14:45:00;353.74e-6
2014-08-03 15:00:00;348.80e-6
2014-08-03 15:15:00;341.22e-6
2014-08-03 15:30:00;343.03e-6
2014-08-03 15:45:00;346.92e-6
2014-08-03 16:00:00;351.32e-6
2014-08-03 16:15:00;359.17e-6
2014-08-03 16:30:00;369.66e-6
2014-08-03 16:45:00;382.79e-6
2014-08-03 17:00:00;394.64e-6
2014-08-03 17:15:00;407.72e-6
2014-08-03 17:30:00;419.25e-6
2014-08-03 17:45:00;428.32e-6
2014-08-03 18:00:00;431.14e-6
2014-08-03 18:15:00;434.94e-6
2014-08-03 18:30:00;433.71e-6
2014-08-03 18:45:00;435.52e-6
2014-08-03 19:00:00;434.14e-6
2014-08-03 19:15:00;429.15e-6
2014-08-03 19:30:00;420.97e-6
2014-08-03 19:45:00;416.10e-6
2014-08-03 20:00:00;408.59e-6
2014-08-03 20:15:00;404.64e-6
2014-08-03 20:30:00;397.96e-6
2014-08-03 20:45:00;389.70e-6
2014-08-03 21:00:00;378.52e-6
2014-08-03 21:15:00;362.73e-6
2014-08-03 21:30:00;343.19e-6
2014-08-03 21:45:00;321.19e-6
2014-08-03 22:00:00;297.66e-6
2014-08-03 22:15:00;272.67e-6
2014-08-03 22:30:00;249.63e-6
2014-08-03 22:45:00;226.97e-6
2014-08-03 23:00:00;198.85e-6
2014-08-03 23:15:00;183.13e-6
2014-08-03 23:30:00;168.96e-6
2014-08-03 23:45:00;157.45e-6
2014-08-04 00:00:00;148.33e-6
2014-08-04 00:15:00;141.61e-6
2014-08-04 00:30:00;137.15e-6
2014-08-04 00:45:00;136.62e-6
2014-08-04 01:00:00;140.09e-6
2014-08-04 01:15:00;145.36e-6
2014-08-04 01:30:00;149.73e-6
2014-08-04 01:45:00;153.70e-6
2014-08-04 02:00:00;156.45e-6
2014-08-04 02:15:00;157.42e-6
2014-08-04 02:30:00;158.28e-6
2014-08-04 02:45:00;160.07e-6
2014-08-04 03:00:00;164.68e-6
2014-08-04 03:15:00;165.63e-6
2014-08-04 03:30:00;168.06e-6
2014-08-04 03:45:00;177.64e-6
2014-08-04 04:00:00;186.44e-6
2014-08-04 04:15:00;199.05e-6
2014-08-04 04:30:00;214.74e-6
2014-08-04 04:45:00;234.10e-6
2014-08-04 05:00:00;257.77e-6
2014-08-04 05:15:00;281.96e-6
2014-08-04 05:30:00;312.54e-6
2014-08-04 05:45:00;330.55e-6
2014-08-04 06:00:00;351.13e-6
2014-08-04 06:15:00;361.13e-6
2014-08-04 06:30:00;365.10e-6
2014-08-04 06:45:00;358.38e-6
2014-08-04 07:00:00;354.79e-6
2014-08-04 07:15:00;343.53e-6
2014-08-04 07:30:00;331.83e-6
2014-08-04 07:45:00;319.85e-6
2014-08-04 08:00:00;312.29e-6
2014-08-04 08:15:00;306.79e-6
2014-08-04 08:30:00;306.03e-6
2014-08-04 08:45:00;306.69e-6
2014-08-04 09:00:00;309.35e-6
2014-08-04 09:15:00;310.18e-6
2014-08-04 09:30:00;312.97e-6
2014-08-04 09:45:00;320.75e-6
2014-08-04 10:00:00;335.63e-6
2014-08-04 10:15:00;351.19e-6
2014-08-04 10:30:00;358.27e-6
2014-08-04 10:45:00;356.83e-6
2014-08-04 11:00:00;345.54e-6
2014-08-04 11:15:00;338.93e-6
2014-08-04 11:30:00;333.55e-6
2014-08-04 11:45:00;330.96e-6
2014-08-04 12:00:00;328.25e-6
2014-08-04 12:15:00;326.61e-6
2014-08-04 12:30:00;325.08e-6
2014-08-04 12:45:00;323.85e-6
2014-08-04 13:00:00;322.70e-6
2014-08-04 13:15:00;319.37e-6
2014-08-04 13:30:00;314.33e-6
2014-08-04 13:45:00;308.24e-6
2014-08-04 14:00:00;301.33e-6
2014-08-04 14:15:00;294.09e-6
2014-08-04 14:30:00;288.25e-6
2014-08-04 14:45:00;283.59e-6
2014-08-04 15:00:00;281.03e-6
2014-08-04 15:15:00;276.81e-6
2014-08-04 15:30:00;280.27e-6
2014-08-04 15:45:00;286.02e-6
2014-08-04 16:00:00;293.33e-6
2014-08-04 16:15:00;303.87e-6
2014-08-04 16:30:00;316.91e-6
2014-08-04 16:45:00;333.64e-6
2014-08-04 17:00:00;347.53e-6
2014-08-04 17:15:00;366.06e-6
2014-08-04 17:30:00;383.82e-6
2014-08-04 17:45:00;401.86e-6
2014-08-04 18:00:00;414.11e-6
2014-08-04 18:15:00;425.12e-6
2014-08-04 18:30:00;440.75e-6
2014-08-04 18:45:00;444.51e-6
2014-08-04 19:00:00;443.64e-6
2014-08-04 19:15:00;439.66e-6
2014-08-04 19:30:00;431.78e-6
2014-08-04 19:45:00;425.82e-6
2014-08-04 20:00:00;419.77e-6
2014-08-04 20:15:00;414.49e-6
2014-08-04 20:30:00;407.35e-6
2014-08-04 20:45:00;398.04e-6
2014-08-04 21:00:00;385.88e-6
2014-08-04 21:15:00;368.77e-6
2014-08-04 21:30:00;347.63e-6
2014-08-04 21:45:00;323.54e-6
2014-08-04 22:00:00;298.00e-6
2014-08-04 22:15:00;269.65e-6
2014-08-04 22:30:00;245.53e-6
2014-08-04 22:45:00;224.03e-6
2014-08-04 23:00:00;199.05e-6
2014-08-04 23:15:00;183.31e-6
2014-08-04 23:30:00;169.13e-6
2014-08-04 23:45:00;157.60e-6
2014-08-05 00:00:00;148.48e-6
2014-08-05 00:15:00;141.75e-6
2014-08-05 00:30:00;137.28e-6
2014-08-05 00:45:00;136.75e-6
2014-08-05 01:00:00;140.23e-6
2014-08-05 01:15:00;145.50e-6
2014-08-05 01:30:00;149.88e-6
2014-08-05 01:45:00;153.86e-6
2014-08-05 02:00:00;156.60e-6
2014-08-05 02:15:00;157.58e-6
2014-08-05 02:30:00;158.44e-6
2014-08-05 02:45:00;160.23e-6
2014-08-05 03:00:00;164.84e-6
2014-08-05 03:15:00;165.80e-6
2014-08-05 03:30:00;168.22e-6
2014-08-05 03:45:00;177.82e-6
2014-08-05 04:00:00;186.62e-6
2014-08-05 04:15:00;199.25e-6
2014-08-05 04:30:00;214.96e-6
2014-08-05 04:45:00;234.33e-6
2014-08-05 05:00:00;258.03e-6
2014-08-05 05:15:00;282.24e-6
2014-08-05 05:30:00;312.85e-6
2014-08-05 05:45:00;330.88e-6
2014-08-05 06:00:00;351.48e-6
2014-08-05 06:15:00;361.49e-6
2014-08-05 06:30:00;365.46e-6
2014-08-05 06:45:00;358.74e-6
2014-08-05 07:00:00;355.15e-6
2014-08-05 07:15:00;343.88e-6
2014-08-05 07:30:00;332.16e-6
2014-08-05 07:45:00;320.17e-6
2014-08-05 08:00:00;312.60e-6
2014-08-05 08:15:00;307.10e-6
2014-08-05 08:30:00;306.34e-6
2014-08-05 08:45:00;307.00e-6
2014-08-05 09:00:00;309.66e-6
2014-08-05 09:15:00;310.49e-6
2014-08-05 09:30:00;313.28e-6
2014-08-05 09:45:00;321.07e-6
2014-08-05 10:00:00;335.97e-6
2014-08-05 10:15:00;351.54e-6
2014-08-05 10:30:00;358.63e-6
2014-08-05 10:45:00;357.19e-6
2014-08-05 11:00:00;345.88e-6
2014-08-05 11:15:00;339.27e-6
2014-08-05 11:30:00;333.88e-6
2014-08-05 11:45:00;331.29e-6
2014-08-05 12:00:00;328.58e-6
2014-08-05 12:15:00;326.94e-6
2014-08-05 12:30:00;325.41e-6
2014-08-05 12:45:00;324.18e-6
2014-08-05 13:00:00;323.03e-6
2014-08-05 13:15:00;319.69e-6
2014-08-05 13:30:00;314.65e-6
2014-08-05 13:45:00;308.54e-6
2014-08-05 14:00:00;301.63e-6
2014-08-05 14:15:00;294.39e-6
2014-08-05 14:30:00;288.54e-6
2014-08-05 14:45:00;283.87e-6
2014-08-05 15:00:00;281.31e-6
2014-08-05 15:15:00;277.09e-6
2014-08-05 15:30:00;280.55e-6
2014-08-05 15:45:00;286.31e-6
2014-08-05 16:00:00;293.62e-6
2014-08-05 16:15:00;304.17e-6
2014-08-05 16:30:00;317.23e-6
2014-08-05 16:45:00;333.97e-6
2014-08-05 17:00:00;347.88e-6
2014-08-05 17:15:00;366.42e-6
2014-08-05 17:30:00;384.21e-6
2014-08-05 17:45:00;402.26e-6
2014-08-05 18:00:00;414.53e-6
2014-08-05 18:15:00;425.55e-6
2014-08-05 18:30:00;441.19e-6
2014-08-05 18:45:00;444.96e-6
2014-08-05 19:00:00;444.08e-6
2014-08-05 19:15:00;440.10e-6
2014-08-05 19:30:00;432.21e-6
2014-08-05 19:45:00;426.24e-6
2014-08-05 20:00:00;420.18e-6
2014-08-05 20:15:00;414.90e-6
2014-08-05 20:30:00;407.76e-6
2014-08-05 20:45:00;398.44e-6
2014-08-05 21:00:00;386.26e-6
2014-08-05 21:15:00;369.14e-6
2014-08-05 21:30:00;347.98e-6
2014-08-05 21:45:00;323.86e-6
2014-08-05 22:00:00;298.29e-6
2014-08-05 22:15:00;269.92e-6
2014-08-05 22:30:00;245.78e-6
2014-08-05 22:45:00;224.25e-6
2014-08-05 23:00:00;199.26e-6
2014-08-05 23:15:00;183.51e-6
2014-08-05 23:30:00;169.31e-6
2014-08-05 23:45:00;157.77e-6
2014-08-06 00:00:00;148.64e-6
2014-08-06 00:15:00;141.90e-6
2014-08-06 00:30:00;137.43e-6
2014-08-06 00:45:00;136.90e-6
2014-08-06 01:00:00;140.38e-6
2014-08-06 01:15:00;145.66e-6
2014-08-06 01:30:00;150.04e-6
2014-08-06 01:45:00;154.02e-6
2014-08-06 02:00:00;156.77e-6
2014-08-06 02:15:00;157.75e-6
2014-08-06 02:30:00;158.61e-6
2014-08-06 02:45:00;160.40e-6
2014-08-06 03:00:00;165.02e-6
2014-08-06 03:15:00;165.97e-6
2014-08-06 03:30:00;168.40e-6
2014-08-06 03:45:00;178.01e-6
2014-08-06 04:00:00;186.82e-6
2014-08-06 04:15:00;199.46e-6
2014-08-06 04:30:00;215.19e-6
2014-08-06 04:45:00;234.58e-6
2014-08-06 05:00:00;258.30e-6
2014-08-06 05:15:00;282.54e-6
2014-08-06 05:30:00;313.18e-6
2014-08-06 05:45:00;331.24e-6
2014-08-06 06:00:00;351.86e-6
2014-08-06 06:15:00;361.88e-6
2014-08-06 06:30:00;365.85e-6
2014-08-06 06:45:00;359.12e-6
2014-08-06 07:00:00;355.53e-6
2014-08-06 07:15:00;344.24e-6
2014-08-06 07:30:00;332.52e-6
2014-08-06 07:45:00;320.51e-6
2014-08-06 08:00:00;312.93e-6
2014-08-06 08:15:00;307.42e-6
2014-08-06 08:30:00;306.67e-6
2014-08-06 08:45:00;307.32e-6
2014-08-06 09:00:00;309.99e-6
2014-08-06 09:15:00;310.83e-6
2014-08-06 09:30:00;313.61e-6
2014-08-06 09:45:00;321.41e-6
2014-08-06 10:00:00;336.33e-6
2014-08-06 10:15:00;351.92e-6
2014-08-06 10:30:00;359.01e-6
2014-08-06 10:45:00;357.57e-6
2014-08-06 11:00:00;346.25e-6
2014-08-06 11:15:00;339.63e-6
2014-08-06 11:30:00;334.24e-6
2014-08-06 11:45:00;331.64e-6
2014-08-06 12:00:00;328.93e-6
2014-08-06 12:15:00;327.28e-6
2014-08-06 12:30:00;325.75e-6
2014-08-06 12:45:00;324.52e-6
2014-08-06 13:00:00;323.37e-6
2014-08-06 13:15:00;320.03e-6
2014-08-06 13:30:00;314.98e-6
2014-08-06 13:45:00;308.87e-6
2014-08-06 14:00:00;301.95e-6
2014-08-06 14:15:00;294.70e-6
2014-08-06 14:30:00;288.85e-6
2014-08-06 14:45:00;284.17e-6
2014-08-06 15:00:00;281.61e-6
2014-08-06 15:15:00;277.38e-6
2014-08-06 15:30:00;280.85e-6
2014-08-06 15:45:00;286.61e-6
2014-08-06 16:00:00;293.93e-6
2014-08-06 16:15:00;304.50e-6
2014-08-06 16:30:00;317.57e-6
2014-08-06 16:45:00;334.33e-6
2014-08-06 17:00:00;348.25e-6
2014-08-06 17:15:00;366.81e-6
2014-08-06 17:30:00;384.62e-6
2014-08-06 17:45:00;402.69e-6
2014-08-06 18:00:00;414.97e-6
2014-08-06 18:15:00;426.00e-6
2014-08-06 18:30:00;441.66e-6
2014-08-06 18:45:00;445.43e-6
2014-08-06 19:00:00;444.56e-6
2014-08-06 19:15:00;440.57e-6
2014-08-06 19:30:00;432.67e-6
2014-08-06 19:45:00;426.70e-6
2014-08-06 20:00:00;420.63e-6
2014-08-06 20:15:00;415.34e-6
2014-08-06 20:30:00;408.19e-6
2014-08-06 20:45:00;398.87e-6
2014-08-06 21:00:00;386.68e-6
2014-08-06 21:15:00;369.53e-6
2014-08-06 21:30:00;348.35e-6
2014-08-06 21:45:00;324.20e-6
2014-08-06 22:00:00;298.61e-6
2014-08-06 22:15:00;270.20e-6
2014-08-06 22:30:00;246.04e-6
2014-08-06 22:45:00;224.49e-6
2014-08-06 23:00:00;199.49e-6
2014-08-06 23:15:00;183.72e-6
2014-08-06 23:30:00;169.51e-6
2014-08-06 23:45:00;157.95e-6
2014-08-07 00:00:00;148.81e-6
2014-08-07 00:15:00;142.07e-6
2014-08-07 00:30:00;137.59e-6
2014-08-07 00:45:00;137.05e-6
2014-08-07 01:00:00;140.54e-6
2014-08-07 01:15:00;145.82e-6
2014-08-07 01:30:00;150.21e-6
2014-08-07 01:45:00;154.20e-6
2014-08-07 02:00:00;156.95e-6
2014-08-07 02:15:00;157.93e-6
2014-08-07 02:30:00;158.79e-6
2014-08-07 02:45:00;160.59e-6
2014-08-07 03:00:00;165.21e-6
2014-08-07 03:15:00;166.16e-6
2014-08-07 03:30:00;168.59e-6
2014-08-07 03:45:00;178.21e-6
2014-08-07 04:00:00;187.03e-6
2014-08-07 04:15:00;199.69e-6
2014-08-07 04:30:00;215.43e-6
2014-08-07 04:45:00;234.85e-6
2014-08-07 05:00:00;258.59e-6
2014-08-07 05:15:00;282.86e-6
2014-08-07 05:30:00;313.54e-6
2014-08-07 05:45:00;331.61e-6
2014-08-07 06:00:00;352.25e-6
2014-08-07 06:15:00;362.29e-6
2014-08-07 06:30:00;366.27e-6
2014-08-07 06:45:00;359.53e-6
2014-08-07 07:00:00;355.93e-6
2014-08-07 07:15:00;344.63e-6
2014-08-07 07:30:00;332.90e-6
2014-08-07 07:45:00;320.87e-6
2014-08-07 08:00:00;313.29e-6
2014-08-07 08:15:00;307.77e-6
2014-08-07 08:30:00;307.02e-6
2014-08-07 08:45:00;307.67e-6
2014-08-07 09:00:00;310.34e-6
2014-08-07 09:15:00;311.18e-6
2014-08-07 09:30:00;313.97e-6
2014-08-07 09:45:00;321.77e-6
2014-08-07 10:00:00;336.71e-6
2014-08-07 10:15:00;352.32e-6
2014-08-07 10:30:00;359.42e-6
2014-08-07 10:45:00;357.98e-6
2014-08-07 11:00:00;346.65e-6
2014-08-07 11:15:00;340.02e-6
2014-08-07 11:30:00;334.62e-6
2014-08-07 11:45:00;332.02e-6
2014-08-07 12:00:00;329.31e-6
2014-08-07 12:15:00;327.66e-6
2014-08-07 12:30:00;326.12e-6
2014-08-07 12:45:00;324.89e-6
2014-08-07 13:00:00;323.74e-6
2014-08-07 13:15:00;320.40e-6
2014-08-07 13:30:00;315.34e-6
2014-08-07 13:45:00;309.22e-6
2014-08-07 14:00:00;302.29e-6
2014-08-07 14:15:00;295.04e-6
2014-08-07 14:30:00;289.17e-6
2014-08-07 14:45:00;284.50e-6
2014-08-07 15:00:00;281.93e-6
2014-08-07 15:15:00;277.70e-6
2014-08-07 15:30:00;281.16e-6
2014-08-07 15:45:00;286.94e-6
2014-08-07 16:00:00;294.27e-6
2014-08-07 16:15:00;304.84e-6
2014-08-07 16:30:00;317.93e-6
2014-08-07 16:45:00;334.71e-6
2014-08-07 17:00:00;348.65e-6
2014-08-07 17:15:00;367.23e-6
2014-08-07 17:30:00;385.05e-6
2014-08-07 17:45:00;403.15e-6
2014-08-07 18:00:00;415.44e-6
2014-08-07 18:15:00;426.48e-6
2014-08-07 18:30:00;442.16e-6
2014-08-07 18:45:00;445.94e-6
2014-08-07 19:00:00;445.06e-6
2014-08-07 19:15:00;441.07e-6
2014-08-07 19:30:00;433.16e-6
2014-08-07 19:45:00;427.18e-6
2014-08-07 20:00:00;421.11e-6
2014-08-07 20:15:00;415.82e-6
2014-08-07 20:30:00;408.66e-6
2014-08-07 20:45:00;399.32e-6
2014-08-07 21:00:00;387.11e-6
2014-08-07 21:15:00;369.95e-6
2014-08-07 21:30:00;348.75e-6
2014-08-07 21:45:00;324.57e-6
2014-08-07 22:00:00;298.95e-6
2014-08-07 22:15:00;270.51e-6
2014-08-07 22:30:00;246.32e-6
2014-08-07 22:45:00;224.74e-6
2014-08-07 23:00:00;199.73e-6
2014-08-07 23:15:00;183.94e-6
2014-08-07 23:30:00;169.71e-6
2014-08-07 23:45:00;158.14e-6
2014-08-08 00:00:00;148.99e-6
2014-08-08 00:15:00;142.24e-6
2014-08-08 00:30:00;137.75e-6
2014-08-08 00:45:00;137.22e-6
2014-08-08 01:00:00;140.71e-6
2014-08-08 01:15:00;146.00e-6
2014-08-08 01:30:00;150.39e-6
2014-08-08 01:45:00;154.38e-6
2014-08-08 02:00:00;157.14e-6
2014-08-08 02:15:00;158.12e-6
2014-08-08 02:30:00;158.98e-6
2014-08-08 02:45:00;160.78e-6
2014-08-08 03:00:00;165.40e-6
2014-08-08 03:15:00;166.36e-6
2014-08-08 03:30:00;168.80e-6
2014-08-08 03:45:00;178.42e-6
2014-08-08 04:00:00;187.26e-6
2014-08-08 04:15:00;199.93e-6
2014-08-08 04:30:00;215.69e-6
2014-08-08 04:45:00;235.13e-6
2014-08-08 05:00:00;258.91e-6
2014-08-08 05:15:00;283.20e-6
2014-08-08 05:30:00;313.91e-6
2014-08-08 05:45:00;332.01e-6
2014-08-08 06:00:00;352.68e-6
2014-08-08 06:15:00;362.73e-6
2014-08-08 06:30:00;366.71e-6
2014-08-08 06:45:00;359.96e-6
2014-08-08 07:00:00;356.36e-6
2014-08-08 07:15:00;345.05e-6
2014-08-08 07:30:00;333.30e-6
2014-08-08 07:45:00;321.26e-6
2014-08-08 08:00:00;313.66e-6
2014-08-08 08:15:00;308.14e-6
2014-08-08 08:30:00;307.38e-6
2014-08-08 08:45:00;308.04e-6
2014-08-08 09:00:00;310.71e-6
2014-08-08 09:15:00;311.55e-6
2014-08-08 09:30:00;314.35e-6
2014-08-08 09:45:00;322.16e-6
2014-08-08 10:00:00;337.11e-6
2014-08-08 10:15:00;352.74e-6
2014-08-08 10:30:00;359.85e-6
2014-08-08 10:45:00;358.41e-6
2014-08-08 11:00:00;347.06e-6
2014-08-08 11:15:00;340.43e-6
2014-08-08 11:30:00;335.02e-6
2014-08-08 11:45:00;332.42e-6
2014-08-08 12:00:00;329.70e-6
2014-08-08 12:15:00;328.05e-6
2014-08-08 12:30:00;326.51e-6
2014-08-08 12:45:00;325.28e-6
2014-08-08 13:00:00;324.13e-6
2014-08-08 13:15:00;320.78e-6
2014-08-08 13:30:00;315.72e-6
2014-08-08 13:45:00;309.60e-6
2014-08-08 14:00:00;302.66e-6
2014-08-08 14:15:00;295.39e-6
2014-08-08 14:30:00;289.52e-6
2014-08-08 14:45:00;284.84e-6
2014-08-08 15:00:00;282.27e-6
2014-08-08 15:15:00;278.03e-6
2014-08-08 15:30:00;281.50e-6
2014-08-08 15:45:00;287.28e-6
2014-08-08 16:00:00;294.62e-6
2014-08-08 16:15:00;305.21e-6
2014-08-08 16:30:00;318.31e-6
2014-08-08 16:45:00;335.11e-6
2014-08-08 17:00:00;349.06e-6
2014-08-08 17:15:00;367.67e-6
2014-08-08 17:30:00;385.52e-6
2014-08-08 17:45:00;403.63e-6
2014-08-08 18:00:00;415.94e-6
2014-08-08 18:15:00;427.00e-6
2014-08-08 18:30:00;442.70e-6
2014-08-08 18:45:00;446.47e-6
2014-08-08 19:00:00;445.59e-6
2014-08-08 19:15:00;441.60e-6
2014-08-08 19:30:00;433.69e-6
2014-08-08 19:45:00;427.70e-6
2014-08-08 20:00:00;421.62e-6
2014-08-08 20:15:00;416.32e-6
2014-08-08 20:30:00;409.15e-6
2014-08-08 20:45:00;399.80e-6
2014-08-08 21:00:00;387.58e-6
2014-08-08 21:15:00;370.39e-6
2014-08-08 21:30:00;349.17e-6
2014-08-08 21:45:00;324.96e-6
2014-08-08 22:00:00;299.31e-6
2014-08-08 22:15:00;270.84e-6
2014-08-08 22:30:00;246.62e-6
2014-08-08 22:45:00;225.01e-6
2014-08-08 23:00:00;228.16e-6
2014-08-08 23:15:00;208.71e-6
2014-08-08 23:30:00;191.04e-6
2014-08-08 23:45:00;174.76e-6
2014-08-09 00:00:00;159.53e-6
2014-08-09 00:15:00;147.69e-6
2014-08-09 00:30:00;138.19e-6
2014-08-09 00:45:00;135.66e-6
2014-08-09 01:00:00;137.27e-6
2014-08-09 01:15:00;142.13e-6
2014-08-09 01:30:00;147.13e-6
2014-08-09 01:45:00;152.44e-6
2014-08-09 02:00:00;155.06e-6
2014-08-09 02:15:00;156.21e-6
2014-08-09 02:30:00;156.87e-6
2014-08-09 02:45:00;159.28e-6
2014-08-09 03:00:00;163.29e-6
2014-08-09 03:15:00;163.85e-6
2014-08-09 03:30:00;162.79e-6
2014-08-09 03:45:00;162.35e-6
2014-08-09 04:00:00;162.29e-6
2014-08-09 04:15:00;164.47e-6
2014-08-09 04:30:00;169.44e-6
2014-08-09 04:45:00;178.33e-6
2014-08-09 05:00:00;192.37e-6
2014-08-09 05:15:00;209.46e-6
2014-08-09 05:30:00;231.24e-6
2014-08-09 05:45:00;248.99e-6
2014-08-09 06:00:00;273.57e-6
2014-08-09 06:15:00;291.94e-6
2014-08-09 06:30:00;309.21e-6
2014-08-09 06:45:00;321.23e-6
2014-08-09 07:00:00;337.37e-6
2014-08-09 07:15:00;347.25e-6
2014-08-09 07:30:00;353.73e-6
2014-08-09 07:45:00;362.90e-6
2014-08-09 08:00:00;375.34e-6
2014-08-09 08:15:00;383.93e-6
2014-08-09 08:30:00;390.80e-6
2014-08-09 08:45:00;396.17e-6
2014-08-09 09:00:00;402.24e-6
2014-08-09 09:15:00;406.81e-6
2014-08-09 09:30:00;413.17e-6
2014-08-09 09:45:00;426.83e-6
2014-08-09 10:00:00;449.50e-6
2014-08-09 10:15:00;477.00e-6
2014-08-09 10:30:00;491.32e-6
2014-08-09 10:45:00;488.27e-6
2014-08-09 11:00:00;464.91e-6
2014-08-09 11:15:00;441.80e-6
2014-08-09 11:30:00;423.17e-6
2014-08-09 11:45:00;413.56e-6
2014-08-09 12:00:00;403.22e-6
2014-08-09 12:15:00;396.73e-6
2014-08-09 12:30:00;392.79e-6
2014-08-09 12:45:00;391.73e-6
2014-08-09 13:00:00;393.06e-6
2014-08-09 13:15:00;394.13e-6
2014-08-09 13:30:00;394.68e-6
2014-08-09 13:45:00;394.65e-6
2014-08-09 14:00:00;393.59e-6
2014-08-09 14:15:00;391.52e-6
2014-08-09 14:30:00;389.70e-6
2014-08-09 14:45:00;387.74e-6
2014-08-09 15:00:00;386.81e-6
2014-08-09 15:15:00;383.65e-6
2014-08-09 15:30:00;387.34e-6
2014-08-09 15:45:00;393.17e-6
2014-08-09 16:00:00;398.73e-6
2014-08-09 16:15:00;407.36e-6
2014-08-09 16:30:00;417.21e-6
2014-08-09 16:45:00;428.63e-6
2014-08-09 17:00:00;437.57e-6
2014-08-09 17:15:00;447.72e-6
2014-08-09 17:30:00;455.55e-6
2014-08-09 17:45:00;459.11e-6
2014-08-09 18:00:00;455.86e-6
2014-08-09 18:15:00;453.06e-6
2014-08-09 18:30:00;452.26e-6
2014-08-09 18:45:00;448.41e-6
2014-08-09 19:00:00;442.09e-6
2014-08-09 19:15:00;435.22e-6
2014-08-09 19:30:00;424.72e-6
2014-08-09 19:45:00;418.57e-6
2014-08-09 20:00:00;410.49e-6
2014-08-09 20:15:00;409.01e-6
2014-08-09 20:30:00;405.28e-6
2014-08-09 20:45:00;401.72e-6
2014-08-09 21:00:00;396.92e-6
2014-08-09 21:15:00;388.19e-6
2014-08-09 21:30:00;375.29e-6
2014-08-09 21:45:00;358.89e-6
2014-08-09 22:00:00;338.65e-6
2014-08-09 22:15:00;317.88e-6
2014-08-09 22:30:00;291.49e-6
2014-08-09 22:45:00;270.08e-6
2014-08-09 23:00:00;246.74e-6
2014-08-09 23:15:00;228.07e-6
2014-08-09 23:30:00;211.68e-6
2014-08-09 23:45:00;195.67e-6
2014-08-10 00:00:00;181.32e-6
2014-08-10 00:15:00;169.67e-6
2014-08-10 00:30:00;160.53e-6
2014-08-10 00:45:00;156.81e-6
2014-08-10 01:00:00;155.82e-6
2014-08-10 01:15:00;160.17e-6
2014-08-10 01:30:00;163.36e-6
2014-08-10 01:45:00;166.63e-6
2014-08-10 02:00:00;167.63e-6
2014-08-10 02:15:00;167.68e-6
2014-08-10 02:30:00;168.71e-6
2014-08-10 02:45:00;170.44e-6
2014-08-10 03:00:00;172.56e-6
2014-08-10 03:15:00;172.80e-6
2014-08-10 03:30:00;172.03e-6
2014-08-10 03:45:00;169.90e-6
2014-08-10 04:00:00;168.45e-6
2014-08-10 04:15:00;168.39e-6
2014-08-10 04:30:00;170.48e-6
2014-08-10 04:45:00;175.88e-6
2014-08-10 05:00:00;185.80e-6
2014-08-10 05:15:00;198.72e-6
2014-08-10 05:30:00;215.27e-6
2014-08-10 05:45:00;230.18e-6
2014-08-10 06:00:00;254.93e-6
2014-08-10 06:15:00;279.50e-6
2014-08-10 06:30:00;310.91e-6
2014-08-10 06:45:00;342.92e-6
2014-08-10 07:00:00;378.20e-6
2014-08-10 07:15:00;408.88e-6
2014-08-10 07:30:00;432.30e-6
2014-08-10 07:45:00;452.52e-6
2014-08-10 08:00:00;470.24e-6
2014-08-10 08:15:00;483.74e-6
2014-08-10 08:30:00;493.48e-6
2014-08-10 08:45:00;503.13e-6
2014-08-10 09:00:00;515.74e-6
2014-08-10 09:15:00;529.26e-6
2014-08-10 09:30:00;545.81e-6
2014-08-10 09:45:00;569.60e-6
2014-08-10 10:00:00;601.77e-6
2014-08-10 10:15:00;638.66e-6
2014-08-10 10:30:00;648.61e-6
2014-08-10 10:45:00;631.48e-6
2014-08-10 11:00:00;591.89e-6
2014-08-10 11:15:00;554.63e-6
2014-08-10 11:30:00;521.31e-6
2014-08-10 11:45:00;498.47e-6
2014-08-10 12:00:00;474.70e-6
2014-08-10 12:15:00;455.38e-6
2014-08-10 12:30:00;439.06e-6
2014-08-10 12:45:00;426.26e-6
2014-08-10 13:00:00;416.55e-6
2014-08-10 13:15:00;407.18e-6
2014-08-10 13:30:00;398.02e-6
2014-08-10 13:45:00;389.18e-6
2014-08-10 14:00:00;380.23e-6
2014-08-10 14:15:00;371.23e-6
2014-08-10 14:30:00;363.55e-6
2014-08-10 14:45:00;356.55e-6
2014-08-10 15:00:00;351.58e-6
2014-08-10 15:15:00;343.93e-6
2014-08-10 15:30:00;345.76e-6
2014-08-10 15:45:00;349.68e-6
2014-08-10 16:00:00;354.12e-6
2014-08-10 16:15:00;362.04e-6
2014-08-10 16:30:00;372.61e-6
2014-08-10 16:45:00;385.84e-6
2014-08-10 17:00:00;397.78e-6
2014-08-10 17:15:00;410.97e-6
2014-08-10 17:30:00;422.59e-6
2014-08-10 17:45:00;431.73e-6
2014-08-10 18:00:00;434.58e-6
2014-08-10 18:15:00;438.41e-6
2014-08-10 18:30:00;437.17e-6
2014-08-10 18:45:00;438.99e-6
2014-08-10 19:00:00;437.60e-6
2014-08-10 19:15:00;432.57e-6
2014-08-10 19:30:00;424.33e-6
2014-08-10 19:45:00;419.42e-6
2014-08-10 20:00:00;411.85e-6
2014-08-10 20:15:00;407.86e-6
2014-08-10 20:30:00;401.13e-6
2014-08-10 20:45:00;392.80e-6
2014-08-10 21:00:00;381.53e-6
2014-08-10 21:15:00;365.62e-6
2014-08-10 21:30:00;345.93e-6
2014-08-10 21:45:00;323.75e-6
2014-08-10 22:00:00;300.03e-6
2014-08-10 22:15:00;274.84e-6
2014-08-10 22:30:00;251.62e-6
2014-08-10 22:45:00;228.78e-6
2014-08-10 23:00:00;200.53e-6
2014-08-10 23:15:00;184.68e-6
2014-08-10 23:30:00;170.39e-6
2014-08-10 23:45:00;158.78e-6
2014-08-11 00:00:00;149.59e-6
2014-08-11 00:15:00;142.81e-6
2014-08-11 00:30:00;138.30e-6
2014-08-11 00:45:00;137.77e-6
2014-08-11 01:00:00;141.27e-6
2014-08-11 01:15:00;146.58e-6
2014-08-11 01:30:00;150.99e-6
2014-08-11 01:45:00;155.00e-6
2014-08-11 02:00:00;157.77e-6
2014-08-11 02:15:00;158.75e-6
2014-08-11 02:30:00;159.62e-6
2014-08-11 02:45:00;161.42e-6
2014-08-11 03:00:00;166.07e-6
2014-08-11 03:15:00;167.03e-6
2014-08-11 03:30:00;169.47e-6
2014-08-11 03:45:00;179.14e-6
2014-08-11 04:00:00;188.01e-6
2014-08-11 04:15:00;200.73e-6
2014-08-11 04:30:00;216.56e-6
2014-08-11 04:45:00;236.07e-6
2014-08-11 05:00:00;259.94e-6
2014-08-11 05:15:00;284.34e-6
2014-08-11 05:30:00;315.17e-6
2014-08-11 05:45:00;333.34e-6
2014-08-11 06:00:00;354.09e-6
2014-08-11 06:15:00;364.18e-6
2014-08-11 06:30:00;368.18e-6
2014-08-11 06:45:00;361.41e-6
2014-08-11 07:00:00;357.79e-6
2014-08-11 07:15:00;346.43e-6
2014-08-11 07:30:00;334.63e-6
2014-08-11 07:45:00;322.55e-6
2014-08-11 08:00:00;314.92e-6
2014-08-11 08:15:00;309.38e-6
2014-08-11 08:30:00;308.62e-6
2014-08-11 08:45:00;309.28e-6
2014-08-11 09:00:00;311.96e-6
2014-08-11 09:15:00;312.80e-6
2014-08-11 09:30:00;315.61e-6
2014-08-11 09:45:00;323.45e-6
2014-08-11 10:00:00;338.47e-6
2014-08-11 10:15:00;354.16e-6
2014-08-11 10:30:00;361.30e-6
2014-08-11 10:45:00;359.85e-6
2014-08-11 11:00:00;348.46e-6
2014-08-11 11:15:00;341.80e-6
2014-08-11 11:30:00;336.36e-6
2014-08-11 11:45:00;333.75e-6
2014-08-11 12:00:00;331.02e-6
2014-08-11 12:15:00;329.37e-6
2014-08-11 12:30:00;327.82e-6
2014-08-11 12:45:00;326.59e-6
2014-08-11 13:00:00;325.43e-6
2014-08-11 13:15:00;322.07e-6
2014-08-11 13:30:00;316.99e-6
2014-08-11 13:45:00;310.84e-6
2014-08-11 14:00:00;303.87e-6
2014-08-11 14:15:00;296.58e-6
2014-08-11 14:30:00;290.68e-6
2014-08-11 14:45:00;285.98e-6
2014-08-11 15:00:00;283.40e-6
2014-08-11 15:15:00;279.15e-6
2014-08-11 15:30:00;282.63e-6
2014-08-11 15:45:00;288.44e-6
2014-08-11 16:00:00;295.80e-6
2014-08-11 16:15:00;306.43e-6
2014-08-11 16:30:00;319.59e-6
2014-08-11 16:45:00;336.45e-6
2014-08-11 17:00:00;350.47e-6
2014-08-11 17:15:00;369.15e-6
2014-08-11 17:30:00;387.06e-6
2014-08-11 17:45:00;405.25e-6
2014-08-11 18:00:00;417.61e-6
2014-08-11 18:15:00;428.71e-6
2014-08-11 18:30:00;444.47e-6
2014-08-11 18:45:00;448.27e-6
2014-08-11 19:00:00;447.38e-6
2014-08-11 19:15:00;443.37e-6
2014-08-11 19:30:00;435.43e-6
2014-08-11 19:45:00;429.41e-6
2014-08-11 20:00:00;423.31e-6
2014-08-11 20:15:00;417.99e-6
2014-08-11 20:30:00;410.79e-6
2014-08-11 20:45:00;401.40e-6
2014-08-11 21:00:00;389.13e-6
2014-08-11 21:15:00;371.88e-6
2014-08-11 21:30:00;350.57e-6
2014-08-11 21:45:00;326.27e-6
2014-08-11 22:00:00;300.51e-6
2014-08-11 22:15:00;271.92e-6
2014-08-11 22:30:00;247.61e-6
2014-08-11 22:45:00;225.92e-6
2014-08-11 23:00:00;200.83e-6
2014-08-11 23:15:00;184.95e-6
2014-08-11 23:30:00;170.64e-6
2014-08-11 23:45:00;159.01e-6
2014-08-12 00:00:00;149.81e-6
2014-08-12 00:15:00;143.02e-6
2014-08-12 00:30:00;138.51e-6
2014-08-12 00:45:00;137.97e-6
2014-08-12 01:00:00;141.48e-6
2014-08-12 01:15:00;146.80e-6
2014-08-12 01:30:00;151.22e-6
2014-08-12 01:45:00;155.23e-6
2014-08-12 02:00:00;158.00e-6
2014-08-12 02:15:00;158.98e-6
2014-08-12 02:30:00;159.85e-6
2014-08-12 02:45:00;161.66e-6
2014-08-12 03:00:00;166.31e-6
2014-08-12 03:15:00;167.27e-6
2014-08-12 03:30:00;169.72e-6
2014-08-12 03:45:00;179.40e-6
2014-08-12 04:00:00;188.28e-6
2014-08-12 04:15:00;201.02e-6
2014-08-12 04:30:00;216.88e-6
2014-08-12 04:45:00;236.42e-6
2014-08-12 05:00:00;260.33e-6
2014-08-12 05:15:00;284.76e-6
2014-08-12 05:30:00;315.64e-6
2014-08-12 05:45:00;333.83e-6
2014-08-12 06:00:00;354.61e-6
2014-08-12 06:15:00;364.72e-6
2014-08-12 06:30:00;368.72e-6
2014-08-12 06:45:00;361.94e-6
2014-08-12 07:00:00;358.31e-6
2014-08-12 07:15:00;346.94e-6
2014-08-12 07:30:00;335.12e-6
2014-08-12 07:45:00;323.02e-6
2014-08-12 08:00:00;315.38e-6
2014-08-12 08:15:00;309.83e-6
2014-08-12 08:30:00;309.07e-6
2014-08-12 08:45:00;309.73e-6
2014-08-12 09:00:00;312.42e-6
2014-08-12 09:15:00;313.26e-6
2014-08-12 09:30:00;316.07e-6
2014-08-12 09:45:00;323.93e-6
2014-08-12 10:00:00;338.96e-6
2014-08-12 10:15:00;354.68e-6
2014-08-12 10:30:00;361.83e-6
2014-08-12 10:45:00;360.37e-6
2014-08-12 11:00:00;348.97e-6
2014-08-12 11:15:00;342.30e-6
2014-08-12 11:30:00;336.86e-6
2014-08-12 11:45:00;334.24e-6
2014-08-12 12:00:00;331.51e-6
2014-08-12 12:15:00;329.85e-6
2014-08-12 12:30:00;328.31e-6
2014-08-12 12:45:00;327.07e-6
2014-08-12 13:00:00;325.91e-6
2014-08-12 13:15:00;322.54e-6
2014-08-12 13:30:00;317.45e-6
2014-08-12 13:45:00;311.29e-6
2014-08-12 14:00:00;304.32e-6
2014-08-12 14:15:00;297.01e-6
2014-08-12 14:30:00;291.11e-6
2014-08-12 14:45:00;286.40e-6
2014-08-12 15:00:00;283.82e-6
2014-08-12 15:15:00;279.56e-6
2014-08-12 15:30:00;283.05e-6
2014-08-12 15:45:00;288.86e-6
2014-08-12 16:00:00;296.24e-6
2014-08-12 16:15:00;306.88e-6
2014-08-12 16:30:00;320.06e-6
2014-08-12 16:45:00;336.95e-6
2014-08-12 17:00:00;350.98e-6
2014-08-12 17:15:00;369.69e-6
2014-08-12 17:30:00;387.63e-6
2014-08-12 17:45:00;405.84e-6
2014-08-12 18:00:00;418.22e-6
2014-08-12 18:15:00;429.34e-6
2014-08-12 18:30:00;445.12e-6
2014-08-12 18:45:00;448.92e-6
2014-08-12 19:00:00;448.04e-6
2014-08-12 19:15:00;444.02e-6
2014-08-12 19:30:00;436.06e-6
2014-08-12 19:45:00;430.04e-6
2014-08-12 20:00:00;423.93e-6
2014-08-12 20:15:00;418.60e-6
2014-08-12 20:30:00;411.39e-6
2014-08-12 20:45:00;401.99e-6
2014-08-12 21:00:00;389.71e-6
2014-08-12 21:15:00;372.43e-6
2014-08-12 21:30:00;351.08e-6
2014-08-12 21:45:00;326.75e-6
2014-08-12 22:00:00;300.95e-6
2014-08-12 22:15:00;272.32e-6
2014-08-12 22:30:00;247.97e-6
2014-08-12 22:45:00;226.25e-6
2014-08-12 23:00:00;201.13e-6
2014-08-12 23:15:00;185.23e-6
2014-08-12 23:30:00;170.90e-6
2014-08-12 23:45:00;159.25e-6
2014-08-13 00:00:00;150.04e-6
2014-08-13 00:15:00;143.24e-6
2014-08-13 00:30:00;138.72e-6
2014-08-13 00:45:00;138.18e-6
2014-08-13 01:00:00;141.70e-6
2014-08-13 01:15:00;147.02e-6
2014-08-13 01:30:00;151.45e-6
2014-08-13 01:45:00;155.47e-6
2014-08-13 02:00:00;158.24e-6
2014-08-13 02:15:00;159.23e-6
2014-08-13 02:30:00;160.10e-6
2014-08-13 02:45:00;161.91e-6
2014-08-13 03:00:00;166.57e-6
2014-08-13 03:15:00;167.53e-6
2014-08-13 03:30:00;169.98e-6
2014-08-13 03:45:00;179.68e-6
2014-08-13 04:00:00;188.57e-6
2014-08-13 04:15:00;201.33e-6
2014-08-13 04:30:00;217.21e-6
2014-08-13 04:45:00;236.78e-6
2014-08-13 05:00:00;260.73e-6
2014-08-13 05:15:00;285.19e-6
2014-08-13 05:30:00;316.12e-6
2014-08-13 05:45:00;334.34e-6
2014-08-13 06:00:00;355.16e-6
2014-08-13 06:15:00;365.28e-6
2014-08-13 06:30:00;369.28e-6
2014-08-13 06:45:00;362.49e-6
2014-08-13 07:00:00;358.86e-6
2014-08-13 07:15:00;347.47e-6
2014-08-13 07:30:00;335.64e-6
2014-08-13 07:45:00;323.52e-6
2014-08-13 08:00:00;315.87e-6
2014-08-13 08:15:00;310.31e-6
2014-08-13 08:30:00;309.54e-6
2014-08-13 08:45:00;310.21e-6
2014-08-13 09:00:00;312.90e-6
2014-08-13 09:15:00;313.74e-6
2014-08-13 09:30:00;316.56e-6
2014-08-13 09:45:00;324.42e-6
2014-08-13 10:00:00;339.48e-6
2014-08-13 10:15:00;355.22e-6
2014-08-13 10:30:00;362.38e-6
2014-08-13 10:45:00;360.93e-6
2014-08-13 11:00:00;349.50e-6
2014-08-13 11:15:00;342.82e-6
2014-08-13 11:30:00;337.37e-6
2014-08-13 11:45:00;334.76e-6
2014-08-13 12:00:00;332.02e-6
2014-08-13 12:15:00;330.36e-6
2014-08-13 12:30:00;328.81e-6
2014-08-13 12:45:00;327.57e-6
2014-08-13 13:00:00;326.41e-6
2014-08-13 13:15:00;323.03e-6
2014-08-13 13:30:00;317.94e-6
2014-08-13 13:45:00;311.77e-6
2014-08-13 14:00:00;304.78e-6
2014-08-13 14:15:00;297.47e-6
2014-08-13 14:30:00;291.56e-6
2014-08-13 14:45:00;286.84e-6
2014-08-13 15:00:00;284.25e-6
2014-08-13 15:15:00;279.98e-6
2014-08-13 15:30:00;283.48e-6
2014-08-13 15:45:00;289.30e-6
2014-08-13 16:00:00;296.69e-6
2014-08-13 16:15:00;307.35e-6
2014-08-13 16:30:00;320.55e-6
2014-08-13 16:45:00;337.46e-6
2014-08-13 17:00:00;351.52e-6
2014-08-13 17:15:00;370.26e-6
2014-08-13 17:30:00;388.23e-6
2014-08-13 17:45:00;406.47e-6
2014-08-13 18:00:00;418.86e-6
2014-08-13 18:15:00;430.00e-6
2014-08-13 18:30:00;445.81e-6
2014-08-13 18:45:00;449.61e-6
2014-08-13 19:00:00;448.73e-6
2014-08-13 19:15:00;444.70e-6
2014-08-13 19:30:00;436.73e-6
2014-08-13 19:45:00;430.70e-6
2014-08-13 20:00:00;424.58e-6
2014-08-13 20:15:00;419.24e-6
2014-08-13 20:30:00;412.02e-6
2014-08-13 20:45:00;402.61e-6
2014-08-13 21:00:00;390.30e-6
2014-08-13 21:15:00;373.00e-6
2014-08-13 21:30:00;351.62e-6
2014-08-13 21:45:00;327.25e-6
2014-08-13 22:00:00;301.41e-6
2014-08-13 22:15:00;272.74e-6
2014-08-13 22:30:00;248.35e-6
2014-08-13 22:45:00;226.60e-6
2014-08-13 23:00:00;201.45e-6
2014-08-13 23:15:00;185.53e-6
2014-08-13 23:30:00;171.18e-6
2014-08-13 23:45:00;159.51e-6
2014-08-14 00:00:00;150.28e-6
2014-08-14 00:15:00;143.46e-6
2014-08-14 00:30:00;138.94e-6
2014-08-14 00:45:00;138.40e-6
2014-08-14 01:00:00;141.92e-6
2014-08-14 01:15:00;147.26e-6
2014-08-14 01:30:00;151.69e-6
2014-08-14 01:45:00;155.72e-6
2014-08-14 02:00:00;158.49e-6
2014-08-14 02:15:00;159.48e-6
2014-08-14 02:30:00;160.35e-6
2014-08-14 02:45:00;162.17e-6
2014-08-14 03:00:00;166.83e-6
2014-08-14 03:15:00;167.80e-6
2014-08-14 03:30:00;170.25e-6
2014-08-14 03:45:00;179.97e-6
2014-08-14 04:00:00;188.87e-6
2014-08-14 04:15:00;201.65e-6
2014-08-14 04:30:00;217.55e-6
2014-08-14 04:45:00;237.16e-6
2014-08-14 05:00:00;261.14e-6
2014-08-14 05:15:00;285.65e-6
2014-08-14 05:30:00;316.62e-6
2014-08-14 05:45:00;334.88e-6
2014-08-14 06:00:00;355.72e-6
2014-08-14 06:15:00;365.86e-6
2014-08-14 06:30:00;369.87e-6
2014-08-14 06:45:00;363.07e-6
2014-08-14 07:00:00;359.43e-6
2014-08-14 07:15:00;348.03e-6
2014-08-14 07:30:00;336.17e-6
2014-08-14 07:45:00;324.03e-6
2014-08-14 08:00:00;316.37e-6
2014-08-14 08:15:00;310.80e-6
2014-08-14 08:30:00;310.04e-6
2014-08-14 08:45:00;310.70e-6
2014-08-14 09:00:00;313.40e-6
2014-08-14 09:15:00;314.24e-6
2014-08-14 09:30:00;317.06e-6
2014-08-14 09:45:00;324.94e-6
2014-08-14 10:00:00;340.02e-6
2014-08-14 10:15:00;355.79e-6
2014-08-14 10:30:00;362.96e-6
2014-08-14 10:45:00;361.50e-6
2014-08-14 11:00:00;350.06e-6
2014-08-14 11:15:00;343.37e-6
2014-08-14 11:30:00;337.91e-6
2014-08-14 11:45:00;335.29e-6
2014-08-14 12:00:00;332.55e-6
2014-08-14 12:15:00;330.88e-6
2014-08-14 12:30:00;329.33e-6
2014-08-14 12:45:00;328.09e-6
2014-08-14 13:00:00;326.93e-6
2014-08-14 13:15:00;323.55e-6
2014-08-14 13:30:00;318.45e-6
2014-08-14 13:45:00;312.27e-6
2014-08-14 14:00:00;305.27e-6
2014-08-14 14:15:00;297.94e-6
2014-08-14 14:30:00;292.02e-6
2014-08-14 14:45:00;287.30e-6
2014-08-14 15:00:00;284.71e-6
2014-08-14 15:15:00;280.43e-6
2014-08-14 15:30:00;283.93e-6
2014-08-14 15:45:00;289.76e-6
2014-08-14 16:00:00;297.16e-6
2014-08-14 16:15:00;307.84e-6
2014-08-14 16:30:00;321.06e-6
2014-08-14 16:45:00;338.00e-6
2014-08-14 17:00:00;352.08e-6
2014-08-14 17:15:00;370.85e-6
2014-08-14 17:30:00;388.85e-6
2014-08-14 17:45:00;407.12e-6
2014-08-14 18:00:00;419.53e-6
2014-08-14 18:15:00;430.68e-6
2014-08-14 18:30:00;446.52e-6
2014-08-14 18:45:00;450.33e-6
2014-08-14 19:00:00;449.44e-6
2014-08-14 19:15:00;445.41e-6
2014-08-14 19:30:00;437.43e-6
2014-08-14 19:45:00;431.39e-6
2014-08-14 20:00:00;425.26e-6
2014-08-14 20:15:00;419.91e-6
2014-08-14 20:30:00;412.68e-6
2014-08-14 20:45:00;403.25e-6
2014-08-14 21:00:00;390.93e-6
2014-08-14 21:15:00;373.59e-6
2014-08-14 21:30:00;352.18e-6
2014-08-14 21:45:00;327.77e-6
2014-08-14 22:00:00;301.90e-6
2014-08-14 22:15:00;273.17e-6
2014-08-14 22:30:00;248.75e-6
2014-08-14 22:45:00;226.96e-6
2014-08-14 23:00:00;201.79e-6
2014-08-14 23:15:00;185.84e-6
2014-08-14 23:30:00;171.46e-6
2014-08-14 23:45:00;159.77e-6
2014-08-15 00:00:00;150.52e-6
2014-08-15 00:15:00;143.70e-6
2014-08-15 00:30:00;139.17e-6
2014-08-15 00:45:00;138.63e-6
2014-08-15 01:00:00;142.16e-6
2014-08-15 01:15:00;147.50e-6
2014-08-15 01:30:00;151.94e-6
2014-08-15 01:45:00;155.97e-6
2014-08-15 02:00:00;158.76e-6
2014-08-15 02:15:00;159.75e-6
2014-08-15 02:30:00;160.62e-6
2014-08-15 02:45:00;162.44e-6
2014-08-15 03:00:00;167.11e-6
2014-08-15 03:15:00;168.08e-6
2014-08-15 03:30:00;170.54e-6
2014-08-15 03:45:00;180.26e-6
2014-08-15 04:00:00;189.19e-6
2014-08-15 04:15:00;201.99e-6
2014-08-15 04:30:00;217.92e-6
2014-08-15 04:45:00;237.55e-6
2014-08-15 05:00:00;261.58e-6
2014-08-15 05:15:00;286.12e-6
2014-08-15 05:30:00;317.15e-6
2014-08-15 05:45:00;335.43e-6
2014-08-15 06:00:00;356.31e-6
2014-08-15 06:15:00;366.47e-6
2014-08-15 06:30:00;370.49e-6
2014-08-15 06:45:00;363.67e-6
2014-08-15 07:00:00;360.03e-6
2014-08-15 07:15:00;348.61e-6
2014-08-15 07:30:00;336.73e-6
2014-08-15 07:45:00;324.57e-6
2014-08-15 08:00:00;316.90e-6
2014-08-15 08:15:00;311.32e-6
2014-08-15 08:30:00;310.55e-6
2014-08-15 08:45:00;311.22e-6
2014-08-15 09:00:00;313.92e-6
2014-08-15 09:15:00;314.76e-6
2014-08-15 09:30:00;317.59e-6
2014-08-15 09:45:00;325.48e-6
2014-08-15 10:00:00;340.59e-6
2014-08-15 10:15:00;356.38e-6
2014-08-15 10:30:00;363.57e-6
2014-08-15 10:45:00;362.10e-6
2014-08-15 11:00:00;350.64e-6
2014-08-15 11:15:00;343.94e-6
2014-08-15 11:30:00;338.47e-6
2014-08-15 11:45:00;335.85e-6
2014-08-15 12:00:00;333.10e-6
2014-08-15 12:15:00;331.43e-6
2014-08-15 12:30:00;329.88e-6
2014-08-15 12:45:00;328.64e-6
2014-08-15 13:00:00;327.47e-6
2014-08-15 13:15:00;324.09e-6
2014-08-15 13:30:00;318.97e-6
2014-08-15 13:45:00;312.79e-6
2014-08-15 14:00:00;305.78e-6
2014-08-15 14:15:00;298.44e-6
2014-08-15 14:30:00;292.51e-6
2014-08-15 14:45:00;287.77e-6
2014-08-15 15:00:00;285.18e-6
2014-08-15 15:15:00;280.90e-6
2014-08-15 15:30:00;284.40e-6
2014-08-15 15:45:00;290.25e-6
2014-08-15 16:00:00;297.66e-6
2014-08-15 16:15:00;308.36e-6
2014-08-15 16:30:00;321.59e-6
2014-08-15 16:45:00;338.56e-6
2014-08-15 17:00:00;352.66e-6
2014-08-15 17:15:00;371.46e-6
2014-08-15 17:30:00;389.49e-6
2014-08-15 17:45:00;407.79e-6
2014-08-15 18:00:00;420.23e-6
2014-08-15 18:15:00;431.40e-6
2014-08-15 18:30:00;447.26e-6
2014-08-15 18:45:00;451.08e-6
2014-08-15 19:00:00;450.19e-6
2014-08-15 19:15:00;446.15e-6
2014-08-15 19:30:00;438.16e-6
2014-08-15 19:45:00;432.11e-6
2014-08-15 20:00:00;425.96e-6
2014-08-15 20:15:00;420.61e-6
2014-08-15 20:30:00;413.37e-6
2014-08-15 20:45:00;403.92e-6
2014-08-15 21:00:00;391.58e-6
2014-08-15 21:15:00;374.21e-6
2014-08-15 21:30:00;352.77e-6
2014-08-15 21:45:00;328.31e-6
2014-08-15 22:00:00;302.40e-6
2014-08-15 22:15:00;273.63e-6
2014-08-15 22:30:00;249.16e-6
2014-08-15 22:45:00;227.33e-6
2014-08-15 23:00:00;230.62e-6
2014-08-15 23:15:00;210.96e-6
2014-08-15 23:30:00;193.10e-6
2014-08-15 23:45:00;176.64e-6
2014-08-16 00:00:00;161.25e-6
2014-08-16 00:15:00;149.28e-6
2014-08-16 00:30:00;139.67e-6
2014-08-16 00:45:00;137.12e-6
2014-08-16 01:00:00;138.75e-6
2014-08-16 01:15:00;143.66e-6
2014-08-16 01:30:00;148.71e-6
2014-08-16 01:45:00;154.08e-6
2014-08-16 02:00:00;156.73e-6
2014-08-16 02:15:00;157.89e-6
2014-08-16 02:30:00;158.56e-6
2014-08-16 02:45:00;161.00e-6
2014-08-16 03:00:00;165.05e-6
2014-08-16 03:15:00;165.61e-6
2014-08-16 03:30:00;164.54e-6
2014-08-16 03:45:00;164.10e-6
2014-08-16 04:00:00;164.04e-6
2014-08-16 04:15:00;166.24e-6
2014-08-16 04:30:00;171.27e-6
2014-08-16 04:45:00;180.26e-6
2014-08-16 05:00:00;194.45e-6
2014-08-16 05:15:00;211.72e-6
2014-08-16 05:30:00;233.73e-6
2014-08-16 05:45:00;251.67e-6
2014-08-16 06:00:00;276.52e-6
2014-08-16 06:15:00;295.08e-6
2014-08-16 06:30:00;312.54e-6
2014-08-16 06:45:00;324.69e-6
2014-08-16 07:00:00;341.00e-6
2014-08-16 07:15:00;351.00e-6
2014-08-16 07:30:00;357.54e-6
2014-08-16 07:45:00;366.81e-6
2014-08-16 08:00:00;379.39e-6
2014-08-16 08:15:00;388.06e-6
2014-08-16 08:30:00;395.01e-6
2014-08-16 08:45:00;400.44e-6
2014-08-16 09:00:00;406.57e-6
2014-08-16 09:15:00;411.19e-6
2014-08-16 09:30:00;417.62e-6
2014-08-16 09:45:00;431.43e-6
2014-08-16 10:00:00;454.34e-6
2014-08-16 10:15:00;482.14e-6
2014-08-16 10:30:00;496.61e-6
2014-08-16 10:45:00;493.53e-6
2014-08-16 11:00:00;469.92e-6
2014-08-16 11:15:00;446.56e-6
2014-08-16 11:30:00;427.73e-6
2014-08-16 11:45:00;418.02e-6
2014-08-16 12:00:00;407.56e-6
2014-08-16 12:15:00;401.00e-6
2014-08-16 12:30:00;397.02e-6
2014-08-16 12:45:00;395.95e-6
2014-08-16 13:00:00;397.30e-6
2014-08-16 13:15:00;398.38e-6
2014-08-16 13:30:00;398.93e-6
2014-08-16 13:45:00;398.90e-6
2014-08-16 14:00:00;397.83e-6
2014-08-16 14:15:00;395.74e-6
2014-08-16 14:30:00;393.90e-6
2014-08-16 14:45:00;391.91e-6
2014-08-16 15:00:00;390.98e-6
2014-08-16 15:15:00;387.78e-6
2014-08-16 15:30:00;391.51e-6
2014-08-16 15:45:00;397.40e-6
2014-08-16 16:00:00;403.03e-6
2014-08-16 16:15:00;411.74e-6
2014-08-16 16:30:00;421.70e-6
2014-08-16 16:45:00;433.25e-6
2014-08-16 17:00:00;442.28e-6
2014-08-16 17:15:00;452.54e-6
2014-08-16 17:30:00;460.46e-6
2014-08-16 17:45:00;464.06e-6
2014-08-16 18:00:00;460.77e-6
2014-08-16 18:15:00;457.94e-6
2014-08-16 18:30:00;457.13e-6
2014-08-16 18:45:00;453.24e-6
2014-08-16 19:00:00;446.85e-6
2014-08-16 19:15:00;439.91e-6
2014-08-16 19:30:00;429.30e-6
2014-08-16 19:45:00;423.07e-6
2014-08-16 20:00:00;414.91e-6
2014-08-16 20:15:00;413.42e-6
2014-08-16 20:30:00;409.64e-6
2014-08-16 20:45:00;406.05e-6
2014-08-16 21:00:00;401.19e-6
2014-08-16 21:15:00;392.38e-6
2014-08-16 21:30:00;379.33e-6
2014-08-16 21:45:00;362.76e-6
2014-08-16 22:00:00;342.30e-6
2014-08-16 22:15:00;321.31e-6
2014-08-16 22:30:00;294.63e-6
2014-08-16 22:45:00;272.99e-6
2014-08-16 23:00:00;249.51e-6
2014-08-16 23:15:00;230.63e-6
2014-08-16 23:30:00;214.06e-6
2014-08-16 23:45:00;197.86e-6
2014-08-17 00:00:00;183.36e-6
2014-08-17 00:15:00;171.58e-6
2014-08-17 00:30:00;162.33e-6
2014-08-17 00:45:00;158.57e-6
2014-08-17 01:00:00;157.57e-6
2014-08-17 01:15:00;161.97e-6
2014-08-17 01:30:00;165.20e-6
2014-08-17 01:45:00;168.50e-6
2014-08-17 02:00:00;169.51e-6
2014-08-17 02:15:00;169.56e-6
2014-08-17 02:30:00;170.61e-6
2014-08-17 02:45:00;172.35e-6
2014-08-17 03:00:00;174.50e-6
2014-08-17 03:15:00;174.74e-6
2014-08-17 03:30:00;173.96e-6
2014-08-17 03:45:00;171.80e-6
2014-08-17 04:00:00;170.34e-6
2014-08-17 04:15:00;170.28e-6
2014-08-17 04:30:00;172.39e-6
2014-08-17 04:45:00;177.85e-6
2014-08-17 05:00:00;187.89e-6
2014-08-17 05:15:00;200.95e-6
2014-08-17 05:30:00;217.69e-6
2014-08-17 05:45:00;232.77e-6
2014-08-17 06:00:00;257.80e-6
2014-08-17 06:15:00;282.64e-6
2014-08-17 06:30:00;314.40e-6
2014-08-17 06:45:00;346.77e-6
2014-08-17 07:00:00;382.45e-6
2014-08-17 07:15:00;413.47e-6
2014-08-17 07:30:00;437.16e-6
2014-08-17 07:45:00;457.60e-6
2014-08-17 08:00:00;475.52e-6
2014-08-17 08:15:00;489.17e-6
2014-08-17 08:30:00;499.02e-6
2014-08-17 08:45:00;508.78e-6
2014-08-17 09:00:00;521.53e-6
2014-08-17 09:15:00;535.20e-6
2014-08-17 09:30:00;551.94e-6
2014-08-17 09:45:00;576.00e-6
2014-08-17 10:00:00;608.53e-6
2014-08-17 10:15:00;645.83e-6
2014-08-17 10:30:00;655.89e-6
2014-08-17 10:45:00;638.57e-6
2014-08-17 11:00:00;598.53e-6
2014-08-17 11:15:00;560.86e-6
2014-08-17 11:30:00;527.16e-6
2014-08-17 11:45:00;504.07e-6
2014-08-17 12:00:00;480.03e-6
2014-08-17 12:15:00;460.49e-6
2014-08-17 12:30:00;443.98e-6
2014-08-17 12:45:00;431.05e-6
2014-08-17 13:00:00;421.23e-6
2014-08-17 13:15:00;411.76e-6
2014-08-17 13:30:00;402.49e-6
2014-08-17 13:45:00;393.55e-6
2014-08-17 14:00:00;384.50e-6
2014-08-17 14:15:00;375.40e-6
2014-08-17 14:30:00;367.63e-6
2014-08-17 14:45:00;360.56e-6
2014-08-17 15:00:00;355.53e-6
2014-08-17 15:15:00;347.79e-6
2014-08-17 15:30:00;349.64e-6
2014-08-17 15:45:00;353.60e-6
2014-08-17 16:00:00;358.10e-6
2014-08-17 16:15:00;366.10e-6
2014-08-17 16:30:00;376.79e-6
2014-08-17 16:45:00;390.17e-6
2014-08-17 17:00:00;402.25e-6
2014-08-17 17:15:00;415.59e-6
2014-08-17 17:30:00;427.33e-6
2014-08-17 17:45:00;436.58e-6
2014-08-17 18:00:00;439.46e-6
2014-08-17 18:15:00;443.33e-6
2014-08-17 18:30:00;442.08e-6
2014-08-17 18:45:00;443.92e-6
2014-08-17 19:00:00;442.51e-6
2014-08-17 19:15:00;437.43e-6
2014-08-17 19:30:00;429.09e-6
2014-08-17 19:45:00;424.13e-6
2014-08-17 20:00:00;416.47e-6
2014-08-17 20:15:00;412.44e-6
2014-08-17 20:30:00;405.63e-6
2014-08-17 20:45:00;397.21e-6
2014-08-17 21:00:00;385.81e-6
2014-08-17 21:15:00;369.73e-6
2014-08-17 21:30:00;349.81e-6
2014-08-17 21:45:00;327.38e-6
2014-08-17 22:00:00;303.40e-6
2014-08-17 22:15:00;277.93e-6
2014-08-17 22:30:00;254.44e-6
2014-08-17 22:45:00;231.35e-6
2014-08-17 23:00:00;202.87e-6
2014-08-17 23:15:00;186.83e-6
2014-08-17 23:30:00;172.38e-6
2014-08-17 23:45:00;160.63e-6
2014-08-18 00:00:00;151.33e-6
2014-08-18 00:15:00;144.48e-6
2014-08-18 00:30:00;139.92e-6
2014-08-18 00:45:00;139.38e-6
2014-08-18 01:00:00;142.92e-6
2014-08-18 01:15:00;148.29e-6
2014-08-18 01:30:00;152.76e-6
2014-08-18 01:45:00;156.81e-6
2014-08-18 02:00:00;159.61e-6
2014-08-18 02:15:00;160.61e-6
2014-08-18 02:30:00;161.48e-6
2014-08-18 02:45:00;163.31e-6
2014-08-18 03:00:00;168.01e-6
2014-08-18 03:15:00;168.98e-6
2014-08-18 03:30:00;171.45e-6
2014-08-18 03:45:00;181.23e-6
2014-08-18 04:00:00;190.20e-6
2014-08-18 04:15:00;203.07e-6
2014-08-18 04:30:00;219.09e-6
2014-08-18 04:45:00;238.83e-6
2014-08-18 05:00:00;262.98e-6
2014-08-18 05:15:00;287.66e-6
2014-08-18 05:30:00;318.85e-6
2014-08-18 05:45:00;337.24e-6
2014-08-18 06:00:00;358.23e-6
2014-08-18 06:15:00;368.44e-6
2014-08-18 06:30:00;372.48e-6
2014-08-18 06:45:00;365.63e-6
2014-08-18 07:00:00;361.97e-6
2014-08-18 07:15:00;350.48e-6
2014-08-18 07:30:00;338.54e-6
2014-08-18 07:45:00;326.32e-6
2014-08-18 08:00:00;318.60e-6
2014-08-18 08:15:00;312.99e-6
2014-08-18 08:30:00;312.22e-6
2014-08-18 08:45:00;312.89e-6
2014-08-18 09:00:00;315.60e-6
2014-08-18 09:15:00;316.46e-6
2014-08-18 09:30:00;319.29e-6
2014-08-18 09:45:00;327.23e-6
2014-08-18 10:00:00;342.42e-6
2014-08-18 10:15:00;358.29e-6
2014-08-18 10:30:00;365.52e-6
2014-08-18 10:45:00;364.05e-6
2014-08-18 11:00:00;352.52e-6
2014-08-18 11:15:00;345.79e-6
2014-08-18 11:30:00;340.29e-6
2014-08-18 11:45:00;337.65e-6
2014-08-18 12:00:00;334.89e-6
2014-08-18 12:15:00;333.21e-6
2014-08-18 12:30:00;331.65e-6
2014-08-18 12:45:00;330.40e-6
2014-08-18 13:00:00;329.23e-6
2014-08-18 13:15:00;325.83e-6
2014-08-18 13:30:00;320.69e-6
2014-08-18 13:45:00;314.47e-6
2014-08-18 14:00:00;307.42e-6
2014-08-18 14:15:00;300.04e-6
2014-08-18 14:30:00;294.08e-6
2014-08-18 14:45:00;289.32e-6
2014-08-18 15:00:00;286.71e-6
2014-08-18 15:15:00;282.41e-6
2014-08-18 15:30:00;285.93e-6
2014-08-18 15:45:00;291.80e-6
2014-08-18 16:00:00;299.26e-6
2014-08-18 16:15:00;310.01e-6
2014-08-18 16:30:00;323.32e-6
2014-08-18 16:45:00;340.38e-6
2014-08-18 17:00:00;354.56e-6
2014-08-18 17:15:00;373.46e-6
2014-08-18 17:30:00;391.58e-6
2014-08-18 17:45:00;409.98e-6
2014-08-18 18:00:00;422.48e-6
2014-08-18 18:15:00;433.72e-6
2014-08-18 18:30:00;449.66e-6
2014-08-18 18:45:00;453.50e-6
2014-08-18 19:00:00;452.61e-6
2014-08-18 19:15:00;448.55e-6
2014-08-18 19:30:00;440.51e-6
2014-08-18 19:45:00;434.43e-6
2014-08-18 20:00:00;428.25e-6
2014-08-18 20:15:00;422.87e-6
2014-08-18 20:30:00;415.59e-6
2014-08-18 20:45:00;406.09e-6
2014-08-18 21:00:00;393.68e-6
2014-08-18 21:15:00;376.22e-6
2014-08-18 21:30:00;354.66e-6
2014-08-18 21:45:00;330.08e-6
2014-08-18 22:00:00;304.02e-6
2014-08-18 22:15:00;275.10e-6
2014-08-18 22:30:00;250.50e-6
2014-08-18 22:45:00;228.56e-6
2014-08-18 23:00:00;203.26e-6
2014-08-18 23:15:00;187.19e-6
2014-08-18 23:30:00;172.71e-6
2014-08-18 23:45:00;160.94e-6
2014-08-19 00:00:00;151.62e-6
2014-08-19 00:15:00;144.75e-6
2014-08-19 00:30:00;140.19e-6
2014-08-19 00:45:00;139.65e-6
2014-08-19 01:00:00;143.20e-6
2014-08-19 01:15:00;148.58e-6
2014-08-19 01:30:00;153.05e-6
2014-08-19 01:45:00;157.11e-6
2014-08-19 02:00:00;159.91e-6
2014-08-19 02:15:00;160.91e-6
2014-08-19 02:30:00;161.79e-6
2014-08-19 02:45:00;163.62e-6
2014-08-19 03:00:00;168.33e-6
2014-08-19 03:15:00;169.30e-6
2014-08-19 03:30:00;171.78e-6
2014-08-19 03:45:00;181.58e-6
2014-08-19 04:00:00;190.57e-6
2014-08-19 04:15:00;203.46e-6
2014-08-19 04:30:00;219.51e-6
2014-08-19 04:45:00;239.29e-6
2014-08-19 05:00:00;263.48e-6
2014-08-19 05:15:00;288.21e-6
2014-08-19 05:30:00;319.46e-6
2014-08-19 05:45:00;337.88e-6
2014-08-19 06:00:00;358.91e-6
2014-08-19 06:15:00;369.14e-6
2014-08-19 06:30:00;373.19e-6
2014-08-19 06:45:00;366.33e-6
2014-08-19 07:00:00;362.66e-6
2014-08-19 07:15:00;351.15e-6
2014-08-19 07:30:00;339.19e-6
2014-08-19 07:45:00;326.94e-6
2014-08-19 08:00:00;319.21e-6
2014-08-19 08:15:00;313.59e-6
2014-08-19 08:30:00;312.82e-6
2014-08-19 08:45:00;313.49e-6
2014-08-19 09:00:00;316.21e-6
2014-08-19 09:15:00;317.06e-6
2014-08-19 09:30:00;319.90e-6
2014-08-19 09:45:00;327.86e-6
2014-08-19 10:00:00;343.07e-6
2014-08-19 10:15:00;358.98e-6
2014-08-19 10:30:00;366.22e-6
2014-08-19 10:45:00;364.74e-6
2014-08-19 11:00:00;353.20e-6
2014-08-19 11:15:00;346.45e-6
2014-08-19 11:30:00;340.94e-6
2014-08-19 11:45:00;338.30e-6
2014-08-19 12:00:00;335.53e-6
2014-08-19 12:15:00;333.85e-6
2014-08-19 12:30:00;332.29e-6
2014-08-19 12:45:00;331.03e-6
2014-08-19 13:00:00;329.86e-6
2014-08-19 13:15:00;326.45e-6
2014-08-19 13:30:00;321.30e-6
2014-08-19 13:45:00;315.07e-6
2014-08-19 14:00:00;308.01e-6
2014-08-19 14:15:00;300.61e-6
2014-08-19 14:30:00;294.64e-6
2014-08-19 14:45:00;289.87e-6
2014-08-19 15:00:00;287.26e-6
2014-08-19 15:15:00;282.95e-6
2014-08-19 15:30:00;286.48e-6
2014-08-19 15:45:00;292.36e-6
2014-08-19 16:00:00;299.83e-6
2014-08-19 16:15:00;310.60e-6
2014-08-19 16:30:00;323.94e-6
2014-08-19 16:45:00;341.03e-6
2014-08-19 17:00:00;355.24e-6
2014-08-19 17:15:00;374.17e-6
2014-08-19 17:30:00;392.33e-6
2014-08-19 17:45:00;410.77e-6
2014-08-19 18:00:00;423.29e-6
2014-08-19 18:15:00;434.55e-6
2014-08-19 18:30:00;450.52e-6
2014-08-19 18:45:00;454.37e-6
2014-08-19 19:00:00;453.47e-6
2014-08-19 19:15:00;449.40e-6
2014-08-19 19:30:00;441.35e-6
2014-08-19 19:45:00;435.26e-6
2014-08-19 20:00:00;429.07e-6
2014-08-19 20:15:00;423.68e-6
2014-08-19 20:30:00;416.38e-6
2014-08-19 20:45:00;406.87e-6
2014-08-19 21:00:00;394.43e-6
2014-08-19 21:15:00;376.94e-6
2014-08-19 21:30:00;355.34e-6
2014-08-19 21:45:00;330.71e-6
2014-08-19 22:00:00;304.60e-6
2014-08-19 22:15:00;275.62e-6
2014-08-19 22:30:00;250.98e-6
2014-08-19 22:45:00;228.99e-6
2014-08-19 23:00:00;203.66e-6
2014-08-19 23:15:00;187.56e-6
2014-08-19 23:30:00;173.05e-6
2014-08-19 23:45:00;161.25e-6
2014-08-20 00:00:00;151.92e-6
2014-08-20 00:15:00;145.04e-6
2014-08-20 00:30:00;140.46e-6
2014-08-20 00:45:00;139.92e-6
2014-08-20 01:00:00;143.48e-6
2014-08-20 01:15:00;148.87e-6
2014-08-20 01:30:00;153.35e-6
2014-08-20 01:45:00;157.42e-6
2014-08-20 02:00:00;160.23e-6
2014-08-20 02:15:00;161.23e-6
2014-08-20 02:30:00;162.11e-6
2014-08-20 02:45:00;163.94e-6
2014-08-20 03:00:00;168.66e-6
2014-08-20 03:15:00;169.64e-6
2014-08-20 03:30:00;172.12e-6
2014-08-20 03:45:00;181.94e-6
2014-08-20 04:00:00;190.94e-6
2014-08-20 04:15:00;203.86e-6
2014-08-20 04:30:00;219.94e-6
2014-08-20 04:45:00;239.76e-6
2014-08-20 05:00:00;264.00e-6
2014-08-20 05:15:00;288.78e-6
2014-08-20 05:30:00;320.09e-6
2014-08-20 05:45:00;338.55e-6
2014-08-20 06:00:00;359.62e-6
2014-08-20 06:15:00;369.87e-6
2014-08-20 06:30:00;373.93e-6
2014-08-20 06:45:00;367.05e-6
2014-08-20 07:00:00;363.37e-6
2014-08-20 07:15:00;351.84e-6
2014-08-20 07:30:00;339.86e-6
2014-08-20 07:45:00;327.58e-6
2014-08-20 08:00:00;319.84e-6
2014-08-20 08:15:00;314.21e-6
2014-08-20 08:30:00;313.44e-6
2014-08-20 08:45:00;314.11e-6
2014-08-20 09:00:00;316.83e-6
2014-08-20 09:15:00;317.69e-6
2014-08-20 09:30:00;320.54e-6
2014-08-20 09:45:00;328.50e-6
2014-08-20 10:00:00;343.75e-6
2014-08-20 10:15:00;359.69e-6
2014-08-20 10:30:00;366.94e-6
2014-08-20 10:45:00;365.46e-6
2014-08-20 11:00:00;353.90e-6
2014-08-20 11:15:00;347.13e-6
2014-08-20 11:30:00;341.61e-6
2014-08-20 11:45:00;338.96e-6
2014-08-20 12:00:00;336.19e-6
2014-08-20 12:15:00;334.51e-6
2014-08-20 12:30:00;332.94e-6
2014-08-20 12:45:00;331.69e-6
2014-08-20 13:00:00;330.51e-6
2014-08-20 13:15:00;327.10e-6
2014-08-20 13:30:00;321.93e-6
2014-08-20 13:45:00;315.69e-6
2014-08-20 14:00:00;308.62e-6
2014-08-20 14:15:00;301.21e-6
2014-08-20 14:30:00;295.22e-6
2014-08-20 14:45:00;290.45e-6
2014-08-20 15:00:00;287.83e-6
2014-08-20 15:15:00;283.50e-6
2014-08-20 15:30:00;287.04e-6
2014-08-20 15:45:00;292.94e-6
2014-08-20 16:00:00;300.42e-6
2014-08-20 16:15:00;311.22e-6
2014-08-20 16:30:00;324.58e-6
2014-08-20 16:45:00;341.70e-6
2014-08-20 17:00:00;355.94e-6
2014-08-20 17:15:00;374.91e-6
2014-08-20 17:30:00;393.11e-6
2014-08-20 17:45:00;411.58e-6
2014-08-20 18:00:00;424.13e-6
2014-08-20 18:15:00;435.40e-6
2014-08-20 18:30:00;451.41e-6
2014-08-20 18:45:00;455.26e-6
2014-08-20 19:00:00;454.37e-6
2014-08-20 19:15:00;450.29e-6
2014-08-20 19:30:00;442.22e-6
2014-08-20 19:45:00;436.12e-6
2014-08-20 20:00:00;429.92e-6
2014-08-20 20:15:00;424.51e-6
2014-08-20 20:30:00;417.20e-6
2014-08-20 20:45:00;407.67e-6
2014-08-20 21:00:00;395.21e-6
2014-08-20 21:15:00;377.69e-6
2014-08-20 21:30:00;356.04e-6
2014-08-20 21:45:00;331.36e-6
2014-08-20 22:00:00;305.20e-6
2014-08-20 22:15:00;276.17e-6
2014-08-20 22:30:00;251.47e-6
2014-08-20 22:45:00;229.44e-6
2014-08-20 23:00:00;204.08e-6
2014-08-20 23:15:00;187.94e-6
2014-08-20 23:30:00;173.40e-6
2014-08-20 23:45:00;161.58e-6
2014-08-21 00:00:00;152.23e-6
2014-08-21 00:15:00;145.33e-6
2014-08-21 00:30:00;140.75e-6
2014-08-21 00:45:00;140.21e-6
2014-08-21 01:00:00;143.77e-6
2014-08-21 01:15:00;149.17e-6
2014-08-21 01:30:00;153.66e-6
2014-08-21 01:45:00;157.74e-6
2014-08-21 02:00:00;160.55e-6
2014-08-21 02:15:00;161.56e-6
2014-08-21 02:30:00;162.44e-6
2014-08-21 02:45:00;164.28e-6
2014-08-21 03:00:00;169.00e-6
2014-08-21 03:15:00;169.98e-6
2014-08-21 03:30:00;172.47e-6
2014-08-21 03:45:00;182.31e-6
2014-08-21 04:00:00;191.33e-6
2014-08-21 04:15:00;204.28e-6
2014-08-21 04:30:00;220.39e-6
2014-08-21 04:45:00;240.25e-6
2014-08-21 05:00:00;264.54e-6
2014-08-21 05:15:00;289.37e-6
2014-08-21 05:30:00;320.74e-6
2014-08-21 05:45:00;339.24e-6
2014-08-21 06:00:00;360.35e-6
2014-08-21 06:15:00;370.62e-6
2014-08-21 06:30:00;374.69e-6
2014-08-21 06:45:00;367.80e-6
2014-08-21 07:00:00;364.11e-6
2014-08-21 07:15:00;352.56e-6
2014-08-21 07:30:00;340.55e-6
2014-08-21 07:45:00;328.25e-6
2014-08-21 08:00:00;320.49e-6
2014-08-21 08:15:00;314.85e-6
2014-08-21 08:30:00;314.07e-6
2014-08-21 08:45:00;314.74e-6
2014-08-21 09:00:00;317.47e-6
2014-08-21 09:15:00;318.33e-6
2014-08-21 09:30:00;321.19e-6
2014-08-21 09:45:00;329.17e-6
2014-08-21 10:00:00;344.45e-6
2014-08-21 10:15:00;360.42e-6
2014-08-21 10:30:00;367.68e-6
2014-08-21 10:45:00;366.21e-6
2014-08-21 11:00:00;354.61e-6
2014-08-21 11:15:00;347.84e-6
2014-08-21 11:30:00;342.31e-6
2014-08-21 11:45:00;339.65e-6
2014-08-21 12:00:00;336.88e-6
2014-08-21 12:15:00;335.19e-6
2014-08-21 12:30:00;333.62e-6
2014-08-21 12:45:00;332.36e-6
2014-08-21 13:00:00;331.18e-6
2014-08-21 13:15:00;327.76e-6
2014-08-21 13:30:00;322.59e-6
2014-08-21 13:45:00;316.33e-6
2014-08-21 14:00:00;309.24e-6
2014-08-21 14:15:00;301.82e-6
2014-08-21 14:30:00;295.82e-6
2014-08-21 14:45:00;291.04e-6
2014-08-21 15:00:00;288.41e-6
2014-08-21 15:15:00;284.08e-6
2014-08-21 15:30:00;287.63e-6
2014-08-21 15:45:00;293.53e-6
2014-08-21 16:00:00;301.03e-6
2014-08-21 16:15:00;311.85e-6
2014-08-21 16:30:00;325.24e-6
2014-08-21 16:45:00;342.40e-6
2014-08-21 17:00:00;356.66e-6
2014-08-21 17:15:00;375.67e-6
2014-08-21 17:30:00;393.91e-6
2014-08-21 17:45:00;412.41e-6
2014-08-21 18:00:00;424.99e-6
2014-08-21 18:15:00;436.29e-6
2014-08-21 18:30:00;452.33e-6
2014-08-21 18:45:00;456.19e-6
2014-08-21 19:00:00;455.29e-6
2014-08-21 19:15:00;451.21e-6
2014-08-21 19:30:00;443.12e-6
2014-08-21 19:45:00;437.00e-6
2014-08-21 20:00:00;430.79e-6
2014-08-21 20:15:00;425.37e-6
2014-08-21 20:30:00;418.05e-6
2014-08-21 20:45:00;408.50e-6
2014-08-21 21:00:00;396.01e-6
2014-08-21 21:15:00;378.45e-6
2014-08-21 21:30:00;356.77e-6
2014-08-21 21:45:00;332.03e-6
2014-08-21 22:00:00;305.82e-6
2014-08-21 22:15:00;276.73e-6
2014-08-21 22:30:00;251.98e-6
2014-08-21 22:45:00;229.91e-6
2014-08-21 23:00:00;204.50e-6
2014-08-21 23:15:00;188.33e-6
2014-08-21 23:30:00;173.77e-6
2014-08-21 23:45:00;161.92e-6
2014-08-22 00:00:00;152.55e-6
2014-08-22 00:15:00;145.64e-6
2014-08-22 00:30:00;141.04e-6
2014-08-22 00:45:00;140.50e-6
2014-08-22 01:00:00;144.07e-6
2014-08-22 01:15:00;149.49e-6
2014-08-22 01:30:00;153.98e-6
2014-08-22 01:45:00;158.07e-6
2014-08-22 02:00:00;160.89e-6
2014-08-22 02:15:00;161.90e-6
2014-08-22 02:30:00;162.78e-6
2014-08-22 02:45:00;164.62e-6
2014-08-22 03:00:00;169.36e-6
2014-08-22 03:15:00;170.34e-6
2014-08-22 03:30:00;172.83e-6
2014-08-22 03:45:00;182.69e-6
2014-08-22 04:00:00;191.73e-6
2014-08-22 04:15:00;204.70e-6
2014-08-22 04:30:00;220.85e-6
2014-08-22 04:45:00;240.75e-6
2014-08-22 05:00:00;265.09e-6
2014-08-22 05:15:00;289.97e-6
2014-08-22 05:30:00;321.41e-6
2014-08-22 05:45:00;339.95e-6
2014-08-22 06:00:00;361.11e-6
2014-08-22 06:15:00;371.39e-6
2014-08-22 06:30:00;375.47e-6
2014-08-22 06:45:00;368.56e-6
2014-08-22 07:00:00;364.87e-6
2014-08-22 07:15:00;353.29e-6
2014-08-22 07:30:00;341.26e-6
2014-08-22 07:45:00;328.94e-6
2014-08-22 08:00:00;321.16e-6
2014-08-22 08:15:00;315.51e-6
2014-08-22 08:30:00;314.73e-6
2014-08-22 08:45:00;315.40e-6
2014-08-22 09:00:00;318.14e-6
2014-08-22 09:15:00;319.00e-6
2014-08-22 09:30:00;321.86e-6
2014-08-22 09:45:00;329.86e-6
2014-08-22 10:00:00;345.17e-6
2014-08-22 10:15:00;361.17e-6
2014-08-22 10:30:00;368.45e-6
2014-08-22 10:45:00;366.97e-6
2014-08-22 11:00:00;355.36e-6
2014-08-22 11:15:00;348.56e-6
2014-08-22 11:30:00;343.02e-6
2014-08-22 11:45:00;340.36e-6
2014-08-22 12:00:00;337.58e-6
2014-08-22 12:15:00;335.89e-6
2014-08-22 12:30:00;334.32e-6
2014-08-22 12:45:00;333.06e-6
2014-08-22 13:00:00;331.87e-6
2014-08-22 13:15:00;328.45e-6
2014-08-22 13:30:00;323.26e-6
2014-08-22 13:45:00;316.99e-6
2014-08-22 14:00:00;309.89e-6
2014-08-22 14:15:00;302.45e-6
2014-08-22 14:30:00;296.44e-6
2014-08-22 14:45:00;291.64e-6
2014-08-22 15:00:00;289.02e-6
2014-08-22 15:15:00;284.67e-6
2014-08-22 15:30:00;288.23e-6
2014-08-22 15:45:00;294.15e-6
2014-08-22 16:00:00;301.66e-6
2014-08-22 16:15:00;312.50e-6
2014-08-22 16:30:00;325.92e-6
2014-08-22 16:45:00;343.12e-6
2014-08-22 17:00:00;357.41e-6
2014-08-22 17:15:00;376.46e-6
2014-08-22 17:30:00;394.73e-6
2014-08-22 17:45:00;413.28e-6
2014-08-22 18:00:00;425.88e-6
2014-08-22 18:15:00;437.20e-6
2014-08-22 18:30:00;453.27e-6
2014-08-22 18:45:00;457.14e-6
2014-08-22 19:00:00;456.24e-6
2014-08-22 19:15:00;452.15e-6
2014-08-22 19:30:00;444.05e-6
2014-08-22 19:45:00;437.92e-6
2014-08-22 20:00:00;431.69e-6
2014-08-22 20:15:00;426.26e-6
2014-08-22 20:30:00;418.93e-6
2014-08-22 20:45:00;409.35e-6
2014-08-22 21:00:00;396.84e-6
2014-08-22 21:15:00;379.24e-6
2014-08-22 21:30:00;357.51e-6
2014-08-22 21:45:00;332.73e-6
2014-08-22 22:00:00;306.46e-6
2014-08-22 22:15:00;277.31e-6
2014-08-22 22:30:00;252.51e-6
2014-08-22 22:45:00;230.39e-6
2014-08-22 23:00:00;233.82e-6
2014-08-22 23:15:00;213.89e-6
2014-08-22 23:30:00;195.78e-6
2014-08-22 23:45:00;179.09e-6
2014-08-23 00:00:00;163.48e-6
2014-08-23 00:15:00;151.35e-6
2014-08-23 00:30:00;141.61e-6
2014-08-23 00:45:00;139.02e-6
2014-08-23 01:00:00;140.68e-6
2014-08-23 01:15:00;145.65e-6
2014-08-23 01:30:00;150.78e-6
2014-08-23 01:45:00;156.22e-6
2014-08-23 02:00:00;158.90e-6
2014-08-23 02:15:00;160.08e-6
2014-08-23 02:30:00;160.76e-6
2014-08-23 02:45:00;163.23e-6
2014-08-23 03:00:00;167.34e-6
2014-08-23 03:15:00;167.91e-6
2014-08-23 03:30:00;166.82e-6
2014-08-23 03:45:00;166.38e-6
2014-08-23 04:00:00;166.32e-6
2014-08-23 04:15:00;168.54e-6
2014-08-23 04:30:00;173.64e-6
2014-08-23 04:45:00;182.76e-6
2014-08-23 05:00:00;197.14e-6
2014-08-23 05:15:00;214.65e-6
2014-08-23 05:30:00;236.97e-6
2014-08-23 05:45:00;255.16e-6
2014-08-23 06:00:00;280.35e-6
2014-08-23 06:15:00;299.18e-6
2014-08-23 06:30:00;316.88e-6
2014-08-23 06:45:00;329.20e-6
2014-08-23 07:00:00;345.74e-6
2014-08-23 07:15:00;355.87e-6
2014-08-23 07:30:00;362.51e-6
2014-08-23 07:45:00;371.90e-6
2014-08-23 08:00:00;384.65e-6
2014-08-23 08:15:00;393.45e-6
2014-08-23 08:30:00;400.50e-6
2014-08-23 08:45:00;406.00e-6
2014-08-23 09:00:00;412.21e-6
2014-08-23 09:15:00;416.90e-6
2014-08-23 09:30:00;423.42e-6
2014-08-23 09:45:00;437.42e-6
2014-08-23 10:00:00;460.64e-6
2014-08-23 10:15:00;488.83e-6
2014-08-23 10:30:00;503.50e-6
2014-08-23 10:45:00;500.37e-6
2014-08-23 11:00:00;476.44e-6
2014-08-23 11:15:00;452.75e-6
2014-08-23 11:30:00;433.67e-6
2014-08-23 11:45:00;423.82e-6
2014-08-23 12:00:00;413.22e-6
2014-08-23 12:15:00;406.57e-6
2014-08-23 12:30:00;402.53e-6
2014-08-23 12:45:00;401.45e-6
2014-08-23 13:00:00;402.81e-6
2014-08-23 13:15:00;403.90e-6
2014-08-23 13:30:00;404.47e-6
2014-08-23 13:45:00;404.44e-6
2014-08-23 14:00:00;403.35e-6
2014-08-23 14:15:00;401.23e-6
2014-08-23 14:30:00;399.37e-6
2014-08-23 14:45:00;397.35e-6
2014-08-23 15:00:00;396.40e-6
2014-08-23 15:15:00;393.16e-6
2014-08-23 15:30:00;396.94e-6
2014-08-23 15:45:00;402.92e-6
2014-08-23 16:00:00;408.62e-6
2014-08-23 16:15:00;417.46e-6
2014-08-23 16:30:00;427.55e-6
2014-08-23 16:45:00;439.26e-6
2014-08-23 17:00:00;448.42e-6
2014-08-23 17:15:00;458.82e-6
2014-08-23 17:30:00;466.85e-6
2014-08-23 17:45:00;470.50e-6
2014-08-23 18:00:00;467.17e-6
2014-08-23 18:15:00;464.29e-6
2014-08-23 18:30:00;463.48e-6
2014-08-23 18:45:00;459.53e-6
2014-08-23 19:00:00;453.05e-6
2014-08-23 19:15:00;446.01e-6
2014-08-23 19:30:00;435.25e-6
2014-08-23 19:45:00;428.95e-6
2014-08-23 20:00:00;420.67e-6
2014-08-23 20:15:00;419.16e-6
2014-08-23 20:30:00;415.33e-6
2014-08-23 20:45:00;411.68e-6
2014-08-23 21:00:00;406.76e-6
2014-08-23 21:15:00;397.82e-6
2014-08-23 21:30:00;384.60e-6
2014-08-23 21:45:00;367.79e-6
2014-08-23 22:00:00;347.05e-6
2014-08-23 22:15:00;325.77e-6
2014-08-23 22:30:00;298.72e-6
2014-08-23 22:45:00;276.78e-6
2014-08-23 23:00:00;253.08e-6
2014-08-23 23:15:00;233.93e-6
2014-08-23 23:30:00;217.12e-6
2014-08-23 23:45:00;200.69e-6
2014-08-24 00:00:00;185.98e-6
2014-08-24 00:15:00;174.03e-6
2014-08-24 00:30:00;164.65e-6
2014-08-24 00:45:00;160.84e-6
2014-08-24 01:00:00;159.83e-6
2014-08-24 01:15:00;164.28e-6
2014-08-24 01:30:00;167.56e-6
2014-08-24 01:45:00;170.91e-6
2014-08-24 02:00:00;171.94e-6
2014-08-24 02:15:00;171.99e-6
2014-08-24 02:30:00;173.05e-6
2014-08-24 02:45:00;174.82e-6
2014-08-24 03:00:00;177.00e-6
2014-08-24 03:15:00;177.24e-6
2014-08-24 03:30:00;176.45e-6
2014-08-24 03:45:00;174.26e-6
2014-08-24 04:00:00;172.78e-6
2014-08-24 04:15:00;172.72e-6
2014-08-24 04:30:00;174.86e-6
2014-08-24 04:45:00;180.40e-6
2014-08-24 05:00:00;190.57e-6
2014-08-24 05:15:00;203.83e-6
2014-08-24 05:30:00;220.80e-6
2014-08-24 05:45:00;236.10e-6
2014-08-24 06:00:00;261.48e-6
2014-08-24 06:15:00;286.68e-6
2014-08-24 06:30:00;318.90e-6
2014-08-24 06:45:00;351.73e-6
2014-08-24 07:00:00;387.92e-6
2014-08-24 07:15:00;419.39e-6
2014-08-24 07:30:00;443.41e-6
2014-08-24 07:45:00;464.14e-6
2014-08-24 08:00:00;482.32e-6
2014-08-24 08:15:00;496.17e-6
2014-08-24 08:30:00;506.16e-6
2014-08-24 08:45:00;516.06e-6
2014-08-24 09:00:00;528.99e-6
2014-08-24 09:15:00;542.85e-6
2014-08-24 09:30:00;559.83e-6
2014-08-24 09:45:00;584.24e-6
2014-08-24 10:00:00;617.23e-6
2014-08-24 10:15:00;655.07e-6
2014-08-24 10:30:00;665.27e-6
2014-08-24 10:45:00;647.70e-6
2014-08-24 11:00:00;607.10e-6
2014-08-24 11:15:00;568.88e-6
2014-08-24 11:30:00;534.70e-6
2014-08-24 11:45:00;511.28e-6
2014-08-24 12:00:00;486.90e-6
2014-08-24 12:15:00;467.08e-6
2014-08-24 12:30:00;450.34e-6
2014-08-24 12:45:00;437.21e-6
2014-08-24 13:00:00;427.25e-6
2014-08-24 13:15:00;417.65e-6
2014-08-24 13:30:00;408.25e-6
2014-08-24 13:45:00;399.18e-6
2014-08-24 14:00:00;390.00e-6
2014-08-24 14:15:00;380.77e-6
2014-08-24 14:30:00;372.89e-6
2014-08-24 14:45:00;365.71e-6
2014-08-24 15:00:00;360.61e-6
2014-08-24 15:15:00;352.77e-6
2014-08-24 15:30:00;354.64e-6
2014-08-24 15:45:00;358.66e-6
2014-08-24 16:00:00;363.22e-6
2014-08-24 16:15:00;371.34e-6
2014-08-24 16:30:00;382.18e-6
2014-08-24 16:45:00;395.75e-6
2014-08-24 17:00:00;408.00e-6
2014-08-24 17:15:00;421.53e-6
2014-08-24 17:30:00;433.45e-6
2014-08-24 17:45:00;442.82e-6
2014-08-24 18:00:00;445.74e-6
2014-08-24 18:15:00;449.67e-6
2014-08-24 18:30:00;448.40e-6
2014-08-24 18:45:00;450.27e-6
2014-08-24 19:00:00;448.84e-6
2014-08-24 19:15:00;443.68e-6
2014-08-24 19:30:00;435.23e-6
2014-08-24 19:45:00;430.19e-6
2014-08-24 20:00:00;422.43e-6
2014-08-24 20:15:00;418.34e-6
2014-08-24 20:30:00;411.44e-6
2014-08-24 20:45:00;402.89e-6
2014-08-24 21:00:00;391.33e-6
2014-08-24 21:15:00;375.02e-6
2014-08-24 21:30:00;354.82e-6
2014-08-24 21:45:00;332.06e-6
2014-08-24 22:00:00;307.74e-6
2014-08-24 22:15:00;281.91e-6
2014-08-24 22:30:00;258.08e-6
2014-08-24 22:45:00;234.66e-6
2014-08-24 23:00:00;205.86e-6
2014-08-24 23:15:00;189.58e-6
2014-08-24 23:30:00;174.92e-6
2014-08-24 23:45:00;163.00e-6
2014-08-25 00:00:00;153.56e-6
2014-08-25 00:15:00;146.60e-6
2014-08-25 00:30:00;141.98e-6
2014-08-25 00:45:00;141.43e-6
2014-08-25 01:00:00;145.03e-6
2014-08-25 01:15:00;150.48e-6
2014-08-25 01:30:00;155.01e-6
2014-08-25 01:45:00;159.12e-6
2014-08-25 02:00:00;161.96e-6
2014-08-25 02:15:00;162.97e-6
2014-08-25 02:30:00;163.86e-6
2014-08-25 02:45:00;165.71e-6
2014-08-25 03:00:00;170.48e-6
2014-08-25 03:15:00;171.47e-6
2014-08-25 03:30:00;173.98e-6
2014-08-25 03:45:00;183.90e-6
2014-08-25 04:00:00;193.01e-6
2014-08-25 04:15:00;206.06e-6
2014-08-25 04:30:00;222.31e-6
2014-08-25 04:45:00;242.35e-6
2014-08-25 05:00:00;266.85e-6
2014-08-25 05:15:00;291.90e-6
2014-08-25 05:30:00;323.55e-6
2014-08-25 05:45:00;342.20e-6
2014-08-25 06:00:00;363.50e-6
2014-08-25 06:15:00;373.86e-6
2014-08-25 06:30:00;377.96e-6
2014-08-25 06:45:00;371.01e-6
2014-08-25 07:00:00;367.30e-6
2014-08-25 07:15:00;355.64e-6
2014-08-25 07:30:00;343.53e-6
2014-08-25 07:45:00;331.12e-6
2014-08-25 08:00:00;323.29e-6
2014-08-25 08:15:00;317.60e-6
2014-08-25 08:30:00;316.82e-6
2014-08-25 08:45:00;317.50e-6
2014-08-25 09:00:00;320.25e-6
2014-08-25 09:15:00;321.12e-6
2014-08-25 09:30:00;324.00e-6
2014-08-25 09:45:00;332.05e-6
2014-08-25 10:00:00;347.46e-6
2014-08-25 10:15:00;363.57e-6
2014-08-25 10:30:00;370.90e-6
2014-08-25 10:45:00;369.41e-6
2014-08-25 11:00:00;357.72e-6
2014-08-25 11:15:00;350.88e-6
2014-08-25 11:30:00;345.30e-6
2014-08-25 11:45:00;342.62e-6
2014-08-25 12:00:00;339.82e-6
2014-08-25 12:15:00;338.12e-6
2014-08-25 12:30:00;336.54e-6
2014-08-25 12:45:00;335.27e-6
2014-08-25 13:00:00;334.08e-6
2014-08-25 13:15:00;330.63e-6
2014-08-25 13:30:00;325.41e-6
2014-08-25 13:45:00;319.10e-6
2014-08-25 14:00:00;311.95e-6
2014-08-25 14:15:00;304.46e-6
2014-08-25 14:30:00;298.41e-6
2014-08-25 14:45:00;293.58e-6
2014-08-25 15:00:00;290.93e-6
2014-08-25 15:15:00;286.56e-6
2014-08-25 15:30:00;290.14e-6
2014-08-25 15:45:00;296.10e-6
2014-08-25 16:00:00;303.66e-6
2014-08-25 16:15:00;314.58e-6
2014-08-25 16:30:00;328.08e-6
2014-08-25 16:45:00;345.39e-6
2014-08-25 17:00:00;359.78e-6
2014-08-25 17:15:00;378.96e-6
2014-08-25 17:30:00;397.35e-6
2014-08-25 17:45:00;416.02e-6
2014-08-25 18:00:00;428.71e-6
2014-08-25 18:15:00;440.10e-6
2014-08-25 18:30:00;456.28e-6
2014-08-25 18:45:00;460.18e-6
2014-08-25 19:00:00;459.27e-6
2014-08-25 19:15:00;455.15e-6
2014-08-25 19:30:00;447.00e-6
2014-08-25 19:45:00;440.83e-6
2014-08-25 20:00:00;434.56e-6
2014-08-25 20:15:00;429.09e-6
2014-08-25 20:30:00;421.71e-6
2014-08-25 20:45:00;412.07e-6
2014-08-25 21:00:00;399.48e-6
2014-08-25 21:15:00;381.76e-6
2014-08-25 21:30:00;359.89e-6
2014-08-25 21:45:00;334.94e-6
2014-08-25 22:00:00;308.50e-6
2014-08-25 22:15:00;279.15e-6
2014-08-25 22:30:00;254.19e-6
2014-08-25 22:45:00;231.92e-6
2014-08-25 23:00:00;206.34e-6
2014-08-25 23:15:00;190.02e-6
2014-08-25 23:30:00;175.33e-6
2014-08-25 23:45:00;163.37e-6
2014-08-26 00:00:00;153.92e-6
2014-08-26 00:15:00;146.94e-6
2014-08-26 00:30:00;142.31e-6
2014-08-26 00:45:00;141.76e-6
2014-08-26 01:00:00;145.36e-6
2014-08-26 01:15:00;150.83e-6
2014-08-26 01:30:00;155.37e-6
2014-08-26 01:45:00;159.49e-6
2014-08-26 02:00:00;162.33e-6
2014-08-26 02:15:00;163.35e-6
2014-08-26 02:30:00;164.24e-6
2014-08-26 02:45:00;166.10e-6
2014-08-26 03:00:00;170.88e-6
2014-08-26 03:15:00;171.87e-6
2014-08-26 03:30:00;174.38e-6
2014-08-26 03:45:00;184.33e-6
2014-08-26 04:00:00;193.45e-6
2014-08-26 04:15:00;206.54e-6
2014-08-26 04:30:00;222.83e-6
2014-08-26 04:45:00;242.91e-6
2014-08-26 05:00:00;267.47e-6
2014-08-26 05:15:00;292.57e-6
2014-08-26 05:30:00;324.30e-6
2014-08-26 05:45:00;343.00e-6
2014-08-26 06:00:00;364.35e-6
2014-08-26 06:15:00;374.73e-6
2014-08-26 06:30:00;378.84e-6
2014-08-26 06:45:00;371.87e-6
2014-08-26 07:00:00;368.15e-6
2014-08-26 07:15:00;356.47e-6
2014-08-26 07:30:00;344.32e-6
2014-08-26 07:45:00;331.89e-6
2014-08-26 08:00:00;324.04e-6
2014-08-26 08:15:00;318.34e-6
2014-08-26 08:30:00;317.56e-6
2014-08-26 08:45:00;318.23e-6
2014-08-26 09:00:00;320.99e-6
2014-08-26 09:15:00;321.86e-6
2014-08-26 09:30:00;324.75e-6
2014-08-26 09:45:00;332.82e-6
2014-08-26 10:00:00;348.27e-6
2014-08-26 10:15:00;364.41e-6
2014-08-26 10:30:00;371.76e-6
2014-08-26 10:45:00;370.27e-6
2014-08-26 11:00:00;358.55e-6
2014-08-26 11:15:00;351.69e-6
2014-08-26 11:30:00;346.10e-6
2014-08-26 11:45:00;343.42e-6
2014-08-26 12:00:00;340.61e-6
2014-08-26 12:15:00;338.90e-6
2014-08-26 12:30:00;337.32e-6
2014-08-26 12:45:00;336.05e-6
2014-08-26 13:00:00;334.85e-6
2014-08-26 13:15:00;331.39e-6
2014-08-26 13:30:00;326.17e-6
2014-08-26 13:45:00;319.84e-6
2014-08-26 14:00:00;312.67e-6
2014-08-26 14:15:00;305.17e-6
2014-08-26 14:30:00;299.10e-6
2014-08-26 14:45:00;294.26e-6
2014-08-26 15:00:00;291.61e-6
2014-08-26 15:15:00;287.23e-6
2014-08-26 15:30:00;290.82e-6
2014-08-26 15:45:00;296.79e-6
2014-08-26 16:00:00;304.37e-6
2014-08-26 16:15:00;315.31e-6
2014-08-26 16:30:00;328.84e-6
2014-08-26 16:45:00;346.20e-6
2014-08-26 17:00:00;360.62e-6
2014-08-26 17:15:00;379.84e-6
2014-08-26 17:30:00;398.27e-6
2014-08-26 17:45:00;416.99e-6
2014-08-26 18:00:00;429.70e-6
2014-08-26 18:15:00;441.13e-6
2014-08-26 18:30:00;457.34e-6
2014-08-26 18:45:00;461.25e-6
2014-08-26 19:00:00;460.34e-6
2014-08-26 19:15:00;456.21e-6
2014-08-26 19:30:00;448.04e-6
2014-08-26 19:45:00;441.85e-6
2014-08-26 20:00:00;435.57e-6
2014-08-26 20:15:00;430.09e-6
2014-08-26 20:30:00;422.69e-6
2014-08-26 20:45:00;413.03e-6
2014-08-26 21:00:00;400.40e-6
2014-08-26 21:15:00;382.65e-6
2014-08-26 21:30:00;360.72e-6
2014-08-26 21:45:00;335.72e-6
2014-08-26 22:00:00;309.22e-6
2014-08-26 22:15:00;279.80e-6
2014-08-26 22:30:00;254.78e-6
2014-08-26 22:45:00;232.46e-6
2014-08-26 23:00:00;206.83e-6
2014-08-26 23:15:00;190.48e-6
2014-08-26 23:30:00;175.74e-6
2014-08-26 23:45:00;163.76e-6
2014-08-27 00:00:00;154.28e-6
2014-08-27 00:15:00;147.29e-6
2014-08-27 00:30:00;142.65e-6
2014-08-27 00:45:00;142.10e-6
2014-08-27 01:00:00;145.71e-6
2014-08-27 01:15:00;151.19e-6
2014-08-27 01:30:00;155.74e-6
2014-08-27 01:45:00;159.87e-6
2014-08-27 02:00:00;162.72e-6
2014-08-27 02:15:00;163.74e-6
2014-08-27 02:30:00;164.63e-6
2014-08-27 02:45:00;166.49e-6
2014-08-27 03:00:00;171.28e-6
2014-08-27 03:15:00;172.28e-6
2014-08-27 03:30:00;174.80e-6
2014-08-27 03:45:00;184.77e-6
2014-08-27 04:00:00;193.91e-6
2014-08-27 04:15:00;207.03e-6
2014-08-27 04:30:00;223.36e-6
2014-08-27 04:45:00;243.49e-6
2014-08-27 05:00:00;268.11e-6
2014-08-27 05:15:00;293.27e-6
2014-08-27 05:30:00;325.07e-6
2014-08-27 05:45:00;343.81e-6
2014-08-27 06:00:00;365.21e-6
2014-08-27 06:15:00;375.62e-6
2014-08-27 06:30:00;379.74e-6
2014-08-27 06:45:00;372.76e-6
2014-08-27 07:00:00;369.02e-6
2014-08-27 07:15:00;357.31e-6
2014-08-27 07:30:00;345.14e-6
2014-08-27 07:45:00;332.68e-6
2014-08-27 08:00:00;324.81e-6
2014-08-27 08:15:00;319.10e-6
2014-08-27 08:30:00;318.31e-6
2014-08-27 08:45:00;318.99e-6
2014-08-27 09:00:00;321.76e-6
2014-08-27 09:15:00;322.63e-6
2014-08-27 09:30:00;325.52e-6
2014-08-27 09:45:00;333.61e-6
2014-08-27 10:00:00;349.10e-6
2014-08-27 10:15:00;365.28e-6
2014-08-27 10:30:00;372.65e-6
2014-08-27 10:45:00;371.15e-6
2014-08-27 11:00:00;359.40e-6
2014-08-27 11:15:00;352.53e-6
2014-08-27 11:30:00;346.93e-6
2014-08-27 11:45:00;344.24e-6
2014-08-27 12:00:00;341.42e-6
2014-08-27 12:15:00;339.71e-6
2014-08-27 12:30:00;338.12e-6
2014-08-27 12:45:00;336.84e-6
2014-08-27 13:00:00;335.65e-6
2014-08-27 13:15:00;332.18e-6
2014-08-27 13:30:00;326.94e-6
2014-08-27 13:45:00;320.60e-6
2014-08-27 14:00:00;313.42e-6
2014-08-27 14:15:00;305.89e-6
2014-08-27 14:30:00;299.81e-6
2014-08-27 14:45:00;294.96e-6
2014-08-27 15:00:00;292.30e-6
2014-08-27 15:15:00;287.91e-6
2014-08-27 15:30:00;291.51e-6
2014-08-27 15:45:00;297.49e-6
2014-08-27 16:00:00;305.09e-6
2014-08-27 16:15:00;316.06e-6
2014-08-27 16:30:00;329.63e-6
2014-08-27 16:45:00;347.02e-6
2014-08-27 17:00:00;361.47e-6
2014-08-27 17:15:00;380.74e-6
2014-08-27 17:30:00;399.22e-6
2014-08-27 17:45:00;417.98e-6
2014-08-27 18:00:00;430.72e-6
2014-08-27 18:15:00;442.18e-6
2014-08-27 18:30:00;458.43e-6
2014-08-27 18:45:00;462.34e-6
2014-08-27 19:00:00;461.43e-6
2014-08-27 19:15:00;457.29e-6
2014-08-27 19:30:00;449.10e-6
2014-08-27 19:45:00;442.90e-6
2014-08-27 20:00:00;436.60e-6
2014-08-27 20:15:00;431.11e-6
2014-08-27 20:30:00;423.69e-6
2014-08-27 20:45:00;414.01e-6
2014-08-27 21:00:00;401.36e-6
2014-08-27 21:15:00;383.56e-6
2014-08-27 21:30:00;361.58e-6
2014-08-27 21:45:00;336.51e-6
2014-08-27 22:00:00;309.95e-6
2014-08-27 22:15:00;280.46e-6
2014-08-27 22:30:00;255.38e-6
2014-08-27 22:45:00;233.01e-6
2014-08-27 23:00:00;207.33e-6
2014-08-27 23:15:00;190.94e-6
2014-08-27 23:30:00;176.17e-6
2014-08-27 23:45:00;164.16e-6
2014-08-28 00:00:00;154.66e-6
2014-08-28 00:15:00;147.65e-6
2014-08-28 00:30:00;142.99e-6
2014-08-28 00:45:00;142.44e-6
2014-08-28 01:00:00;146.07e-6
2014-08-28 01:15:00;151.55e-6
2014-08-28 01:30:00;156.11e-6
2014-08-28 01:45:00;160.26e-6
2014-08-28 02:00:00;163.12e-6
2014-08-28 02:15:00;164.14e-6
2014-08-28 02:30:00;165.03e-6
2014-08-28 02:45:00;166.90e-6
2014-08-28 03:00:00;171.70e-6
2014-08-28 03:15:00;172.69e-6
2014-08-28 03:30:00;175.22e-6
2014-08-28 03:45:00;185.22e-6
2014-08-28 04:00:00;194.39e-6
2014-08-28 04:15:00;207.54e-6
2014-08-28 04:30:00;223.90e-6
2014-08-28 04:45:00;244.08e-6
2014-08-28 05:00:00;268.76e-6
2014-08-28 05:15:00;293.98e-6
2014-08-28 05:30:00;325.86e-6
2014-08-28 05:45:00;344.65e-6
2014-08-28 06:00:00;366.10e-6
2014-08-28 06:15:00;376.53e-6
2014-08-28 06:30:00;380.67e-6
2014-08-28 06:45:00;373.67e-6
2014-08-28 07:00:00;369.92e-6
2014-08-28 07:15:00;358.18e-6
2014-08-28 07:30:00;345.98e-6
2014-08-28 07:45:00;333.49e-6
2014-08-28 08:00:00;325.60e-6
2014-08-28 08:15:00;319.87e-6
2014-08-28 08:30:00;319.09e-6
2014-08-28 08:45:00;319.77e-6
2014-08-28 09:00:00;322.54e-6
2014-08-28 09:15:00;323.41e-6
2014-08-28 09:30:00;326.31e-6
2014-08-28 09:45:00;334.42e-6
2014-08-28 10:00:00;349.95e-6
2014-08-28 10:15:00;366.17e-6
2014-08-28 10:30:00;373.55e-6
2014-08-28 10:45:00;372.05e-6
2014-08-28 11:00:00;360.27e-6
2014-08-28 11:15:00;353.39e-6
2014-08-28 11:30:00;347.77e-6
2014-08-28 11:45:00;345.07e-6
2014-08-28 12:00:00;342.25e-6
2014-08-28 12:15:00;340.54e-6
2014-08-28 12:30:00;338.94e-6
2014-08-28 12:45:00;337.66e-6
2014-08-28 13:00:00;336.47e-6
2014-08-28 13:15:00;332.99e-6
2014-08-28 13:30:00;327.74e-6
2014-08-28 13:45:00;321.38e-6
2014-08-28 14:00:00;314.18e-6
2014-08-28 14:15:00;306.64e-6
2014-08-28 14:30:00;300.54e-6
2014-08-28 14:45:00;295.68e-6
2014-08-28 15:00:00;293.01e-6
2014-08-28 15:15:00;288.61e-6
2014-08-28 15:30:00;292.22e-6
2014-08-28 15:45:00;298.22e-6
2014-08-28 16:00:00;305.83e-6
2014-08-28 16:15:00;316.83e-6
2014-08-28 16:30:00;330.43e-6
2014-08-28 16:45:00;347.86e-6
2014-08-28 17:00:00;362.35e-6
2014-08-28 17:15:00;381.67e-6
2014-08-28 17:30:00;400.19e-6
2014-08-28 17:45:00;418.99e-6
2014-08-28 18:00:00;431.77e-6
2014-08-28 18:15:00;443.25e-6
2014-08-28 18:30:00;459.55e-6
2014-08-28 18:45:00;463.47e-6
2014-08-28 19:00:00;462.56e-6
2014-08-28 19:15:00;458.41e-6
2014-08-28 19:30:00;450.19e-6
2014-08-28 19:45:00;443.98e-6
2014-08-28 20:00:00;437.67e-6
2014-08-28 20:15:00;432.16e-6
2014-08-28 20:30:00;424.72e-6
2014-08-28 20:45:00;415.02e-6
2014-08-28 21:00:00;402.33e-6
2014-08-28 21:15:00;384.49e-6
2014-08-28 21:30:00;362.46e-6
2014-08-28 21:45:00;337.33e-6
2014-08-28 22:00:00;310.70e-6
2014-08-28 22:15:00;281.15e-6
2014-08-28 22:30:00;256.01e-6
2014-08-28 22:45:00;233.58e-6
2014-08-28 23:00:00;207.85e-6
2014-08-28 23:15:00;191.42e-6
2014-08-28 23:30:00;176.61e-6
2014-08-28 23:45:00;164.57e-6
2014-08-29 00:00:00;155.04e-6
2014-08-29 00:15:00;148.02e-6
2014-08-29 00:30:00;143.35e-6
2014-08-29 00:45:00;142.80e-6
2014-08-29 01:00:00;146.43e-6
2014-08-29 01:15:00;151.93e-6
2014-08-29 01:30:00;156.50e-6
2014-08-29 01:45:00;160.66e-6
2014-08-29 02:00:00;163.52e-6
2014-08-29 02:15:00;164.54e-6
2014-08-29 02:30:00;165.44e-6
2014-08-29 02:45:00;167.32e-6
2014-08-29 03:00:00;172.13e-6
2014-08-29 03:15:00;173.12e-6
2014-08-29 03:30:00;175.66e-6
2014-08-29 03:45:00;185.68e-6
2014-08-29 04:00:00;194.87e-6
2014-08-29 04:15:00;208.05e-6
2014-08-29 04:30:00;224.46e-6
2014-08-29 04:45:00;244.69e-6
2014-08-29 05:00:00;269.43e-6
2014-08-29 05:15:00;294.72e-6
2014-08-29 05:30:00;326.67e-6
2014-08-29 05:45:00;345.51e-6
2014-08-29 06:00:00;367.01e-6
2014-08-29 06:15:00;377.47e-6
2014-08-29 06:30:00;381.61e-6
2014-08-29 06:45:00;374.59e-6
2014-08-29 07:00:00;370.84e-6
2014-08-29 07:15:00;359.07e-6
2014-08-29 07:30:00;346.84e-6
2014-08-29 07:45:00;334.32e-6
2014-08-29 08:00:00;326.41e-6
2014-08-29 08:15:00;320.67e-6
2014-08-29 08:30:00;319.88e-6
2014-08-29 08:45:00;320.56e-6
2014-08-29 09:00:00;323.34e-6
2014-08-29 09:15:00;324.22e-6
2014-08-29 09:30:00;327.12e-6
2014-08-29 09:45:00;335.26e-6
2014-08-29 10:00:00;350.82e-6
2014-08-29 10:15:00;367.08e-6
2014-08-29 10:30:00;374.48e-6
2014-08-29 10:45:00;372.98e-6
2014-08-29 11:00:00;361.17e-6
2014-08-29 11:15:00;354.27e-6
2014-08-29 11:30:00;348.64e-6
2014-08-29 11:45:00;345.93e-6
2014-08-29 12:00:00;343.10e-6
2014-08-29 12:15:00;341.38e-6
2014-08-29 12:30:00;339.79e-6
2014-08-29 12:45:00;338.50e-6
2014-08-29 13:00:00;337.30e-6
2014-08-29 13:15:00;333.82e-6
2014-08-29 13:30:00;328.55e-6
2014-08-29 13:45:00;322.18e-6
2014-08-29 14:00:00;314.96e-6
2014-08-29 14:15:00;307.40e-6
2014-08-29 14:30:00;301.29e-6
2014-08-29 14:45:00;296.42e-6
2014-08-29 15:00:00;293.74e-6
2014-08-29 15:15:00;289.33e-6
2014-08-29 15:30:00;292.94e-6
2014-08-29 15:45:00;298.96e-6
2014-08-29 16:00:00;306.60e-6
2014-08-29 16:15:00;317.61e-6
2014-08-29 16:30:00;331.25e-6
2014-08-29 16:45:00;348.73e-6
2014-08-29 17:00:00;363.25e-6
2014-08-29 17:15:00;382.62e-6
2014-08-29 17:30:00;401.19e-6
2014-08-29 17:45:00;420.04e-6
2014-08-29 18:00:00;432.85e-6
2014-08-29 18:15:00;444.35e-6
2014-08-29 18:30:00;460.69e-6
2014-08-29 18:45:00;464.62e-6
2014-08-29 19:00:00;463.71e-6
2014-08-29 19:15:00;459.55e-6
2014-08-29 19:30:00;451.31e-6
2014-08-29 19:45:00;445.08e-6
2014-08-29 20:00:00;438.75e-6
2014-08-29 20:15:00;433.24e-6
2014-08-29 20:30:00;425.78e-6
2014-08-29 20:45:00;416.05e-6
2014-08-29 21:00:00;403.33e-6
2014-08-29 21:15:00;385.45e-6
2014-08-29 21:30:00;363.36e-6
2014-08-29 21:45:00;338.17e-6
2014-08-29 22:00:00;311.48e-6
2014-08-29 22:15:00;281.84e-6
2014-08-29 22:30:00;256.64e-6
2014-08-29 22:45:00;234.16e-6
2014-08-29 23:00:00;237.74e-6
2014-08-29 23:15:00;217.47e-6
2014-08-29 23:30:00;199.06e-6
2014-08-29 23:45:00;182.10e-6
2014-08-30 00:00:00;166.22e-6
2014-08-30 00:15:00;153.89e-6
2014-08-30 00:30:00;143.99e-6
2014-08-30 00:45:00;141.35e-6
2014-08-30 01:00:00;143.03e-6
2014-08-30 01:15:00;148.09e-6
2014-08-30 01:30:00;153.30e-6
2014-08-30 01:45:00;158.84e-6
2014-08-30 02:00:00;161.57e-6
2014-08-30 02:15:00;162.76e-6
2014-08-30 02:30:00;163.46e-6
2014-08-30 02:45:00;165.97e-6
2014-08-30 03:00:00;170.14e-6
2014-08-30 03:15:00;170.73e-6
2014-08-30 03:30:00;169.62e-6
2014-08-30 03:45:00;169.16e-6
2014-08-30 04:00:00;169.10e-6
2014-08-30 04:15:00;171.37e-6
2014-08-30 04:30:00;176.55e-6
2014-08-30 04:45:00;185.82e-6
2014-08-30 05:00:00;200.45e-6
2014-08-30 05:15:00;218.25e-6
2014-08-30 05:30:00;240.94e-6
2014-08-30 05:45:00;259.44e-6
2014-08-30 06:00:00;285.05e-6
2014-08-30 06:15:00;304.19e-6
2014-08-30 06:30:00;322.19e-6
2014-08-30 06:45:00;334.72e-6
2014-08-30 07:00:00;351.53e-6
2014-08-30 07:15:00;361.83e-6
2014-08-30 07:30:00;368.58e-6
2014-08-30 07:45:00;378.13e-6
2014-08-30 08:00:00;391.10e-6
2014-08-30 08:15:00;400.04e-6
2014-08-30 08:30:00;407.21e-6
2014-08-30 08:45:00;412.80e-6
2014-08-30 09:00:00;419.12e-6
2014-08-30 09:15:00;423.88e-6
2014-08-30 09:30:00;430.51e-6
2014-08-30 09:45:00;444.75e-6
2014-08-30 10:00:00;468.36e-6
2014-08-30 10:15:00;497.02e-6
2014-08-30 10:30:00;511.94e-6
2014-08-30 10:45:00;508.76e-6
2014-08-30 11:00:00;484.42e-6
2014-08-30 11:15:00;460.34e-6
2014-08-30 11:30:00;440.93e-6
2014-08-30 11:45:00;430.92e-6
2014-08-30 12:00:00;420.14e-6
2014-08-30 12:15:00;413.38e-6
2014-08-30 12:30:00;409.27e-6
2014-08-30 12:45:00;408.18e-6
2014-08-30 13:00:00;409.56e-6
2014-08-30 13:15:00;410.67e-6
2014-08-30 13:30:00;411.24e-6
2014-08-30 13:45:00;411.22e-6
2014-08-30 14:00:00;410.11e-6
2014-08-30 14:15:00;407.96e-6
2014-08-30 14:30:00;406.06e-6
2014-08-30 14:45:00;404.01e-6
2014-08-30 15:00:00;403.04e-6
2014-08-30 15:15:00;399.75e-6
2014-08-30 15:30:00;403.59e-6
2014-08-30 15:45:00;409.67e-6
2014-08-30 16:00:00;415.47e-6
2014-08-30 16:15:00;424.45e-6
2014-08-30 16:30:00;434.72e-6
2014-08-30 16:45:00;446.62e-6
2014-08-30 17:00:00;455.94e-6
2014-08-30 17:15:00;466.51e-6
2014-08-30 17:30:00;474.67e-6
2014-08-30 17:45:00;478.38e-6
2014-08-30 18:00:00;475.00e-6
2014-08-30 18:15:00;472.07e-6
2014-08-30 18:30:00;471.24e-6
2014-08-30 18:45:00;467.23e-6
2014-08-30 19:00:00;460.65e-6
2014-08-30 19:15:00;453.49e-6
2014-08-30 19:30:00;442.55e-6
2014-08-30 19:45:00;436.13e-6
2014-08-30 20:00:00;427.71e-6
2014-08-30 20:15:00;426.18e-6
2014-08-30 20:30:00;422.29e-6
2014-08-30 20:45:00;418.58e-6
2014-08-30 21:00:00;413.58e-6
2014-08-30 21:15:00;404.49e-6
2014-08-30 21:30:00;391.04e-6
2014-08-30 21:45:00;373.95e-6
2014-08-30 22:00:00;352.86e-6
2014-08-30 22:15:00;331.23e-6
2014-08-30 22:30:00;303.72e-6
2014-08-30 22:45:00;281.42e-6
2014-08-30 23:00:00;257.42e-6
2014-08-30 23:15:00;237.94e-6
2014-08-30 23:30:00;220.84e-6
2014-08-30 23:45:00;204.13e-6
2014-08-31 00:00:00;189.17e-6
2014-08-31 00:15:00;177.01e-6
2014-08-31 00:30:00;167.47e-6
2014-08-31 00:45:00;163.60e-6
2014-08-31 01:00:00;162.57e-6
2014-08-31 01:15:00;167.10e-6
2014-08-31 01:30:00;170.43e-6
2014-08-31 01:45:00;173.84e-6
2014-08-31 02:00:00;174.88e-6
2014-08-31 02:15:00;174.94e-6
2014-08-31 02:30:00;176.01e-6
2014-08-31 02:45:00;177.82e-6
2014-08-31 03:00:00;180.03e-6
2014-08-31 03:15:00;180.28e-6
2014-08-31 03:30:00;179.48e-6
2014-08-31 03:45:00;177.25e-6
2014-08-31 04:00:00;175.74e-6
2014-08-31 04:15:00;175.68e-6
2014-08-31 04:30:00;177.85e-6
2014-08-31 04:45:00;183.49e-6
2014-08-31 05:00:00;193.84e-6
2014-08-31 05:15:00;207.32e-6
2014-08-31 05:30:00;224.59e-6
2014-08-31 05:45:00;240.15e-6
2014-08-31 06:00:00;265.97e-6
2014-08-31 06:15:00;291.59e-6
2014-08-31 06:30:00;324.36e-6
2014-08-31 06:45:00;357.76e-6
2014-08-31 07:00:00;394.57e-6
2014-08-31 07:15:00;426.58e-6
2014-08-31 07:30:00;451.01e-6
2014-08-31 07:45:00;472.10e-6
2014-08-31 08:00:00;490.59e-6
2014-08-31 08:15:00;504.68e-6
2014-08-31 08:30:00;514.83e-6
2014-08-31 08:45:00;524.91e-6
2014-08-31 09:00:00;538.06e-6
2014-08-31 09:15:00;552.16e-6
2014-08-31 09:30:00;569.43e-6
2014-08-31 09:45:00;594.25e-6
2014-08-31 10:00:00;627.81e-6
2014-08-31 10:15:00;666.30e-6
2014-08-31 10:30:00;676.68e-6
2014-08-31 10:45:00;658.81e-6
2014-08-31 11:00:00;617.51e-6
2014-08-31 11:15:00;578.63e-6
2014-08-31 11:30:00;543.87e-6
2014-08-31 11:45:00;520.05e-6
2014-08-31 12:00:00;495.25e-6
2014-08-31 12:15:00;475.09e-6
2014-08-31 12:30:00;458.06e-6
2014-08-31 12:45:00;444.71e-6
2014-08-31 13:00:00;434.58e-6
2014-08-31 13:15:00;424.81e-6
2014-08-31 13:30:00;415.25e-6
2014-08-31 13:45:00;406.02e-6
2014-08-31 14:00:00;396.68e-6
2014-08-31 14:15:00;387.30e-6
2014-08-31 14:30:00;379.28e-6
2014-08-31 14:45:00;371.99e-6
2014-08-31 15:00:00;366.80e-6
2014-08-31 15:15:00;358.82e-6
2014-08-31 15:30:00;360.72e-6
2014-08-31 15:45:00;364.81e-6
2014-08-31 16:00:00;369.45e-6
2014-08-31 16:15:00;377.70e-6
2014-08-31 16:30:00;388.73e-6
2014-08-31 16:45:00;402.54e-6
2014-08-31 17:00:00;415.00e-6
2014-08-31 17:15:00;428.76e-6
2014-08-31 17:30:00;440.88e-6
2014-08-31 17:45:00;450.42e-6
2014-08-31 18:00:00;453.39e-6
2014-08-31 18:15:00;457.38e-6
2014-08-31 18:30:00;456.09e-6
2014-08-31 18:45:00;457.99e-6
2014-08-31 19:00:00;456.53e-6
2014-08-31 19:15:00;451.29e-6
2014-08-31 19:30:00;442.69e-6
2014-08-31 19:45:00;437.57e-6
2014-08-31 20:00:00;429.67e-6
2014-08-31 20:15:00;425.52e-6
2014-08-31 20:30:00;418.49e-6
2014-08-31 20:45:00;409.80e-6
2014-08-31 21:00:00;398.04e-6
2014-08-31 21:15:00;381.45e-6
2014-08-31 21:30:00;360.90e-6
2014-08-31 21:45:00;337.76e-6
2014-08-31 22:00:00;313.01e-6
2014-08-31 22:15:00;286.74e-6
2014-08-31 22:30:00;262.51e-6
2014-08-31 22:45:00;238.68e-6
2014-08-31 23:00:00;209.47e-6
2014-08-31 23:15:00;192.91e-6
2014-08-31 23:30:00;177.99e-6
2014-08-31 23:45:00;165.85e-6
2014-09-01 00:00:00;156.25e-6
2014-09-01 00:15:00;149.17e-6
2014-09-01 00:30:00;144.47e-6
2014-09-01 00:45:00;143.91e-6
2014-09-01 01:00:00;147.57e-6
2014-09-01 01:15:00;153.12e-6
2014-09-01 01:30:00;157.72e-6
2014-09-01 01:45:00;161.91e-6
2014-09-01 02:00:00;164.80e-6
2014-09-01 02:15:00;165.83e-6
2014-09-01 02:30:00;166.73e-6
2014-09-01 02:45:00;168.62e-6
2014-09-01 03:00:00;173.47e-6
2014-09-01 03:15:00;174.47e-6
2014-09-01 03:30:00;177.03e-6
2014-09-01 03:45:00;187.13e-6
2014-09-01 04:00:00;196.39e-6
2014-09-01 04:15:00;209.68e-6
2014-09-01 04:30:00;226.21e-6
2014-09-01 04:45:00;246.60e-6
2014-09-01 05:00:00;271.53e-6
2014-09-01 05:15:00;297.01e-6
2014-09-01 05:30:00;329.22e-6
2014-09-01 05:45:00;348.20e-6
2014-09-01 06:00:00;369.88e-6
2014-09-01 06:15:00;380.42e-6
2014-09-01 06:30:00;384.59e-6
2014-09-01 06:45:00;377.52e-6
2014-09-01 07:00:00;373.73e-6
2014-09-01 07:15:00;361.87e-6
2014-09-01 07:30:00;349.55e-6
2014-09-01 07:45:00;336.93e-6
2014-09-01 08:00:00;328.96e-6
2014-09-01 08:15:00;323.17e-6
2014-09-01 08:30:00;322.37e-6
2014-09-01 08:45:00;323.06e-6
2014-09-01 09:00:00;325.86e-6
2014-09-01 09:15:00;326.74e-6
2014-09-01 09:30:00;329.68e-6
2014-09-01 09:45:00;337.87e-6
2014-09-01 10:00:00;353.55e-6
2014-09-01 10:15:00;369.94e-6
2014-09-01 10:30:00;377.40e-6
2014-09-01 10:45:00;375.89e-6
2014-09-01 11:00:00;363.99e-6
2014-09-01 11:15:00;357.03e-6
2014-09-01 11:30:00;351.36e-6
2014-09-01 11:45:00;348.63e-6
2014-09-01 12:00:00;345.78e-6
2014-09-01 12:15:00;344.05e-6
2014-09-01 12:30:00;342.44e-6
2014-09-01 12:45:00;341.14e-6
2014-09-01 13:00:00;339.93e-6
2014-09-01 13:15:00;336.42e-6
2014-09-01 13:30:00;331.11e-6
2014-09-01 13:45:00;324.69e-6
2014-09-01 14:00:00;317.42e-6
2014-09-01 14:15:00;309.80e-6
2014-09-01 14:30:00;303.64e-6
2014-09-01 14:45:00;298.73e-6
2014-09-01 15:00:00;296.03e-6
2014-09-01 15:15:00;291.59e-6
2014-09-01 15:30:00;295.23e-6
2014-09-01 15:45:00;301.29e-6
2014-09-01 16:00:00;308.99e-6
2014-09-01 16:15:00;320.09e-6
2014-09-01 16:30:00;333.83e-6
2014-09-01 16:45:00;351.45e-6
2014-09-01 17:00:00;366.09e-6
2014-09-01 17:15:00;385.60e-6
2014-09-01 17:30:00;404.32e-6
2014-09-01 17:45:00;423.31e-6
2014-09-01 18:00:00;436.22e-6
2014-09-01 18:15:00;447.82e-6
2014-09-01 18:30:00;464.28e-6
2014-09-01 18:45:00;468.25e-6
2014-09-01 19:00:00;467.32e-6
2014-09-01 19:15:00;463.13e-6
2014-09-01 19:30:00;454.83e-6
2014-09-01 19:45:00;448.55e-6
2014-09-01 20:00:00;442.18e-6
2014-09-01 20:15:00;436.62e-6
2014-09-01 20:30:00;429.10e-6
2014-09-01 20:45:00;419.30e-6
2014-09-01 21:00:00;406.48e-6
2014-09-01 21:15:00;388.46e-6
2014-09-01 21:30:00;366.19e-6
2014-09-01 21:45:00;340.81e-6
2014-09-01 22:00:00;313.91e-6
2014-09-01 22:15:00;284.04e-6
2014-09-01 22:30:00;258.64e-6
2014-09-01 22:45:00;235.99e-6
2014-09-01 23:00:00;210.03e-6
2014-09-01 23:15:00;193.43e-6
2014-09-01 23:30:00;178.47e-6
2014-09-01 23:45:00;166.30e-6
2014-09-02 00:00:00;156.68e-6
2014-09-02 00:15:00;149.57e-6
2014-09-02 00:30:00;144.86e-6
2014-09-02 00:45:00;144.30e-6
2014-09-02 01:00:00;147.97e-6
2014-09-02 01:15:00;153.53e-6
2014-09-02 01:30:00;158.15e-6
2014-09-02 01:45:00;162.35e-6
2014-09-02 02:00:00;165.24e-6
2014-09-02 02:15:00;166.27e-6
2014-09-02 02:30:00;167.18e-6
2014-09-02 02:45:00;169.07e-6
2014-09-02 03:00:00;173.94e-6
2014-09-02 03:15:00;174.94e-6
2014-09-02 03:30:00;177.51e-6
2014-09-02 03:45:00;187.63e-6
2014-09-02 04:00:00;196.92e-6
2014-09-02 04:15:00;210.24e-6
2014-09-02 04:30:00;226.82e-6
2014-09-02 04:45:00;247.26e-6
2014-09-02 05:00:00;272.26e-6
2014-09-02 05:15:00;297.81e-6
2014-09-02 05:30:00;330.11e-6
2014-09-02 05:45:00;349.14e-6
2014-09-02 06:00:00;370.87e-6
2014-09-02 06:15:00;381.44e-6
2014-09-02 06:30:00;385.63e-6
2014-09-02 06:45:00;378.53e-6
2014-09-02 07:00:00;374.74e-6
2014-09-02 07:15:00;362.85e-6
2014-09-02 07:30:00;350.49e-6
2014-09-02 07:45:00;337.83e-6
2014-09-02 08:00:00;329.85e-6
2014-09-02 08:15:00;324.04e-6
2014-09-02 08:30:00;323.24e-6
2014-09-02 08:45:00;323.93e-6
2014-09-02 09:00:00;326.74e-6
2014-09-02 09:15:00;327.63e-6
2014-09-02 09:30:00;330.56e-6
2014-09-02 09:45:00;338.78e-6
2014-09-02 10:00:00;354.51e-6
2014-09-02 10:15:00;370.94e-6
2014-09-02 10:30:00;378.42e-6
2014-09-02 10:45:00;376.90e-6
2014-09-02 11:00:00;364.97e-6
2014-09-02 11:15:00;357.99e-6
2014-09-02 11:30:00;352.30e-6
2014-09-02 11:45:00;349.57e-6
2014-09-02 12:00:00;346.71e-6
2014-09-02 12:15:00;344.97e-6
2014-09-02 12:30:00;343.36e-6
2014-09-02 12:45:00;342.06e-6
2014-09-02 13:00:00;340.85e-6
2014-09-02 13:15:00;337.33e-6
2014-09-02 13:30:00;332.01e-6
2014-09-02 13:45:00;325.57e-6
2014-09-02 14:00:00;318.27e-6
2014-09-02 14:15:00;310.63e-6
2014-09-02 14:30:00;304.46e-6
2014-09-02 14:45:00;299.53e-6
2014-09-02 15:00:00;296.83e-6
2014-09-02 15:15:00;292.37e-6
2014-09-02 15:30:00;296.02e-6
2014-09-02 15:45:00;302.10e-6
2014-09-02 16:00:00;309.82e-6
2014-09-02 16:15:00;320.95e-6
2014-09-02 16:30:00;334.73e-6
2014-09-02 16:45:00;352.40e-6
2014-09-02 17:00:00;367.07e-6
2014-09-02 17:15:00;386.64e-6
2014-09-02 17:30:00;405.41e-6
2014-09-02 17:45:00;424.45e-6
2014-09-02 18:00:00;437.40e-6
2014-09-02 18:15:00;449.03e-6
2014-09-02 18:30:00;465.53e-6
2014-09-02 18:45:00;469.51e-6
2014-09-02 19:00:00;468.58e-6
2014-09-02 19:15:00;464.38e-6
2014-09-02 19:30:00;456.06e-6
2014-09-02 19:45:00;449.76e-6
2014-09-02 20:00:00;443.37e-6
2014-09-02 20:15:00;437.79e-6
2014-09-02 20:30:00;430.26e-6
2014-09-02 20:45:00;420.43e-6
2014-09-02 21:00:00;407.57e-6
2014-09-02 21:15:00;389.50e-6
2014-09-02 21:30:00;367.18e-6
2014-09-02 21:45:00;341.73e-6
2014-09-02 22:00:00;314.75e-6
2014-09-02 22:15:00;284.81e-6
2014-09-02 22:30:00;259.34e-6
2014-09-02 22:45:00;236.62e-6
2014-09-02 23:00:00;210.61e-6
2014-09-02 23:15:00;193.96e-6
2014-09-02 23:30:00;178.96e-6
2014-09-02 23:45:00;166.76e-6
2014-09-03 00:00:00;157.11e-6
2014-09-03 00:15:00;149.99e-6
2014-09-03 00:30:00;145.26e-6
2014-09-03 00:45:00;144.69e-6
2014-09-03 01:00:00;148.37e-6
2014-09-03 01:15:00;153.95e-6
2014-09-03 01:30:00;158.58e-6
2014-09-03 01:45:00;162.79e-6
2014-09-03 02:00:00;165.70e-6
2014-09-03 02:15:00;166.73e-6
2014-09-03 02:30:00;167.64e-6
2014-09-03 02:45:00;169.54e-6
2014-09-03 03:00:00;174.42e-6
2014-09-03 03:15:00;175.42e-6
2014-09-03 03:30:00;177.99e-6
2014-09-03 03:45:00;188.15e-6
2014-09-03 04:00:00;197.46e-6
2014-09-03 04:15:00;210.82e-6
2014-09-03 04:30:00;227.44e-6
2014-09-03 04:45:00;247.94e-6
2014-09-03 05:00:00;273.01e-6
2014-09-03 05:15:00;298.63e-6
2014-09-03 05:30:00;331.01e-6
2014-09-03 05:45:00;350.10e-6
2014-09-03 06:00:00;371.89e-6
2014-09-03 06:15:00;382.49e-6
2014-09-03 06:30:00;386.68e-6
2014-09-03 06:45:00;379.57e-6
2014-09-03 07:00:00;375.77e-6
2014-09-03 07:15:00;363.85e-6
2014-09-03 07:30:00;351.45e-6
2014-09-03 07:45:00;338.76e-6
2014-09-03 08:00:00;330.75e-6
2014-09-03 08:15:00;324.93e-6
2014-09-03 08:30:00;324.13e-6
2014-09-03 08:45:00;324.82e-6
2014-09-03 09:00:00;327.64e-6
2014-09-03 09:15:00;328.53e-6
2014-09-03 09:30:00;331.47e-6
2014-09-03 09:45:00;339.71e-6
2014-09-03 10:00:00;355.48e-6
2014-09-03 10:15:00;371.96e-6
2014-09-03 10:30:00;379.46e-6
2014-09-03 10:45:00;377.93e-6
2014-09-03 11:00:00;365.97e-6
2014-09-03 11:15:00;358.98e-6
2014-09-03 11:30:00;353.27e-6
2014-09-03 11:45:00;350.53e-6
2014-09-03 12:00:00;347.66e-6
2014-09-03 12:15:00;345.92e-6
2014-09-03 12:30:00;344.30e-6
2014-09-03 12:45:00;343.00e-6
2014-09-03 13:00:00;341.79e-6
2014-09-03 13:15:00;338.26e-6
2014-09-03 13:30:00;332.92e-6
2014-09-03 13:45:00;326.46e-6
2014-09-03 14:00:00;319.15e-6
2014-09-03 14:15:00;311.48e-6
2014-09-03 14:30:00;305.29e-6
2014-09-03 14:45:00;300.36e-6
2014-09-03 15:00:00;297.65e-6
2014-09-03 15:15:00;293.18e-6
2014-09-03 15:30:00;296.84e-6
2014-09-03 15:45:00;302.93e-6
2014-09-03 16:00:00;310.67e-6
2014-09-03 16:15:00;321.84e-6
2014-09-03 16:30:00;335.65e-6
2014-09-03 16:45:00;353.36e-6
2014-09-03 17:00:00;368.08e-6
2014-09-03 17:15:00;387.70e-6
2014-09-03 17:30:00;406.52e-6
2014-09-03 17:45:00;425.62e-6
2014-09-03 18:00:00;438.60e-6
2014-09-03 18:15:00;450.26e-6
2014-09-03 18:30:00;466.81e-6
2014-09-03 18:45:00;470.80e-6
2014-09-03 19:00:00;469.87e-6
2014-09-03 19:15:00;465.65e-6
2014-09-03 19:30:00;457.31e-6
2014-09-03 19:45:00;451.00e-6
2014-09-03 20:00:00;444.59e-6
2014-09-03 20:15:00;439.00e-6
2014-09-03 20:30:00;431.44e-6
2014-09-03 20:45:00;421.58e-6
2014-09-03 21:00:00;408.69e-6
2014-09-03 21:15:00;390.57e-6
2014-09-03 21:30:00;368.19e-6
2014-09-03 21:45:00;342.67e-6
2014-09-03 22:00:00;315.62e-6
2014-09-03 22:15:00;285.59e-6
2014-09-03 22:30:00;260.05e-6
2014-09-03 22:45:00;237.27e-6
2014-09-03 23:00:00;211.20e-6
2014-09-03 23:15:00;194.50e-6
2014-09-03 23:30:00;179.46e-6
2014-09-03 23:45:00;167.22e-6
2014-09-04 00:00:00;157.54e-6
2014-09-04 00:15:00;150.40e-6
2014-09-04 00:30:00;145.66e-6
2014-09-04 00:45:00;145.10e-6
2014-09-04 01:00:00;148.79e-6
2014-09-04 01:15:00;154.38e-6
2014-09-04 01:30:00;159.03e-6
2014-09-04 01:45:00;163.25e-6
2014-09-04 02:00:00;166.16e-6
2014-09-04 02:15:00;167.20e-6
2014-09-04 02:30:00;168.11e-6
2014-09-04 02:45:00;170.01e-6
2014-09-04 03:00:00;174.90e-6
2014-09-04 03:15:00;175.92e-6
2014-09-04 03:30:00;178.49e-6
2014-09-04 03:45:00;188.67e-6
2014-09-04 04:00:00;198.01e-6
2014-09-04 04:15:00;211.41e-6
2014-09-04 04:30:00;228.08e-6
2014-09-04 04:45:00;248.63e-6
2014-09-04 05:00:00;273.77e-6
2014-09-04 05:15:00;299.47e-6
2014-09-04 05:30:00;331.94e-6
2014-09-04 05:45:00;351.08e-6
2014-09-04 06:00:00;372.93e-6
2014-09-04 06:15:00;383.56e-6
2014-09-04 06:30:00;387.77e-6
2014-09-04 06:45:00;380.63e-6
2014-09-04 07:00:00;376.82e-6
2014-09-04 07:15:00;364.86e-6
2014-09-04 07:30:00;352.44e-6
2014-09-04 07:45:00;339.71e-6
2014-09-04 08:00:00;331.68e-6
2014-09-04 08:15:00;325.84e-6
2014-09-04 08:30:00;325.04e-6
2014-09-04 08:45:00;325.73e-6
2014-09-04 09:00:00;328.56e-6
2014-09-04 09:15:00;329.44e-6
2014-09-04 09:30:00;332.40e-6
2014-09-04 09:45:00;340.66e-6
2014-09-04 10:00:00;356.47e-6
2014-09-04 10:15:00;373.00e-6
2014-09-04 10:30:00;380.52e-6
2014-09-04 10:45:00;378.99e-6
2014-09-04 11:00:00;366.99e-6
2014-09-04 11:15:00;359.98e-6
2014-09-04 11:30:00;354.26e-6
2014-09-04 11:45:00;351.51e-6
2014-09-04 12:00:00;348.64e-6
2014-09-04 12:15:00;346.89e-6
2014-09-04 12:30:00;345.26e-6
2014-09-04 12:45:00;343.96e-6
2014-09-04 13:00:00;342.74e-6
2014-09-04 13:15:00;339.20e-6
2014-09-04 13:30:00;333.85e-6
2014-09-04 13:45:00;327.37e-6
2014-09-04 14:00:00;320.04e-6
2014-09-04 14:15:00;312.35e-6
2014-09-04 14:30:00;306.15e-6
2014-09-04 14:45:00;301.19e-6
2014-09-04 15:00:00;298.48e-6
2014-09-04 15:15:00;294.00e-6
2014-09-04 15:30:00;297.67e-6
2014-09-04 15:45:00;303.78e-6
2014-09-04 16:00:00;311.54e-6
2014-09-04 16:15:00;322.73e-6
2014-09-04 16:30:00;336.59e-6
2014-09-04 16:45:00;354.35e-6
2014-09-04 17:00:00;369.11e-6
2014-09-04 17:15:00;388.79e-6
2014-09-04 17:30:00;407.66e-6
2014-09-04 17:45:00;426.81e-6
2014-09-04 18:00:00;439.82e-6
2014-09-04 18:15:00;451.52e-6
2014-09-04 18:30:00;468.12e-6
2014-09-04 18:45:00;472.11e-6
2014-09-04 19:00:00;471.18e-6
2014-09-04 19:15:00;466.95e-6
2014-09-04 19:30:00;458.59e-6
2014-09-04 19:45:00;452.26e-6
2014-09-04 20:00:00;445.83e-6
2014-09-04 20:15:00;440.22e-6
2014-09-04 20:30:00;432.64e-6
2014-09-04 20:45:00;422.76e-6
2014-09-04 21:00:00;409.84e-6
2014-09-04 21:15:00;391.66e-6
2014-09-04 21:30:00;369.22e-6
2014-09-04 21:45:00;343.62e-6
2014-09-04 22:00:00;316.50e-6
2014-09-04 22:15:00;286.39e-6
2014-09-04 22:30:00;260.78e-6
2014-09-04 22:45:00;237.94e-6
2014-09-04 23:00:00;211.80e-6
2014-09-04 23:15:00;195.05e-6
2014-09-04 23:30:00;179.97e-6
2014-09-04 23:45:00;167.70e-6
2014-09-05 00:00:00;157.99e-6
2014-09-05 00:15:00;150.83e-6
2014-09-05 00:30:00;146.08e-6
2014-09-05 00:45:00;145.51e-6
2014-09-05 01:00:00;149.21e-6
2014-09-05 01:15:00;154.82e-6
2014-09-05 01:30:00;159.48e-6
2014-09-05 01:45:00;163.71e-6
2014-09-05 02:00:00;166.63e-6
2014-09-05 02:15:00;167.67e-6
2014-09-05 02:30:00;168.59e-6
2014-09-05 02:45:00;170.50e-6
2014-09-05 03:00:00;175.40e-6
2014-09-05 03:15:00;176.42e-6
2014-09-05 03:30:00;179.00e-6
2014-09-05 03:45:00;189.21e-6
2014-09-05 04:00:00;198.57e-6
2014-09-05 04:15:00;212.01e-6
2014-09-05 04:30:00;228.73e-6
2014-09-05 04:45:00;249.34e-6
2014-09-05 05:00:00;274.55e-6
2014-09-05 05:15:00;300.32e-6
2014-09-05 05:30:00;332.88e-6
2014-09-05 05:45:00;352.08e-6
2014-09-05 06:00:00;373.99e-6
2014-09-05 06:15:00;384.65e-6
2014-09-05 06:30:00;388.87e-6
2014-09-05 06:45:00;381.72e-6
2014-09-05 07:00:00;377.89e-6
2014-09-05 07:15:00;365.90e-6
2014-09-05 07:30:00;353.44e-6
2014-09-05 07:45:00;340.67e-6
2014-09-05 08:00:00;332.62e-6
2014-09-05 08:15:00;326.76e-6
2014-09-05 08:30:00;325.96e-6
2014-09-05 08:45:00;326.66e-6
2014-09-05 09:00:00;329.49e-6
2014-09-05 09:15:00;330.38e-6
2014-09-05 09:30:00;333.34e-6
2014-09-05 09:45:00;341.63e-6
2014-09-05 10:00:00;357.49e-6
2014-09-05 10:15:00;374.06e-6
2014-09-05 10:30:00;381.60e-6
2014-09-05 10:45:00;380.07e-6
2014-09-05 11:00:00;368.04e-6
2014-09-05 11:15:00;361.00e-6
2014-09-05 11:30:00;355.26e-6
2014-09-05 11:45:00;352.51e-6
2014-09-05 12:00:00;349.63e-6
2014-09-05 12:15:00;347.87e-6
2014-09-05 12:30:00;346.25e-6
2014-09-05 12:45:00;344.94e-6
2014-09-05 13:00:00;343.72e-6
2014-09-05 13:15:00;340.17e-6
2014-09-05 13:30:00;334.80e-6
2014-09-05 13:45:00;328.30e-6
2014-09-05 14:00:00;320.95e-6
2014-09-05 14:15:00;313.24e-6
2014-09-05 14:30:00;307.02e-6
2014-09-05 14:45:00;302.05e-6
2014-09-05 15:00:00;299.33e-6
2014-09-05 15:15:00;294.83e-6
2014-09-05 15:30:00;298.51e-6
2014-09-05 15:45:00;304.64e-6
2014-09-05 16:00:00;312.42e-6
2014-09-05 16:15:00;323.65e-6
2014-09-05 16:30:00;337.55e-6
2014-09-05 16:45:00;355.36e-6
2014-09-05 17:00:00;370.16e-6
2014-09-05 17:15:00;389.89e-6
2014-09-05 17:30:00;408.81e-6
2014-09-05 17:45:00;428.02e-6
2014-09-05 18:00:00;441.07e-6
2014-09-05 18:15:00;452.80e-6
2014-09-05 18:30:00;469.45e-6
2014-09-05 18:45:00;473.45e-6
2014-09-05 19:00:00;472.52e-6
2014-09-05 19:15:00;468.28e-6
2014-09-05 19:30:00;459.89e-6
2014-09-05 19:45:00;453.54e-6
2014-09-05 20:00:00;447.10e-6
2014-09-05 20:15:00;441.47e-6
2014-09-05 20:30:00;433.87e-6
2014-09-05 20:45:00;423.96e-6
2014-09-05 21:00:00;411.00e-6
2014-09-05 21:15:00;392.78e-6
2014-09-05 21:30:00;370.27e-6
2014-09-05 21:45:00;344.60e-6
2014-09-05 22:00:00;317.40e-6
2014-09-05 22:15:00;287.20e-6
2014-09-05 22:30:00;261.52e-6
2014-09-05 22:45:00;238.61e-6
2014-09-05 23:00:00;242.34e-6
2014-09-05 23:15:00;221.68e-6
2014-09-05 23:30:00;202.92e-6
2014-09-05 23:45:00;185.62e-6
2014-09-06 00:00:00;169.44e-6
2014-09-06 00:15:00;156.87e-6
2014-09-06 00:30:00;146.77e-6
2014-09-06 00:45:00;144.09e-6
2014-09-06 01:00:00;145.80e-6
2014-09-06 01:15:00;150.96e-6
2014-09-06 01:30:00;156.27e-6
2014-09-06 01:45:00;161.91e-6
2014-09-06 02:00:00;164.70e-6
2014-09-06 02:15:00;165.92e-6
2014-09-06 02:30:00;166.62e-6
2014-09-06 02:45:00;169.18e-6
2014-09-06 03:00:00;173.44e-6
2014-09-06 03:15:00;174.03e-6
2014-09-06 03:30:00;172.90e-6
2014-09-06 03:45:00;172.44e-6
2014-09-06 04:00:00;172.38e-6
2014-09-06 04:15:00;174.69e-6
2014-09-06 04:30:00;179.97e-6
2014-09-06 04:45:00;189.42e-6
2014-09-06 05:00:00;204.33e-6
2014-09-06 05:15:00;222.48e-6
2014-09-06 05:30:00;245.61e-6
2014-09-06 05:45:00;264.46e-6
2014-09-06 06:00:00;290.57e-6
2014-09-06 06:15:00;310.08e-6
2014-09-06 06:30:00;328.43e-6
2014-09-06 06:45:00;341.20e-6
2014-09-06 07:00:00;358.34e-6
2014-09-06 07:15:00;368.84e-6
2014-09-06 07:30:00;375.72e-6
2014-09-06 07:45:00;385.45e-6
2014-09-06 08:00:00;398.67e-6
2014-09-06 08:15:00;407.79e-6
2014-09-06 08:30:00;415.09e-6
2014-09-06 08:45:00;420.79e-6
2014-09-06 09:00:00;427.24e-6
2014-09-06 09:15:00;432.09e-6
2014-09-06 09:30:00;438.85e-6
2014-09-06 09:45:00;453.36e-6
2014-09-06 10:00:00;477.43e-6
2014-09-06 10:15:00;506.65e-6
2014-09-06 10:30:00;521.85e-6
2014-09-06 10:45:00;518.61e-6
2014-09-06 11:00:00;493.80e-6
2014-09-06 11:15:00;469.25e-6
2014-09-06 11:30:00;449.47e-6
2014-09-06 11:45:00;439.26e-6
2014-09-06 12:00:00;428.28e-6
2014-09-06 12:15:00;421.39e-6
2014-09-06 12:30:00;417.20e-6
2014-09-06 12:45:00;416.08e-6
2014-09-06 13:00:00;417.49e-6
2014-09-06 13:15:00;418.62e-6
2014-09-06 13:30:00;419.21e-6
2014-09-06 13:45:00;419.18e-6
2014-09-06 14:00:00;418.05e-6
2014-09-06 14:15:00;415.86e-6
2014-09-06 14:30:00;413.92e-6
2014-09-06 14:45:00;411.83e-6
2014-09-06 15:00:00;410.85e-6
2014-09-06 15:15:00;407.49e-6
2014-09-06 15:30:00;411.41e-6
2014-09-06 15:45:00;417.60e-6
2014-09-06 16:00:00;423.51e-6
2014-09-06 16:15:00;432.67e-6
2014-09-06 16:30:00;443.13e-6
2014-09-06 16:45:00;455.27e-6
2014-09-06 17:00:00;464.76e-6
2014-09-06 17:15:00;475.54e-6
2014-09-06 17:30:00;483.86e-6
2014-09-06 17:45:00;487.65e-6
2014-09-06 18:00:00;484.19e-6
2014-09-06 18:15:00;481.21e-6
2014-09-06 18:30:00;480.37e-6
2014-09-06 18:45:00;476.28e-6
2014-09-06 19:00:00;469.57e-6
2014-09-06 19:15:00;462.27e-6
2014-09-06 19:30:00;451.12e-6
2014-09-06 19:45:00;444.58e-6
2014-09-06 20:00:00;436.00e-6
2014-09-06 20:15:00;434.43e-6
2014-09-06 20:30:00;430.47e-6
2014-09-06 20:45:00;426.69e-6
2014-09-06 21:00:00;421.59e-6
2014-09-06 21:15:00;412.32e-6
2014-09-06 21:30:00;398.61e-6
2014-09-06 21:45:00;381.20e-6
2014-09-06 22:00:00;359.69e-6
2014-09-06 22:15:00;337.64e-6
2014-09-06 22:30:00;309.60e-6
2014-09-06 22:45:00;286.87e-6
2014-09-06 23:00:00;262.50e-6
2014-09-06 23:15:00;242.63e-6
2014-09-06 23:30:00;225.19e-6
2014-09-06 23:45:00;208.16e-6
2014-09-07 00:00:00;192.90e-6
2014-09-07 00:15:00;180.50e-6
2014-09-07 00:30:00;170.77e-6
2014-09-07 00:45:00;166.82e-6
2014-09-07 01:00:00;165.77e-6
2014-09-07 01:15:00;170.40e-6
2014-09-07 01:30:00;173.79e-6
2014-09-07 01:45:00;177.27e-6
2014-09-07 02:00:00;178.33e-6
2014-09-07 02:15:00;178.39e-6
2014-09-07 02:30:00;179.48e-6
2014-09-07 02:45:00;181.32e-6
2014-09-07 03:00:00;183.58e-6
2014-09-07 03:15:00;183.83e-6
2014-09-07 03:30:00;183.01e-6
2014-09-07 03:45:00;180.74e-6
2014-09-07 04:00:00;179.21e-6
2014-09-07 04:15:00;179.14e-6
2014-09-07 04:30:00;181.36e-6
2014-09-07 04:45:00;187.11e-6
2014-09-07 05:00:00;197.66e-6
2014-09-07 05:15:00;211.41e-6
2014-09-07 05:30:00;229.02e-6
2014-09-07 05:45:00;244.88e-6
2014-09-07 06:00:00;271.21e-6
2014-09-07 06:15:00;297.34e-6
2014-09-07 06:30:00;330.76e-6
2014-09-07 06:45:00;364.81e-6
2014-09-07 07:00:00;402.35e-6
2014-09-07 07:15:00;434.99e-6
2014-09-07 07:30:00;459.90e-6
2014-09-07 07:45:00;481.41e-6
2014-09-07 08:00:00;500.26e-6
2014-09-07 08:15:00;514.62e-6
2014-09-07 08:30:00;524.98e-6
2014-09-07 08:45:00;535.26e-6
2014-09-07 09:00:00;548.67e-6
2014-09-07 09:15:00;563.05e-6
2014-09-07 09:30:00;580.66e-6
2014-09-07 09:45:00;605.97e-6
2014-09-07 10:00:00;640.19e-6
2014-09-07 10:15:00;679.44e-6
2014-09-07 10:30:00;690.01e-6
2014-09-07 10:45:00;671.80e-6
2014-09-07 11:00:00;629.68e-6
2014-09-07 11:15:00;590.04e-6
2014-09-07 11:30:00;554.59e-6
2014-09-07 11:45:00;530.30e-6
2014-09-07 12:00:00;505.01e-6
2014-09-07 12:15:00;484.45e-6
2014-09-07 12:30:00;467.09e-6
2014-09-07 12:45:00;453.47e-6
2014-09-07 13:00:00;443.14e-6
2014-09-07 13:15:00;433.18e-6
2014-09-07 13:30:00;423.44e-6
2014-09-07 13:45:00;414.03e-6
2014-09-07 14:00:00;404.50e-6
2014-09-07 14:15:00;394.93e-6
2014-09-07 14:30:00;386.76e-6
2014-09-07 14:45:00;379.32e-6
2014-09-07 15:00:00;374.03e-6
2014-09-07 15:15:00;365.89e-6
2014-09-07 15:30:00;367.83e-6
2014-09-07 15:45:00;372.00e-6
2014-09-07 16:00:00;376.73e-6
2014-09-07 16:15:00;385.15e-6
2014-09-07 16:30:00;396.40e-6
2014-09-07 16:45:00;410.48e-6
2014-09-07 17:00:00;423.18e-6
2014-09-07 17:15:00;437.21e-6
2014-09-07 17:30:00;449.57e-6
2014-09-07 17:45:00;459.29e-6
2014-09-07 18:00:00;462.32e-6
2014-09-07 18:15:00;466.39e-6
2014-09-07 18:30:00;465.08e-6
2014-09-07 18:45:00;467.02e-6
2014-09-07 19:00:00;465.53e-6
2014-09-07 19:15:00;460.19e-6
2014-09-07 19:30:00;451.42e-6
2014-09-07 19:45:00;446.20e-6
2014-09-07 20:00:00;438.14e-6
2014-09-07 20:15:00;433.90e-6
2014-09-07 20:30:00;426.74e-6
2014-09-07 20:45:00;417.88e-6
2014-09-07 21:00:00;405.89e-6
2014-09-07 21:15:00;388.97e-6
2014-09-07 21:30:00;368.01e-6
2014-09-07 21:45:00;344.42e-6
2014-09-07 22:00:00;319.18e-6
2014-09-07 22:15:00;292.39e-6
2014-09-07 22:30:00;267.68e-6
2014-09-07 22:45:00;243.39e-6
2014-09-07 23:00:00;213.67e-6
2014-09-07 23:15:00;196.78e-6
2014-09-07 23:30:00;181.55e-6
2014-09-07 23:45:00;169.18e-6
2014-09-08 00:00:00;159.39e-6
2014-09-08 00:15:00;152.16e-6
2014-09-08 00:30:00;147.37e-6
2014-09-08 00:45:00;146.80e-6
2014-09-08 01:00:00;150.53e-6
2014-09-08 01:15:00;156.19e-6
2014-09-08 01:30:00;160.89e-6
2014-09-08 01:45:00;165.16e-6
2014-09-08 02:00:00;168.10e-6
2014-09-08 02:15:00;169.15e-6
2014-09-08 02:30:00;170.08e-6
2014-09-08 02:45:00;172.00e-6
2014-09-08 03:00:00;176.95e-6
2014-09-08 03:15:00;177.97e-6
2014-09-08 03:30:00;180.58e-6
2014-09-08 03:45:00;190.88e-6
2014-09-08 04:00:00;200.33e-6
2014-09-08 04:15:00;213.88e-6
2014-09-08 04:30:00;230.75e-6
2014-09-08 04:45:00;251.54e-6
2014-09-08 05:00:00;276.98e-6
2014-09-08 05:15:00;302.97e-6
2014-09-08 05:30:00;335.82e-6
2014-09-08 05:45:00;355.18e-6
2014-09-08 06:00:00;377.29e-6
2014-09-08 06:15:00;388.04e-6
2014-09-08 06:30:00;392.30e-6
2014-09-08 06:45:00;385.09e-6
2014-09-08 07:00:00;381.23e-6
2014-09-08 07:15:00;369.13e-6
2014-09-08 07:30:00;356.56e-6
2014-09-08 07:45:00;343.68e-6
2014-09-08 08:00:00;335.56e-6
2014-09-08 08:15:00;329.65e-6
2014-09-08 08:30:00;328.84e-6
2014-09-08 08:45:00;329.54e-6
2014-09-08 09:00:00;332.40e-6
2014-09-08 09:15:00;333.30e-6
2014-09-08 09:30:00;336.29e-6
2014-09-08 09:45:00;344.65e-6
2014-09-08 10:00:00;360.64e-6
2014-09-08 10:15:00;377.36e-6
2014-09-08 10:30:00;384.97e-6
2014-09-08 10:45:00;383.42e-6
2014-09-08 11:00:00;371.29e-6
2014-09-08 11:15:00;364.19e-6
2014-09-08 11:30:00;358.40e-6
2014-09-08 11:45:00;355.62e-6
2014-09-08 12:00:00;352.71e-6
2014-09-08 12:15:00;350.95e-6
2014-09-08 12:30:00;349.30e-6
2014-09-08 12:45:00;347.99e-6
2014-09-08 13:00:00;346.75e-6
2014-09-08 13:15:00;343.17e-6
2014-09-08 13:30:00;337.76e-6
2014-09-08 13:45:00;331.20e-6
2014-09-08 14:00:00;323.78e-6
2014-09-08 14:15:00;316.01e-6
2014-09-08 14:30:00;309.73e-6
2014-09-08 14:45:00;304.72e-6
2014-09-08 15:00:00;301.97e-6
2014-09-08 15:15:00;297.44e-6
2014-09-08 15:30:00;301.15e-6
2014-09-08 15:45:00;307.33e-6
2014-09-08 16:00:00;315.18e-6
2014-09-08 16:15:00;326.51e-6
2014-09-08 16:30:00;340.53e-6
2014-09-08 16:45:00;358.50e-6
2014-09-08 17:00:00;373.43e-6
2014-09-08 17:15:00;393.33e-6
2014-09-08 17:30:00;412.43e-6
2014-09-08 17:45:00;431.80e-6
2014-09-08 18:00:00;444.97e-6
2014-09-08 18:15:00;456.80e-6
2014-09-08 18:30:00;473.59e-6
2014-09-08 18:45:00;477.64e-6
2014-09-08 19:00:00;476.70e-6
2014-09-08 19:15:00;472.42e-6
2014-09-08 19:30:00;463.95e-6
2014-09-08 19:45:00;457.55e-6
2014-09-08 20:00:00;451.04e-6
2014-09-08 20:15:00;445.37e-6
2014-09-08 20:30:00;437.71e-6
2014-09-08 20:45:00;427.70e-6
2014-09-08 21:00:00;414.63e-6
2014-09-08 21:15:00;396.25e-6
2014-09-08 21:30:00;373.54e-6
2014-09-08 21:45:00;347.64e-6
2014-09-08 22:00:00;320.20e-6
2014-09-08 22:15:00;289.74e-6
2014-09-08 22:30:00;263.83e-6
2014-09-08 22:45:00;240.72e-6
2014-09-08 23:00:00;214.32e-6
2014-09-08 23:15:00;197.37e-6
2014-09-08 23:30:00;182.10e-6
2014-09-08 23:45:00;169.69e-6
2014-09-09 00:00:00;159.87e-6
2014-09-09 00:15:00;152.62e-6
2014-09-09 00:30:00;147.81e-6
2014-09-09 00:45:00;147.24e-6
2014-09-09 01:00:00;150.99e-6
2014-09-09 01:15:00;156.66e-6
2014-09-09 01:30:00;161.37e-6
2014-09-09 01:45:00;165.66e-6
2014-09-09 02:00:00;168.61e-6
2014-09-09 02:15:00;169.66e-6
2014-09-09 02:30:00;170.59e-6
2014-09-09 02:45:00;172.52e-6
2014-09-09 03:00:00;177.48e-6
2014-09-09 03:15:00;178.51e-6
2014-09-09 03:30:00;181.13e-6
2014-09-09 03:45:00;191.46e-6
2014-09-09 04:00:00;200.93e-6
2014-09-09 04:15:00;214.53e-6
2014-09-09 04:30:00;231.44e-6
2014-09-09 04:45:00;252.30e-6
2014-09-09 05:00:00;277.81e-6
2014-09-09 05:15:00;303.89e-6
2014-09-09 05:30:00;336.84e-6
2014-09-09 05:45:00;356.26e-6
2014-09-09 06:00:00;378.44e-6
2014-09-09 06:15:00;389.22e-6
2014-09-09 06:30:00;393.49e-6
2014-09-09 06:45:00;386.25e-6
2014-09-09 07:00:00;382.38e-6
2014-09-09 07:15:00;370.25e-6
2014-09-09 07:30:00;357.64e-6
2014-09-09 07:45:00;344.72e-6
2014-09-09 08:00:00;336.57e-6
2014-09-09 08:15:00;330.65e-6
2014-09-09 08:30:00;329.83e-6
2014-09-09 08:45:00;330.54e-6
2014-09-09 09:00:00;333.41e-6
2014-09-09 09:15:00;334.31e-6
2014-09-09 09:30:00;337.30e-6
2014-09-09 09:45:00;345.69e-6
2014-09-09 10:00:00;361.73e-6
2014-09-09 10:15:00;378.50e-6
2014-09-09 10:30:00;386.14e-6
2014-09-09 10:45:00;384.58e-6
2014-09-09 11:00:00;372.41e-6
2014-09-09 11:15:00;365.29e-6
2014-09-09 11:30:00;359.49e-6
2014-09-09 11:45:00;356.70e-6
2014-09-09 12:00:00;353.78e-6
2014-09-09 12:15:00;352.01e-6
2014-09-09 12:30:00;350.36e-6
2014-09-09 12:45:00;349.04e-6
2014-09-09 13:00:00;347.80e-6
2014-09-09 13:15:00;344.21e-6
2014-09-09 13:30:00;338.78e-6
2014-09-09 13:45:00;332.21e-6
2014-09-09 14:00:00;324.76e-6
2014-09-09 14:15:00;316.96e-6
2014-09-09 14:30:00;310.67e-6
2014-09-09 14:45:00;305.64e-6
2014-09-09 15:00:00;302.89e-6
2014-09-09 15:15:00;298.34e-6
2014-09-09 15:30:00;302.06e-6
2014-09-09 15:45:00;308.26e-6
2014-09-09 16:00:00;316.14e-6
2014-09-09 16:15:00;327.50e-6
2014-09-09 16:30:00;341.56e-6
2014-09-09 16:45:00;359.58e-6
2014-09-09 17:00:00;374.56e-6
2014-09-09 17:15:00;394.52e-6
2014-09-09 17:30:00;413.67e-6
2014-09-09 17:45:00;433.11e-6
2014-09-09 18:00:00;446.32e-6
2014-09-09 18:15:00;458.18e-6
2014-09-09 18:30:00;475.03e-6
2014-09-09 18:45:00;479.08e-6
2014-09-09 19:00:00;478.14e-6
2014-09-09 19:15:00;473.85e-6
2014-09-09 19:30:00;465.36e-6
2014-09-09 19:45:00;458.93e-6
2014-09-09 20:00:00;452.41e-6
2014-09-09 20:15:00;446.72e-6
2014-09-09 20:30:00;439.03e-6
2014-09-09 20:45:00;429.00e-6
2014-09-09 21:00:00;415.89e-6
2014-09-09 21:15:00;397.44e-6
2014-09-09 21:30:00;374.67e-6
2014-09-09 21:45:00;348.70e-6
2014-09-09 22:00:00;321.17e-6
2014-09-09 22:15:00;290.62e-6
2014-09-09 22:30:00;264.63e-6
2014-09-09 22:45:00;241.45e-6
2014-09-09 23:00:00;214.97e-6
2014-09-09 23:15:00;197.98e-6
2014-09-09 23:30:00;182.66e-6
2014-09-09 23:45:00;170.21e-6
2014-09-10 00:00:00;160.36e-6
2014-09-10 00:15:00;153.09e-6
2014-09-10 00:30:00;148.26e-6
2014-09-10 00:45:00;147.69e-6
2014-09-10 01:00:00;151.45e-6
2014-09-10 01:15:00;157.14e-6
2014-09-10 01:30:00;161.87e-6
2014-09-10 01:45:00;166.17e-6
2014-09-10 02:00:00;169.13e-6
2014-09-10 02:15:00;170.18e-6
2014-09-10 02:30:00;171.11e-6
2014-09-10 02:45:00;173.05e-6
2014-09-10 03:00:00;178.03e-6
2014-09-10 03:15:00;179.06e-6
2014-09-10 03:30:00;181.68e-6
2014-09-10 03:45:00;192.04e-6
2014-09-10 04:00:00;201.55e-6
2014-09-10 04:15:00;215.19e-6
2014-09-10 04:30:00;232.15e-6
2014-09-10 04:45:00;253.08e-6
2014-09-10 05:00:00;278.67e-6
2014-09-10 05:15:00;304.82e-6
2014-09-10 05:30:00;337.87e-6
2014-09-10 05:45:00;357.35e-6
2014-09-10 06:00:00;379.60e-6
2014-09-10 06:15:00;390.41e-6
2014-09-10 06:30:00;394.70e-6
2014-09-10 06:45:00;387.44e-6
2014-09-10 07:00:00;383.56e-6
2014-09-10 07:15:00;371.39e-6
2014-09-10 07:30:00;358.73e-6
2014-09-10 07:45:00;345.78e-6
2014-09-10 08:00:00;337.60e-6
2014-09-10 08:15:00;331.66e-6
2014-09-10 08:30:00;330.85e-6
2014-09-10 08:45:00;331.55e-6
2014-09-10 09:00:00;334.43e-6
2014-09-10 09:15:00;335.33e-6
2014-09-10 09:30:00;338.34e-6
2014-09-10 09:45:00;346.75e-6
2014-09-10 10:00:00;362.84e-6
2014-09-10 10:15:00;379.66e-6
2014-09-10 10:30:00;387.32e-6
2014-09-10 10:45:00;385.76e-6
2014-09-10 11:00:00;373.55e-6
2014-09-10 11:15:00;366.41e-6
2014-09-10 11:30:00;360.59e-6
2014-09-10 11:45:00;357.79e-6
2014-09-10 12:00:00;354.87e-6
2014-09-10 12:15:00;353.09e-6
2014-09-10 12:30:00;351.44e-6
2014-09-10 12:45:00;350.11e-6
2014-09-10 13:00:00;348.87e-6
2014-09-10 13:15:00;345.26e-6
2014-09-10 13:30:00;339.82e-6
2014-09-10 13:45:00;333.23e-6
2014-09-10 14:00:00;325.76e-6
2014-09-10 14:15:00;317.94e-6
2014-09-10 14:30:00;311.62e-6
2014-09-10 14:45:00;306.58e-6
2014-09-10 15:00:00;303.81e-6
2014-09-10 15:15:00;299.25e-6
2014-09-10 15:30:00;302.99e-6
2014-09-10 15:45:00;309.21e-6
2014-09-10 16:00:00;317.11e-6
2014-09-10 16:15:00;328.50e-6
2014-09-10 16:30:00;342.61e-6
2014-09-10 16:45:00;360.68e-6
2014-09-10 17:00:00;375.71e-6
2014-09-10 17:15:00;395.73e-6
2014-09-10 17:30:00;414.94e-6
2014-09-10 17:45:00;434.44e-6
2014-09-10 18:00:00;447.69e-6
2014-09-10 18:15:00;459.59e-6
2014-09-10 18:30:00;476.48e-6
2014-09-10 18:45:00;480.55e-6
2014-09-10 19:00:00;479.61e-6
2014-09-10 19:15:00;475.30e-6
2014-09-10 19:30:00;466.79e-6
2014-09-10 19:45:00;460.34e-6
2014-09-10 20:00:00;453.80e-6
2014-09-10 20:15:00;448.09e-6
2014-09-10 20:30:00;440.38e-6
2014-09-10 20:45:00;430.31e-6
2014-09-10 21:00:00;417.16e-6
2014-09-10 21:15:00;398.66e-6
2014-09-10 21:30:00;375.82e-6
2014-09-10 21:45:00;349.77e-6
2014-09-10 22:00:00;322.16e-6
2014-09-10 22:15:00;291.51e-6
2014-09-10 22:30:00;265.44e-6
2014-09-10 22:45:00;242.19e-6
2014-09-10 23:00:00;215.64e-6
2014-09-10 23:15:00;198.59e-6
2014-09-10 23:30:00;183.23e-6
2014-09-10 23:45:00;170.74e-6
2014-09-11 00:00:00;160.86e-6
2014-09-11 00:15:00;153.57e-6
2014-09-11 00:30:00;148.73e-6
2014-09-11 00:45:00;148.15e-6
2014-09-11 01:00:00;151.92e-6
2014-09-11 01:15:00;157.63e-6
2014-09-11 01:30:00;162.37e-6
2014-09-11 01:45:00;166.68e-6
2014-09-11 02:00:00;169.65e-6
2014-09-11 02:15:00;170.71e-6
2014-09-11 02:30:00;171.65e-6
2014-09-11 02:45:00;173.59e-6
2014-09-11 03:00:00;178.58e-6
2014-09-11 03:15:00;179.62e-6
2014-09-11 03:30:00;182.25e-6
2014-09-11 03:45:00;192.64e-6
2014-09-11 04:00:00;202.18e-6
2014-09-11 04:15:00;215.86e-6
2014-09-11 04:30:00;232.88e-6
2014-09-11 04:45:00;253.86e-6
2014-09-11 05:00:00;279.53e-6
2014-09-11 05:15:00;305.77e-6
2014-09-11 05:30:00;338.92e-6
2014-09-11 05:45:00;358.46e-6
2014-09-11 06:00:00;380.78e-6
2014-09-11 06:15:00;391.63e-6
2014-09-11 06:30:00;395.92e-6
2014-09-11 06:45:00;388.64e-6
2014-09-11 07:00:00;384.75e-6
2014-09-11 07:15:00;372.54e-6
2014-09-11 07:30:00;359.85e-6
2014-09-11 07:45:00;346.86e-6
2014-09-11 08:00:00;338.66e-6
2014-09-11 08:15:00;332.69e-6
2014-09-11 08:30:00;331.88e-6
2014-09-11 08:45:00;332.58e-6
2014-09-11 09:00:00;335.47e-6
2014-09-11 09:15:00;336.38e-6
2014-09-11 09:30:00;339.39e-6
2014-09-11 09:45:00;347.83e-6
2014-09-11 10:00:00;363.97e-6
2014-09-11 10:15:00;380.85e-6
2014-09-11 10:30:00;388.53e-6
2014-09-11 10:45:00;386.96e-6
2014-09-11 11:00:00;374.71e-6
2014-09-11 11:15:00;367.55e-6
2014-09-11 11:30:00;361.71e-6
2014-09-11 11:45:00;358.91e-6
2014-09-11 12:00:00;355.97e-6
2014-09-11 12:15:00;354.19e-6
2014-09-11 12:30:00;352.53e-6
2014-09-11 12:45:00;351.20e-6
2014-09-11 13:00:00;349.95e-6
2014-09-11 13:15:00;346.34e-6
2014-09-11 13:30:00;340.87e-6
2014-09-11 13:45:00;334.26e-6
2014-09-11 14:00:00;326.77e-6
2014-09-11 14:15:00;318.93e-6
2014-09-11 14:30:00;312.59e-6
2014-09-11 14:45:00;307.53e-6
2014-09-11 15:00:00;304.76e-6
2014-09-11 15:15:00;300.18e-6
2014-09-11 15:30:00;303.93e-6
2014-09-11 15:45:00;310.17e-6
2014-09-11 16:00:00;318.09e-6
2014-09-11 16:15:00;329.53e-6
2014-09-11 16:30:00;343.67e-6
2014-09-11 16:45:00;361.81e-6
2014-09-11 17:00:00;376.88e-6
2014-09-11 17:15:00;396.97e-6
2014-09-11 17:30:00;416.23e-6
2014-09-11 17:45:00;435.79e-6
2014-09-11 18:00:00;449.08e-6
2014-09-11 18:15:00;461.02e-6
2014-09-11 18:30:00;477.97e-6
2014-09-11 18:45:00;482.05e-6
2014-09-11 19:00:00;481.10e-6
2014-09-11 19:15:00;476.78e-6
2014-09-11 19:30:00;468.24e-6
2014-09-11 19:45:00;461.77e-6
2014-09-11 20:00:00;455.21e-6
2014-09-11 20:15:00;449.49e-6
2014-09-11 20:30:00;441.75e-6
2014-09-11 20:45:00;431.65e-6
2014-09-11 21:00:00;418.46e-6
2014-09-11 21:15:00;399.90e-6
2014-09-11 21:30:00;376.99e-6
2014-09-11 21:45:00;350.85e-6
2014-09-11 22:00:00;323.16e-6
2014-09-11 22:15:00;292.41e-6
2014-09-11 22:30:00;266.27e-6
2014-09-11 22:45:00;242.94e-6
2014-09-11 23:00:00;216.32e-6
2014-09-11 23:15:00;199.22e-6
2014-09-11 23:30:00;183.81e-6
2014-09-11 23:45:00;171.28e-6
2014-09-12 00:00:00;161.37e-6
2014-09-12 00:15:00;154.05e-6
2014-09-12 00:30:00;149.19e-6
2014-09-12 00:45:00;148.62e-6
2014-09-12 01:00:00;152.40e-6
2014-09-12 01:15:00;158.13e-6
2014-09-12 01:30:00;162.88e-6
2014-09-12 01:45:00;167.21e-6
2014-09-12 02:00:00;170.19e-6
2014-09-12 02:15:00;171.25e-6
2014-09-12 02:30:00;172.19e-6
2014-09-12 02:45:00;174.14e-6
2014-09-12 03:00:00;179.15e-6
2014-09-12 03:15:00;180.18e-6
2014-09-12 03:30:00;182.82e-6
2014-09-12 03:45:00;193.25e-6
2014-09-12 04:00:00;202.81e-6
2014-09-12 04:15:00;216.54e-6
2014-09-12 04:30:00;233.61e-6
2014-09-12 04:45:00;254.66e-6
2014-09-12 05:00:00;280.42e-6
2014-09-12 05:15:00;306.73e-6
2014-09-12 05:30:00;339.99e-6
2014-09-12 05:45:00;359.59e-6
2014-09-12 06:00:00;381.98e-6
2014-09-12 06:15:00;392.86e-6
2014-09-12 06:30:00;397.17e-6
2014-09-12 06:45:00;389.87e-6
2014-09-12 07:00:00;385.96e-6
2014-09-12 07:15:00;373.72e-6
2014-09-12 07:30:00;360.99e-6
2014-09-12 07:45:00;347.95e-6
2014-09-12 08:00:00;339.72e-6
2014-09-12 08:15:00;333.74e-6
2014-09-12 08:30:00;332.92e-6
2014-09-12 08:45:00;333.63e-6
2014-09-12 09:00:00;336.53e-6
2014-09-12 09:15:00;337.44e-6
2014-09-12 09:30:00;340.46e-6
2014-09-12 09:45:00;348.93e-6
2014-09-12 10:00:00;365.12e-6
2014-09-12 10:15:00;382.05e-6
2014-09-12 10:30:00;389.75e-6
2014-09-12 10:45:00;388.18e-6
2014-09-12 11:00:00;375.90e-6
2014-09-12 11:15:00;368.71e-6
2014-09-12 11:30:00;362.85e-6
2014-09-12 11:45:00;360.04e-6
2014-09-12 12:00:00;357.09e-6
2014-09-12 12:15:00;355.30e-6
2014-09-12 12:30:00;353.64e-6
2014-09-12 12:45:00;352.31e-6
2014-09-12 13:00:00;351.06e-6
2014-09-12 13:15:00;347.43e-6
2014-09-12 13:30:00;341.95e-6
2014-09-12 13:45:00;335.32e-6
2014-09-12 14:00:00;327.80e-6
2014-09-12 14:15:00;319.93e-6
2014-09-12 14:30:00;313.58e-6
2014-09-12 14:45:00;308.50e-6
2014-09-12 15:00:00;305.72e-6
2014-09-12 15:15:00;301.13e-6
2014-09-12 15:30:00;304.89e-6
2014-09-12 15:45:00;311.15e-6
2014-09-12 16:00:00;319.10e-6
2014-09-12 16:15:00;330.56e-6
2014-09-12 16:30:00;344.76e-6
2014-09-12 16:45:00;362.95e-6
2014-09-12 17:00:00;378.06e-6
2014-09-12 17:15:00;398.22e-6
2014-09-12 17:30:00;417.55e-6
2014-09-12 17:45:00;437.16e-6
2014-09-12 18:00:00;450.49e-6
2014-09-12 18:15:00;462.47e-6
2014-09-12 18:30:00;479.47e-6
2014-09-12 18:45:00;483.57e-6
2014-09-12 19:00:00;482.61e-6
2014-09-12 19:15:00;478.28e-6
2014-09-12 19:30:00;469.72e-6
2014-09-12 19:45:00;463.23e-6
2014-09-12 20:00:00;456.64e-6
2014-09-12 20:15:00;450.90e-6
2014-09-12 20:30:00;443.14e-6
2014-09-12 20:45:00;433.01e-6
2014-09-12 21:00:00;419.78e-6
2014-09-12 21:15:00;401.17e-6
2014-09-12 21:30:00;378.18e-6
2014-09-12 21:45:00;351.96e-6
2014-09-12 22:00:00;324.18e-6
2014-09-12 22:15:00;293.34e-6
2014-09-12 22:30:00;267.11e-6
2014-09-12 22:45:00;243.71e-6
2014-09-12 23:00:00;247.59e-6
2014-09-12 23:15:00;226.49e-6
2014-09-12 23:30:00;207.31e-6
2014-09-12 23:45:00;189.64e-6
2014-09-13 00:00:00;173.11e-6
2014-09-13 00:15:00;160.27e-6
2014-09-13 00:30:00;149.95e-6
2014-09-13 00:45:00;147.21e-6
2014-09-13 01:00:00;148.96e-6
2014-09-13 01:15:00;154.23e-6
2014-09-13 01:30:00;159.66e-6
2014-09-13 01:45:00;165.42e-6
2014-09-13 02:00:00;168.26e-6
2014-09-13 02:15:00;169.51e-6
2014-09-13 02:30:00;170.23e-6
2014-09-13 02:45:00;172.85e-6
2014-09-13 03:00:00;177.20e-6
2014-09-13 03:15:00;177.80e-6
2014-09-13 03:30:00;176.65e-6
2014-09-13 03:45:00;176.18e-6
2014-09-13 04:00:00;176.11e-6
2014-09-13 04:15:00;178.47e-6
2014-09-13 04:30:00;183.87e-6
2014-09-13 04:45:00;193.52e-6
2014-09-13 05:00:00;208.76e-6
2014-09-13 05:15:00;227.30e-6
2014-09-13 05:30:00;250.93e-6
2014-09-13 05:45:00;270.19e-6
2014-09-13 06:00:00;296.87e-6
2014-09-13 06:15:00;316.80e-6
2014-09-13 06:30:00;335.54e-6
2014-09-13 06:45:00;348.59e-6
2014-09-13 07:00:00;366.10e-6
2014-09-13 07:15:00;376.83e-6
2014-09-13 07:30:00;383.86e-6
2014-09-13 07:45:00;393.80e-6
2014-09-13 08:00:00;407.31e-6
2014-09-13 08:15:00;416.62e-6
2014-09-13 08:30:00;424.09e-6
2014-09-13 08:45:00;429.91e-6
2014-09-13 09:00:00;436.49e-6
2014-09-13 09:15:00;441.45e-6
2014-09-13 09:30:00;448.36e-6
2014-09-13 09:45:00;463.18e-6
2014-09-13 10:00:00;487.78e-6
2014-09-13 10:15:00;517.63e-6
2014-09-13 10:30:00;533.16e-6
2014-09-13 10:45:00;529.85e-6
2014-09-13 11:00:00;504.50e-6
2014-09-13 11:15:00;479.42e-6
2014-09-13 11:30:00;459.21e-6
2014-09-13 11:45:00;448.78e-6
2014-09-13 12:00:00;437.56e-6
2014-09-13 12:15:00;430.52e-6
2014-09-13 12:30:00;426.24e-6
2014-09-13 12:45:00;425.09e-6
2014-09-13 13:00:00;426.53e-6
2014-09-13 13:15:00;427.69e-6
2014-09-13 13:30:00;428.29e-6
2014-09-13 13:45:00;428.26e-6
2014-09-13 14:00:00;427.11e-6
2014-09-13 14:15:00;424.87e-6
2014-09-13 14:30:00;422.89e-6
2014-09-13 14:45:00;420.76e-6
2014-09-13 15:00:00;419.75e-6
2014-09-13 15:15:00;416.32e-6
2014-09-13 15:30:00;420.32e-6
2014-09-13 15:45:00;426.65e-6
2014-09-13 16:00:00;432.69e-6
2014-09-13 16:15:00;442.05e-6
2014-09-13 16:30:00;452.74e-6
2014-09-13 16:45:00;465.13e-6
2014-09-13 17:00:00;474.83e-6
2014-09-13 17:15:00;485.85e-6
2014-09-13 17:30:00;494.35e-6
2014-09-13 17:45:00;498.21e-6
2014-09-13 18:00:00;494.68e-6
2014-09-13 18:15:00;491.64e-6
2014-09-13 18:30:00;490.78e-6
2014-09-13 18:45:00;486.59e-6
2014-09-13 19:00:00;479.74e-6
2014-09-13 19:15:00;472.28e-6
2014-09-13 19:30:00;460.89e-6
2014-09-13 19:45:00;454.21e-6
2014-09-13 20:00:00;445.44e-6
2014-09-13 20:15:00;443.85e-6
2014-09-13 20:30:00;439.79e-6
2014-09-13 20:45:00;435.93e-6
2014-09-13 21:00:00;430.72e-6
2014-09-13 21:15:00;421.25e-6
2014-09-13 21:30:00;407.25e-6
2014-09-13 21:45:00;389.45e-6
2014-09-13 22:00:00;367.49e-6
2014-09-13 22:15:00;344.96e-6
2014-09-13 22:30:00;316.31e-6
2014-09-13 22:45:00;293.08e-6
2014-09-13 23:00:00;268.26e-6
2014-09-13 23:15:00;247.96e-6
2014-09-13 23:30:00;230.14e-6
2014-09-13 23:45:00;212.73e-6
2014-09-14 00:00:00;197.14e-6
2014-09-14 00:15:00;184.47e-6
2014-09-14 00:30:00;174.53e-6
2014-09-14 00:45:00;170.49e-6
2014-09-14 01:00:00;169.41e-6
2014-09-14 01:15:00;174.14e-6
2014-09-14 01:30:00;177.61e-6
2014-09-14 01:45:00;181.17e-6
2014-09-14 02:00:00;182.25e-6
2014-09-14 02:15:00;182.30e-6
2014-09-14 02:30:00;183.43e-6
2014-09-14 02:45:00;185.30e-6
2014-09-14 03:00:00;187.61e-6
2014-09-14 03:15:00;187.87e-6
2014-09-14 03:30:00;187.03e-6
2014-09-14 03:45:00;184.71e-6
2014-09-14 04:00:00;183.14e-6
2014-09-14 04:15:00;183.08e-6
2014-09-14 04:30:00;185.34e-6
2014-09-14 04:45:00;191.22e-6
2014-09-14 05:00:00;202.00e-6
2014-09-14 05:15:00;216.05e-6
2014-09-14 05:30:00;234.05e-6
2014-09-14 05:45:00;250.26e-6
2014-09-14 06:00:00;277.17e-6
2014-09-14 06:15:00;303.87e-6
2014-09-14 06:30:00;338.03e-6
2014-09-14 06:45:00;372.82e-6
2014-09-14 07:00:00;411.19e-6
2014-09-14 07:15:00;444.54e-6
2014-09-14 07:30:00;470.01e-6
2014-09-14 07:45:00;491.98e-6
2014-09-14 08:00:00;511.26e-6
2014-09-14 08:15:00;525.93e-6
2014-09-14 08:30:00;536.52e-6
2014-09-14 08:45:00;547.02e-6
2014-09-14 09:00:00;560.72e-6
2014-09-14 09:15:00;575.42e-6
2014-09-14 09:30:00;593.41e-6
2014-09-14 09:45:00;619.28e-6
2014-09-14 10:00:00;654.25e-6
2014-09-14 10:15:00;694.36e-6
2014-09-14 10:30:00;705.17e-6
2014-09-14 10:45:00;686.55e-6
2014-09-14 11:00:00;643.51e-6
2014-09-14 11:15:00;603.00e-6
2014-09-14 11:30:00;566.78e-6
2014-09-14 11:45:00;541.95e-6
2014-09-14 12:00:00;516.11e-6
2014-09-14 12:15:00;495.10e-6
2014-09-14 12:30:00;477.35e-6
2014-09-14 12:45:00;463.44e-6
2014-09-14 13:00:00;452.88e-6
2014-09-14 13:15:00;442.70e-6
2014-09-14 13:30:00;432.74e-6
2014-09-14 13:45:00;423.12e-6
2014-09-14 14:00:00;413.39e-6
2014-09-14 14:15:00;403.61e-6
2014-09-14 14:30:00;395.25e-6
2014-09-14 14:45:00;387.65e-6
2014-09-14 15:00:00;382.24e-6
2014-09-14 15:15:00;373.93e-6
2014-09-14 15:30:00;375.91e-6
2014-09-14 15:45:00;380.18e-6
2014-09-14 16:00:00;385.01e-6
2014-09-14 16:15:00;393.61e-6
2014-09-14 16:30:00;405.11e-6
2014-09-14 16:45:00;419.49e-6
2014-09-14 17:00:00;432.48e-6
2014-09-14 17:15:00;446.81e-6
2014-09-14 17:30:00;459.45e-6
2014-09-14 17:45:00;469.38e-6
2014-09-14 18:00:00;472.48e-6
2014-09-14 18:15:00;476.64e-6
2014-09-14 18:30:00;475.30e-6
2014-09-14 18:45:00;477.28e-6
2014-09-14 19:00:00;475.76e-6
2014-09-14 19:15:00;470.30e-6
2014-09-14 19:30:00;461.34e-6
2014-09-14 19:45:00;456.00e-6
2014-09-14 20:00:00;447.76e-6
2014-09-14 20:15:00;443.44e-6
2014-09-14 20:30:00;436.12e-6
2014-09-14 20:45:00;427.06e-6
2014-09-14 21:00:00;414.81e-6
2014-09-14 21:15:00;397.51e-6
2014-09-14 21:30:00;376.10e-6
2014-09-14 21:45:00;351.98e-6
2014-09-14 22:00:00;326.20e-6
2014-09-14 22:15:00;298.82e-6
2014-09-14 22:30:00;273.56e-6
2014-09-14 22:45:00;248.73e-6
2014-09-14 23:00:00;162.28e-6
2014-09-14 23:15:00;148.54e-6
2014-09-14 23:30:00;139.56e-6
2014-09-14 23:45:00;133.74e-6
2014-09-15 00:00:00;133.07e-6
2014-09-15 00:15:00;135.61e-6
2014-09-15 00:30:00;140.69e-6
2014-09-15 00:45:00;152.92e-6
2014-09-15 01:00:00;166.28e-6
2014-09-15 01:15:00;176.92e-6
2014-09-15 01:30:00;185.08e-6
2014-09-15 01:45:00;189.07e-6
2014-09-15 02:00:00;187.45e-6
2014-09-15 02:15:00;181.10e-6
2014-09-15 02:30:00;174.30e-6
2014-09-15 02:45:00;170.21e-6
2014-09-15 03:00:00;173.34e-6
2014-09-15 03:15:00;174.90e-6
2014-09-15 03:30:00;180.50e-6
2014-09-15 03:45:00;185.93e-6
2014-09-15 04:00:00;191.65e-6
2014-09-15 04:15:00;202.03e-6
2014-09-15 04:30:00;217.47e-6
2014-09-15 04:45:00;239.29e-6
2014-09-15 05:00:00;272.46e-6
2014-09-15 05:15:00;305.93e-6
2014-09-15 05:30:00;360.53e-6
2014-09-15 05:45:00;370.85e-6
2014-09-15 06:00:00;393.10e-6
2014-09-15 06:15:00;401.49e-6
2014-09-15 06:30:00;403.97e-6
2014-09-15 06:45:00;395.18e-6
2014-09-15 07:00:00;386.88e-6
2014-09-15 07:15:00;369.00e-6
2014-09-15 07:30:00;351.00e-6
2014-09-15 07:45:00;332.58e-6
2014-09-15 08:00:00;319.11e-6
2014-09-15 08:15:00;311.10e-6
2014-09-15 08:30:00;309.25e-6
2014-09-15 08:45:00;309.26e-6
2014-09-15 09:00:00;310.81e-6
2014-09-15 09:15:00;310.94e-6
2014-09-15 09:30:00;312.73e-6
2014-09-15 09:45:00;319.80e-6
2014-09-15 10:00:00;333.70e-6
2014-09-15 10:15:00;350.75e-6
2014-09-15 10:30:00;356.61e-6
2014-09-15 10:45:00;352.96e-6
2014-09-15 11:00:00;338.88e-6
2014-09-15 11:15:00;329.52e-6
2014-09-15 11:30:00;322.76e-6
2014-09-15 11:45:00;321.40e-6
2014-09-15 12:00:00;320.13e-6
2014-09-15 12:15:00;321.48e-6
2014-09-15 12:30:00;324.04e-6
2014-09-15 12:45:00;327.84e-6
2014-09-15 13:00:00;332.30e-6
2014-09-15 13:15:00;333.52e-6
2014-09-15 13:30:00;331.56e-6
2014-09-15 13:45:00;327.06e-6
2014-09-15 14:00:00;320.11e-6
2014-09-15 14:15:00;311.41e-6
2014-09-15 14:30:00;303.75e-6
2014-09-15 14:45:00;296.87e-6
2014-09-15 15:00:00;292.77e-6
2014-09-15 15:15:00;285.27e-6
2014-09-15 15:30:00;290.71e-6
2014-09-15 15:45:00;299.94e-6
2014-09-15 16:00:00;312.85e-6
2014-09-15 16:15:00;327.94e-6
2014-09-15 16:30:00;347.11e-6
2014-09-15 16:45:00;372.89e-6
2014-09-15 17:00:00;399.10e-6
2014-09-15 17:15:00;429.97e-6
2014-09-15 17:30:00;459.58e-6
2014-09-15 17:45:00;486.12e-6
2014-09-15 18:00:00;501.87e-6
2014-09-15 18:15:00;511.36e-6
2014-09-15 18:30:00;524.95e-6
2014-09-15 18:45:00;524.40e-6
2014-09-15 19:00:00;521.30e-6
2014-09-15 19:15:00;512.45e-6
2014-09-15 19:30:00;498.44e-6
2014-09-15 19:45:00;481.92e-6
2014-09-15 20:00:00;466.27e-6
2014-09-15 20:15:00;449.16e-6
2014-09-15 20:30:00;430.94e-6
2014-09-15 20:45:00;410.52e-6
2014-09-15 21:00:00;387.69e-6
2014-09-15 21:15:00;360.72e-6
2014-09-15 21:30:00;331.35e-6
2014-09-15 21:45:00;300.40e-6
2014-09-15 22:00:00;269.62e-6
2014-09-15 22:15:00;236.08e-6
2014-09-15 22:30:00;210.29e-6
2014-09-15 22:45:00;186.87e-6
2014-09-15 23:00:00;162.82e-6
2014-09-15 23:15:00;149.03e-6
2014-09-15 23:30:00;140.02e-6
2014-09-15 23:45:00;134.19e-6
2014-09-16 00:00:00;133.51e-6
2014-09-16 00:15:00;136.06e-6
2014-09-16 00:30:00;141.16e-6
2014-09-16 00:45:00;153.43e-6
2014-09-16 01:00:00;166.83e-6
2014-09-16 01:15:00;177.50e-6
2014-09-16 01:30:00;185.69e-6
2014-09-16 01:45:00;189.70e-6
2014-09-16 02:00:00;188.07e-6
2014-09-16 02:15:00;181.70e-6
2014-09-16 02:30:00;174.87e-6
2014-09-16 02:45:00;170.77e-6
2014-09-16 03:00:00;173.91e-6
2014-09-16 03:15:00;175.48e-6
2014-09-16 03:30:00;181.10e-6
2014-09-16 03:45:00;186.54e-6
2014-09-16 04:00:00;192.28e-6
2014-09-16 04:15:00;202.69e-6
2014-09-16 04:30:00;218.19e-6
2014-09-16 04:45:00;240.08e-6
2014-09-16 05:00:00;273.36e-6
2014-09-16 05:15:00;306.94e-6
2014-09-16 05:30:00;361.72e-6
2014-09-16 05:45:00;372.07e-6
2014-09-16 06:00:00;394.41e-6
2014-09-16 06:15:00;402.82e-6
2014-09-16 06:30:00;405.31e-6
2014-09-16 06:45:00;396.49e-6
2014-09-16 07:00:00;388.16e-6
2014-09-16 07:15:00;370.22e-6
2014-09-16 07:30:00;352.17e-6
2014-09-16 07:45:00;333.68e-6
2014-09-16 08:00:00;320.16e-6
2014-09-16 08:15:00;312.13e-6
2014-09-16 08:30:00;310.28e-6
2014-09-16 08:45:00;310.29e-6
2014-09-16 09:00:00;311.83e-6
2014-09-16 09:15:00;311.97e-6
2014-09-16 09:30:00;313.77e-6
2014-09-16 09:45:00;320.86e-6
2014-09-16 10:00:00;334.81e-6
2014-09-16 10:15:00;351.91e-6
2014-09-16 10:30:00;357.79e-6
2014-09-16 10:45:00;354.12e-6
2014-09-16 11:00:00;340.00e-6
2014-09-16 11:15:00;330.61e-6
2014-09-16 11:30:00;323.82e-6
2014-09-16 11:45:00;322.46e-6
2014-09-16 12:00:00;321.19e-6
2014-09-16 12:15:00;322.54e-6
2014-09-16 12:30:00;325.11e-6
2014-09-16 12:45:00;328.92e-6
2014-09-16 13:00:00;333.40e-6
2014-09-16 13:15:00;334.63e-6
2014-09-16 13:30:00;332.65e-6
2014-09-16 13:45:00;328.14e-6
2014-09-16 14:00:00;321.17e-6
2014-09-16 14:15:00;312.44e-6
2014-09-16 14:30:00;304.76e-6
2014-09-16 14:45:00;297.86e-6
2014-09-16 15:00:00;293.74e-6
2014-09-16 15:15:00;286.21e-6
2014-09-16 15:30:00;291.67e-6
2014-09-16 15:45:00;300.93e-6
2014-09-16 16:00:00;313.88e-6
2014-09-16 16:15:00;329.02e-6
2014-09-16 16:30:00;348.26e-6
2014-09-16 16:45:00;374.13e-6
2014-09-16 17:00:00;400.42e-6
2014-09-16 17:15:00;431.40e-6
2014-09-16 17:30:00;461.10e-6
2014-09-16 17:45:00;487.73e-6
2014-09-16 18:00:00;503.53e-6
2014-09-16 18:15:00;513.05e-6
2014-09-16 18:30:00;526.69e-6
2014-09-16 18:45:00;526.13e-6
2014-09-16 19:00:00;523.03e-6
2014-09-16 19:15:00;514.14e-6
2014-09-16 19:30:00;500.09e-6
2014-09-16 19:45:00;483.51e-6
2014-09-16 20:00:00;467.81e-6
2014-09-16 20:15:00;450.64e-6
2014-09-16 20:30:00;432.37e-6
2014-09-16 20:45:00;411.88e-6
2014-09-16 21:00:00;388.98e-6
2014-09-16 21:15:00;361.91e-6
2014-09-16 21:30:00;332.45e-6
2014-09-16 21:45:00;301.39e-6
2014-09-16 22:00:00;270.51e-6
2014-09-16 22:15:00;236.86e-6
2014-09-16 22:30:00;210.99e-6
2014-09-16 22:45:00;187.49e-6
2014-09-16 23:00:00;163.37e-6
2014-09-16 23:15:00;149.53e-6
2014-09-16 23:30:00;140.49e-6
2014-09-16 23:45:00;134.63e-6
2014-09-17 00:00:00;133.95e-6
2014-09-17 00:15:00;136.52e-6
2014-09-17 00:30:00;141.63e-6
2014-09-17 00:45:00;153.94e-6
2014-09-17 01:00:00;167.39e-6
2014-09-17 01:15:00;178.10e-6
2014-09-17 01:30:00;186.31e-6
2014-09-17 01:45:00;190.33e-6
2014-09-17 02:00:00;188.70e-6
2014-09-17 02:15:00;182.30e-6
2014-09-17 02:30:00;175.46e-6
2014-09-17 02:45:00;171.34e-6
2014-09-17 03:00:00;174.49e-6
2014-09-17 03:15:00;176.07e-6
2014-09-17 03:30:00;181.70e-6
2014-09-17 03:45:00;187.17e-6
2014-09-17 04:00:00;192.92e-6
2014-09-17 04:15:00;203.37e-6
2014-09-17 04:30:00;218.92e-6
2014-09-17 04:45:00;240.88e-6
2014-09-17 05:00:00;274.27e-6
2014-09-17 05:15:00;307.97e-6
2014-09-17 05:30:00;362.93e-6
2014-09-17 05:45:00;373.32e-6
2014-09-17 06:00:00;395.72e-6
2014-09-17 06:15:00;404.17e-6
2014-09-17 06:30:00;406.67e-6
2014-09-17 06:45:00;397.82e-6
2014-09-17 07:00:00;389.46e-6
2014-09-17 07:15:00;371.46e-6
2014-09-17 07:30:00;353.34e-6
2014-09-17 07:45:00;334.79e-6
2014-09-17 08:00:00;321.24e-6
2014-09-17 08:15:00;313.18e-6
2014-09-17 08:30:00;311.32e-6
2014-09-17 08:45:00;311.32e-6
2014-09-17 09:00:00;312.88e-6
2014-09-17 09:15:00;313.02e-6
2014-09-17 09:30:00;314.82e-6
2014-09-17 09:45:00;321.93e-6
2014-09-17 10:00:00;335.93e-6
2014-09-17 10:15:00;353.09e-6
2014-09-17 10:30:00;358.99e-6
2014-09-17 10:45:00;355.31e-6
2014-09-17 11:00:00;341.14e-6
2014-09-17 11:15:00;331.72e-6
2014-09-17 11:30:00;324.91e-6
2014-09-17 11:45:00;323.54e-6
2014-09-17 12:00:00;322.26e-6
2014-09-17 12:15:00;323.62e-6
2014-09-17 12:30:00;326.20e-6
2014-09-17 12:45:00;330.03e-6
2014-09-17 13:00:00;334.52e-6
2014-09-17 13:15:00;335.75e-6
2014-09-17 13:30:00;333.77e-6
2014-09-17 13:45:00;329.24e-6
2014-09-17 14:00:00;322.24e-6
2014-09-17 14:15:00;313.48e-6
2014-09-17 14:30:00;305.78e-6
2014-09-17 14:45:00;298.85e-6
2014-09-17 15:00:00;294.72e-6
2014-09-17 15:15:00;287.17e-6
2014-09-17 15:30:00;292.65e-6
2014-09-17 15:45:00;301.94e-6
2014-09-17 16:00:00;314.93e-6
2014-09-17 16:15:00;330.12e-6
2014-09-17 16:30:00;349.42e-6
2014-09-17 16:45:00;375.38e-6
2014-09-17 17:00:00;401.76e-6
2014-09-17 17:15:00;432.84e-6
2014-09-17 17:30:00;462.65e-6
2014-09-17 17:45:00;489.36e-6
2014-09-17 18:00:00;505.21e-6
2014-09-17 18:15:00;514.77e-6
2014-09-17 18:30:00;528.45e-6
2014-09-17 18:45:00;527.89e-6
2014-09-17 19:00:00;524.78e-6
2014-09-17 19:15:00;515.86e-6
2014-09-17 19:30:00;501.76e-6
2014-09-17 19:45:00;485.13e-6
2014-09-17 20:00:00;469.38e-6
2014-09-17 20:15:00;452.15e-6
2014-09-17 20:30:00;433.81e-6
2014-09-17 20:45:00;413.26e-6
2014-09-17 21:00:00;390.28e-6
2014-09-17 21:15:00;363.12e-6
2014-09-17 21:30:00;333.56e-6
2014-09-17 21:45:00;302.40e-6
2014-09-17 22:00:00;271.42e-6
2014-09-17 22:15:00;237.65e-6
2014-09-17 22:30:00;211.70e-6
2014-09-17 22:45:00;188.12e-6
2014-09-17 23:00:00;163.92e-6
2014-09-17 23:15:00;150.04e-6
2014-09-17 23:30:00;140.97e-6
2014-09-17 23:45:00;135.09e-6
2014-09-18 00:00:00;134.41e-6
2014-09-18 00:15:00;136.98e-6
2014-09-18 00:30:00;142.11e-6
2014-09-18 00:45:00;154.46e-6
2014-09-18 01:00:00;167.95e-6
2014-09-18 01:15:00;178.70e-6
2014-09-18 01:30:00;186.94e-6
2014-09-18 01:45:00;190.98e-6
2014-09-18 02:00:00;189.34e-6
2014-09-18 02:15:00;182.92e-6
2014-09-18 02:30:00;176.05e-6
2014-09-18 02:45:00;171.92e-6
2014-09-18 03:00:00;175.08e-6
2014-09-18 03:15:00;176.66e-6
2014-09-18 03:30:00;182.32e-6
2014-09-18 03:45:00;187.80e-6
2014-09-18 04:00:00;193.58e-6
2014-09-18 04:15:00;204.06e-6
2014-09-18 04:30:00;219.66e-6
2014-09-18 04:45:00;241.69e-6
2014-09-18 05:00:00;275.20e-6
2014-09-18 05:15:00;309.01e-6
2014-09-18 05:30:00;364.16e-6
2014-09-18 05:45:00;374.58e-6
2014-09-18 06:00:00;397.06e-6
2014-09-18 06:15:00;405.53e-6
2014-09-18 06:30:00;408.04e-6
2014-09-18 06:45:00;399.16e-6
2014-09-18 07:00:00;390.78e-6
2014-09-18 07:15:00;372.72e-6
2014-09-18 07:30:00;354.54e-6
2014-09-18 07:45:00;335.93e-6
2014-09-18 08:00:00;322.32e-6
2014-09-18 08:15:00;314.24e-6
2014-09-18 08:30:00;312.37e-6
2014-09-18 08:45:00;312.38e-6
2014-09-18 09:00:00;313.93e-6
2014-09-18 09:15:00;314.07e-6
2014-09-18 09:30:00;315.88e-6
2014-09-18 09:45:00;323.02e-6
2014-09-18 10:00:00;337.06e-6
2014-09-18 10:15:00;354.28e-6
2014-09-18 10:30:00;360.20e-6
2014-09-18 10:45:00;356.51e-6
2014-09-18 11:00:00;342.29e-6
2014-09-18 11:15:00;332.84e-6
2014-09-18 11:30:00;326.01e-6
2014-09-18 11:45:00;324.64e-6
2014-09-18 12:00:00;323.35e-6
2014-09-18 12:15:00;324.71e-6
2014-09-18 12:30:00;327.30e-6
2014-09-18 12:45:00;331.14e-6
2014-09-18 13:00:00;335.65e-6
2014-09-18 13:15:00;336.88e-6
2014-09-18 13:30:00;334.89e-6
2014-09-18 13:45:00;330.35e-6
2014-09-18 14:00:00;323.33e-6
2014-09-18 14:15:00;314.54e-6
2014-09-18 14:30:00;306.81e-6
2014-09-18 14:45:00;299.86e-6
2014-09-18 15:00:00;295.72e-6
2014-09-18 15:15:00;288.14e-6
2014-09-18 15:30:00;293.64e-6
2014-09-18 15:45:00;302.96e-6
2014-09-18 16:00:00;316.00e-6
2014-09-18 16:15:00;331.24e-6
2014-09-18 16:30:00;350.60e-6
2014-09-18 16:45:00;376.65e-6
2014-09-18 17:00:00;403.11e-6
2014-09-18 17:15:00;434.30e-6
2014-09-18 17:30:00;464.21e-6
2014-09-18 17:45:00;491.02e-6
2014-09-18 18:00:00;506.92e-6
2014-09-18 18:15:00;516.51e-6
2014-09-18 18:30:00;530.24e-6
2014-09-18 18:45:00;529.68e-6
2014-09-18 19:00:00;526.55e-6
2014-09-18 19:15:00;517.61e-6
2014-09-18 19:30:00;503.46e-6
2014-09-18 19:45:00;486.77e-6
2014-09-18 20:00:00;470.96e-6
2014-09-18 20:15:00;453.68e-6
2014-09-18 20:30:00;435.28e-6
2014-09-18 20:45:00;414.66e-6
2014-09-18 21:00:00;391.60e-6
2014-09-18 21:15:00;364.35e-6
2014-09-18 21:30:00;334.69e-6
2014-09-18 21:45:00;303.42e-6
2014-09-18 22:00:00;272.33e-6
2014-09-18 22:15:00;238.46e-6
2014-09-18 22:30:00;212.41e-6
2014-09-18 22:45:00;188.75e-6
2014-09-18 23:00:00;164.48e-6
2014-09-18 23:15:00;150.55e-6
2014-09-18 23:30:00;141.45e-6
2014-09-18 23:45:00;135.55e-6
2014-09-19 00:00:00;134.86e-6
2014-09-19 00:15:00;137.45e-6
2014-09-19 00:30:00;142.59e-6
2014-09-19 00:45:00;154.99e-6
2014-09-19 01:00:00;168.53e-6
2014-09-19 01:15:00;179.31e-6
2014-09-19 01:30:00;187.58e-6
2014-09-19 01:45:00;191.63e-6
2014-09-19 02:00:00;189.98e-6
2014-09-19 02:15:00;183.54e-6
2014-09-19 02:30:00;176.65e-6
2014-09-19 02:45:00;172.51e-6
2014-09-19 03:00:00;175.68e-6
2014-09-19 03:15:00;177.27e-6
2014-09-19 03:30:00;182.94e-6
2014-09-19 03:45:00;188.44e-6
2014-09-19 04:00:00;194.24e-6
2014-09-19 04:15:00;204.76e-6
2014-09-19 04:30:00;220.41e-6
2014-09-19 04:45:00;242.52e-6
2014-09-19 05:00:00;276.14e-6
2014-09-19 05:15:00;310.06e-6
2014-09-19 05:30:00;365.40e-6
2014-09-19 05:45:00;375.86e-6
2014-09-19 06:00:00;398.42e-6
2014-09-19 06:15:00;406.92e-6
2014-09-19 06:30:00;409.43e-6
2014-09-19 06:45:00;400.53e-6
2014-09-19 07:00:00;392.11e-6
2014-09-19 07:15:00;373.99e-6
2014-09-19 07:30:00;355.75e-6
2014-09-19 07:45:00;337.07e-6
2014-09-19 08:00:00;323.42e-6
2014-09-19 08:15:00;315.31e-6
2014-09-19 08:30:00;313.43e-6
2014-09-19 08:45:00;313.44e-6
2014-09-19 09:00:00;315.01e-6
2014-09-19 09:15:00;315.15e-6
2014-09-19 09:30:00;316.96e-6
2014-09-19 09:45:00;324.13e-6
2014-09-19 10:00:00;338.21e-6
2014-09-19 10:15:00;355.49e-6
2014-09-19 10:30:00;361.43e-6
2014-09-19 10:45:00;357.73e-6
2014-09-19 11:00:00;343.46e-6
2014-09-19 11:15:00;333.98e-6
2014-09-19 11:30:00;327.12e-6
2014-09-19 11:45:00;325.75e-6
2014-09-19 12:00:00;324.45e-6
2014-09-19 12:15:00;325.82e-6
2014-09-19 12:30:00;328.42e-6
2014-09-19 12:45:00;332.27e-6
2014-09-19 13:00:00;336.80e-6
2014-09-19 13:15:00;338.03e-6
2014-09-19 13:30:00;336.04e-6
2014-09-19 13:45:00;331.48e-6
2014-09-19 14:00:00;324.44e-6
2014-09-19 14:15:00;315.62e-6
2014-09-19 14:30:00;307.86e-6
2014-09-19 14:45:00;300.89e-6
2014-09-19 15:00:00;296.73e-6
2014-09-19 15:15:00;289.12e-6
2014-09-19 15:30:00;294.64e-6
2014-09-19 15:45:00;303.99e-6
2014-09-19 16:00:00;317.08e-6
2014-09-19 16:15:00;332.37e-6
2014-09-19 16:30:00;351.80e-6
2014-09-19 16:45:00;377.93e-6
2014-09-19 17:00:00;404.49e-6
2014-09-19 17:15:00;435.79e-6
2014-09-19 17:30:00;465.80e-6
2014-09-19 17:45:00;492.69e-6
2014-09-19 18:00:00;508.65e-6
2014-09-19 18:15:00;518.28e-6
2014-09-19 18:30:00;532.05e-6
2014-09-19 18:45:00;531.49e-6
2014-09-19 19:00:00;528.35e-6
2014-09-19 19:15:00;519.37e-6
2014-09-19 19:30:00;505.18e-6
2014-09-19 19:45:00;488.43e-6
2014-09-19 20:00:00;472.57e-6
2014-09-19 20:15:00;455.23e-6
2014-09-19 20:30:00;436.77e-6
2014-09-19 20:45:00;416.07e-6
2014-09-19 21:00:00;392.94e-6
2014-09-19 21:15:00;365.60e-6
2014-09-19 21:30:00;335.83e-6
2014-09-19 21:45:00;304.46e-6
2014-09-19 22:00:00;273.26e-6
2014-09-19 22:15:00;239.27e-6
2014-09-19 22:30:00;213.14e-6
2014-09-19 22:45:00;189.40e-6
2014-09-19 23:00:00;194.82e-6
2014-09-19 23:15:00;174.98e-6
2014-09-19 23:30:00;160.61e-6
2014-09-19 23:45:00;148.86e-6
2014-09-20 00:00:00;142.51e-6
2014-09-20 00:15:00;142.37e-6
2014-09-20 00:30:00;145.32e-6
2014-09-20 00:45:00;157.27e-6
2014-09-20 01:00:00;169.00e-6
2014-09-20 01:15:00;178.63e-6
2014-09-20 01:30:00;186.18e-6
2014-09-20 01:45:00;188.86e-6
2014-09-20 02:00:00;186.09e-6
2014-09-20 02:15:00;178.13e-6
2014-09-20 02:30:00;170.46e-6
2014-09-20 02:45:00;164.95e-6
2014-09-20 03:00:00;166.48e-6
2014-09-20 03:15:00;170.11e-6
2014-09-20 03:30:00;173.61e-6
2014-09-20 03:45:00;169.55e-6
2014-09-20 04:00:00;166.42e-6
2014-09-20 04:15:00;165.52e-6
2014-09-20 04:30:00;168.76e-6
2014-09-20 04:45:00;178.53e-6
2014-09-20 05:00:00;200.81e-6
2014-09-20 05:15:00;227.59e-6
2014-09-20 05:30:00;272.25e-6
2014-09-20 05:45:00;288.38e-6
2014-09-20 06:00:00;318.93e-6
2014-09-20 06:15:00;339.58e-6
2014-09-20 06:30:00;361.26e-6
2014-09-20 06:45:00;374.78e-6
2014-09-20 07:00:00;390.59e-6
2014-09-20 07:15:00;394.26e-6
2014-09-20 07:30:00;390.64e-6
2014-09-20 07:45:00;394.43e-6
2014-09-20 08:00:00;401.52e-6
2014-09-20 08:15:00;408.02e-6
2014-09-20 08:30:00;413.51e-6
2014-09-20 08:45:00;417.99e-6
2014-09-20 09:00:00;423.50e-6
2014-09-20 09:15:00;428.96e-6
2014-09-20 09:30:00;434.55e-6
2014-09-20 09:45:00;449.27e-6
2014-09-20 10:00:00;473.41e-6
2014-09-20 10:15:00;507.50e-6
2014-09-20 10:30:00;522.96e-6
2014-09-20 10:45:00;516.82e-6
2014-09-20 11:00:00;485.61e-6
2014-09-20 11:15:00;452.04e-6
2014-09-20 11:30:00;429.41e-6
2014-09-20 11:45:00;419.58e-6
2014-09-20 12:00:00;409.04e-6
2014-09-20 12:15:00;404.34e-6
2014-09-20 12:30:00;403.58e-6
2014-09-20 12:45:00;406.95e-6
2014-09-20 13:00:00;413.52e-6
2014-09-20 13:15:00;418.86e-6
2014-09-20 13:30:00;422.33e-6
2014-09-20 13:45:00;423.94e-6
2014-09-20 14:00:00;423.12e-6
2014-09-20 14:15:00;420.38e-6
2014-09-20 14:30:00;418.12e-6
2014-09-20 14:45:00;415.83e-6
2014-09-20 15:00:00;415.93e-6
2014-09-20 15:15:00;411.82e-6
2014-09-20 15:30:00;421.65e-6
2014-09-20 15:45:00;432.55e-6
2014-09-20 16:00:00;444.29e-6
2014-09-20 16:15:00;459.66e-6
2014-09-20 16:30:00;476.41e-6
2014-09-20 16:45:00;497.52e-6
2014-09-20 17:00:00;518.49e-6
2014-09-20 17:15:00;538.70e-6
2014-09-20 17:30:00;557.35e-6
2014-09-20 17:45:00;567.56e-6
2014-09-20 18:00:00;565.81e-6
2014-09-20 18:15:00;559.66e-6
2014-09-20 18:30:00;550.72e-6
2014-09-20 18:45:00;542.94e-6
2014-09-20 19:00:00;535.31e-6
2014-09-20 19:15:00;520.76e-6
2014-09-20 19:30:00;501.45e-6
2014-09-20 19:45:00;484.29e-6
2014-09-20 20:00:00;465.97e-6
2014-09-20 20:15:00;456.58e-6
2014-09-20 20:30:00;444.02e-6
2014-09-20 20:45:00;432.08e-6
2014-09-20 21:00:00;418.70e-6
2014-09-20 21:15:00;401.39e-6
2014-09-20 21:30:00;380.38e-6
2014-09-20 21:45:00;356.22e-6
2014-09-20 22:00:00;328.27e-6
2014-09-20 22:15:00;300.68e-6
2014-09-20 22:30:00;266.52e-6
2014-09-20 22:45:00;241.04e-6
2014-09-20 23:00:00;214.32e-6
2014-09-20 23:15:00;194.12e-6
2014-09-20 23:30:00;177.34e-6
2014-09-20 23:45:00;165.03e-6
2014-09-21 00:00:00;157.58e-6
2014-09-21 00:15:00;155.83e-6
2014-09-21 00:30:00;156.60e-6
2014-09-21 00:45:00;166.65e-6
2014-09-21 01:00:00;177.97e-6
2014-09-21 01:15:00;187.53e-6
2014-09-21 01:30:00;195.01e-6
2014-09-21 01:45:00;199.25e-6
2014-09-21 02:00:00;197.20e-6
2014-09-21 02:15:00;189.57e-6
2014-09-21 02:30:00;183.85e-6
2014-09-21 02:45:00;181.05e-6
2014-09-21 03:00:00;186.00e-6
2014-09-21 03:15:00;189.32e-6
2014-09-21 03:30:00;192.05e-6
2014-09-21 03:45:00;182.81e-6
2014-09-21 04:00:00;175.95e-6
2014-09-21 04:15:00;170.55e-6
2014-09-21 04:30:00;169.38e-6
2014-09-21 04:45:00;174.75e-6
2014-09-21 05:00:00;192.59e-6
2014-09-21 05:15:00;215.44e-6
2014-09-21 05:30:00;255.28e-6
2014-09-21 05:45:00;269.29e-6
2014-09-21 06:00:00;303.27e-6
2014-09-21 06:15:00;333.49e-6
2014-09-21 06:30:00;376.63e-6
2014-09-21 06:45:00;415.31e-6
2014-09-21 07:00:00;453.38e-6
2014-09-21 07:15:00;482.68e-6
2014-09-21 07:30:00;499.53e-6
2014-09-21 07:45:00;515.57e-6
2014-09-21 08:00:00;527.94e-6
2014-09-21 08:15:00;537.98e-6
2014-09-21 08:30:00;544.59e-6
2014-09-21 08:45:00;551.96e-6
2014-09-21 09:00:00;561.93e-6
2014-09-21 09:15:00;574.39e-6
2014-09-21 09:30:00;589.66e-6
2014-09-21 09:45:00;613.19e-6
2014-09-21 10:00:00;646.38e-6
2014-09-21 10:15:00;689.42e-6
2014-09-21 10:30:00;697.39e-6
2014-09-21 10:45:00;673.59e-6
2014-09-21 11:00:00;621.70e-6
2014-09-21 11:15:00;571.36e-6
2014-09-21 11:30:00;533.44e-6
2014-09-21 11:45:00;512.12e-6
2014-09-21 12:00:00;488.78e-6
2014-09-21 12:15:00;471.86e-6
2014-09-21 12:30:00;458.71e-6
2014-09-21 12:45:00;449.81e-6
2014-09-21 13:00:00;444.33e-6
2014-09-21 13:15:00;438.26e-6
2014-09-21 13:30:00;431.27e-6
2014-09-21 13:45:00;423.73e-6
2014-09-21 14:00:00;415.18e-6
2014-09-21 14:15:00;405.89e-6
2014-09-21 14:30:00;398.03e-6
2014-09-21 14:45:00;390.71e-6
2014-09-21 15:00:00;386.31e-6
2014-09-21 15:15:00;377.28e-6
2014-09-21 15:30:00;383.69e-6
2014-09-21 15:45:00;393.18e-6
2014-09-21 16:00:00;402.04e-6
2014-09-21 16:15:00;415.54e-6
2014-09-21 16:30:00;432.25e-6
2014-09-21 16:45:00;452.79e-6
2014-09-21 17:00:00;475.04e-6
2014-09-21 17:15:00;498.92e-6
2014-09-21 17:30:00;520.20e-6
2014-09-21 17:45:00;534.88e-6
2014-09-21 18:00:00;537.20e-6
2014-09-21 18:15:00;535.04e-6
2014-09-21 18:30:00;523.45e-6
2014-09-21 18:45:00;519.10e-6
2014-09-21 19:00:00;516.92e-6
2014-09-21 19:15:00;505.89e-6
2014-09-21 19:30:00;490.14e-6
2014-09-21 19:45:00;476.65e-6
2014-09-21 20:00:00;458.11e-6
2014-09-21 20:15:00;445.06e-6
2014-09-21 20:30:00;428.64e-6
2014-09-21 20:45:00;411.31e-6
2014-09-21 21:00:00;391.32e-6
2014-09-21 21:15:00;367.48e-6
2014-09-21 21:30:00;341.19e-6
2014-09-21 21:45:00;313.75e-6
2014-09-21 22:00:00;285.61e-6
2014-09-21 22:15:00;257.34e-6
2014-09-21 22:30:00;230.71e-6
2014-09-21 22:45:00;206.37e-6
2014-09-21 23:00:00;166.20e-6
2014-09-21 23:15:00;152.13e-6
2014-09-21 23:30:00;142.93e-6
2014-09-21 23:45:00;136.97e-6
2014-09-22 00:00:00;136.28e-6
2014-09-22 00:15:00;138.89e-6
2014-09-22 00:30:00;144.09e-6
2014-09-22 00:45:00;156.61e-6
2014-09-22 01:00:00;170.29e-6
2014-09-22 01:15:00;181.19e-6
2014-09-22 01:30:00;189.55e-6
2014-09-22 01:45:00;193.64e-6
2014-09-22 02:00:00;191.97e-6
2014-09-22 02:15:00;185.47e-6
2014-09-22 02:30:00;178.50e-6
2014-09-22 02:45:00;174.32e-6
2014-09-22 03:00:00;177.52e-6
2014-09-22 03:15:00;179.12e-6
2014-09-22 03:30:00;184.86e-6
2014-09-22 03:45:00;190.42e-6
2014-09-22 04:00:00;196.27e-6
2014-09-22 04:15:00;206.90e-6
2014-09-22 04:30:00;222.72e-6
2014-09-22 04:45:00;245.06e-6
2014-09-22 05:00:00;279.04e-6
2014-09-22 05:15:00;313.31e-6
2014-09-22 05:30:00;369.23e-6
2014-09-22 05:45:00;379.80e-6
2014-09-22 06:00:00;402.59e-6
2014-09-22 06:15:00;411.18e-6
2014-09-22 06:30:00;413.73e-6
2014-09-22 06:45:00;404.72e-6
2014-09-22 07:00:00;396.22e-6
2014-09-22 07:15:00;377.91e-6
2014-09-22 07:30:00;359.48e-6
2014-09-22 07:45:00;340.61e-6
2014-09-22 08:00:00;326.81e-6
2014-09-22 08:15:00;318.61e-6
2014-09-22 08:30:00;316.72e-6
2014-09-22 08:45:00;316.73e-6
2014-09-22 09:00:00;318.31e-6
2014-09-22 09:15:00;318.45e-6
2014-09-22 09:30:00;320.28e-6
2014-09-22 09:45:00;327.52e-6
2014-09-22 10:00:00;341.76e-6
2014-09-22 10:15:00;359.22e-6
2014-09-22 10:30:00;365.22e-6
2014-09-22 10:45:00;361.48e-6
2014-09-22 11:00:00;347.06e-6
2014-09-22 11:15:00;337.48e-6
2014-09-22 11:30:00;330.55e-6
2014-09-22 11:45:00;329.16e-6
2014-09-22 12:00:00;327.86e-6
2014-09-22 12:15:00;329.24e-6
2014-09-22 12:30:00;331.86e-6
2014-09-22 12:45:00;335.75e-6
2014-09-22 13:00:00;340.33e-6
2014-09-22 13:15:00;341.57e-6
2014-09-22 13:30:00;339.56e-6
2014-09-22 13:45:00;334.95e-6
2014-09-22 14:00:00;327.84e-6
2014-09-22 14:15:00;318.92e-6
2014-09-22 14:30:00;311.09e-6
2014-09-22 14:45:00;304.04e-6
2014-09-22 15:00:00;299.84e-6
2014-09-22 15:15:00;292.15e-6
2014-09-22 15:30:00;297.73e-6
2014-09-22 15:45:00;307.18e-6
2014-09-22 16:00:00;320.40e-6
2014-09-22 16:15:00;335.85e-6
2014-09-22 16:30:00;355.49e-6
2014-09-22 16:45:00;381.89e-6
2014-09-22 17:00:00;408.73e-6
2014-09-22 17:15:00;440.35e-6
2014-09-22 17:30:00;470.68e-6
2014-09-22 17:45:00;497.86e-6
2014-09-22 18:00:00;513.98e-6
2014-09-22 18:15:00;523.71e-6
2014-09-22 18:30:00;537.62e-6
2014-09-22 18:45:00;537.06e-6
2014-09-22 19:00:00;533.89e-6
2014-09-22 19:15:00;524.82e-6
2014-09-22 19:30:00;510.47e-6
2014-09-22 19:45:00;493.55e-6
2014-09-22 20:00:00;477.52e-6
2014-09-22 20:15:00;460.00e-6
2014-09-22 20:30:00;441.35e-6
2014-09-22 20:45:00;420.44e-6
2014-09-22 21:00:00;397.05e-6
2014-09-22 21:15:00;369.43e-6
2014-09-22 21:30:00;339.35e-6
2014-09-22 21:45:00;307.65e-6
2014-09-22 22:00:00;276.13e-6
2014-09-22 22:15:00;241.78e-6
2014-09-22 22:30:00;215.37e-6
2014-09-22 22:45:00;191.38e-6
2014-09-22 23:00:00;166.79e-6
2014-09-22 23:15:00;152.66e-6
2014-09-22 23:30:00;143.44e-6
2014-09-22 23:45:00;137.46e-6
2014-09-23 00:00:00;136.76e-6
2014-09-23 00:15:00;139.38e-6
2014-09-23 00:30:00;144.60e-6
2014-09-23 00:45:00;157.17e-6
2014-09-23 01:00:00;170.90e-6
2014-09-23 01:15:00;181.83e-6
2014-09-23 01:30:00;190.22e-6
2014-09-23 01:45:00;194.32e-6
2014-09-23 02:00:00;192.65e-6
2014-09-23 02:15:00;186.13e-6
2014-09-23 02:30:00;179.14e-6
2014-09-23 02:45:00;174.94e-6
2014-09-23 03:00:00;178.15e-6
2014-09-23 03:15:00;179.76e-6
2014-09-23 03:30:00;185.51e-6
2014-09-23 03:45:00;191.09e-6
2014-09-23 04:00:00;196.97e-6
2014-09-23 04:15:00;207.64e-6
2014-09-23 04:30:00;223.51e-6
2014-09-23 04:45:00;245.93e-6
2014-09-23 05:00:00;280.02e-6
2014-09-23 05:15:00;314.42e-6
2014-09-23 05:30:00;370.54e-6
2014-09-23 05:45:00;381.15e-6
2014-09-23 06:00:00;404.02e-6
2014-09-23 06:15:00;412.64e-6
2014-09-23 06:30:00;415.19e-6
2014-09-23 06:45:00;406.16e-6
2014-09-23 07:00:00;397.63e-6
2014-09-23 07:15:00;379.25e-6
2014-09-23 07:30:00;360.75e-6
2014-09-23 07:45:00;341.81e-6
2014-09-23 08:00:00;327.97e-6
2014-09-23 08:15:00;319.74e-6
2014-09-23 08:30:00;317.84e-6
2014-09-23 08:45:00;317.85e-6
2014-09-23 09:00:00;319.44e-6
2014-09-23 09:15:00;319.58e-6
2014-09-23 09:30:00;321.42e-6
2014-09-23 09:45:00;328.68e-6
2014-09-23 10:00:00;342.97e-6
2014-09-23 10:15:00;360.49e-6
2014-09-23 10:30:00;366.51e-6
2014-09-23 10:45:00;362.76e-6
2014-09-23 11:00:00;348.29e-6
2014-09-23 11:15:00;338.67e-6
2014-09-23 11:30:00;331.72e-6
2014-09-23 11:45:00;330.33e-6
2014-09-23 12:00:00;329.02e-6
2014-09-23 12:15:00;330.40e-6
2014-09-23 12:30:00;333.04e-6
2014-09-23 12:45:00;336.94e-6
2014-09-23 13:00:00;341.53e-6
2014-09-23 13:15:00;342.78e-6
2014-09-23 13:30:00;340.76e-6
2014-09-23 13:45:00;336.14e-6
2014-09-23 14:00:00;329.00e-6
2014-09-23 14:15:00;320.05e-6
2014-09-23 14:30:00;312.19e-6
2014-09-23 14:45:00;305.12e-6
2014-09-23 15:00:00;300.90e-6
2014-09-23 15:15:00;293.19e-6
2014-09-23 15:30:00;298.78e-6
2014-09-23 15:45:00;308.27e-6
2014-09-23 16:00:00;321.54e-6
2014-09-23 16:15:00;337.04e-6
2014-09-23 16:30:00;356.75e-6
2014-09-23 16:45:00;383.25e-6
2014-09-23 17:00:00;410.18e-6
2014-09-23 17:15:00;441.91e-6
2014-09-23 17:30:00;472.34e-6
2014-09-23 17:45:00;499.62e-6
2014-09-23 18:00:00;515.80e-6
2014-09-23 18:15:00;525.56e-6
2014-09-23 18:30:00;539.53e-6
2014-09-23 18:45:00;538.96e-6
2014-09-23 19:00:00;535.78e-6
2014-09-23 19:15:00;526.68e-6
2014-09-23 19:30:00;512.28e-6
2014-09-23 19:45:00;495.30e-6
2014-09-23 20:00:00;479.22e-6
2014-09-23 20:15:00;461.63e-6
2014-09-23 20:30:00;442.91e-6
2014-09-23 20:45:00;421.93e-6
2014-09-23 21:00:00;398.46e-6
2014-09-23 21:15:00;370.74e-6
2014-09-23 21:30:00;340.55e-6
2014-09-23 21:45:00;308.74e-6
2014-09-23 22:00:00;277.11e-6
2014-09-23 22:15:00;242.63e-6
2014-09-23 22:30:00;216.13e-6
2014-09-23 22:45:00;192.06e-6
2014-09-23 23:00:00;167.39e-6
2014-09-23 23:15:00;153.21e-6
2014-09-23 23:30:00;143.95e-6
2014-09-23 23:45:00;137.95e-6
2014-09-24 00:00:00;137.25e-6
2014-09-24 00:15:00;139.88e-6
2014-09-24 00:30:00;145.12e-6
2014-09-24 00:45:00;157.73e-6
2014-09-24 01:00:00;171.51e-6
2014-09-24 01:15:00;182.48e-6
2014-09-24 01:30:00;190.90e-6
2014-09-24 01:45:00;195.02e-6
2014-09-24 02:00:00;193.34e-6
2014-09-24 02:15:00;186.79e-6
2014-09-24 02:30:00;179.78e-6
2014-09-24 02:45:00;175.56e-6
2014-09-24 03:00:00;178.79e-6
2014-09-24 03:15:00;180.40e-6
2014-09-24 03:30:00;186.17e-6
2014-09-24 03:45:00;191.77e-6
2014-09-24 04:00:00;197.67e-6
2014-09-24 04:15:00;208.38e-6
2014-09-24 04:30:00;224.31e-6
2014-09-24 04:45:00;246.81e-6
2014-09-24 05:00:00;281.03e-6
2014-09-24 05:15:00;315.55e-6
2014-09-24 05:30:00;371.86e-6
2014-09-24 05:45:00;382.51e-6
2014-09-24 06:00:00;405.46e-6
2014-09-24 06:15:00;414.12e-6
2014-09-24 06:30:00;416.68e-6
2014-09-24 06:45:00;407.61e-6
2014-09-24 07:00:00;399.05e-6
2014-09-24 07:15:00;380.61e-6
2014-09-24 07:30:00;362.04e-6
2014-09-24 07:45:00;343.03e-6
2014-09-24 08:00:00;329.14e-6
2014-09-24 08:15:00;320.88e-6
2014-09-24 08:30:00;318.98e-6
2014-09-24 08:45:00;318.99e-6
2014-09-24 09:00:00;320.58e-6
2014-09-24 09:15:00;320.72e-6
2014-09-24 09:30:00;322.57e-6
2014-09-24 09:45:00;329.86e-6
2014-09-24 10:00:00;344.19e-6
2014-09-24 10:15:00;361.78e-6
2014-09-24 10:30:00;367.82e-6
2014-09-24 10:45:00;364.05e-6
2014-09-24 11:00:00;349.54e-6
2014-09-24 11:15:00;339.88e-6
2014-09-24 11:30:00;332.90e-6
2014-09-24 11:45:00;331.51e-6
2014-09-24 12:00:00;330.19e-6
2014-09-24 12:15:00;331.58e-6
2014-09-24 12:30:00;334.23e-6
2014-09-24 12:45:00;338.15e-6
2014-09-24 13:00:00;342.75e-6
2014-09-24 13:15:00;344.01e-6
2014-09-24 13:30:00;341.98e-6
2014-09-24 13:45:00;337.34e-6
2014-09-24 14:00:00;330.18e-6
2014-09-24 14:15:00;321.20e-6
2014-09-24 14:30:00;313.30e-6
2014-09-24 14:45:00;306.21e-6
2014-09-24 15:00:00;301.98e-6
2014-09-24 15:15:00;294.24e-6
2014-09-24 15:30:00;299.85e-6
2014-09-24 15:45:00;309.37e-6
2014-09-24 16:00:00;322.69e-6
2014-09-24 16:15:00;338.25e-6
2014-09-24 16:30:00;358.02e-6
2014-09-24 16:45:00;384.62e-6
2014-09-24 17:00:00;411.64e-6
2014-09-24 17:15:00;443.49e-6
2014-09-24 17:30:00;474.03e-6
2014-09-24 17:45:00;501.41e-6
2014-09-24 18:00:00;517.65e-6
2014-09-24 18:15:00;527.44e-6
2014-09-24 18:30:00;541.46e-6
2014-09-24 18:45:00;540.89e-6
2014-09-24 19:00:00;537.69e-6
2014-09-24 19:15:00;528.56e-6
2014-09-24 19:30:00;514.11e-6
2014-09-24 19:45:00;497.07e-6
2014-09-24 20:00:00;480.93e-6
2014-09-24 20:15:00;463.28e-6
2014-09-24 20:30:00;444.49e-6
2014-09-24 20:45:00;423.43e-6
2014-09-24 21:00:00;399.88e-6
2014-09-24 21:15:00;372.06e-6
2014-09-24 21:30:00;341.77e-6
2014-09-24 21:45:00;309.84e-6
2014-09-24 22:00:00;278.10e-6
2014-09-24 22:15:00;243.50e-6
2014-09-24 22:30:00;216.91e-6
2014-09-24 22:45:00;192.75e-6
2014-09-24 23:00:00;167.99e-6
2014-09-24 23:15:00;153.76e-6
2014-09-24 23:30:00;144.47e-6
2014-09-24 23:45:00;138.45e-6
2014-09-25 00:00:00;137.74e-6
2014-09-25 00:15:00;140.38e-6
2014-09-25 00:30:00;145.64e-6
2014-09-25 00:45:00;158.30e-6
2014-09-25 01:00:00;172.13e-6
2014-09-25 01:15:00;183.14e-6
2014-09-25 01:30:00;191.59e-6
2014-09-25 01:45:00;195.72e-6
2014-09-25 02:00:00;194.04e-6
2014-09-25 02:15:00;187.46e-6
2014-09-25 02:30:00;180.42e-6
2014-09-25 02:45:00;176.19e-6
2014-09-25 03:00:00;179.43e-6
2014-09-25 03:15:00;181.05e-6
2014-09-25 03:30:00;186.84e-6
2014-09-25 03:45:00;192.46e-6
2014-09-25 04:00:00;198.38e-6
2014-09-25 04:15:00;209.13e-6
2014-09-25 04:30:00;225.12e-6
2014-09-25 04:45:00;247.70e-6
2014-09-25 05:00:00;282.04e-6
2014-09-25 05:15:00;316.68e-6
2014-09-25 05:30:00;373.20e-6
2014-09-25 05:45:00;383.89e-6
2014-09-25 06:00:00;406.93e-6
2014-09-25 06:15:00;415.61e-6
2014-09-25 06:30:00;418.18e-6
2014-09-25 06:45:00;409.08e-6
2014-09-25 07:00:00;400.49e-6
2014-09-25 07:15:00;381.98e-6
2014-09-25 07:30:00;363.34e-6
2014-09-25 07:45:00;344.27e-6
2014-09-25 08:00:00;330.33e-6
2014-09-25 08:15:00;322.04e-6
2014-09-25 08:30:00;320.13e-6
2014-09-25 08:45:00;320.14e-6
2014-09-25 09:00:00;321.73e-6
2014-09-25 09:15:00;321.88e-6
2014-09-25 09:30:00;323.73e-6
2014-09-25 09:45:00;331.05e-6
2014-09-25 10:00:00;345.43e-6
2014-09-25 10:15:00;363.08e-6
2014-09-25 10:30:00;369.15e-6
2014-09-25 10:45:00;365.36e-6
2014-09-25 11:00:00;350.80e-6
2014-09-25 11:15:00;341.11e-6
2014-09-25 11:30:00;334.10e-6
2014-09-25 11:45:00;332.70e-6
2014-09-25 12:00:00;331.38e-6
2014-09-25 12:15:00;332.78e-6
2014-09-25 12:30:00;335.43e-6
2014-09-25 12:45:00;339.37e-6
2014-09-25 13:00:00;343.99e-6
2014-09-25 13:15:00;345.25e-6
2014-09-25 13:30:00;343.21e-6
2014-09-25 13:45:00;338.56e-6
2014-09-25 14:00:00;331.37e-6
2014-09-25 14:15:00;322.36e-6
2014-09-25 14:30:00;314.43e-6
2014-09-25 14:45:00;307.31e-6
2014-09-25 15:00:00;303.06e-6
2014-09-25 15:15:00;295.30e-6
2014-09-25 15:30:00;300.93e-6
2014-09-25 15:45:00;310.48e-6
2014-09-25 16:00:00;323.85e-6
2014-09-25 16:15:00;339.47e-6
2014-09-25 16:30:00;359.31e-6
2014-09-25 16:45:00;386.00e-6
2014-09-25 17:00:00;413.13e-6
2014-09-25 17:15:00;445.09e-6
2014-09-25 17:30:00;475.74e-6
2014-09-25 17:45:00;503.21e-6
2014-09-25 18:00:00;519.51e-6
2014-09-25 18:15:00;529.34e-6
2014-09-25 18:30:00;543.41e-6
2014-09-25 18:45:00;542.83e-6
2014-09-25 19:00:00;539.63e-6
2014-09-25 19:15:00;530.46e-6
2014-09-25 19:30:00;515.96e-6
2014-09-25 19:45:00;498.86e-6
2014-09-25 20:00:00;482.66e-6
2014-09-25 20:15:00;464.95e-6
2014-09-25 20:30:00;446.09e-6
2014-09-25 20:45:00;424.96e-6
2014-09-25 21:00:00;401.32e-6
2014-09-25 21:15:00;373.40e-6
2014-09-25 21:30:00;343.00e-6
2014-09-25 21:45:00;310.96e-6
2014-09-25 22:00:00;279.10e-6
2014-09-25 22:15:00;244.38e-6
2014-09-25 22:30:00;217.69e-6
2014-09-25 22:45:00;193.44e-6
2014-09-25 23:00:00;168.60e-6
2014-09-25 23:15:00;154.32e-6
2014-09-25 23:30:00;144.99e-6
2014-09-25 23:45:00;138.95e-6
2014-09-26 00:00:00;138.24e-6
2014-09-26 00:15:00;140.89e-6
2014-09-26 00:30:00;146.17e-6
2014-09-26 00:45:00;158.87e-6
2014-09-26 01:00:00;172.75e-6
2014-09-26 01:15:00;183.80e-6
2014-09-26 01:30:00;192.28e-6
2014-09-26 01:45:00;196.43e-6
2014-09-26 02:00:00;194.74e-6
2014-09-26 02:15:00;188.14e-6
2014-09-26 02:30:00;181.08e-6
2014-09-26 02:45:00;176.83e-6
2014-09-26 03:00:00;180.08e-6
2014-09-26 03:15:00;181.71e-6
2014-09-26 03:30:00;187.52e-6
2014-09-26 03:45:00;193.16e-6
2014-09-26 04:00:00;199.10e-6
2014-09-26 04:15:00;209.89e-6
2014-09-26 04:30:00;225.93e-6
2014-09-26 04:45:00;248.60e-6
2014-09-26 05:00:00;283.06e-6
2014-09-26 05:15:00;317.83e-6
2014-09-26 05:30:00;374.56e-6
2014-09-26 05:45:00;385.28e-6
2014-09-26 06:00:00;408.40e-6
2014-09-26 06:15:00;417.12e-6
2014-09-26 06:30:00;419.69e-6
2014-09-26 06:45:00;410.56e-6
2014-09-26 07:00:00;401.94e-6
2014-09-26 07:15:00;383.36e-6
2014-09-26 07:30:00;364.66e-6
2014-09-26 07:45:00;345.52e-6
2014-09-26 08:00:00;331.53e-6
2014-09-26 08:15:00;323.21e-6
2014-09-26 08:30:00;321.29e-6
2014-09-26 08:45:00;321.30e-6
2014-09-26 09:00:00;322.90e-6
2014-09-26 09:15:00;323.04e-6
2014-09-26 09:30:00;324.90e-6
2014-09-26 09:45:00;332.25e-6
2014-09-26 10:00:00;346.69e-6
2014-09-26 10:15:00;364.40e-6
2014-09-26 10:30:00;370.49e-6
2014-09-26 10:45:00;366.69e-6
2014-09-26 11:00:00;352.07e-6
2014-09-26 11:15:00;342.34e-6
2014-09-26 11:30:00;335.32e-6
2014-09-26 11:45:00;333.91e-6
2014-09-26 12:00:00;332.58e-6
2014-09-26 12:15:00;333.99e-6
2014-09-26 12:30:00;336.65e-6
2014-09-26 12:45:00;340.60e-6
2014-09-26 13:00:00;345.24e-6
2014-09-26 13:15:00;346.50e-6
2014-09-26 13:30:00;344.46e-6
2014-09-26 13:45:00;339.78e-6
2014-09-26 14:00:00;332.57e-6
2014-09-26 14:15:00;323.53e-6
2014-09-26 14:30:00;315.57e-6
2014-09-26 14:45:00;308.43e-6
2014-09-26 15:00:00;304.16e-6
2014-09-26 15:15:00;296.37e-6
2014-09-26 15:30:00;302.02e-6
2014-09-26 15:45:00;311.61e-6
2014-09-26 16:00:00;325.02e-6
2014-09-26 16:15:00;340.70e-6
2014-09-26 16:30:00;360.62e-6
2014-09-26 16:45:00;387.40e-6
2014-09-26 17:00:00;414.63e-6
2014-09-26 17:15:00;446.71e-6
2014-09-26 17:30:00;477.47e-6
2014-09-26 17:45:00;505.04e-6
2014-09-26 18:00:00;521.40e-6
2014-09-26 18:15:00;531.26e-6
2014-09-26 18:30:00;545.38e-6
2014-09-26 18:45:00;544.80e-6
2014-09-26 19:00:00;541.59e-6
2014-09-26 19:15:00;532.39e-6
2014-09-26 19:30:00;517.84e-6
2014-09-26 19:45:00;500.67e-6
2014-09-26 20:00:00;484.41e-6
2014-09-26 20:15:00;466.63e-6
2014-09-26 20:30:00;447.71e-6
2014-09-26 20:45:00;426.50e-6
2014-09-26 21:00:00;402.78e-6
2014-09-26 21:15:00;374.76e-6
2014-09-26 21:30:00;344.25e-6
2014-09-26 21:45:00;312.09e-6
2014-09-26 22:00:00;280.11e-6
2014-09-26 22:15:00;245.27e-6
2014-09-26 22:30:00;218.48e-6
2014-09-26 22:45:00;194.14e-6
2014-09-26 23:00:00;199.74e-6
2014-09-26 23:15:00;179.41e-6
2014-09-26 23:30:00;164.67e-6
2014-09-26 23:45:00;152.62e-6
2014-09-27 00:00:00;146.11e-6
2014-09-27 00:15:00;145.97e-6
2014-09-27 00:30:00;149.00e-6
2014-09-27 00:45:00;161.24e-6
2014-09-27 01:00:00;173.27e-6
2014-09-27 01:15:00;183.14e-6
2014-09-27 01:30:00;190.88e-6
2014-09-27 01:45:00;193.63e-6
2014-09-27 02:00:00;190.79e-6
2014-09-27 02:15:00;182.63e-6
2014-09-27 02:30:00;174.77e-6
2014-09-27 02:45:00;169.12e-6
2014-09-27 03:00:00;170.69e-6
2014-09-27 03:15:00;174.41e-6
2014-09-27 03:30:00;178.00e-6
2014-09-27 03:45:00;173.83e-6
2014-09-27 04:00:00;170.63e-6
2014-09-27 04:15:00;169.70e-6
2014-09-27 04:30:00;173.02e-6
2014-09-27 04:45:00;183.04e-6
2014-09-27 05:00:00;205.89e-6
2014-09-27 05:15:00;233.34e-6
2014-09-27 05:30:00;279.13e-6
2014-09-27 05:45:00;295.67e-6
2014-09-27 06:00:00;326.99e-6
2014-09-27 06:15:00;348.16e-6
2014-09-27 06:30:00;370.38e-6
2014-09-27 06:45:00;384.25e-6
2014-09-27 07:00:00;400.46e-6
2014-09-27 07:15:00;404.22e-6
2014-09-27 07:30:00;400.51e-6
2014-09-27 07:45:00;404.39e-6
2014-09-27 08:00:00;411.67e-6
2014-09-27 08:15:00;418.33e-6
2014-09-27 08:30:00;423.96e-6
2014-09-27 08:45:00;428.55e-6
2014-09-27 09:00:00;434.20e-6
2014-09-27 09:15:00;439.80e-6
2014-09-27 09:30:00;445.53e-6
2014-09-27 09:45:00;460.62e-6
2014-09-27 10:00:00;485.37e-6
2014-09-27 10:15:00;520.32e-6
2014-09-27 10:30:00;536.17e-6
2014-09-27 10:45:00;529.87e-6
2014-09-27 11:00:00;497.88e-6
2014-09-27 11:15:00;463.47e-6
2014-09-27 11:30:00;440.26e-6
2014-09-27 11:45:00;430.18e-6
2014-09-27 12:00:00;419.38e-6
2014-09-27 12:15:00;414.56e-6
2014-09-27 12:30:00;413.78e-6
2014-09-27 12:45:00;417.23e-6
2014-09-27 13:00:00;423.97e-6
2014-09-27 13:15:00;429.44e-6
2014-09-27 13:30:00;433.00e-6
2014-09-27 13:45:00;434.65e-6
2014-09-27 14:00:00;433.81e-6
2014-09-27 14:15:00;431.00e-6
2014-09-27 14:30:00;428.69e-6
2014-09-27 14:45:00;426.34e-6
2014-09-27 15:00:00;426.44e-6
2014-09-27 15:15:00;422.22e-6
2014-09-27 15:30:00;432.30e-6
2014-09-27 15:45:00;443.47e-6
2014-09-27 16:00:00;455.52e-6
2014-09-27 16:15:00;471.27e-6
2014-09-27 16:30:00;488.45e-6
2014-09-27 16:45:00;510.10e-6
2014-09-27 17:00:00;531.59e-6
2014-09-27 17:15:00;552.32e-6
2014-09-27 17:30:00;571.44e-6
2014-09-27 17:45:00;581.90e-6
2014-09-27 18:00:00;580.10e-6
2014-09-27 18:15:00;573.80e-6
2014-09-27 18:30:00;564.64e-6
2014-09-27 18:45:00;556.66e-6
2014-09-27 19:00:00;548.83e-6
2014-09-27 19:15:00;533.92e-6
2014-09-27 19:30:00;514.12e-6
2014-09-27 19:45:00;496.53e-6
2014-09-27 20:00:00;477.74e-6
2014-09-27 20:15:00;468.12e-6
2014-09-27 20:30:00;455.24e-6
2014-09-27 20:45:00;443.00e-6
2014-09-27 21:00:00;429.28e-6
2014-09-27 21:15:00;411.54e-6
2014-09-27 21:30:00;389.99e-6
2014-09-27 21:45:00;365.22e-6
2014-09-27 22:00:00;336.56e-6
2014-09-27 22:15:00;308.28e-6
2014-09-27 22:30:00;273.25e-6
2014-09-27 22:45:00;247.13e-6
2014-09-27 23:00:00;219.78e-6
2014-09-27 23:15:00;199.07e-6
2014-09-27 23:30:00;181.86e-6
2014-09-27 23:45:00;169.23e-6
2014-09-28 00:00:00;161.60e-6
2014-09-28 00:15:00;159.80e-6
2014-09-28 00:30:00;160.59e-6
2014-09-28 00:45:00;170.90e-6
2014-09-28 01:00:00;182.51e-6
2014-09-28 01:15:00;192.30e-6
2014-09-28 01:30:00;199.98e-6
2014-09-28 01:45:00;204.32e-6
2014-09-28 02:00:00;202.23e-6
2014-09-28 02:15:00;194.40e-6
2014-09-28 02:30:00;188.53e-6
2014-09-28 02:45:00;185.66e-6
2014-09-28 03:00:00;190.74e-6
2014-09-28 03:15:00;194.14e-6
2014-09-28 03:30:00;196.94e-6
2014-09-28 03:45:00;187.46e-6
2014-09-28 04:00:00;180.43e-6
2014-09-28 04:15:00;174.90e-6
2014-09-28 04:30:00;173.69e-6
2014-09-28 04:45:00;179.20e-6
2014-09-28 05:00:00;197.50e-6
2014-09-28 05:15:00;220.93e-6
2014-09-28 05:30:00;261.78e-6
2014-09-28 05:45:00;276.15e-6
2014-09-28 06:00:00;311.00e-6
2014-09-28 06:15:00;341.98e-6
2014-09-28 06:30:00;386.23e-6
2014-09-28 06:45:00;425.89e-6
2014-09-28 07:00:00;464.93e-6
2014-09-28 07:15:00;494.98e-6
2014-09-28 07:30:00;512.26e-6
2014-09-28 07:45:00;528.70e-6
2014-09-28 08:00:00;541.39e-6
2014-09-28 08:15:00;551.69e-6
2014-09-28 08:30:00;558.46e-6
2014-09-28 08:45:00;566.02e-6
2014-09-28 09:00:00;576.24e-6
2014-09-28 09:15:00;589.02e-6
2014-09-28 09:30:00;604.68e-6
2014-09-28 09:45:00;628.81e-6
2014-09-28 10:00:00;662.85e-6
2014-09-28 10:15:00;706.98e-6
2014-09-28 10:30:00;715.16e-6
2014-09-28 10:45:00;690.75e-6
2014-09-28 11:00:00;637.53e-6
2014-09-28 11:15:00;585.92e-6
2014-09-28 11:30:00;547.03e-6
2014-09-28 11:45:00;525.16e-6
2014-09-28 12:00:00;501.23e-6
2014-09-28 12:15:00;483.88e-6
2014-09-28 12:30:00;470.39e-6
2014-09-28 12:45:00;461.26e-6
2014-09-28 13:00:00;455.65e-6
2014-09-28 13:15:00;449.43e-6
2014-09-28 13:30:00;442.25e-6
2014-09-28 13:45:00;434.53e-6
2014-09-28 14:00:00;425.76e-6
2014-09-28 14:15:00;416.23e-6
2014-09-28 14:30:00;408.17e-6
2014-09-28 14:45:00;400.66e-6
2014-09-28 15:00:00;396.15e-6
2014-09-28 15:15:00;386.89e-6
2014-09-28 15:30:00;393.46e-6
2014-09-28 15:45:00;403.20e-6
2014-09-28 16:00:00;412.28e-6
2014-09-28 16:15:00;426.13e-6
2014-09-28 16:30:00;443.26e-6
2014-09-28 16:45:00;464.32e-6
2014-09-28 17:00:00;487.15e-6
2014-09-28 17:15:00;511.62e-6
2014-09-28 17:30:00;533.45e-6
2014-09-28 17:45:00;548.51e-6
2014-09-28 18:00:00;550.89e-6
2014-09-28 18:15:00;548.67e-6
2014-09-28 18:30:00;536.79e-6
2014-09-28 18:45:00;532.32e-6
2014-09-28 19:00:00;530.09e-6
2014-09-28 19:15:00;518.78e-6
2014-09-28 19:30:00;502.63e-6
2014-09-28 19:45:00;488.79e-6
2014-09-28 20:00:00;469.77e-6
2014-09-28 20:15:00;456.40e-6
2014-09-28 20:30:00;439.56e-6
2014-09-28 20:45:00;421.78e-6
2014-09-28 21:00:00;401.29e-6
2014-09-28 21:15:00;376.84e-6
2014-09-28 21:30:00;349.89e-6
2014-09-28 21:45:00;321.75e-6
2014-09-28 22:00:00;292.89e-6
2014-09-28 22:15:00;263.90e-6
2014-09-28 22:30:00;236.59e-6
2014-09-28 22:45:00;211.63e-6
2014-09-28 23:00:00;170.47e-6
2014-09-28 23:15:00;156.03e-6
2014-09-28 23:30:00;146.60e-6
2014-09-28 23:45:00;140.49e-6
2014-09-29 00:00:00;139.78e-6
2014-09-29 00:15:00;142.45e-6
2014-09-29 00:30:00;147.79e-6
2014-09-29 00:45:00;160.63e-6
2014-09-29 01:00:00;174.67e-6
2014-09-29 01:15:00;185.84e-6
2014-09-29 01:30:00;194.41e-6
2014-09-29 01:45:00;198.61e-6
2014-09-29 02:00:00;196.90e-6
2014-09-29 02:15:00;190.23e-6
2014-09-29 02:30:00;183.09e-6
2014-09-29 02:45:00;178.79e-6
2014-09-29 03:00:00;182.08e-6
2014-09-29 03:15:00;183.72e-6
2014-09-29 03:30:00;189.60e-6
2014-09-29 03:45:00;195.30e-6
2014-09-29 04:00:00;201.31e-6
2014-09-29 04:15:00;212.21e-6
2014-09-29 04:30:00;228.44e-6
2014-09-29 04:45:00;251.35e-6
2014-09-29 05:00:00;286.20e-6
2014-09-29 05:15:00;321.36e-6
2014-09-29 05:30:00;378.71e-6
2014-09-29 05:45:00;389.55e-6
2014-09-29 06:00:00;412.93e-6
2014-09-29 06:15:00;421.74e-6
2014-09-29 06:30:00;424.35e-6
2014-09-29 06:45:00;415.11e-6
2014-09-29 07:00:00;406.39e-6
2014-09-29 07:15:00;387.61e-6
2014-09-29 07:30:00;368.70e-6
2014-09-29 07:45:00;349.35e-6
2014-09-29 08:00:00;335.20e-6
2014-09-29 08:15:00;326.79e-6
2014-09-29 08:30:00;324.85e-6
2014-09-29 08:45:00;324.86e-6
2014-09-29 09:00:00;326.48e-6
2014-09-29 09:15:00;326.62e-6
2014-09-29 09:30:00;328.50e-6
2014-09-29 09:45:00;335.93e-6
2014-09-29 10:00:00;350.53e-6
2014-09-29 10:15:00;368.44e-6
2014-09-29 10:30:00;374.59e-6
2014-09-29 10:45:00;370.75e-6
2014-09-29 11:00:00;355.97e-6
2014-09-29 11:15:00;346.14e-6
2014-09-29 11:30:00;339.03e-6
2014-09-29 11:45:00;337.61e-6
2014-09-29 12:00:00;336.27e-6
2014-09-29 12:15:00;337.69e-6
2014-09-29 12:30:00;340.38e-6
2014-09-29 12:45:00;344.37e-6
2014-09-29 13:00:00;349.06e-6
2014-09-29 13:15:00;350.34e-6
2014-09-29 13:30:00;348.28e-6
2014-09-29 13:45:00;343.55e-6
2014-09-29 14:00:00;336.25e-6
2014-09-29 14:15:00;327.11e-6
2014-09-29 14:30:00;319.07e-6
2014-09-29 14:45:00;311.84e-6
2014-09-29 15:00:00;307.54e-6
2014-09-29 15:15:00;299.65e-6
2014-09-29 15:30:00;305.37e-6
2014-09-29 15:45:00;315.06e-6
2014-09-29 16:00:00;328.63e-6
2014-09-29 16:15:00;344.48e-6
2014-09-29 16:30:00;364.61e-6
2014-09-29 16:45:00;391.70e-6
2014-09-29 17:00:00;419.22e-6
2014-09-29 17:15:00;451.66e-6
2014-09-29 17:30:00;482.76e-6
2014-09-29 17:45:00;510.64e-6
2014-09-29 18:00:00;527.18e-6
2014-09-29 18:15:00;537.15e-6
2014-09-29 18:30:00;551.42e-6
2014-09-29 18:45:00;550.84e-6
2014-09-29 19:00:00;547.59e-6
2014-09-29 19:15:00;538.29e-6
2014-09-29 19:30:00;523.58e-6
2014-09-29 19:45:00;506.22e-6
2014-09-29 20:00:00;489.78e-6
2014-09-29 20:15:00;471.81e-6
2014-09-29 20:30:00;452.67e-6
2014-09-29 20:45:00;431.23e-6
2014-09-29 21:00:00;407.24e-6
2014-09-29 21:15:00;378.91e-6
2014-09-29 21:30:00;348.06e-6
2014-09-29 21:45:00;315.55e-6
2014-09-29 22:00:00;283.22e-6
2014-09-29 22:15:00;247.98e-6
2014-09-29 22:30:00;220.90e-6
2014-09-29 22:45:00;196.30e-6
2014-09-29 23:00:00;171.10e-6
2014-09-29 23:15:00;156.61e-6
2014-09-29 23:30:00;147.15e-6
2014-09-29 23:45:00;141.01e-6
2014-09-30 00:00:00;140.30e-6
2014-09-30 00:15:00;142.98e-6
2014-09-30 00:30:00;148.34e-6
2014-09-30 00:45:00;161.23e-6
2014-09-30 01:00:00;175.32e-6
2014-09-30 01:15:00;186.53e-6
2014-09-30 01:30:00;195.14e-6
2014-09-30 01:45:00;199.35e-6
2014-09-30 02:00:00;197.64e-6
2014-09-30 02:15:00;190.94e-6
2014-09-30 02:30:00;183.77e-6
2014-09-30 02:45:00;179.46e-6
2014-09-30 03:00:00;182.76e-6
2014-09-30 03:15:00;184.41e-6
2014-09-30 03:30:00;190.31e-6
2014-09-30 03:45:00;196.03e-6
2014-09-30 04:00:00;202.06e-6
2014-09-30 04:15:00;213.01e-6
2014-09-30 04:30:00;229.29e-6
2014-09-30 04:45:00;252.29e-6
2014-09-30 05:00:00;287.27e-6
2014-09-30 05:15:00;322.55e-6
2014-09-30 05:30:00;380.12e-6
2014-09-30 05:45:00;391.00e-6
2014-09-30 06:00:00;414.47e-6
2014-09-30 06:15:00;423.31e-6
2014-09-30 06:30:00;425.93e-6
2014-09-30 06:45:00;416.66e-6
2014-09-30 07:00:00;407.91e-6
2014-09-30 07:15:00;389.06e-6
2014-09-30 07:30:00;370.08e-6
2014-09-30 07:45:00;350.65e-6
2014-09-30 08:00:00;336.45e-6
2014-09-30 08:15:00;328.01e-6
2014-09-30 08:30:00;326.06e-6
2014-09-30 08:45:00;326.07e-6
2014-09-30 09:00:00;327.70e-6
2014-09-30 09:15:00;327.84e-6
2014-09-30 09:30:00;329.73e-6
2014-09-30 09:45:00;337.18e-6
2014-09-30 10:00:00;351.84e-6
2014-09-30 10:15:00;369.81e-6
2014-09-30 10:30:00;375.99e-6
2014-09-30 10:45:00;372.14e-6
2014-09-30 11:00:00;357.30e-6
2014-09-30 11:15:00;347.43e-6
2014-09-30 11:30:00;340.30e-6
2014-09-30 11:45:00;338.87e-6
2014-09-30 12:00:00;337.52e-6
2014-09-30 12:15:00;338.95e-6
2014-09-30 12:30:00;341.65e-6
2014-09-30 12:45:00;345.66e-6
2014-09-30 13:00:00;350.36e-6
2014-09-30 13:15:00;351.65e-6
2014-09-30 13:30:00;349.57e-6
2014-09-30 13:45:00;344.83e-6
2014-09-30 14:00:00;337.51e-6
2014-09-30 14:15:00;328.33e-6
2014-09-30 14:30:00;320.26e-6
2014-09-30 14:45:00;313.01e-6
2014-09-30 15:00:00;308.68e-6
2014-09-30 15:15:00;300.77e-6
2014-09-30 15:30:00;306.51e-6
2014-09-30 15:45:00;316.24e-6
2014-09-30 16:00:00;329.85e-6
2014-09-30 16:15:00;345.76e-6
2014-09-30 16:30:00;365.97e-6
2014-09-30 16:45:00;393.16e-6
2014-09-30 17:00:00;420.79e-6
2014-09-30 17:15:00;453.34e-6
2014-09-30 17:30:00;484.56e-6
2014-09-30 17:45:00;512.54e-6
2014-09-30 18:00:00;529.14e-6
2014-09-30 18:15:00;539.15e-6
2014-09-30 18:30:00;553.48e-6
2014-09-30 18:45:00;552.90e-6
2014-09-30 19:00:00;549.63e-6
2014-09-30 19:15:00;540.30e-6
2014-09-30 19:30:00;525.53e-6
2014-09-30 19:45:00;508.11e-6
2014-09-30 20:00:00;491.61e-6
2014-09-30 20:15:00;473.57e-6
2014-09-30 20:30:00;454.36e-6
2014-09-30 20:45:00;432.84e-6
2014-09-30 21:00:00;408.76e-6
2014-09-30 21:15:00;380.32e-6
2014-09-30 21:30:00;349.36e-6
2014-09-30 21:45:00;316.72e-6
2014-09-30 22:00:00;284.27e-6
2014-09-30 22:15:00;248.91e-6
2014-09-30 22:30:00;221.72e-6
2014-09-30 22:45:00;197.03e-6
2014-09-30 23:00:00;171.75e-6
2014-09-30 23:15:00;157.20e-6
2014-09-30 23:30:00;147.70e-6
2014-09-30 23:45:00;141.54e-6
2014-10-01 00:00:00;140.82e-6
2014-10-01 00:15:00;143.52e-6
2014-10-01 00:30:00;148.89e-6
2014-10-01 00:45:00;161.84e-6
2014-10-01 01:00:00;175.98e-6
2014-10-01 01:15:00;187.23e-6
2014-10-01 01:30:00;195.87e-6
2014-10-01 01:45:00;200.09e-6
2014-10-01 02:00:00;198.38e-6
2014-10-01 02:15:00;191.65e-6
2014-10-01 02:30:00;184.46e-6
2014-10-01 02:45:00;180.13e-6
2014-10-01 03:00:00;183.44e-6
2014-10-01 03:15:00;185.10e-6
2014-10-01 03:30:00;191.02e-6
2014-10-01 03:45:00;196.77e-6
2014-10-01 04:00:00;202.82e-6
2014-10-01 04:15:00;213.81e-6
2014-10-01 04:30:00;230.15e-6
2014-10-01 04:45:00;253.24e-6
2014-10-01 05:00:00;288.34e-6
2014-10-01 05:15:00;323.76e-6
2014-10-01 05:30:00;381.55e-6
2014-10-01 05:45:00;392.47e-6
2014-10-01 06:00:00;416.02e-6
2014-10-01 06:15:00;424.90e-6
2014-10-01 06:30:00;427.53e-6
2014-10-01 06:45:00;418.22e-6
2014-10-01 07:00:00;409.44e-6
2014-10-01 07:15:00;390.52e-6
2014-10-01 07:30:00;371.47e-6
2014-10-01 07:45:00;351.97e-6
2014-10-01 08:00:00;337.71e-6
2014-10-01 08:15:00;329.24e-6
2014-10-01 08:30:00;327.28e-6
2014-10-01 08:45:00;327.29e-6
2014-10-01 09:00:00;328.93e-6
2014-10-01 09:15:00;329.07e-6
2014-10-01 09:30:00;330.97e-6
2014-10-01 09:45:00;338.45e-6
2014-10-01 10:00:00;353.16e-6
2014-10-01 10:15:00;371.20e-6
2014-10-01 10:30:00;377.40e-6
2014-10-01 10:45:00;373.53e-6
2014-10-01 11:00:00;358.64e-6
2014-10-01 11:15:00;348.73e-6
2014-10-01 11:30:00;341.57e-6
2014-10-01 11:45:00;340.14e-6
2014-10-01 12:00:00;338.79e-6
2014-10-01 12:15:00;340.22e-6
2014-10-01 12:30:00;342.93e-6
2014-10-01 12:45:00;346.95e-6
2014-10-01 13:00:00;351.68e-6
2014-10-01 13:15:00;352.97e-6
2014-10-01 13:30:00;350.89e-6
2014-10-01 13:45:00;346.12e-6
2014-10-01 14:00:00;338.77e-6
2014-10-01 14:15:00;329.56e-6
2014-10-01 14:30:00;321.46e-6
2014-10-01 14:45:00;314.18e-6
2014-10-01 15:00:00;309.84e-6
2014-10-01 15:15:00;301.90e-6
2014-10-01 15:30:00;307.66e-6
2014-10-01 15:45:00;317.43e-6
2014-10-01 16:00:00;331.09e-6
2014-10-01 16:15:00;347.06e-6
2014-10-01 16:30:00;367.34e-6
2014-10-01 16:45:00;394.63e-6
2014-10-01 17:00:00;422.36e-6
2014-10-01 17:15:00;455.04e-6
2014-10-01 17:30:00;486.38e-6
2014-10-01 17:45:00;514.46e-6
2014-10-01 18:00:00;531.13e-6
2014-10-01 18:15:00;541.18e-6
2014-10-01 18:30:00;555.56e-6
2014-10-01 18:45:00;554.97e-6
2014-10-01 19:00:00;551.69e-6
2014-10-01 19:15:00;542.32e-6
2014-10-01 19:30:00;527.50e-6
2014-10-01 19:45:00;510.01e-6
2014-10-01 20:00:00;493.45e-6
2014-10-01 20:15:00;475.34e-6
2014-10-01 20:30:00;456.07e-6
2014-10-01 20:45:00;434.46e-6
2014-10-01 21:00:00;410.30e-6
2014-10-01 21:15:00;381.75e-6
2014-10-01 21:30:00;350.67e-6
2014-10-01 21:45:00;317.91e-6
2014-10-01 22:00:00;285.34e-6
2014-10-01 22:15:00;249.84e-6
2014-10-01 22:30:00;222.55e-6
2014-10-01 22:45:00;197.77e-6
2014-10-01 23:00:00;172.39e-6
2014-10-01 23:15:00;157.79e-6
2014-10-01 23:30:00;148.26e-6
2014-10-01 23:45:00;142.08e-6
2014-10-02 00:00:00;141.36e-6
2014-10-02 00:15:00;144.06e-6
2014-10-02 00:30:00;149.46e-6
2014-10-02 00:45:00;162.45e-6
2014-10-02 01:00:00;176.64e-6
2014-10-02 01:15:00;187.94e-6
2014-10-02 01:30:00;196.61e-6
2014-10-02 01:45:00;200.85e-6
2014-10-02 02:00:00;199.13e-6
2014-10-02 02:15:00;192.38e-6
2014-10-02 02:30:00;185.15e-6
2014-10-02 02:45:00;180.81e-6
2014-10-02 03:00:00;184.14e-6
2014-10-02 03:15:00;185.80e-6
2014-10-02 03:30:00;191.74e-6
2014-10-02 03:45:00;197.51e-6
2014-10-02 04:00:00;203.58e-6
2014-10-02 04:15:00;214.61e-6
2014-10-02 04:30:00;231.02e-6
2014-10-02 04:45:00;254.19e-6
2014-10-02 05:00:00;289.43e-6
2014-10-02 05:15:00;324.99e-6
2014-10-02 05:30:00;382.99e-6
2014-10-02 05:45:00;393.95e-6
2014-10-02 06:00:00;417.59e-6
2014-10-02 06:15:00;426.50e-6
2014-10-02 06:30:00;429.14e-6
2014-10-02 06:45:00;419.80e-6
2014-10-02 07:00:00;410.98e-6
2014-10-02 07:15:00;391.99e-6
2014-10-02 07:30:00;372.87e-6
2014-10-02 07:45:00;353.29e-6
2014-10-02 08:00:00;338.99e-6
2014-10-02 08:15:00;330.48e-6
2014-10-02 08:30:00;328.52e-6
2014-10-02 08:45:00;328.53e-6
2014-10-02 09:00:00;330.17e-6
2014-10-02 09:15:00;330.31e-6
2014-10-02 09:30:00;332.22e-6
2014-10-02 09:45:00;339.72e-6
2014-10-02 10:00:00;354.49e-6
2014-10-02 10:15:00;372.60e-6
2014-10-02 10:30:00;378.82e-6
2014-10-02 10:45:00;374.94e-6
2014-10-02 11:00:00;359.99e-6
2014-10-02 11:15:00;350.05e-6
2014-10-02 11:30:00;342.86e-6
2014-10-02 11:45:00;341.42e-6
2014-10-02 12:00:00;340.07e-6
2014-10-02 12:15:00;341.50e-6
2014-10-02 12:30:00;344.22e-6
2014-10-02 12:45:00;348.26e-6
2014-10-02 13:00:00;353.00e-6
2014-10-02 13:15:00;354.30e-6
2014-10-02 13:30:00;352.21e-6
2014-10-02 13:45:00;347.43e-6
2014-10-02 14:00:00;340.05e-6
2014-10-02 14:15:00;330.81e-6
2014-10-02 14:30:00;322.68e-6
2014-10-02 14:45:00;315.37e-6
2014-10-02 15:00:00;311.01e-6
2014-10-02 15:15:00;303.04e-6
2014-10-02 15:30:00;308.82e-6
2014-10-02 15:45:00;318.62e-6
2014-10-02 16:00:00;332.34e-6
2014-10-02 16:15:00;348.37e-6
2014-10-02 16:30:00;368.73e-6
2014-10-02 16:45:00;396.12e-6
2014-10-02 17:00:00;423.96e-6
2014-10-02 17:15:00;456.76e-6
2014-10-02 17:30:00;488.21e-6
2014-10-02 17:45:00;516.41e-6
2014-10-02 18:00:00;533.13e-6
2014-10-02 18:15:00;543.22e-6
2014-10-02 18:30:00;557.65e-6
2014-10-02 18:45:00;557.07e-6
2014-10-02 19:00:00;553.78e-6
2014-10-02 19:15:00;544.37e-6
2014-10-02 19:30:00;529.49e-6
2014-10-02 19:45:00;511.94e-6
2014-10-02 20:00:00;495.31e-6
2014-10-02 20:15:00;477.14e-6
2014-10-02 20:30:00;457.79e-6
2014-10-02 20:45:00;436.10e-6
2014-10-02 21:00:00;411.85e-6
2014-10-02 21:15:00;383.19e-6
2014-10-02 21:30:00;351.99e-6
2014-10-02 21:45:00;319.11e-6
2014-10-02 22:00:00;286.41e-6
2014-10-02 22:15:00;250.79e-6
2014-10-02 22:30:00;223.39e-6
2014-10-02 22:45:00;198.51e-6
2014-10-02 23:00:00;223.93e-6
2014-10-02 23:15:00;202.83e-6
2014-10-02 23:30:00;185.30e-6
2014-10-02 23:45:00;172.43e-6
2014-10-03 00:00:00;164.65e-6
2014-10-03 00:15:00;162.82e-6
2014-10-03 00:30:00;163.62e-6
2014-10-03 00:45:00;174.12e-6
2014-10-03 01:00:00;185.95e-6
2014-10-03 01:15:00;195.94e-6
2014-10-03 01:30:00;203.76e-6
2014-10-03 01:45:00;208.18e-6
2014-10-03 02:00:00;206.05e-6
2014-10-03 02:15:00;198.07e-6
2014-10-03 02:30:00;192.09e-6
2014-10-03 02:45:00;189.17e-6
2014-10-03 03:00:00;194.34e-6
2014-10-03 03:15:00;197.81e-6
2014-10-03 03:30:00;200.67e-6
2014-10-03 03:45:00;191.00e-6
2014-10-03 04:00:00;183.84e-6
2014-10-03 04:15:00;178.20e-6
2014-10-03 04:30:00;176.98e-6
2014-10-03 04:45:00;182.59e-6
2014-10-03 05:00:00;201.23e-6
2014-10-03 05:15:00;225.10e-6
2014-10-03 05:30:00;266.73e-6
2014-10-03 05:45:00;281.37e-6
2014-10-03 06:00:00;316.87e-6
2014-10-03 06:15:00;348.44e-6
2014-10-03 06:30:00;393.52e-6
2014-10-03 06:45:00;433.93e-6
2014-10-03 07:00:00;473.71e-6
2014-10-03 07:15:00;504.33e-6
2014-10-03 07:30:00;521.93e-6
2014-10-03 07:45:00;538.69e-6
2014-10-03 08:00:00;551.62e-6
2014-10-03 08:15:00;562.11e-6
2014-10-03 08:30:00;569.02e-6
2014-10-03 08:45:00;576.71e-6
2014-10-03 09:00:00;587.13e-6
2014-10-03 09:15:00;600.15e-6
2014-10-03 09:30:00;616.10e-6
2014-10-03 09:45:00;640.69e-6
2014-10-03 10:00:00;675.37e-6
2014-10-03 10:15:00;720.34e-6
2014-10-03 10:30:00;728.67e-6
2014-10-03 10:45:00;703.80e-6
2014-10-03 11:00:00;649.58e-6
2014-10-03 11:15:00;596.99e-6
2014-10-03 11:30:00;557.37e-6
2014-10-03 11:45:00;535.09e-6
2014-10-03 12:00:00;510.70e-6
2014-10-03 12:15:00;493.02e-6
2014-10-03 12:30:00;479.28e-6
2014-10-03 12:45:00;469.98e-6
2014-10-03 13:00:00;464.26e-6
2014-10-03 13:15:00;457.92e-6
2014-10-03 13:30:00;450.61e-6
2014-10-03 13:45:00;442.74e-6
2014-10-03 14:00:00;433.80e-6
2014-10-03 14:15:00;424.10e-6
2014-10-03 14:30:00;415.88e-6
2014-10-03 14:45:00;408.23e-6
2014-10-03 15:00:00;403.63e-6
2014-10-03 15:15:00;394.20e-6
2014-10-03 15:30:00;400.90e-6
2014-10-03 15:45:00;410.82e-6
2014-10-03 16:00:00;420.07e-6
2014-10-03 16:15:00;434.18e-6
2014-10-03 16:30:00;451.64e-6
2014-10-03 16:45:00;473.09e-6
2014-10-03 17:00:00;496.35e-6
2014-10-03 17:15:00;521.29e-6
2014-10-03 17:30:00;543.53e-6
2014-10-03 17:45:00;558.87e-6
2014-10-03 18:00:00;561.29e-6
2014-10-03 18:15:00;559.03e-6
2014-10-03 18:30:00;546.93e-6
2014-10-03 18:45:00;542.38e-6
2014-10-03 19:00:00;540.10e-6
2014-10-03 19:15:00;528.58e-6
2014-10-03 19:30:00;512.12e-6
2014-10-03 19:45:00;498.02e-6
2014-10-03 20:00:00;478.65e-6
2014-10-03 20:15:00;465.02e-6
2014-10-03 20:30:00;447.87e-6
2014-10-03 20:45:00;429.75e-6
2014-10-03 21:00:00;408.87e-6
2014-10-03 21:15:00;383.96e-6
2014-10-03 21:30:00;356.50e-6
2014-10-03 21:45:00;327.82e-6
2014-10-03 22:00:00;298.42e-6
2014-10-03 22:15:00;268.88e-6
2014-10-03 22:30:00;241.06e-6
2014-10-03 22:45:00;215.62e-6
2014-10-03 23:00:00;205.04e-6
2014-10-03 23:15:00;184.17e-6
2014-10-03 23:30:00;169.04e-6
2014-10-03 23:45:00;156.67e-6
2014-10-04 00:00:00;149.98e-6
2014-10-04 00:15:00;149.84e-6
2014-10-04 00:30:00;152.95e-6
2014-10-04 00:45:00;165.52e-6
2014-10-04 01:00:00;177.87e-6
2014-10-04 01:15:00;188.00e-6
2014-10-04 01:30:00;195.95e-6
2014-10-04 01:45:00;198.77e-6
2014-10-04 02:00:00;195.86e-6
2014-10-04 02:15:00;187.48e-6
2014-10-04 02:30:00;179.41e-6
2014-10-04 02:45:00;173.61e-6
2014-10-04 03:00:00;175.22e-6
2014-10-04 03:15:00;179.04e-6
2014-10-04 03:30:00;182.73e-6
2014-10-04 03:45:00;178.45e-6
2014-10-04 04:00:00;175.16e-6
2014-10-04 04:15:00;174.21e-6
2014-10-04 04:30:00;177.61e-6
2014-10-04 04:45:00;187.90e-6
2014-10-04 05:00:00;211.35e-6
2014-10-04 05:15:00;239.54e-6
2014-10-04 05:30:00;286.54e-6
2014-10-04 05:45:00;303.52e-6
2014-10-04 06:00:00;335.67e-6
2014-10-04 06:15:00;357.40e-6
2014-10-04 06:30:00;380.22e-6
2014-10-04 06:45:00;394.45e-6
2014-10-04 07:00:00;411.09e-6
2014-10-04 07:15:00;414.95e-6
2014-10-04 07:30:00;411.14e-6
2014-10-04 07:45:00;415.13e-6
2014-10-04 08:00:00;422.59e-6
2014-10-04 08:15:00;429.44e-6
2014-10-04 08:30:00;435.21e-6
2014-10-04 08:45:00;439.93e-6
2014-10-04 09:00:00;445.73e-6
2014-10-04 09:15:00;451.48e-6
2014-10-04 09:30:00;457.36e-6
2014-10-04 09:45:00;472.85e-6
2014-10-04 10:00:00;498.26e-6
2014-10-04 10:15:00;534.13e-6
2014-10-04 10:30:00;550.40e-6
2014-10-04 10:45:00;543.94e-6
2014-10-04 11:00:00;511.10e-6
2014-10-04 11:15:00;475.77e-6
2014-10-04 11:30:00;451.95e-6
2014-10-04 11:45:00;441.60e-6
2014-10-04 12:00:00;430.51e-6
2014-10-04 12:15:00;425.57e-6
2014-10-04 12:30:00;424.76e-6
2014-10-04 12:45:00;428.30e-6
2014-10-04 13:00:00;435.22e-6
2014-10-04 13:15:00;440.84e-6
2014-10-04 13:30:00;444.50e-6
2014-10-04 13:45:00;446.19e-6
2014-10-04 14:00:00;445.33e-6
2014-10-04 14:15:00;442.44e-6
2014-10-04 14:30:00;440.07e-6
2014-10-04 14:45:00;437.65e-6
2014-10-04 15:00:00;437.76e-6
2014-10-04 15:15:00;433.43e-6
2014-10-04 15:30:00;443.78e-6
2014-10-04 15:45:00;455.25e-6
2014-10-04 16:00:00;467.61e-6
2014-10-04 16:15:00;483.78e-6
2014-10-04 16:30:00;501.42e-6
2014-10-04 16:45:00;523.64e-6
2014-10-04 17:00:00;545.70e-6
2014-10-04 17:15:00;566.98e-6
2014-10-04 17:30:00;586.60e-6
2014-10-04 17:45:00;597.35e-6
2014-10-04 18:00:00;595.50e-6
2014-10-04 18:15:00;589.04e-6
2014-10-04 18:30:00;579.63e-6
2014-10-04 18:45:00;571.43e-6
2014-10-04 19:00:00;563.40e-6
2014-10-04 19:15:00;548.09e-6
2014-10-04 19:30:00;527.77e-6
2014-10-04 19:45:00;509.71e-6
2014-10-04 20:00:00;490.42e-6
2014-10-04 20:15:00;480.54e-6
2014-10-04 20:30:00;467.32e-6
2014-10-04 20:45:00;454.75e-6
2014-10-04 21:00:00;440.68e-6
2014-10-04 21:15:00;422.46e-6
2014-10-04 21:30:00;400.34e-6
2014-10-04 21:45:00;374.92e-6
2014-10-04 22:00:00;345.50e-6
2014-10-04 22:15:00;316.46e-6
2014-10-04 22:30:00;280.51e-6
2014-10-04 22:45:00;253.69e-6
2014-10-04 23:00:00;225.65e-6
2014-10-04 23:15:00;204.38e-6
2014-10-04 23:30:00;186.71e-6
2014-10-04 23:45:00;173.75e-6
2014-10-05 00:00:00;165.91e-6
2014-10-05 00:15:00;164.07e-6
2014-10-05 00:30:00;164.87e-6
2014-10-05 00:45:00;175.46e-6
2014-10-05 01:00:00;187.38e-6
2014-10-05 01:15:00;197.44e-6
2014-10-05 01:30:00;205.32e-6
2014-10-05 01:45:00;209.78e-6
2014-10-05 02:00:00;207.63e-6
2014-10-05 02:15:00;199.59e-6
2014-10-05 02:30:00;193.56e-6
2014-10-05 02:45:00;190.62e-6
2014-10-05 03:00:00;195.83e-6
2014-10-05 03:15:00;199.33e-6
2014-10-05 03:30:00;202.20e-6
2014-10-05 03:45:00;192.47e-6
2014-10-05 04:00:00;185.25e-6
2014-10-05 04:15:00;179.57e-6
2014-10-05 04:30:00;178.33e-6
2014-10-05 04:45:00;183.99e-6
2014-10-05 05:00:00;202.77e-6
2014-10-05 05:15:00;226.83e-6
2014-10-05 05:30:00;268.77e-6
2014-10-05 05:45:00;283.52e-6
2014-10-05 06:00:00;319.30e-6
2014-10-05 06:15:00;351.11e-6
2014-10-05 06:30:00;396.54e-6
2014-10-05 06:45:00;437.26e-6
2014-10-05 07:00:00;477.34e-6
2014-10-05 07:15:00;508.19e-6
2014-10-05 07:30:00;525.93e-6
2014-10-05 07:45:00;542.81e-6
2014-10-05 08:00:00;555.84e-6
2014-10-05 08:15:00;566.41e-6
2014-10-05 08:30:00;573.37e-6
2014-10-05 08:45:00;581.13e-6
2014-10-05 09:00:00;591.62e-6
2014-10-05 09:15:00;604.74e-6
2014-10-05 09:30:00;620.82e-6
2014-10-05 09:45:00;645.59e-6
2014-10-05 10:00:00;680.54e-6
2014-10-05 10:15:00;725.86e-6
2014-10-05 10:30:00;734.25e-6
2014-10-05 10:45:00;709.19e-6
2014-10-05 11:00:00;654.55e-6
2014-10-05 11:15:00;601.56e-6
2014-10-05 11:30:00;561.63e-6
2014-10-05 11:45:00;539.18e-6
2014-10-05 12:00:00;514.61e-6
2014-10-05 12:15:00;496.80e-6
2014-10-05 12:30:00;482.95e-6
2014-10-05 12:45:00;473.58e-6
2014-10-05 13:00:00;467.81e-6
2014-10-05 13:15:00;461.42e-6
2014-10-05 13:30:00;454.06e-6
2014-10-05 13:45:00;446.13e-6
2014-10-05 14:00:00;437.13e-6
2014-10-05 14:15:00;427.34e-6
2014-10-05 14:30:00;419.06e-6
2014-10-05 14:45:00;411.35e-6
2014-10-05 15:00:00;406.73e-6
2014-10-05 15:15:00;397.22e-6
2014-10-05 15:30:00;403.97e-6
2014-10-05 15:45:00;413.96e-6
2014-10-05 16:00:00;423.28e-6
2014-10-05 16:15:00;437.51e-6
2014-10-05 16:30:00;455.10e-6
2014-10-05 16:45:00;476.72e-6
2014-10-05 17:00:00;500.15e-6
2014-10-05 17:15:00;525.28e-6
2014-10-05 17:30:00;547.69e-6
2014-10-05 17:45:00;563.15e-6
2014-10-05 18:00:00;565.59e-6
2014-10-05 18:15:00;563.32e-6
2014-10-05 18:30:00;551.12e-6
2014-10-05 18:45:00;546.53e-6
2014-10-05 19:00:00;544.24e-6
2014-10-05 19:15:00;532.63e-6
2014-10-05 19:30:00;516.05e-6
2014-10-05 19:45:00;501.84e-6
2014-10-05 20:00:00;482.32e-6
2014-10-05 20:15:00;468.58e-6
2014-10-05 20:30:00;451.30e-6
2014-10-05 20:45:00;433.04e-6
2014-10-05 21:00:00;412.00e-6
2014-10-05 21:15:00;386.90e-6
2014-10-05 21:30:00;359.23e-6
2014-10-05 21:45:00;330.33e-6
2014-10-05 22:00:00;300.71e-6
2014-10-05 22:15:00;270.94e-6
2014-10-05 22:30:00;242.91e-6
2014-10-05 22:45:00;217.28e-6
2014-10-05 23:00:00;175.04e-6
2014-10-05 23:15:00;160.22e-6
2014-10-05 23:30:00;150.53e-6
2014-10-05 23:45:00;144.26e-6
2014-10-06 00:00:00;143.53e-6
2014-10-06 00:15:00;146.27e-6
2014-10-06 00:30:00;151.75e-6
2014-10-06 00:45:00;164.95e-6
2014-10-06 01:00:00;179.35e-6
2014-10-06 01:15:00;190.83e-6
2014-10-06 01:30:00;199.63e-6
2014-10-06 01:45:00;203.94e-6
2014-10-06 02:00:00;202.19e-6
2014-10-06 02:15:00;195.34e-6
2014-10-06 02:30:00;188.00e-6
2014-10-06 02:45:00;183.59e-6
2014-10-06 03:00:00;186.97e-6
2014-10-06 03:15:00;188.65e-6
2014-10-06 03:30:00;194.69e-6
2014-10-06 03:45:00;200.55e-6
2014-10-06 04:00:00;206.71e-6
2014-10-06 04:15:00;217.91e-6
2014-10-06 04:30:00;234.57e-6
2014-10-06 04:45:00;258.10e-6
2014-10-06 05:00:00;293.88e-6
2014-10-06 05:15:00;329.98e-6
2014-10-06 05:30:00;388.87e-6
2014-10-06 05:45:00;400.00e-6
2014-10-06 06:00:00;424.01e-6
2014-10-06 06:15:00;433.06e-6
2014-10-06 06:30:00;435.74e-6
2014-10-06 06:45:00;426.26e-6
2014-10-06 07:00:00;417.30e-6
2014-10-06 07:15:00;398.02e-6
2014-10-06 07:30:00;378.60e-6
2014-10-06 07:45:00;358.73e-6
2014-10-06 08:00:00;344.20e-6
2014-10-06 08:15:00;335.56e-6
2014-10-06 08:30:00;333.57e-6
2014-10-06 08:45:00;333.58e-6
2014-10-06 09:00:00;335.24e-6
2014-10-06 09:15:00;335.39e-6
2014-10-06 09:30:00;337.32e-6
2014-10-06 09:45:00;344.95e-6
2014-10-06 10:00:00;359.94e-6
2014-10-06 10:15:00;378.33e-6
2014-10-06 10:30:00;384.65e-6
2014-10-06 10:45:00;380.71e-6
2014-10-06 11:00:00;365.53e-6
2014-10-06 11:15:00;355.43e-6
2014-10-06 11:30:00;348.13e-6
2014-10-06 11:45:00;346.67e-6
2014-10-06 12:00:00;345.30e-6
2014-10-06 12:15:00;346.75e-6
2014-10-06 12:30:00;349.52e-6
2014-10-06 12:45:00;353.62e-6
2014-10-06 13:00:00;358.43e-6
2014-10-06 13:15:00;359.75e-6
2014-10-06 13:30:00;357.62e-6
2014-10-06 13:45:00;352.77e-6
2014-10-06 14:00:00;345.28e-6
2014-10-06 14:15:00;335.89e-6
2014-10-06 14:30:00;327.64e-6
2014-10-06 14:45:00;320.21e-6
2014-10-06 15:00:00;315.79e-6
2014-10-06 15:15:00;307.70e-6
2014-10-06 15:30:00;313.57e-6
2014-10-06 15:45:00;323.52e-6
2014-10-06 16:00:00;337.45e-6
2014-10-06 16:15:00;353.72e-6
2014-10-06 16:30:00;374.40e-6
2014-10-06 16:45:00;402.21e-6
2014-10-06 17:00:00;430.47e-6
2014-10-06 17:15:00;463.78e-6
2014-10-06 17:30:00;495.72e-6
2014-10-06 17:45:00;524.34e-6
2014-10-06 18:00:00;541.33e-6
2014-10-06 18:15:00;551.57e-6
2014-10-06 18:30:00;566.23e-6
2014-10-06 18:45:00;565.63e-6
2014-10-06 19:00:00;562.29e-6
2014-10-06 19:15:00;552.74e-6
2014-10-06 19:30:00;537.63e-6
2014-10-06 19:45:00;519.81e-6
2014-10-06 20:00:00;502.93e-6
2014-10-06 20:15:00;484.47e-6
2014-10-06 20:30:00;464.82e-6
2014-10-06 20:45:00;442.80e-6
2014-10-06 21:00:00;418.18e-6
2014-10-06 21:15:00;389.08e-6
2014-10-06 21:30:00;357.40e-6
2014-10-06 21:45:00;324.02e-6
2014-10-06 22:00:00;290.82e-6
2014-10-06 22:15:00;254.64e-6
2014-10-06 22:30:00;226.83e-6
2014-10-06 22:45:00;201.56e-6
2014-10-06 23:00:00;175.72e-6
2014-10-06 23:15:00;160.84e-6
2014-10-06 23:30:00;151.12e-6
2014-10-06 23:45:00;144.82e-6
2014-10-07 00:00:00;144.08e-6
2014-10-07 00:15:00;146.84e-6
2014-10-07 00:30:00;152.34e-6
2014-10-07 00:45:00;165.58e-6
2014-10-07 01:00:00;180.05e-6
2014-10-07 01:15:00;191.57e-6
2014-10-07 01:30:00;200.40e-6
2014-10-07 01:45:00;204.73e-6
2014-10-07 02:00:00;202.97e-6
2014-10-07 02:15:00;196.09e-6
2014-10-07 02:30:00;188.73e-6
2014-10-07 02:45:00;184.30e-6
2014-10-07 03:00:00;187.69e-6
2014-10-07 03:15:00;189.38e-6
2014-10-07 03:30:00;195.44e-6
2014-10-07 03:45:00;201.32e-6
2014-10-07 04:00:00;207.51e-6
2014-10-07 04:15:00;218.75e-6
2014-10-07 04:30:00;235.47e-6
2014-10-07 04:45:00;259.10e-6
2014-10-07 05:00:00;295.02e-6
2014-10-07 05:15:00;331.26e-6
2014-10-07 05:30:00;390.38e-6
2014-10-07 05:45:00;401.55e-6
2014-10-07 06:00:00;425.65e-6
2014-10-07 06:15:00;434.73e-6
2014-10-07 06:30:00;437.42e-6
2014-10-07 06:45:00;427.90e-6
2014-10-07 07:00:00;418.92e-6
2014-10-07 07:15:00;399.55e-6
2014-10-07 07:30:00;380.06e-6
2014-10-07 07:45:00;360.11e-6
2014-10-07 08:00:00;345.53e-6
2014-10-07 08:15:00;336.86e-6
2014-10-07 08:30:00;334.86e-6
2014-10-07 08:45:00;334.87e-6
2014-10-07 09:00:00;336.54e-6
2014-10-07 09:15:00;336.69e-6
2014-10-07 09:30:00;338.63e-6
2014-10-07 09:45:00;346.28e-6
2014-10-07 10:00:00;361.33e-6
2014-10-07 10:15:00;379.79e-6
2014-10-07 10:30:00;386.13e-6
2014-10-07 10:45:00;382.18e-6
2014-10-07 11:00:00;366.94e-6
2014-10-07 11:15:00;356.80e-6
2014-10-07 11:30:00;349.48e-6
2014-10-07 11:45:00;348.01e-6
2014-10-07 12:00:00;346.63e-6
2014-10-07 12:15:00;348.09e-6
2014-10-07 12:30:00;350.87e-6
2014-10-07 12:45:00;354.98e-6
2014-10-07 13:00:00;359.82e-6
2014-10-07 13:15:00;361.14e-6
2014-10-07 13:30:00;359.01e-6
2014-10-07 13:45:00;354.13e-6
2014-10-07 14:00:00;346.61e-6
2014-10-07 14:15:00;337.19e-6
2014-10-07 14:30:00;328.90e-6
2014-10-07 14:45:00;321.45e-6
2014-10-07 15:00:00;317.01e-6
2014-10-07 15:15:00;308.88e-6
2014-10-07 15:30:00;314.78e-6
2014-10-07 15:45:00;324.77e-6
2014-10-07 16:00:00;338.75e-6
2014-10-07 16:15:00;355.09e-6
2014-10-07 16:30:00;375.85e-6
2014-10-07 16:45:00;403.76e-6
2014-10-07 17:00:00;432.14e-6
2014-10-07 17:15:00;465.57e-6
2014-10-07 17:30:00;497.63e-6
2014-10-07 17:45:00;526.37e-6
2014-10-07 18:00:00;543.42e-6
2014-10-07 18:15:00;553.70e-6
2014-10-07 18:30:00;568.41e-6
2014-10-07 18:45:00;567.82e-6
2014-10-07 19:00:00;564.46e-6
2014-10-07 19:15:00;554.87e-6
2014-10-07 19:30:00;539.71e-6
2014-10-07 19:45:00;521.82e-6
2014-10-07 20:00:00;504.87e-6
2014-10-07 20:15:00;486.34e-6
2014-10-07 20:30:00;466.62e-6
2014-10-07 20:45:00;444.51e-6
2014-10-07 21:00:00;419.79e-6
2014-10-07 21:15:00;390.58e-6
2014-10-07 21:30:00;358.78e-6
2014-10-07 21:45:00;325.27e-6
2014-10-07 22:00:00;291.94e-6
2014-10-07 22:15:00;255.62e-6
2014-10-07 22:30:00;227.71e-6
2014-10-07 22:45:00;202.34e-6
2014-10-07 23:00:00;176.40e-6
2014-10-07 23:15:00;161.46e-6
2014-10-07 23:30:00;151.70e-6
2014-10-07 23:45:00;145.38e-6
2014-10-08 00:00:00;144.64e-6
2014-10-08 00:15:00;147.41e-6
2014-10-08 00:30:00;152.93e-6
2014-10-08 00:45:00;166.23e-6
2014-10-08 01:00:00;180.75e-6
2014-10-08 01:15:00;192.31e-6
2014-10-08 01:30:00;201.18e-6
2014-10-08 01:45:00;205.52e-6
2014-10-08 02:00:00;203.76e-6
2014-10-08 02:15:00;196.85e-6
2014-10-08 02:30:00;189.46e-6
2014-10-08 02:45:00;185.02e-6
2014-10-08 03:00:00;188.42e-6
2014-10-08 03:15:00;190.12e-6
2014-10-08 03:30:00;196.20e-6
2014-10-08 03:45:00;202.10e-6
2014-10-08 04:00:00;208.32e-6
2014-10-08 04:15:00;219.60e-6
2014-10-08 04:30:00;236.39e-6
2014-10-08 04:45:00;260.10e-6
2014-10-08 05:00:00;296.16e-6
2014-10-08 05:15:00;332.54e-6
2014-10-08 05:30:00;391.89e-6
2014-10-08 05:45:00;403.11e-6
2014-10-08 06:00:00;427.30e-6
2014-10-08 06:15:00;436.42e-6
2014-10-08 06:30:00;439.12e-6
2014-10-08 06:45:00;429.56e-6
2014-10-08 07:00:00;420.54e-6
2014-10-08 07:15:00;401.11e-6
2014-10-08 07:30:00;381.54e-6
2014-10-08 07:45:00;361.51e-6
2014-10-08 08:00:00;346.87e-6
2014-10-08 08:15:00;338.17e-6
2014-10-08 08:30:00;336.16e-6
2014-10-08 08:45:00;336.17e-6
2014-10-08 09:00:00;337.84e-6
2014-10-08 09:15:00;337.99e-6
2014-10-08 09:30:00;339.94e-6
2014-10-08 09:45:00;347.62e-6
2014-10-08 10:00:00;362.73e-6
2014-10-08 10:15:00;381.26e-6
2014-10-08 10:30:00;387.63e-6
2014-10-08 10:45:00;383.66e-6
2014-10-08 11:00:00;368.36e-6
2014-10-08 11:15:00;358.19e-6
2014-10-08 11:30:00;350.83e-6
2014-10-08 11:45:00;349.36e-6
2014-10-08 12:00:00;347.98e-6
2014-10-08 12:15:00;349.44e-6
2014-10-08 12:30:00;352.23e-6
2014-10-08 12:45:00;356.36e-6
2014-10-08 13:00:00;361.21e-6
2014-10-08 13:15:00;362.54e-6
2014-10-08 13:30:00;360.40e-6
2014-10-08 13:45:00;355.51e-6
2014-10-08 14:00:00;347.96e-6
2014-10-08 14:15:00;338.50e-6
2014-10-08 14:30:00;330.18e-6
2014-10-08 14:45:00;322.70e-6
2014-10-08 15:00:00;318.24e-6
2014-10-08 15:15:00;310.08e-6
2014-10-08 15:30:00;316.00e-6
2014-10-08 15:45:00;326.03e-6
2014-10-08 16:00:00;340.07e-6
2014-10-08 16:15:00;356.47e-6
2014-10-08 16:30:00;377.30e-6
2014-10-08 16:45:00;405.33e-6
2014-10-08 17:00:00;433.82e-6
2014-10-08 17:15:00;467.38e-6
2014-10-08 17:30:00;499.56e-6
2014-10-08 17:45:00;528.41e-6
2014-10-08 18:00:00;545.53e-6
2014-10-08 18:15:00;555.85e-6
2014-10-08 18:30:00;570.62e-6
2014-10-08 18:45:00;570.02e-6
2014-10-08 19:00:00;566.65e-6
2014-10-08 19:15:00;557.03e-6
2014-10-08 19:30:00;541.80e-6
2014-10-08 19:45:00;523.84e-6
2014-10-08 20:00:00;506.83e-6
2014-10-08 20:15:00;488.23e-6
2014-10-08 20:30:00;468.43e-6
2014-10-08 20:45:00;446.24e-6
2014-10-08 21:00:00;421.42e-6
2014-10-08 21:15:00;392.10e-6
2014-10-08 21:30:00;360.18e-6
2014-10-08 21:45:00;326.53e-6
2014-10-08 22:00:00;293.07e-6
2014-10-08 22:15:00;256.62e-6
2014-10-08 22:30:00;228.59e-6
2014-10-08 22:45:00;203.13e-6
2014-10-08 23:00:00;177.09e-6
2014-10-08 23:15:00;162.09e-6
2014-10-08 23:30:00;152.29e-6
2014-10-08 23:45:00;145.94e-6
2014-10-09 00:00:00;145.21e-6
2014-10-09 00:15:00;147.98e-6
2014-10-09 00:30:00;153.53e-6
2014-10-09 00:45:00;166.87e-6
2014-10-09 01:00:00;181.45e-6
2014-10-09 01:15:00;193.06e-6
2014-10-09 01:30:00;201.97e-6
2014-10-09 01:45:00;206.32e-6
2014-10-09 02:00:00;204.55e-6
2014-10-09 02:15:00;197.62e-6
2014-10-09 02:30:00;190.20e-6
2014-10-09 02:45:00;185.74e-6
2014-10-09 03:00:00;189.15e-6
2014-10-09 03:15:00;190.86e-6
2014-10-09 03:30:00;196.97e-6
2014-10-09 03:45:00;202.89e-6
2014-10-09 04:00:00;209.13e-6
2014-10-09 04:15:00;220.46e-6
2014-10-09 04:30:00;237.31e-6
2014-10-09 04:45:00;261.11e-6
2014-10-09 05:00:00;297.31e-6
2014-10-09 05:15:00;333.84e-6
2014-10-09 05:30:00;393.42e-6
2014-10-09 05:45:00;404.68e-6
2014-10-09 06:00:00;428.97e-6
2014-10-09 06:15:00;438.12e-6
2014-10-09 06:30:00;440.83e-6
2014-10-09 06:45:00;431.24e-6
2014-10-09 07:00:00;422.18e-6
2014-10-09 07:15:00;402.67e-6
2014-10-09 07:30:00;383.03e-6
2014-10-09 07:45:00;362.92e-6
2014-10-09 08:00:00;348.22e-6
2014-10-09 08:15:00;339.48e-6
2014-10-09 08:30:00;337.47e-6
2014-10-09 08:45:00;337.48e-6
2014-10-09 09:00:00;339.16e-6
2014-10-09 09:15:00;339.31e-6
2014-10-09 09:30:00;341.26e-6
2014-10-09 09:45:00;348.98e-6
2014-10-09 10:00:00;364.15e-6
2014-10-09 10:15:00;382.75e-6
2014-10-09 10:30:00;389.14e-6
2014-10-09 10:45:00;385.15e-6
2014-10-09 11:00:00;369.80e-6
2014-10-09 11:15:00;359.58e-6
2014-10-09 11:30:00;352.20e-6
2014-10-09 11:45:00;350.72e-6
2014-10-09 12:00:00;349.33e-6
2014-10-09 12:15:00;350.80e-6
2014-10-09 12:30:00;353.60e-6
2014-10-09 12:45:00;357.75e-6
2014-10-09 13:00:00;362.62e-6
2014-10-09 13:15:00;363.95e-6
2014-10-09 13:30:00;361.80e-6
2014-10-09 13:45:00;356.89e-6
2014-10-09 14:00:00;349.31e-6
2014-10-09 14:15:00;339.82e-6
2014-10-09 14:30:00;331.46e-6
2014-10-09 14:45:00;323.96e-6
2014-10-09 15:00:00;319.48e-6
2014-10-09 15:15:00;311.29e-6
2014-10-09 15:30:00;317.23e-6
2014-10-09 15:45:00;327.30e-6
2014-10-09 16:00:00;341.39e-6
2014-10-09 16:15:00;357.86e-6
2014-10-09 16:30:00;378.77e-6
2014-10-09 16:45:00;406.91e-6
2014-10-09 17:00:00;435.50e-6
2014-10-09 17:15:00;469.20e-6
2014-10-09 17:30:00;501.51e-6
2014-10-09 17:45:00;530.47e-6
2014-10-09 18:00:00;547.65e-6
2014-10-09 18:15:00;558.01e-6
2014-10-09 18:30:00;572.84e-6
2014-10-09 18:45:00;572.24e-6
2014-10-09 19:00:00;568.86e-6
2014-10-09 19:15:00;559.20e-6
2014-10-09 19:30:00;543.91e-6
2014-10-09 19:45:00;525.88e-6
2014-10-09 20:00:00;508.81e-6
2014-10-09 20:15:00;490.13e-6
2014-10-09 20:30:00;470.26e-6
2014-10-09 20:45:00;447.98e-6
2014-10-09 21:00:00;423.06e-6
2014-10-09 21:15:00;393.63e-6
2014-10-09 21:30:00;361.58e-6
2014-10-09 21:45:00;327.80e-6
2014-10-09 22:00:00;294.22e-6
2014-10-09 22:15:00;257.62e-6
2014-10-09 22:30:00;229.48e-6
2014-10-09 22:45:00;203.92e-6
2014-10-09 23:00:00;177.78e-6
2014-10-09 23:15:00;162.72e-6
2014-10-09 23:30:00;152.89e-6
2014-10-09 23:45:00;146.52e-6
2014-10-10 00:00:00;145.77e-6
2014-10-10 00:15:00;148.56e-6
2014-10-10 00:30:00;154.13e-6
2014-10-10 00:45:00;167.53e-6
2014-10-10 01:00:00;182.16e-6
2014-10-10 01:15:00;193.81e-6
2014-10-10 01:30:00;202.75e-6
2014-10-10 01:45:00;207.13e-6
2014-10-10 02:00:00;205.35e-6
2014-10-10 02:15:00;198.39e-6
2014-10-10 02:30:00;190.94e-6
2014-10-10 02:45:00;186.46e-6
2014-10-10 03:00:00;189.89e-6
2014-10-10 03:15:00;191.60e-6
2014-10-10 03:30:00;197.73e-6
2014-10-10 03:45:00;203.68e-6
2014-10-10 04:00:00;209.95e-6
2014-10-10 04:15:00;221.32e-6
2014-10-10 04:30:00;238.24e-6
2014-10-10 04:45:00;262.14e-6
2014-10-10 05:00:00;298.48e-6
2014-10-10 05:15:00;335.14e-6
2014-10-10 05:30:00;394.96e-6
2014-10-10 05:45:00;406.26e-6
2014-10-10 06:00:00;430.64e-6
2014-10-10 06:15:00;439.83e-6
2014-10-10 06:30:00;442.55e-6
2014-10-10 06:45:00;432.92e-6
2014-10-10 07:00:00;423.83e-6
2014-10-10 07:15:00;404.24e-6
2014-10-10 07:30:00;384.52e-6
2014-10-10 07:45:00;364.34e-6
2014-10-10 08:00:00;349.58e-6
2014-10-10 08:15:00;340.81e-6
2014-10-10 08:30:00;338.79e-6
2014-10-10 08:45:00;338.79e-6
2014-10-10 09:00:00;340.48e-6
2014-10-10 09:15:00;340.64e-6
2014-10-10 09:30:00;342.60e-6
2014-10-10 09:45:00;350.34e-6
2014-10-10 10:00:00;365.57e-6
2014-10-10 10:15:00;384.24e-6
2014-10-10 10:30:00;390.66e-6
2014-10-10 10:45:00;386.66e-6
2014-10-10 11:00:00;371.24e-6
2014-10-10 11:15:00;360.99e-6
2014-10-10 11:30:00;353.58e-6
2014-10-10 11:45:00;352.09e-6
2014-10-10 12:00:00;350.70e-6
2014-10-10 12:15:00;352.18e-6
2014-10-10 12:30:00;354.98e-6
2014-10-10 12:45:00;359.15e-6
2014-10-10 13:00:00;364.04e-6
2014-10-10 13:15:00;365.37e-6
2014-10-10 13:30:00;363.22e-6
2014-10-10 13:45:00;358.29e-6
2014-10-10 14:00:00;350.68e-6
2014-10-10 14:15:00;341.14e-6
2014-10-10 14:30:00;332.76e-6
2014-10-10 14:45:00;325.22e-6
2014-10-10 15:00:00;320.73e-6
2014-10-10 15:15:00;312.51e-6
2014-10-10 15:30:00;318.47e-6
2014-10-10 15:45:00;328.58e-6
2014-10-10 16:00:00;342.72e-6
2014-10-10 16:15:00;359.25e-6
2014-10-10 16:30:00;380.25e-6
2014-10-10 16:45:00;408.50e-6
2014-10-10 17:00:00;437.21e-6
2014-10-10 17:15:00;471.03e-6
2014-10-10 17:30:00;503.47e-6
2014-10-10 17:45:00;532.54e-6
2014-10-10 18:00:00;549.79e-6
2014-10-10 18:15:00;560.19e-6
2014-10-10 18:30:00;575.08e-6
2014-10-10 18:45:00;574.47e-6
2014-10-10 19:00:00;571.08e-6
2014-10-10 19:15:00;561.38e-6
2014-10-10 19:30:00;546.04e-6
2014-10-10 19:45:00;527.94e-6
2014-10-10 20:00:00;510.79e-6
2014-10-10 20:15:00;492.05e-6
2014-10-10 20:30:00;472.09e-6
2014-10-10 20:45:00;449.73e-6
2014-10-10 21:00:00;424.72e-6
2014-10-10 21:15:00;395.17e-6
2014-10-10 21:30:00;362.99e-6
2014-10-10 21:45:00;329.08e-6
2014-10-10 22:00:00;295.37e-6
2014-10-10 22:15:00;258.62e-6
2014-10-10 22:30:00;230.38e-6
2014-10-10 22:45:00;204.72e-6
2014-10-10 23:00:00;210.67e-6
2014-10-10 23:15:00;189.23e-6
2014-10-10 23:30:00;173.68e-6
2014-10-10 23:45:00;160.97e-6
2014-10-11 00:00:00;154.10e-6
2014-10-11 00:15:00;153.96e-6
2014-10-11 00:30:00;157.15e-6
2014-10-11 00:45:00;170.07e-6
2014-10-11 01:00:00;182.76e-6
2014-10-11 01:15:00;193.16e-6
2014-10-11 01:30:00;201.33e-6
2014-10-11 01:45:00;204.23e-6
2014-10-11 02:00:00;201.24e-6
2014-10-11 02:15:00;192.62e-6
2014-10-11 02:30:00;184.34e-6
2014-10-11 02:45:00;178.38e-6
2014-10-11 03:00:00;180.03e-6
2014-10-11 03:15:00;183.96e-6
2014-10-11 03:30:00;187.74e-6
2014-10-11 03:45:00;183.35e-6
2014-10-11 04:00:00;179.97e-6
2014-10-11 04:15:00;178.99e-6
2014-10-11 04:30:00;182.49e-6
2014-10-11 04:45:00;193.06e-6
2014-10-11 05:00:00;217.16e-6
2014-10-11 05:15:00;246.12e-6
2014-10-11 05:30:00;294.41e-6
2014-10-11 05:45:00;311.86e-6
2014-10-11 06:00:00;344.88e-6
2014-10-11 06:15:00;367.22e-6
2014-10-11 06:30:00;390.66e-6
2014-10-11 06:45:00;405.29e-6
2014-10-11 07:00:00;422.38e-6
2014-10-11 07:15:00;426.35e-6
2014-10-11 07:30:00;422.44e-6
2014-10-11 07:45:00;426.53e-6
2014-10-11 08:00:00;434.20e-6
2014-10-11 08:15:00;441.23e-6
2014-10-11 08:30:00;447.16e-6
2014-10-11 08:45:00;452.01e-6
2014-10-11 09:00:00;457.97e-6
2014-10-11 09:15:00;463.88e-6
2014-10-11 09:30:00;469.92e-6
2014-10-11 09:45:00;485.83e-6
2014-10-11 10:00:00;511.94e-6
2014-10-11 10:15:00;548.80e-6
2014-10-11 10:30:00;565.52e-6
2014-10-11 10:45:00;558.88e-6
2014-10-11 11:00:00;525.13e-6
2014-10-11 11:15:00;488.83e-6
2014-10-11 11:30:00;464.36e-6
2014-10-11 11:45:00;453.73e-6
2014-10-11 12:00:00;442.33e-6
2014-10-11 12:15:00;437.25e-6
2014-10-11 12:30:00;436.42e-6
2014-10-11 12:45:00;440.07e-6
2014-10-11 13:00:00;447.17e-6
2014-10-11 13:15:00;452.95e-6
2014-10-11 13:30:00;456.70e-6
2014-10-11 13:45:00;458.44e-6
2014-10-11 14:00:00;457.56e-6
2014-10-11 14:15:00;454.59e-6
2014-10-11 14:30:00;452.15e-6
2014-10-11 14:45:00;449.67e-6
2014-10-11 15:00:00;449.78e-6
2014-10-11 15:15:00;445.33e-6
2014-10-11 15:30:00;455.97e-6
2014-10-11 15:45:00;467.75e-6
2014-10-11 16:00:00;480.45e-6
2014-10-11 16:15:00;497.07e-6
2014-10-11 16:30:00;515.19e-6
2014-10-11 16:45:00;538.02e-6
2014-10-11 17:00:00;560.69e-6
2014-10-11 17:15:00;582.55e-6
2014-10-11 17:30:00;602.71e-6
2014-10-11 17:45:00;613.75e-6
2014-10-11 18:00:00;611.86e-6
2014-10-11 18:15:00;605.21e-6
2014-10-11 18:30:00;595.54e-6
2014-10-11 18:45:00;587.13e-6
2014-10-11 19:00:00;578.88e-6
2014-10-11 19:15:00;563.14e-6
2014-10-11 19:30:00;542.26e-6
2014-10-11 19:45:00;523.70e-6
2014-10-11 20:00:00;503.89e-6
2014-10-11 20:15:00;493.74e-6
2014-10-11 20:30:00;480.15e-6
2014-10-11 20:45:00;467.24e-6
2014-10-11 21:00:00;452.78e-6
2014-10-11 21:15:00;434.06e-6
2014-10-11 21:30:00;411.34e-6
2014-10-11 21:45:00;385.21e-6
2014-10-11 22:00:00;354.99e-6
2014-10-11 22:15:00;325.16e-6
2014-10-11 22:30:00;288.21e-6
2014-10-11 22:45:00;260.66e-6
2014-10-11 23:00:00;231.87e-6
2014-10-11 23:15:00;210.02e-6
2014-10-11 23:30:00;191.86e-6
2014-10-11 23:45:00;178.54e-6
2014-10-12 00:00:00;170.48e-6
2014-10-12 00:15:00;168.59e-6
2014-10-12 00:30:00;169.42e-6
2014-10-12 00:45:00;180.29e-6
2014-10-12 01:00:00;192.54e-6
2014-10-12 01:15:00;202.88e-6
2014-10-12 01:30:00;210.98e-6
2014-10-12 01:45:00;215.56e-6
2014-10-12 02:00:00;213.35e-6
2014-10-12 02:15:00;205.09e-6
2014-10-12 02:30:00;198.90e-6
2014-10-12 02:45:00;195.87e-6
2014-10-12 03:00:00;201.23e-6
2014-10-12 03:15:00;204.82e-6
2014-10-12 03:30:00;207.78e-6
2014-10-12 03:45:00;197.77e-6
2014-10-12 04:00:00;190.36e-6
2014-10-12 04:15:00;184.52e-6
2014-10-12 04:30:00;183.25e-6
2014-10-12 04:45:00;189.06e-6
2014-10-12 05:00:00;208.36e-6
2014-10-12 05:15:00;233.08e-6
2014-10-12 05:30:00;276.18e-6
2014-10-12 05:45:00;291.34e-6
2014-10-12 06:00:00;328.10e-6
2014-10-12 06:15:00;360.79e-6
2014-10-12 06:30:00;407.47e-6
2014-10-12 06:45:00;449.31e-6
2014-10-12 07:00:00;490.50e-6
2014-10-12 07:15:00;522.20e-6
2014-10-12 07:30:00;540.43e-6
2014-10-12 07:45:00;557.78e-6
2014-10-12 08:00:00;571.16e-6
2014-10-12 08:15:00;582.03e-6
2014-10-12 08:30:00;589.18e-6
2014-10-12 08:45:00;597.15e-6
2014-10-12 09:00:00;607.93e-6
2014-10-12 09:15:00;621.41e-6
2014-10-12 09:30:00;637.93e-6
2014-10-12 09:45:00;663.39e-6
2014-10-12 10:00:00;699.30e-6
2014-10-12 10:15:00;745.87e-6
2014-10-12 10:30:00;754.49e-6
2014-10-12 10:45:00;728.74e-6
2014-10-12 11:00:00;672.60e-6
2014-10-12 11:15:00;618.14e-6
2014-10-12 11:30:00;577.12e-6
2014-10-12 11:45:00;554.05e-6
2014-10-12 12:00:00;528.79e-6
2014-10-12 12:15:00;510.50e-6
2014-10-12 12:30:00;496.26e-6
2014-10-12 12:45:00;486.63e-6
2014-10-12 13:00:00;480.71e-6
2014-10-12 13:15:00;474.14e-6
2014-10-12 13:30:00;466.58e-6
2014-10-12 13:45:00;458.43e-6
2014-10-12 14:00:00;449.18e-6
2014-10-12 14:15:00;439.13e-6
2014-10-12 14:30:00;430.62e-6
2014-10-12 14:45:00;422.69e-6
2014-10-12 15:00:00;417.94e-6
2014-10-12 15:15:00;408.17e-6
2014-10-12 15:30:00;415.10e-6
2014-10-12 15:45:00;425.38e-6
2014-10-12 16:00:00;434.95e-6
2014-10-12 16:15:00;449.57e-6
2014-10-12 16:30:00;467.64e-6
2014-10-12 16:45:00;489.86e-6
2014-10-12 17:00:00;513.94e-6
2014-10-12 17:15:00;539.76e-6
2014-10-12 17:30:00;562.79e-6
2014-10-12 17:45:00;578.68e-6
2014-10-12 18:00:00;581.18e-6
2014-10-12 18:15:00;578.84e-6
2014-10-12 18:30:00;566.31e-6
2014-10-12 18:45:00;561.60e-6
2014-10-12 19:00:00;559.24e-6
2014-10-12 19:15:00;547.31e-6
2014-10-12 19:30:00;530.27e-6
2014-10-12 19:45:00;515.67e-6
2014-10-12 20:00:00;495.61e-6
2014-10-12 20:15:00;481.50e-6
2014-10-12 20:30:00;463.74e-6
2014-10-12 20:45:00;444.98e-6
2014-10-12 21:00:00;423.36e-6
2014-10-12 21:15:00;397.57e-6
2014-10-12 21:30:00;369.13e-6
2014-10-12 21:45:00;339.44e-6
2014-10-12 22:00:00;309.00e-6
2014-10-12 22:15:00;278.41e-6
2014-10-12 22:30:00;249.60e-6
2014-10-12 22:45:00;223.27e-6
2014-10-12 23:00:00;179.89e-6
2014-10-12 23:15:00;164.65e-6
2014-10-12 23:30:00;154.70e-6
2014-10-12 23:45:00;148.25e-6
2014-10-13 00:00:00;147.50e-6
2014-10-13 00:15:00;150.32e-6
2014-10-13 00:30:00;155.95e-6
2014-10-13 00:45:00;169.51e-6
2014-10-13 01:00:00;184.32e-6
2014-10-13 01:15:00;196.11e-6
2014-10-13 01:30:00;205.16e-6
2014-10-13 01:45:00;209.58e-6
2014-10-13 02:00:00;207.78e-6
2014-10-13 02:15:00;200.74e-6
2014-10-13 02:30:00;193.20e-6
2014-10-13 02:45:00;188.67e-6
2014-10-13 03:00:00;192.14e-6
2014-10-13 03:15:00;193.87e-6
2014-10-13 03:30:00;200.08e-6
2014-10-13 03:45:00;206.09e-6
2014-10-13 04:00:00;212.43e-6
2014-10-13 04:15:00;223.94e-6
2014-10-13 04:30:00;241.06e-6
2014-10-13 04:45:00;265.24e-6
2014-10-13 05:00:00;302.01e-6
2014-10-13 05:15:00;339.11e-6
2014-10-13 05:30:00;399.63e-6
2014-10-13 05:45:00;411.07e-6
2014-10-13 06:00:00;435.74e-6
2014-10-13 06:15:00;445.04e-6
2014-10-13 06:30:00;447.79e-6
2014-10-13 06:45:00;438.05e-6
2014-10-13 07:00:00;428.85e-6
2014-10-13 07:15:00;409.03e-6
2014-10-13 07:30:00;389.07e-6
2014-10-13 07:45:00;368.65e-6
2014-10-13 08:00:00;353.72e-6
2014-10-13 08:15:00;344.85e-6
2014-10-13 08:30:00;342.80e-6
2014-10-13 08:45:00;342.81e-6
2014-10-13 09:00:00;344.52e-6
2014-10-13 09:15:00;344.67e-6
2014-10-13 09:30:00;346.65e-6
2014-10-13 09:45:00;354.49e-6
2014-10-13 10:00:00;369.90e-6
2014-10-13 10:15:00;388.79e-6
2014-10-13 10:30:00;395.29e-6
2014-10-13 10:45:00;391.24e-6
2014-10-13 11:00:00;375.64e-6
2014-10-13 11:15:00;365.26e-6
2014-10-13 11:30:00;357.76e-6
2014-10-13 11:45:00;356.26e-6
2014-10-13 12:00:00;354.85e-6
2014-10-13 12:15:00;356.34e-6
2014-10-13 12:30:00;359.18e-6
2014-10-13 12:45:00;363.40e-6
2014-10-13 13:00:00;368.35e-6
2014-10-13 13:15:00;369.70e-6
2014-10-13 13:30:00;367.52e-6
2014-10-13 13:45:00;362.53e-6
2014-10-13 14:00:00;354.83e-6
2014-10-13 14:15:00;345.18e-6
2014-10-13 14:30:00;336.70e-6
2014-10-13 14:45:00;329.07e-6
2014-10-13 15:00:00;324.53e-6
2014-10-13 15:15:00;316.21e-6
2014-10-13 15:30:00;322.24e-6
2014-10-13 15:45:00;332.47e-6
2014-10-13 16:00:00;346.78e-6
2014-10-13 16:15:00;363.51e-6
2014-10-13 16:30:00;384.76e-6
2014-10-13 16:45:00;413.34e-6
2014-10-13 17:00:00;442.38e-6
2014-10-13 17:15:00;476.61e-6
2014-10-13 17:30:00;509.43e-6
2014-10-13 17:45:00;538.85e-6
2014-10-13 18:00:00;556.30e-6
2014-10-13 18:15:00;566.83e-6
2014-10-13 18:30:00;581.89e-6
2014-10-13 18:45:00;581.28e-6
2014-10-13 19:00:00;577.84e-6
2014-10-13 19:15:00;568.03e-6
2014-10-13 19:30:00;552.50e-6
2014-10-13 19:45:00;534.19e-6
2014-10-13 20:00:00;516.84e-6
2014-10-13 20:15:00;497.87e-6
2014-10-13 20:30:00;477.68e-6
2014-10-13 20:45:00;455.05e-6
2014-10-13 21:00:00;429.74e-6
2014-10-13 21:15:00;399.84e-6
2014-10-13 21:30:00;367.29e-6
2014-10-13 21:45:00;332.98e-6
2014-10-13 22:00:00;298.86e-6
2014-10-13 22:15:00;261.68e-6
2014-10-13 22:30:00;233.10e-6
2014-10-13 22:45:00;207.14e-6
2014-10-13 23:00:00;180.60e-6
2014-10-13 23:15:00;165.30e-6
2014-10-13 23:30:00;155.31e-6
2014-10-13 23:45:00;148.84e-6
2014-10-14 00:00:00;148.08e-6
2014-10-14 00:15:00;150.92e-6
2014-10-14 00:30:00;156.57e-6
2014-10-14 00:45:00;170.18e-6
2014-10-14 01:00:00;185.04e-6
2014-10-14 01:15:00;196.88e-6
2014-10-14 01:30:00;205.97e-6
2014-10-14 01:45:00;210.41e-6
2014-10-14 02:00:00;208.60e-6
2014-10-14 02:15:00;201.53e-6
2014-10-14 02:30:00;193.97e-6
2014-10-14 02:45:00;189.42e-6
2014-10-14 03:00:00;192.90e-6
2014-10-14 03:15:00;194.64e-6
2014-10-14 03:30:00;200.87e-6
2014-10-14 03:45:00;206.91e-6
2014-10-14 04:00:00;213.27e-6
2014-10-14 04:15:00;224.82e-6
2014-10-14 04:30:00;242.01e-6
2014-10-14 04:45:00;266.29e-6
2014-10-14 05:00:00;303.20e-6
2014-10-14 05:15:00;340.45e-6
2014-10-14 05:30:00;401.21e-6
2014-10-14 05:45:00;412.69e-6
2014-10-14 06:00:00;437.46e-6
2014-10-14 06:15:00;446.80e-6
2014-10-14 06:30:00;449.56e-6
2014-10-14 06:45:00;439.78e-6
2014-10-14 07:00:00;430.54e-6
2014-10-14 07:15:00;410.64e-6
2014-10-14 07:30:00;390.61e-6
2014-10-14 07:45:00;370.11e-6
2014-10-14 08:00:00;355.12e-6
2014-10-14 08:15:00;346.21e-6
2014-10-14 08:30:00;344.15e-6
2014-10-14 08:45:00;344.16e-6
2014-10-14 09:00:00;345.88e-6
2014-10-14 09:15:00;346.03e-6
2014-10-14 09:30:00;348.02e-6
2014-10-14 09:45:00;355.89e-6
2014-10-14 10:00:00;371.36e-6
2014-10-14 10:15:00;390.33e-6
2014-10-14 10:30:00;396.85e-6
2014-10-14 10:45:00;392.78e-6
2014-10-14 11:00:00;377.12e-6
2014-10-14 11:15:00;366.70e-6
2014-10-14 11:30:00;359.18e-6
2014-10-14 11:45:00;357.67e-6
2014-10-14 12:00:00;356.25e-6
2014-10-14 12:15:00;357.75e-6
2014-10-14 12:30:00;360.60e-6
2014-10-14 12:45:00;364.83e-6
2014-10-14 13:00:00;369.80e-6
2014-10-14 13:15:00;371.16e-6
2014-10-14 13:30:00;368.97e-6
2014-10-14 13:45:00;363.96e-6
2014-10-14 14:00:00;356.23e-6
2014-10-14 14:15:00;346.55e-6
2014-10-14 14:30:00;338.03e-6
2014-10-14 14:45:00;330.37e-6
2014-10-14 15:00:00;325.81e-6
2014-10-14 15:15:00;317.46e-6
2014-10-14 15:30:00;323.51e-6
2014-10-14 15:45:00;333.79e-6
2014-10-14 16:00:00;348.15e-6
2014-10-14 16:15:00;364.94e-6
2014-10-14 16:30:00;386.28e-6
2014-10-14 16:45:00;414.97e-6
2014-10-14 17:00:00;444.13e-6
2014-10-14 17:15:00;478.49e-6
2014-10-14 17:30:00;511.44e-6
2014-10-14 17:45:00;540.98e-6
2014-10-14 18:00:00;558.50e-6
2014-10-14 18:15:00;569.07e-6
2014-10-14 18:30:00;584.19e-6
2014-10-14 18:45:00;583.57e-6
2014-10-14 19:00:00;580.13e-6
2014-10-14 19:15:00;570.27e-6
2014-10-14 19:30:00;554.68e-6
2014-10-14 19:45:00;536.30e-6
2014-10-14 20:00:00;518.88e-6
2014-10-14 20:15:00;499.84e-6
2014-10-14 20:30:00;479.57e-6
2014-10-14 20:45:00;456.85e-6
2014-10-14 21:00:00;431.44e-6
2014-10-14 21:15:00;401.42e-6
2014-10-14 21:30:00;368.74e-6
2014-10-14 21:45:00;334.29e-6
2014-10-14 22:00:00;300.04e-6
2014-10-14 22:15:00;262.72e-6
2014-10-14 22:30:00;234.02e-6
2014-10-14 22:45:00;207.96e-6
2014-10-14 23:00:00;181.31e-6
2014-10-14 23:15:00;165.96e-6
2014-10-14 23:30:00;155.93e-6
2014-10-14 23:45:00;149.42e-6
2014-10-15 00:00:00;148.67e-6
2014-10-15 00:15:00;151.51e-6
2014-10-15 00:30:00;157.19e-6
2014-10-15 00:45:00;170.85e-6
2014-10-15 01:00:00;185.78e-6
2014-10-15 01:15:00;197.66e-6
2014-10-15 01:30:00;206.78e-6
2014-10-15 01:45:00;211.24e-6
2014-10-15 02:00:00;209.43e-6
2014-10-15 02:15:00;202.33e-6
2014-10-15 02:30:00;194.73e-6
2014-10-15 02:45:00;190.17e-6
2014-10-15 03:00:00;193.66e-6
2014-10-15 03:15:00;195.41e-6
2014-10-15 03:30:00;201.66e-6
2014-10-15 03:45:00;207.73e-6
2014-10-15 04:00:00;214.12e-6
2014-10-15 04:15:00;225.71e-6
2014-10-15 04:30:00;242.97e-6
2014-10-15 04:45:00;267.34e-6
2014-10-15 05:00:00;304.40e-6
2014-10-15 05:15:00;341.80e-6
2014-10-15 05:30:00;402.80e-6
2014-10-15 05:45:00;414.33e-6
2014-10-15 06:00:00;439.20e-6
2014-10-15 06:15:00;448.57e-6
2014-10-15 06:30:00;451.34e-6
2014-10-15 06:45:00;441.52e-6
2014-10-15 07:00:00;432.25e-6
2014-10-15 07:15:00;412.27e-6
2014-10-15 07:30:00;392.16e-6
2014-10-15 07:45:00;371.57e-6
2014-10-15 08:00:00;356.52e-6
2014-10-15 08:15:00;347.58e-6
2014-10-15 08:30:00;345.51e-6
2014-10-15 08:45:00;345.52e-6
2014-10-15 09:00:00;347.25e-6
2014-10-15 09:15:00;347.40e-6
2014-10-15 09:30:00;349.40e-6
2014-10-15 09:45:00;357.30e-6
2014-10-15 10:00:00;372.83e-6
2014-10-15 10:15:00;391.88e-6
2014-10-15 10:30:00;398.42e-6
2014-10-15 10:45:00;394.34e-6
2014-10-15 11:00:00;378.62e-6
2014-10-15 11:15:00;368.16e-6
2014-10-15 11:30:00;360.60e-6
2014-10-15 11:45:00;359.09e-6
2014-10-15 12:00:00;357.66e-6
2014-10-15 12:15:00;359.17e-6
2014-10-15 12:30:00;362.03e-6
2014-10-15 12:45:00;366.28e-6
2014-10-15 13:00:00;371.27e-6
2014-10-15 13:15:00;372.63e-6
2014-10-15 13:30:00;370.43e-6
2014-10-15 13:45:00;365.40e-6
2014-10-15 14:00:00;357.64e-6
2014-10-15 14:15:00;347.92e-6
2014-10-15 14:30:00;339.37e-6
2014-10-15 14:45:00;331.68e-6
2014-10-15 15:00:00;327.10e-6
2014-10-15 15:15:00;318.71e-6
2014-10-15 15:30:00;324.80e-6
2014-10-15 15:45:00;335.11e-6
2014-10-15 16:00:00;349.53e-6
2014-10-15 16:15:00;366.39e-6
2014-10-15 16:30:00;387.81e-6
2014-10-15 16:45:00;416.61e-6
2014-10-15 17:00:00;445.89e-6
2014-10-15 17:15:00;480.39e-6
2014-10-15 17:30:00;513.47e-6
2014-10-15 17:45:00;543.12e-6
2014-10-15 18:00:00;560.71e-6
2014-10-15 18:15:00;571.32e-6
2014-10-15 18:30:00;586.50e-6
2014-10-15 18:45:00;585.88e-6
2014-10-15 19:00:00;582.42e-6
2014-10-15 19:15:00;572.53e-6
2014-10-15 19:30:00;556.88e-6
2014-10-15 19:45:00;538.42e-6
2014-10-15 20:00:00;520.94e-6
2014-10-15 20:15:00;501.82e-6
2014-10-15 20:30:00;481.47e-6
2014-10-15 20:45:00;458.66e-6
2014-10-15 21:00:00;433.15e-6
2014-10-15 21:15:00;403.01e-6
2014-10-15 21:30:00;370.20e-6
2014-10-15 21:45:00;335.62e-6
2014-10-15 22:00:00;301.23e-6
2014-10-15 22:15:00;263.76e-6
2014-10-15 22:30:00;234.95e-6
2014-10-15 22:45:00;208.78e-6
2014-10-15 23:00:00;182.03e-6
2014-10-15 23:15:00;166.61e-6
2014-10-15 23:30:00;156.54e-6
2014-10-15 23:45:00;150.02e-6
2014-10-16 00:00:00;149.26e-6
2014-10-16 00:15:00;152.11e-6
2014-10-16 00:30:00;157.81e-6
2014-10-16 00:45:00;171.53e-6
2014-10-16 01:00:00;186.51e-6
2014-10-16 01:15:00;198.45e-6
2014-10-16 01:30:00;207.60e-6
2014-10-16 01:45:00;212.08e-6
2014-10-16 02:00:00;210.26e-6
2014-10-16 02:15:00;203.13e-6
2014-10-16 02:30:00;195.51e-6
2014-10-16 02:45:00;190.92e-6
2014-10-16 03:00:00;194.43e-6
2014-10-16 03:15:00;196.18e-6
2014-10-16 03:30:00;202.46e-6
2014-10-16 03:45:00;208.55e-6
2014-10-16 04:00:00;214.97e-6
2014-10-16 04:15:00;226.61e-6
2014-10-16 04:30:00;243.93e-6
2014-10-16 04:45:00;268.40e-6
2014-10-16 05:00:00;305.61e-6
2014-10-16 05:15:00;343.15e-6
2014-10-16 05:30:00;404.40e-6
2014-10-16 05:45:00;415.97e-6
2014-10-16 06:00:00;440.94e-6
2014-10-16 06:15:00;450.35e-6
2014-10-16 06:30:00;453.13e-6
2014-10-16 06:45:00;443.27e-6
2014-10-16 07:00:00;433.96e-6
2014-10-16 07:15:00;413.90e-6
2014-10-16 07:30:00;393.71e-6
2014-10-16 07:45:00;373.05e-6
2014-10-16 08:00:00;357.94e-6
2014-10-16 08:15:00;348.96e-6
2014-10-16 08:30:00;346.88e-6
2014-10-16 08:45:00;346.89e-6
2014-10-16 09:00:00;348.62e-6
2014-10-16 09:15:00;348.78e-6
2014-10-16 09:30:00;350.79e-6
2014-10-16 09:45:00;358.72e-6
2014-10-16 10:00:00;374.31e-6
2014-10-16 10:15:00;393.43e-6
2014-10-16 10:30:00;400.00e-6
2014-10-16 10:45:00;395.90e-6
2014-10-16 11:00:00;380.12e-6
2014-10-16 11:15:00;369.62e-6
2014-10-16 11:30:00;362.03e-6
2014-10-16 11:45:00;360.51e-6
2014-10-16 12:00:00;359.08e-6
2014-10-16 12:15:00;360.59e-6
2014-10-16 12:30:00;363.47e-6
2014-10-16 12:45:00;367.73e-6
2014-10-16 13:00:00;372.74e-6
2014-10-16 13:15:00;374.11e-6
2014-10-16 13:30:00;371.90e-6
2014-10-16 13:45:00;366.85e-6
2014-10-16 14:00:00;359.06e-6
2014-10-16 14:15:00;349.30e-6
2014-10-16 14:30:00;340.72e-6
2014-10-16 14:45:00;333.00e-6
2014-10-16 15:00:00;328.40e-6
2014-10-16 15:15:00;319.98e-6
2014-10-16 15:30:00;326.08e-6
2014-10-16 15:45:00;336.44e-6
2014-10-16 16:00:00;350.92e-6
2014-10-16 16:15:00;367.84e-6
2014-10-16 16:30:00;389.34e-6
2014-10-16 16:45:00;418.27e-6
2014-10-16 17:00:00;447.66e-6
2014-10-16 17:15:00;482.29e-6
2014-10-16 17:30:00;515.51e-6
2014-10-16 17:45:00;545.27e-6
2014-10-16 18:00:00;562.94e-6
2014-10-16 18:15:00;573.59e-6
2014-10-16 18:30:00;588.83e-6
2014-10-16 18:45:00;588.21e-6
2014-10-16 19:00:00;584.74e-6
2014-10-16 19:15:00;574.80e-6
2014-10-16 19:30:00;559.09e-6
2014-10-16 19:45:00;540.56e-6
2014-10-16 20:00:00;523.00e-6
2014-10-16 20:15:00;503.81e-6
2014-10-16 20:30:00;483.38e-6
2014-10-16 20:45:00;460.48e-6
2014-10-16 21:00:00;434.87e-6
2014-10-16 21:15:00;404.61e-6
2014-10-16 21:30:00;371.67e-6
2014-10-16 21:45:00;336.95e-6
2014-10-16 22:00:00;302.43e-6
2014-10-16 22:15:00;264.81e-6
2014-10-16 22:30:00;235.88e-6
2014-10-16 22:45:00;209.61e-6
2014-10-16 23:00:00;182.76e-6
2014-10-16 23:15:00;167.28e-6
2014-10-16 23:30:00;157.17e-6
2014-10-16 23:45:00;150.61e-6
2014-10-17 00:00:00;149.85e-6
2014-10-17 00:15:00;152.72e-6
2014-10-17 00:30:00;158.44e-6
2014-10-17 00:45:00;172.21e-6
2014-10-17 01:00:00;187.26e-6
2014-10-17 01:15:00;199.24e-6
2014-10-17 01:30:00;208.43e-6
2014-10-17 01:45:00;212.92e-6
2014-10-17 02:00:00;211.09e-6
2014-10-17 02:15:00;203.94e-6
2014-10-17 02:30:00;196.28e-6
2014-10-17 02:45:00;191.68e-6
2014-10-17 03:00:00;195.20e-6
2014-10-17 03:15:00;196.96e-6
2014-10-17 03:30:00;203.27e-6
2014-10-17 03:45:00;209.38e-6
2014-10-17 04:00:00;215.82e-6
2014-10-17 04:15:00;227.51e-6
2014-10-17 04:30:00;244.90e-6
2014-10-17 04:45:00;269.47e-6
2014-10-17 05:00:00;306.83e-6
2014-10-17 05:15:00;344.52e-6
2014-10-17 05:30:00;406.01e-6
2014-10-17 05:45:00;417.63e-6
2014-10-17 06:00:00;442.69e-6
2014-10-17 06:15:00;452.14e-6
2014-10-17 06:30:00;454.93e-6
2014-10-17 06:45:00;445.03e-6
2014-10-17 07:00:00;435.69e-6
2014-10-17 07:15:00;415.55e-6
2014-10-17 07:30:00;395.28e-6
2014-10-17 07:45:00;374.53e-6
2014-10-17 08:00:00;359.36e-6
2014-10-17 08:15:00;350.35e-6
2014-10-17 08:30:00;348.26e-6
2014-10-17 08:45:00;348.27e-6
2014-10-17 09:00:00;350.01e-6
2014-10-17 09:15:00;350.17e-6
2014-10-17 09:30:00;352.18e-6
2014-10-17 09:45:00;360.14e-6
2014-10-17 10:00:00;375.80e-6
2014-10-17 10:15:00;394.99e-6
2014-10-17 10:30:00;401.59e-6
2014-10-17 10:45:00;397.48e-6
2014-10-17 11:00:00;381.63e-6
2014-10-17 11:15:00;371.09e-6
2014-10-17 11:30:00;363.47e-6
2014-10-17 11:45:00;361.94e-6
2014-10-17 12:00:00;360.51e-6
2014-10-17 12:15:00;362.03e-6
2014-10-17 12:30:00;364.91e-6
2014-10-17 12:45:00;369.19e-6
2014-10-17 13:00:00;374.22e-6
2014-10-17 13:15:00;375.59e-6
2014-10-17 13:30:00;373.38e-6
2014-10-17 13:45:00;368.31e-6
2014-10-17 14:00:00;360.49e-6
2014-10-17 14:15:00;350.69e-6
2014-10-17 14:30:00;342.07e-6
2014-10-17 14:45:00;334.32e-6
2014-10-17 15:00:00;329.70e-6
2014-10-17 15:15:00;321.25e-6
2014-10-17 15:30:00;327.38e-6
2014-10-17 15:45:00;337.77e-6
2014-10-17 16:00:00;352.31e-6
2014-10-17 16:15:00;369.30e-6
2014-10-17 16:30:00;390.89e-6
2014-10-17 16:45:00;419.93e-6
2014-10-17 17:00:00;449.44e-6
2014-10-17 17:15:00;484.21e-6
2014-10-17 17:30:00;517.55e-6
2014-10-17 17:45:00;547.44e-6
2014-10-17 18:00:00;565.17e-6
2014-10-17 18:15:00;575.87e-6
2014-10-17 18:30:00;591.17e-6
2014-10-17 18:45:00;590.55e-6
2014-10-17 19:00:00;587.06e-6
2014-10-17 19:15:00;577.09e-6
2014-10-17 19:30:00;561.31e-6
2014-10-17 19:45:00;542.71e-6
2014-10-17 20:00:00;525.08e-6
2014-10-17 20:15:00;505.81e-6
2014-10-17 20:30:00;485.30e-6
2014-10-17 20:45:00;462.31e-6
2014-10-17 21:00:00;436.60e-6
2014-10-17 21:15:00;406.22e-6
2014-10-17 21:30:00;373.15e-6
2014-10-17 21:45:00;338.29e-6
2014-10-17 22:00:00;303.63e-6
2014-10-17 22:15:00;265.86e-6
2014-10-17 22:30:00;236.82e-6
2014-10-17 22:45:00;210.44e-6
2014-10-17 23:00:00;216.58e-6
2014-10-17 23:15:00;194.53e-6
2014-10-17 23:30:00;178.55e-6
2014-10-17 23:45:00;165.48e-6
2014-10-18 00:00:00;158.42e-6
2014-10-18 00:15:00;158.28e-6
2014-10-18 00:30:00;161.56e-6
2014-10-18 00:45:00;174.84e-6
2014-10-18 01:00:00;187.88e-6
2014-10-18 01:15:00;198.58e-6
2014-10-18 01:30:00;206.97e-6
2014-10-18 01:45:00;209.95e-6
2014-10-18 02:00:00;206.88e-6
2014-10-18 02:15:00;198.02e-6
2014-10-18 02:30:00;189.51e-6
2014-10-18 02:45:00;183.38e-6
2014-10-18 03:00:00;185.08e-6
2014-10-18 03:15:00;189.12e-6
2014-10-18 03:30:00;193.01e-6
2014-10-18 03:45:00;188.49e-6
2014-10-18 04:00:00;185.01e-6
2014-10-18 04:15:00;184.01e-6
2014-10-18 04:30:00;187.61e-6
2014-10-18 04:45:00;198.47e-6
2014-10-18 05:00:00;223.24e-6
2014-10-18 05:15:00;253.02e-6
2014-10-18 05:30:00;302.66e-6
2014-10-18 05:45:00;320.60e-6
2014-10-18 06:00:00;354.55e-6
2014-10-18 06:15:00;377.51e-6
2014-10-18 06:30:00;401.61e-6
2014-10-18 06:45:00;416.65e-6
2014-10-18 07:00:00;434.22e-6
2014-10-18 07:15:00;438.30e-6
2014-10-18 07:30:00;434.28e-6
2014-10-18 07:45:00;438.48e-6
2014-10-18 08:00:00;446.37e-6
2014-10-18 08:15:00;453.60e-6
2014-10-18 08:30:00;459.70e-6
2014-10-18 08:45:00;464.68e-6
2014-10-18 09:00:00;470.81e-6
2014-10-18 09:15:00;476.88e-6
2014-10-18 09:30:00;483.09e-6
2014-10-18 09:45:00;499.45e-6
2014-10-18 10:00:00;526.29e-6
2014-10-18 10:15:00;564.19e-6
2014-10-18 10:30:00;581.37e-6
2014-10-18 10:45:00;574.55e-6
2014-10-18 11:00:00;539.85e-6
2014-10-18 11:15:00;502.54e-6
2014-10-18 11:30:00;477.38e-6
2014-10-18 11:45:00;466.45e-6
2014-10-18 12:00:00;454.73e-6
2014-10-18 12:15:00;449.51e-6
2014-10-18 12:30:00;448.66e-6
2014-10-18 12:45:00;452.40e-6
2014-10-18 13:00:00;459.71e-6
2014-10-18 13:15:00;465.65e-6
2014-10-18 13:30:00;469.51e-6
2014-10-18 13:45:00;471.30e-6
2014-10-18 14:00:00;470.39e-6
2014-10-18 14:15:00;467.34e-6
2014-10-18 14:30:00;464.83e-6
2014-10-18 14:45:00;462.28e-6
2014-10-18 15:00:00;462.39e-6
2014-10-18 15:15:00;457.82e-6
2014-10-18 15:30:00;468.75e-6
2014-10-18 15:45:00;480.86e-6
2014-10-18 16:00:00;493.92e-6
2014-10-18 16:15:00;511.00e-6
2014-10-18 16:30:00;529.63e-6
2014-10-18 16:45:00;553.10e-6
2014-10-18 17:00:00;576.41e-6
2014-10-18 17:15:00;598.88e-6
2014-10-18 17:30:00;619.61e-6
2014-10-18 17:45:00;630.96e-6
2014-10-18 18:00:00;629.01e-6
2014-10-18 18:15:00;622.18e-6
2014-10-18 18:30:00;612.24e-6
2014-10-18 18:45:00;603.59e-6
2014-10-18 19:00:00;595.10e-6
2014-10-18 19:15:00;578.93e-6
2014-10-18 19:30:00;557.46e-6
2014-10-18 19:45:00;538.39e-6
2014-10-18 20:00:00;518.02e-6
2014-10-18 20:15:00;507.58e-6
2014-10-18 20:30:00;493.62e-6
2014-10-18 20:45:00;480.34e-6
2014-10-18 21:00:00;465.47e-6
2014-10-18 21:15:00;446.23e-6
2014-10-18 21:30:00;422.87e-6
2014-10-18 21:45:00;396.01e-6
2014-10-18 22:00:00;364.94e-6
2014-10-18 22:15:00;334.27e-6
2014-10-18 22:30:00;296.29e-6
2014-10-18 22:45:00;267.97e-6
2014-10-18 23:00:00;238.38e-6
2014-10-18 23:15:00;215.92e-6
2014-10-18 23:30:00;197.25e-6
2014-10-18 23:45:00;183.56e-6
2014-10-19 00:00:00;175.27e-6
2014-10-19 00:15:00;173.33e-6
2014-10-19 00:30:00;174.18e-6
2014-10-19 00:45:00;185.36e-6
2014-10-19 01:00:00;197.95e-6
2014-10-19 01:15:00;208.58e-6
2014-10-19 01:30:00;216.91e-6
2014-10-19 01:45:00;221.62e-6
2014-10-19 02:00:00;219.34e-6
2014-10-19 02:15:00;210.85e-6
2014-10-19 02:30:00;204.49e-6
2014-10-19 02:45:00;201.37e-6
2014-10-19 03:00:00;206.88e-6
2014-10-19 03:15:00;210.58e-6
2014-10-19 03:30:00;213.61e-6
2014-10-19 03:45:00;203.33e-6
2014-10-19 04:00:00;195.70e-6
2014-10-19 04:15:00;189.70e-6
2014-10-19 04:30:00;188.40e-6
2014-10-19 04:45:00;194.37e-6
2014-10-19 05:00:00;214.21e-6
2014-10-19 05:15:00;239.63e-6
2014-10-19 05:30:00;283.94e-6
2014-10-19 05:45:00;299.52e-6
2014-10-19 06:00:00;337.32e-6
2014-10-19 06:15:00;370.92e-6
2014-10-19 06:30:00;418.91e-6
2014-10-19 06:45:00;461.93e-6
2014-10-19 07:00:00;504.27e-6
2014-10-19 07:15:00;536.87e-6
2014-10-19 07:30:00;555.61e-6
2014-10-19 07:45:00;573.44e-6
2014-10-19 08:00:00;587.21e-6
2014-10-19 08:15:00;598.38e-6
2014-10-19 08:30:00;605.73e-6
2014-10-19 08:45:00;613.92e-6
2014-10-19 09:00:00;625.01e-6
2014-10-19 09:15:00;638.87e-6
2014-10-19 09:30:00;655.85e-6
2014-10-19 09:45:00;682.02e-6
2014-10-19 10:00:00;718.95e-6
2014-10-19 10:15:00;766.82e-6
2014-10-19 10:30:00;775.68e-6
2014-10-19 10:45:00;749.21e-6
2014-10-19 11:00:00;691.49e-6
2014-10-19 11:15:00;635.51e-6
2014-10-19 11:30:00;593.33e-6
2014-10-19 11:45:00;569.61e-6
2014-10-19 12:00:00;543.65e-6
2014-10-19 12:15:00;524.84e-6
2014-10-19 12:30:00;510.20e-6
2014-10-19 12:45:00;500.30e-6
2014-10-19 13:00:00;494.21e-6
2014-10-19 13:15:00;487.46e-6
2014-10-19 13:30:00;479.68e-6
2014-10-19 13:45:00;471.30e-6
2014-10-19 14:00:00;461.79e-6
2014-10-19 14:15:00;451.46e-6
2014-10-19 14:30:00;442.71e-6
2014-10-19 14:45:00;434.57e-6
2014-10-19 15:00:00;429.68e-6
2014-10-19 15:15:00;419.64e-6
2014-10-19 15:30:00;426.76e-6
2014-10-19 15:45:00;437.32e-6
2014-10-19 16:00:00;447.17e-6
2014-10-19 16:15:00;462.19e-6
2014-10-19 16:30:00;480.78e-6
2014-10-19 16:45:00;503.62e-6
2014-10-19 17:00:00;528.37e-6
2014-10-19 17:15:00;554.93e-6
2014-10-19 17:30:00;578.60e-6
2014-10-19 17:45:00;594.93e-6
2014-10-19 18:00:00;597.51e-6
2014-10-19 18:15:00;595.10e-6
2014-10-19 18:30:00;582.22e-6
2014-10-19 18:45:00;577.37e-6
2014-10-19 19:00:00;574.95e-6
2014-10-19 19:15:00;562.68e-6
2014-10-19 19:30:00;545.17e-6
2014-10-19 19:45:00;530.16e-6
2014-10-19 20:00:00;509.53e-6
2014-10-19 20:15:00;495.03e-6
2014-10-19 20:30:00;476.76e-6
2014-10-19 20:45:00;457.48e-6
2014-10-19 21:00:00;435.25e-6
2014-10-19 21:15:00;408.73e-6
2014-10-19 21:30:00;379.50e-6
2014-10-19 21:45:00;348.98e-6
2014-10-19 22:00:00;317.68e-6
2014-10-19 22:15:00;286.23e-6
2014-10-19 22:30:00;256.62e-6
2014-10-19 22:45:00;229.54e-6
2014-10-19 23:00:00;184.95e-6
2014-10-19 23:15:00;169.28e-6
2014-10-19 23:30:00;159.05e-6
2014-10-19 23:45:00;152.42e-6
2014-10-20 00:00:00;151.65e-6
2014-10-20 00:15:00;154.55e-6
2014-10-20 00:30:00;160.34e-6
2014-10-20 00:45:00;174.28e-6
2014-10-20 01:00:00;189.50e-6
2014-10-20 01:15:00;201.63e-6
2014-10-20 01:30:00;210.93e-6
2014-10-20 01:45:00;215.48e-6
2014-10-20 02:00:00;213.63e-6
2014-10-20 02:15:00;206.39e-6
2014-10-20 02:30:00;198.64e-6
2014-10-20 02:45:00;193.98e-6
2014-10-20 03:00:00;197.55e-6
2014-10-20 03:15:00;199.33e-6
2014-10-20 03:30:00;205.71e-6
2014-10-20 03:45:00;211.89e-6
2014-10-20 04:00:00;218.41e-6
2014-10-20 04:15:00;230.24e-6
2014-10-20 04:30:00;247.84e-6
2014-10-20 04:45:00;272.70e-6
2014-10-20 05:00:00;310.51e-6
2014-10-20 05:15:00;348.65e-6
2014-10-20 05:30:00;410.88e-6
2014-10-20 05:45:00;422.64e-6
2014-10-20 06:00:00;448.00e-6
2014-10-20 06:15:00;457.56e-6
2014-10-20 06:30:00;460.39e-6
2014-10-20 06:45:00;450.37e-6
2014-10-20 07:00:00;440.91e-6
2014-10-20 07:15:00;420.54e-6
2014-10-20 07:30:00;400.02e-6
2014-10-20 07:45:00;379.02e-6
2014-10-20 08:00:00;363.67e-6
2014-10-20 08:15:00;354.55e-6
2014-10-20 08:30:00;352.44e-6
2014-10-20 08:45:00;352.45e-6
2014-10-20 09:00:00;354.21e-6
2014-10-20 09:15:00;354.37e-6
2014-10-20 09:30:00;356.41e-6
2014-10-20 09:45:00;364.46e-6
2014-10-20 10:00:00;380.30e-6
2014-10-20 10:15:00;399.73e-6
2014-10-20 10:30:00;406.41e-6
2014-10-20 10:45:00;402.25e-6
2014-10-20 11:00:00;386.21e-6
2014-10-20 11:15:00;375.54e-6
2014-10-20 11:30:00;367.83e-6
2014-10-20 11:45:00;366.29e-6
2014-10-20 12:00:00;364.83e-6
2014-10-20 12:15:00;366.37e-6
2014-10-20 12:30:00;369.29e-6
2014-10-20 12:45:00;373.62e-6
2014-10-20 13:00:00;378.71e-6
2014-10-20 13:15:00;380.10e-6
2014-10-20 13:30:00;377.86e-6
2014-10-20 13:45:00;372.73e-6
2014-10-20 14:00:00;364.82e-6
2014-10-20 14:15:00;354.90e-6
2014-10-20 14:30:00;346.17e-6
2014-10-20 14:45:00;338.33e-6
2014-10-20 15:00:00;333.66e-6
2014-10-20 15:15:00;325.10e-6
2014-10-20 15:30:00;331.31e-6
2014-10-20 15:45:00;341.83e-6
2014-10-20 16:00:00;356.54e-6
2014-10-20 16:15:00;373.74e-6
2014-10-20 16:30:00;395.58e-6
2014-10-20 16:45:00;424.97e-6
2014-10-20 17:00:00;454.83e-6
2014-10-20 17:15:00;490.02e-6
2014-10-20 17:30:00;523.76e-6
2014-10-20 17:45:00;554.01e-6
2014-10-20 18:00:00;571.95e-6
2014-10-20 18:15:00;582.78e-6
2014-10-20 18:30:00;598.26e-6
2014-10-20 18:45:00;597.63e-6
2014-10-20 19:00:00;594.10e-6
2014-10-20 19:15:00;584.01e-6
2014-10-20 19:30:00;568.05e-6
2014-10-20 19:45:00;549.22e-6
2014-10-20 20:00:00;531.38e-6
2014-10-20 20:15:00;511.88e-6
2014-10-20 20:30:00;491.12e-6
2014-10-20 20:45:00;467.86e-6
2014-10-20 21:00:00;441.84e-6
2014-10-20 21:15:00;411.09e-6
2014-10-20 21:30:00;377.62e-6
2014-10-20 21:45:00;342.35e-6
2014-10-20 22:00:00;307.27e-6
2014-10-20 22:15:00;269.05e-6
2014-10-20 22:30:00;239.66e-6
2014-10-20 22:45:00;212.97e-6
2014-10-20 23:00:00;185.69e-6
2014-10-20 23:15:00;169.96e-6
2014-10-20 23:30:00;159.69e-6
2014-10-20 23:45:00;153.03e-6
2014-10-21 00:00:00;152.25e-6
2014-10-21 00:15:00;155.17e-6
2014-10-21 00:30:00;160.98e-6
2014-10-21 00:45:00;174.97e-6
2014-10-21 01:00:00;190.26e-6
2014-10-21 01:15:00;202.43e-6
2014-10-21 01:30:00;211.77e-6
2014-10-21 01:45:00;216.34e-6
2014-10-21 02:00:00;214.48e-6
2014-10-21 02:15:00;207.21e-6
2014-10-21 02:30:00;199.43e-6
2014-10-21 02:45:00;194.75e-6
2014-10-21 03:00:00;198.33e-6
2014-10-21 03:15:00;200.12e-6
2014-10-21 03:30:00;206.53e-6
2014-10-21 03:45:00;212.74e-6
2014-10-21 04:00:00;219.28e-6
2014-10-21 04:15:00;231.16e-6
2014-10-21 04:30:00;248.83e-6
2014-10-21 04:45:00;273.79e-6
2014-10-21 05:00:00;311.75e-6
2014-10-21 05:15:00;350.04e-6
2014-10-21 05:30:00;412.52e-6
2014-10-21 05:45:00;424.32e-6
2014-10-21 06:00:00;449.79e-6
2014-10-21 06:15:00;459.39e-6
2014-10-21 06:30:00;462.23e-6
2014-10-21 06:45:00;452.17e-6
2014-10-21 07:00:00;442.67e-6
2014-10-21 07:15:00;422.21e-6
2014-10-21 07:30:00;401.62e-6
2014-10-21 07:45:00;380.53e-6
2014-10-21 08:00:00;365.12e-6
2014-10-21 08:15:00;355.96e-6
2014-10-21 08:30:00;353.85e-6
2014-10-21 08:45:00;353.86e-6
2014-10-21 09:00:00;355.62e-6
2014-10-21 09:15:00;355.78e-6
2014-10-21 09:30:00;357.83e-6
2014-10-21 09:45:00;365.92e-6
2014-10-21 10:00:00;381.82e-6
2014-10-21 10:15:00;401.33e-6
2014-10-21 10:30:00;408.03e-6
2014-10-21 10:45:00;403.85e-6
2014-10-21 11:00:00;387.75e-6
2014-10-21 11:15:00;377.04e-6
2014-10-21 11:30:00;369.30e-6
2014-10-21 11:45:00;367.75e-6
2014-10-21 12:00:00;366.29e-6
2014-10-21 12:15:00;367.83e-6
2014-10-21 12:30:00;370.76e-6
2014-10-21 12:45:00;375.11e-6
2014-10-21 13:00:00;380.22e-6
2014-10-21 13:15:00;381.62e-6
2014-10-21 13:30:00;379.37e-6
2014-10-21 13:45:00;374.22e-6
2014-10-21 14:00:00;366.27e-6
2014-10-21 14:15:00;356.31e-6
2014-10-21 14:30:00;347.56e-6
2014-10-21 14:45:00;339.68e-6
2014-10-21 15:00:00;334.99e-6
2014-10-21 15:15:00;326.40e-6
2014-10-21 15:30:00;332.63e-6
2014-10-21 15:45:00;343.19e-6
2014-10-21 16:00:00;357.96e-6
2014-10-21 16:15:00;375.23e-6
2014-10-21 16:30:00;397.16e-6
2014-10-21 16:45:00;426.66e-6
2014-10-21 17:00:00;456.65e-6
2014-10-21 17:15:00;491.98e-6
2014-10-21 17:30:00;525.85e-6
2014-10-21 17:45:00;556.22e-6
2014-10-21 18:00:00;574.24e-6
2014-10-21 18:15:00;585.10e-6
2014-10-21 18:30:00;600.65e-6
2014-10-21 18:45:00;600.02e-6
2014-10-21 19:00:00;596.47e-6
2014-10-21 19:15:00;586.34e-6
2014-10-21 19:30:00;570.31e-6
2014-10-21 19:45:00;551.41e-6
2014-10-21 20:00:00;533.50e-6
2014-10-21 20:15:00;513.92e-6
2014-10-21 20:30:00;493.08e-6
2014-10-21 20:45:00;469.72e-6
2014-10-21 21:00:00;443.60e-6
2014-10-21 21:15:00;412.73e-6
2014-10-21 21:30:00;379.13e-6
2014-10-21 21:45:00;343.71e-6
2014-10-21 22:00:00;308.50e-6
2014-10-21 22:15:00;270.12e-6
2014-10-21 22:30:00;240.62e-6
2014-10-21 22:45:00;213.82e-6
2014-10-21 23:00:00;186.43e-6
2014-10-21 23:15:00;170.64e-6
2014-10-21 23:30:00;160.32e-6
2014-10-21 23:45:00;153.64e-6
2014-10-22 00:00:00;152.86e-6
2014-10-22 00:15:00;155.79e-6
2014-10-22 00:30:00;161.62e-6
2014-10-22 00:45:00;175.67e-6
2014-10-22 01:00:00;191.02e-6
2014-10-22 01:15:00;203.24e-6
2014-10-22 01:30:00;212.61e-6
2014-10-22 01:45:00;217.20e-6
2014-10-22 02:00:00;215.33e-6
2014-10-22 02:15:00;208.04e-6
2014-10-22 02:30:00;200.23e-6
2014-10-22 02:45:00;195.53e-6
2014-10-22 03:00:00;199.13e-6
2014-10-22 03:15:00;200.92e-6
2014-10-22 03:30:00;207.35e-6
2014-10-22 03:45:00;213.59e-6
2014-10-22 04:00:00;220.16e-6
2014-10-22 04:15:00;232.08e-6
2014-10-22 04:30:00;249.82e-6
2014-10-22 04:45:00;274.88e-6
2014-10-22 05:00:00;312.99e-6
2014-10-22 05:15:00;351.44e-6
2014-10-22 05:30:00;414.16e-6
2014-10-22 05:45:00;426.02e-6
2014-10-22 06:00:00;451.59e-6
2014-10-22 06:15:00;461.22e-6
2014-10-22 06:30:00;464.07e-6
2014-10-22 06:45:00;453.98e-6
2014-10-22 07:00:00;444.44e-6
2014-10-22 07:15:00;423.90e-6
2014-10-22 07:30:00;403.22e-6
2014-10-22 07:45:00;382.05e-6
2014-10-22 08:00:00;366.58e-6
2014-10-22 08:15:00;357.38e-6
2014-10-22 08:30:00;355.26e-6
2014-10-22 08:45:00;355.27e-6
2014-10-22 09:00:00;357.04e-6
2014-10-22 09:15:00;357.20e-6
2014-10-22 09:30:00;359.26e-6
2014-10-22 09:45:00;367.38e-6
2014-10-22 10:00:00;383.35e-6
2014-10-22 10:15:00;402.93e-6
2014-10-22 10:30:00;409.66e-6
2014-10-22 10:45:00;405.46e-6
2014-10-22 11:00:00;389.30e-6
2014-10-22 11:15:00;378.54e-6
2014-10-22 11:30:00;370.77e-6
2014-10-22 11:45:00;369.21e-6
2014-10-22 12:00:00;367.75e-6
2014-10-22 12:15:00;369.30e-6
2014-10-22 12:30:00;372.24e-6
2014-10-22 12:45:00;376.61e-6
2014-10-22 13:00:00;381.74e-6
2014-10-22 13:15:00;383.14e-6
2014-10-22 13:30:00;380.88e-6
2014-10-22 13:45:00;375.71e-6
2014-10-22 14:00:00;367.73e-6
2014-10-22 14:15:00;357.73e-6
2014-10-22 14:30:00;348.94e-6
2014-10-22 14:45:00;341.04e-6
2014-10-22 15:00:00;336.33e-6
2014-10-22 15:15:00;327.70e-6
2014-10-22 15:30:00;333.96e-6
2014-10-22 15:45:00;344.56e-6
2014-10-22 16:00:00;359.39e-6
2014-10-22 16:15:00;376.72e-6
2014-10-22 16:30:00;398.75e-6
2014-10-22 16:45:00;428.37e-6
2014-10-22 17:00:00;458.47e-6
2014-10-22 17:15:00;493.94e-6
2014-10-22 17:30:00;527.95e-6
2014-10-22 17:45:00;558.44e-6
2014-10-22 18:00:00;576.53e-6
2014-10-22 18:15:00;587.44e-6
2014-10-22 18:30:00;603.05e-6
2014-10-22 18:45:00;602.41e-6
2014-10-22 19:00:00;598.85e-6
2014-10-22 19:15:00;588.68e-6
2014-10-22 19:30:00;572.59e-6
2014-10-22 19:45:00;553.61e-6
2014-10-22 20:00:00;535.63e-6
2014-10-22 20:15:00;515.98e-6
2014-10-22 20:30:00;495.05e-6
2014-10-22 20:45:00;471.60e-6
2014-10-22 21:00:00;445.37e-6
2014-10-22 21:15:00;414.38e-6
2014-10-22 21:30:00;380.65e-6
2014-10-22 21:45:00;345.09e-6
2014-10-22 22:00:00;309.73e-6
2014-10-22 22:15:00;271.20e-6
2014-10-22 22:30:00;241.58e-6
2014-10-22 22:45:00;214.67e-6
2014-10-22 23:00:00;187.17e-6
2014-10-22 23:15:00;171.32e-6
2014-10-22 23:30:00;160.96e-6
2014-10-22 23:45:00;154.25e-6
2014-10-23 00:00:00;153.47e-6
2014-10-23 00:15:00;156.41e-6
2014-10-23 00:30:00;162.27e-6
2014-10-23 00:45:00;176.37e-6
2014-10-23 01:00:00;191.78e-6
2014-10-23 01:15:00;204.05e-6
2014-10-23 01:30:00;213.46e-6
2014-10-23 01:45:00;218.07e-6
2014-10-23 02:00:00;216.19e-6
2014-10-23 02:15:00;208.87e-6
2014-10-23 02:30:00;201.03e-6
2014-10-23 02:45:00;196.31e-6
2014-10-23 03:00:00;199.92e-6
2014-10-23 03:15:00;201.72e-6
2014-10-23 03:30:00;208.18e-6
2014-10-23 03:45:00;214.44e-6
2014-10-23 04:00:00;221.04e-6
2014-10-23 04:15:00;233.01e-6
2014-10-23 04:30:00;250.82e-6
2014-10-23 04:45:00;275.98e-6
2014-10-23 05:00:00;314.24e-6
2014-10-23 05:15:00;352.84e-6
2014-10-23 05:30:00;415.82e-6
2014-10-23 05:45:00;427.72e-6
2014-10-23 06:00:00;453.39e-6
2014-10-23 06:15:00;463.06e-6
2014-10-23 06:30:00;465.92e-6
2014-10-23 06:45:00;455.79e-6
2014-10-23 07:00:00;446.21e-6
2014-10-23 07:15:00;425.59e-6
2014-10-23 07:30:00;404.83e-6
2014-10-23 07:45:00;383.58e-6
2014-10-23 08:00:00;368.05e-6
2014-10-23 08:15:00;358.81e-6
2014-10-23 08:30:00;356.68e-6
2014-10-23 08:45:00;356.69e-6
2014-10-23 09:00:00;358.47e-6
2014-10-23 09:15:00;358.63e-6
2014-10-23 09:30:00;360.69e-6
2014-10-23 09:45:00;368.84e-6
2014-10-23 10:00:00;384.88e-6
2014-10-23 10:15:00;404.54e-6
2014-10-23 10:30:00;411.30e-6
2014-10-23 10:45:00;407.08e-6
2014-10-23 11:00:00;390.85e-6
2014-10-23 11:15:00;380.05e-6
2014-10-23 11:30:00;372.25e-6
2014-10-23 11:45:00;370.69e-6
2014-10-23 12:00:00;369.22e-6
2014-10-23 12:15:00;370.78e-6
2014-10-23 12:30:00;373.73e-6
2014-10-23 12:45:00;378.12e-6
2014-10-23 13:00:00;383.26e-6
2014-10-23 13:15:00;384.67e-6
2014-10-23 13:30:00;382.40e-6
2014-10-23 13:45:00;377.21e-6
2014-10-23 14:00:00;369.20e-6
2014-10-23 14:15:00;359.16e-6
2014-10-23 14:30:00;350.34e-6
2014-10-23 14:45:00;342.40e-6
2014-10-23 15:00:00;337.67e-6
2014-10-23 15:15:00;329.01e-6
2014-10-23 15:30:00;335.29e-6
2014-10-23 15:45:00;345.94e-6
2014-10-23 16:00:00;360.83e-6
2014-10-23 16:15:00;378.23e-6
2014-10-23 16:30:00;400.34e-6
2014-10-23 16:45:00;430.08e-6
2014-10-23 17:00:00;460.30e-6
2014-10-23 17:15:00;495.91e-6
2014-10-23 17:30:00;530.06e-6
2014-10-23 17:45:00;560.67e-6
2014-10-23 18:00:00;578.83e-6
2014-10-23 18:15:00;589.78e-6
2014-10-23 18:30:00;605.45e-6
2014-10-23 18:45:00;604.82e-6
2014-10-23 19:00:00;601.25e-6
2014-10-23 19:15:00;591.03e-6
2014-10-23 19:30:00;574.88e-6
2014-10-23 19:45:00;555.82e-6
2014-10-23 20:00:00;537.77e-6
2014-10-23 20:15:00;518.04e-6
2014-10-23 20:30:00;497.03e-6
2014-10-23 20:45:00;473.48e-6
2014-10-23 21:00:00;447.15e-6
2014-10-23 21:15:00;416.04e-6
2014-10-23 21:30:00;382.16e-6
2014-10-23 21:45:00;346.46e-6
2014-10-23 22:00:00;310.97e-6
2014-10-23 22:15:00;272.28e-6
2014-10-23 22:30:00;242.54e-6
2014-10-23 22:45:00;215.53e-6
2014-10-23 23:00:00;187.92e-6
2014-10-23 23:15:00;172.00e-6
2014-10-23 23:30:00;161.61e-6
2014-10-23 23:45:00;154.87e-6
2014-10-24 00:00:00;154.08e-6
2014-10-24 00:15:00;157.03e-6
2014-10-24 00:30:00;162.91e-6
2014-10-24 00:45:00;177.08e-6
2014-10-24 01:00:00;192.55e-6
2014-10-24 01:15:00;204.87e-6
2014-10-24 01:30:00;214.32e-6
2014-10-24 01:45:00;218.94e-6
2014-10-24 02:00:00;217.06e-6
2014-10-24 02:15:00;209.70e-6
2014-10-24 02:30:00;201.83e-6
2014-10-24 02:45:00;197.10e-6
2014-10-24 03:00:00;200.72e-6
2014-10-24 03:15:00;202.53e-6
2014-10-24 03:30:00;209.01e-6
2014-10-24 03:45:00;215.30e-6
2014-10-24 04:00:00;221.92e-6
2014-10-24 04:15:00;233.94e-6
2014-10-24 04:30:00;251.82e-6
2014-10-24 04:45:00;277.08e-6
2014-10-24 05:00:00;315.50e-6
2014-10-24 05:15:00;354.25e-6
2014-10-24 05:30:00;417.48e-6
2014-10-24 05:45:00;429.43e-6
2014-10-24 06:00:00;455.20e-6
2014-10-24 06:15:00;464.91e-6
2014-10-24 06:30:00;467.78e-6
2014-10-24 06:45:00;457.61e-6
2014-10-24 07:00:00;448.00e-6
2014-10-24 07:15:00;427.29e-6
2014-10-24 07:30:00;406.45e-6
2014-10-24 07:45:00;385.11e-6
2014-10-24 08:00:00;369.52e-6
2014-10-24 08:15:00;360.24e-6
2014-10-24 08:30:00;358.10e-6
2014-10-24 08:45:00;358.11e-6
2014-10-24 09:00:00;359.90e-6
2014-10-24 09:15:00;360.06e-6
2014-10-24 09:30:00;362.13e-6
2014-10-24 09:45:00;370.32e-6
2014-10-24 10:00:00;386.41e-6
2014-10-24 10:15:00;406.15e-6
2014-10-24 10:30:00;412.94e-6
2014-10-24 10:45:00;408.71e-6
2014-10-24 11:00:00;392.41e-6
2014-10-24 11:15:00;381.57e-6
2014-10-24 11:30:00;373.74e-6
2014-10-24 11:45:00;372.17e-6
2014-10-24 12:00:00;370.69e-6
2014-10-24 12:15:00;372.26e-6
2014-10-24 12:30:00;375.22e-6
2014-10-24 12:45:00;379.63e-6
2014-10-24 13:00:00;384.79e-6
2014-10-24 13:15:00;386.21e-6
2014-10-24 13:30:00;383.93e-6
2014-10-24 13:45:00;378.72e-6
2014-10-24 14:00:00;370.68e-6
2014-10-24 14:15:00;360.60e-6
2014-10-24 14:30:00;351.73e-6
2014-10-24 14:45:00;343.77e-6
2014-10-24 15:00:00;339.02e-6
2014-10-24 15:15:00;330.33e-6
2014-10-24 15:30:00;336.63e-6
2014-10-24 15:45:00;347.32e-6
2014-10-24 16:00:00;362.27e-6
2014-10-24 16:15:00;379.74e-6
2014-10-24 16:30:00;401.94e-6
2014-10-24 16:45:00;431.79e-6
2014-10-24 17:00:00;462.14e-6
2014-10-24 17:15:00;497.89e-6
2014-10-24 17:30:00;532.18e-6
2014-10-24 17:45:00;562.91e-6
2014-10-24 18:00:00;581.14e-6
2014-10-24 18:15:00;592.14e-6
2014-10-24 18:30:00;607.87e-6
2014-10-24 18:45:00;607.23e-6
2014-10-24 19:00:00;603.65e-6
2014-10-24 19:15:00;593.39e-6
2014-10-24 19:30:00;577.17e-6
2014-10-24 19:45:00;558.04e-6
2014-10-24 20:00:00;539.92e-6
2014-10-24 20:15:00;520.10e-6
2014-10-24 20:30:00;499.01e-6
2014-10-24 20:45:00;475.37e-6
2014-10-24 21:00:00;448.93e-6
2014-10-24 21:15:00;417.70e-6
2014-10-24 21:30:00;383.69e-6
2014-10-24 21:45:00;347.85e-6
2014-10-24 22:00:00;312.21e-6
2014-10-24 22:15:00;273.37e-6
2014-10-24 22:30:00;243.51e-6
2014-10-24 22:45:00;216.39e-6
2014-10-24 23:00:00;222.70e-6
2014-10-24 23:15:00;200.03e-6
2014-10-24 23:30:00;183.60e-6
2014-10-24 23:45:00;170.16e-6
2014-10-25 00:00:00;162.90e-6
2014-10-25 00:15:00;162.75e-6
2014-10-25 00:30:00;166.12e-6
2014-10-25 00:45:00;179.78e-6
2014-10-25 01:00:00;193.19e-6
2014-10-25 01:15:00;204.19e-6
2014-10-25 01:30:00;212.82e-6
2014-10-25 01:45:00;215.89e-6
2014-10-25 02:00:00;212.73e-6
2014-10-25 02:15:00;203.62e-6
2014-10-25 02:30:00;194.86e-6
2014-10-25 02:45:00;188.56e-6
2014-10-25 03:00:00;190.31e-6
2014-10-25 03:15:00;194.46e-6
2014-10-25 03:30:00;198.46e-6
2014-10-25 03:45:00;193.82e-6
2014-10-25 04:00:00;190.24e-6
2014-10-25 04:15:00;189.21e-6
2014-10-25 04:30:00;192.91e-6
2014-10-25 04:45:00;204.08e-6
2014-10-25 05:00:00;229.55e-6
2014-10-25 05:15:00;260.17e-6
2014-10-25 05:30:00;311.22e-6
2014-10-25 05:45:00;329.66e-6
2014-10-25 06:00:00;364.58e-6
2014-10-25 06:15:00;388.18e-6
2014-10-25 06:30:00;412.96e-6
2014-10-25 06:45:00;428.43e-6
2014-10-25 07:00:00;446.49e-6
2014-10-25 07:15:00;450.69e-6
2014-10-25 07:30:00;446.55e-6
2014-10-25 07:45:00;450.88e-6
2014-10-25 08:00:00;458.99e-6
2014-10-25 08:15:00;466.42e-6
2014-10-25 08:30:00;472.70e-6
2014-10-25 08:45:00;477.82e-6
2014-10-25 09:00:00;484.12e-6
2014-10-25 09:15:00;490.36e-6
2014-10-25 09:30:00;496.75e-6
2014-10-25 09:45:00;513.57e-6
2014-10-25 10:00:00;541.17e-6
2014-10-25 10:15:00;580.13e-6
2014-10-25 10:30:00;597.81e-6
2014-10-25 10:45:00;590.79e-6
2014-10-25 11:00:00;555.12e-6
2014-10-25 11:15:00;516.75e-6
2014-10-25 11:30:00;490.87e-6
2014-10-25 11:45:00;479.64e-6
2014-10-25 12:00:00;467.59e-6
2014-10-25 12:15:00;462.22e-6
2014-10-25 12:30:00;461.34e-6
2014-10-25 12:45:00;465.19e-6
2014-10-25 13:00:00;472.71e-6
2014-10-25 13:15:00;478.81e-6
2014-10-25 13:30:00;482.78e-6
2014-10-25 13:45:00;484.62e-6
2014-10-25 14:00:00;483.68e-6
2014-10-25 14:15:00;480.55e-6
2014-10-25 14:30:00;477.97e-6
2014-10-25 14:45:00;475.35e-6
2014-10-25 15:00:00;475.46e-6
2014-10-25 15:15:00;470.76e-6
2014-10-25 15:30:00;482.00e-6
2014-10-25 15:45:00;494.46e-6
2014-10-25 16:00:00;507.88e-6
2014-10-25 16:15:00;525.45e-6
2014-10-25 16:30:00;544.60e-6
2014-10-25 16:45:00;568.74e-6
2014-10-25 17:00:00;592.70e-6
2014-10-25 17:15:00;615.81e-6
2014-10-25 17:30:00;637.13e-6
2014-10-25 17:45:00;648.80e-6
2014-10-25 18:00:00;646.79e-6
2014-10-25 18:15:00;639.77e-6
2014-10-25 18:30:00;629.55e-6
2014-10-25 18:45:00;620.65e-6
2014-10-25 19:00:00;611.93e-6
2014-10-25 19:15:00;595.29e-6
2014-10-25 19:30:00;573.22e-6
2014-10-25 19:45:00;553.61e-6
2014-10-25 20:00:00;532.66e-6
2014-10-25 20:15:00;521.93e-6
2014-10-25 20:30:00;507.57e-6
2014-10-25 20:45:00;493.92e-6
2014-10-25 21:00:00;478.63e-6
2014-10-25 21:15:00;458.85e-6
2014-10-25 21:30:00;434.82e-6
2014-10-25 21:45:00;407.21e-6
2014-10-25 22:00:00;375.26e-6
2014-10-25 22:15:00;343.72e-6
2014-10-25 22:30:00;304.67e-6
2014-10-25 22:45:00;275.54e-6
2014-10-25 23:00:00;245.12e-6
2014-10-25 23:15:00;222.02e-6
2014-10-25 23:30:00;202.83e-6
2014-10-25 23:45:00;188.75e-6
2014-10-26 00:00:00;180.23e-6
2014-10-26 00:15:00;178.23e-6
2014-10-26 00:30:00;179.10e-6
2014-10-26 00:45:00;190.60e-6
2014-10-26 01:00:00;203.55e-6
2014-10-26 01:15:00;214.48e-6
2014-10-26 01:30:00;223.04e-6
2014-10-26 01:45:00;227.88e-6
2014-10-26 02:00:00;203.55e-6
2014-10-26 02:15:00;214.48e-6
2014-10-26 02:30:00;223.04e-6
2014-10-26 02:45:00;227.88e-6
2014-10-26 03:00:00;225.54e-6
2014-10-26 03:15:00;216.81e-6
2014-10-26 03:30:00;210.27e-6
2014-10-26 03:45:00;207.07e-6
2014-10-26 04:00:00;212.73e-6
2014-10-26 04:15:00;216.53e-6
2014-10-26 04:30:00;219.65e-6
2014-10-26 04:45:00;209.08e-6
2014-10-26 05:00:00;201.24e-6
2014-10-26 05:15:00;195.06e-6
2014-10-26 05:30:00;193.72e-6
2014-10-26 05:45:00;199.87e-6
2014-10-26 06:00:00;220.27e-6
2014-10-26 06:15:00;246.40e-6
2014-10-26 06:30:00;291.97e-6
2014-10-26 06:45:00;307.99e-6
2014-10-26 07:00:00;346.86e-6
2014-10-26 07:15:00;381.41e-6
2014-10-26 07:30:00;430.76e-6
2014-10-26 07:45:00;474.99e-6
2014-10-26 08:00:00;518.53e-6
2014-10-26 08:15:00;552.05e-6
2014-10-26 08:30:00;571.32e-6
2014-10-26 08:45:00;589.66e-6
2014-10-26 09:00:00;603.81e-6
2014-10-26 09:15:00;615.30e-6
2014-10-26 09:30:00;622.86e-6
2014-10-26 09:45:00;631.28e-6
2014-10-26 10:00:00;642.68e-6
2014-10-26 10:15:00;656.93e-6
2014-10-26 10:30:00;674.40e-6
2014-10-26 10:45:00;701.31e-6
2014-10-26 11:00:00;739.27e-6
2014-10-26 11:15:00;788.50e-6
2014-10-26 11:30:00;797.62e-6
2014-10-26 11:45:00;770.39e-6
2014-10-26 12:00:00;711.04e-6
2014-10-26 12:15:00;653.47e-6
2014-10-26 12:30:00;610.10e-6
2014-10-26 12:45:00;585.71e-6
2014-10-26 13:00:00;559.02e-6
2014-10-26 13:15:00;539.67e-6
2014-10-26 13:30:00;524.63e-6
2014-10-26 13:45:00;514.45e-6
2014-10-26 14:00:00;508.19e-6
2014-10-26 14:15:00;501.25e-6
2014-10-26 14:30:00;493.25e-6
2014-10-26 14:45:00;484.63e-6
2014-10-26 15:00:00;474.85e-6
2014-10-26 15:15:00;464.23e-6
2014-10-26 15:30:00;455.23e-6
2014-10-26 15:45:00;446.85e-6
2014-10-26 16:00:00;441.83e-6
2014-10-26 16:15:00;431.50e-6
2014-10-26 16:30:00;438.83e-6
2014-10-26 16:45:00;449.69e-6
2014-10-26 17:00:00;459.81e-6
2014-10-26 17:15:00;475.26e-6
2014-10-26 17:30:00;494.37e-6
2014-10-26 17:45:00;517.86e-6
2014-10-26 18:00:00;543.31e-6
2014-10-26 18:15:00;570.62e-6
2014-10-26 18:30:00;594.96e-6
2014-10-26 18:45:00;611.75e-6
2014-10-26 19:00:00;614.40e-6
2014-10-26 19:15:00;611.93e-6
2014-10-26 19:30:00;598.68e-6
2014-10-26 19:45:00;593.69e-6
2014-10-26 20:00:00;591.21e-6
2014-10-26 20:15:00;578.59e-6
2014-10-26 20:30:00;560.58e-6
2014-10-26 20:45:00;545.15e-6
2014-10-26 21:00:00;523.94e-6
2014-10-26 21:15:00;509.02e-6
2014-10-26 21:30:00;490.24e-6
2014-10-26 21:45:00;470.41e-6
2014-10-26 22:00:00;447.56e-6
2014-10-26 22:15:00;420.29e-6
2014-10-26 22:30:00;390.23e-6
2014-10-26 22:45:00;358.84e-6
2014-10-26 23:00:00;326.66e-6
2014-10-26 23:15:00;294.32e-6
2014-10-26 23:30:00;263.87e-6
2014-10-26 23:45:00;236.03e-6
2014-10-27 00:00:00;190.18e-6
2014-10-27 00:15:00;174.07e-6
2014-10-27 00:30:00;163.55e-6
2014-10-27 00:45:00;156.73e-6
2014-10-27 01:00:00;155.94e-6
2014-10-27 01:15:00;158.92e-6
2014-10-27 01:30:00;164.87e-6
2014-10-27 01:45:00;179.21e-6
2014-10-27 02:00:00;194.86e-6
2014-10-27 02:15:00;207.33e-6
2014-10-27 02:30:00;216.89e-6
2014-10-27 02:45:00;221.57e-6
2014-10-27 03:00:00;219.67e-6
2014-10-27 03:15:00;212.22e-6
2014-10-27 03:30:00;204.25e-6
2014-10-27 03:45:00;199.46e-6
2014-10-27 04:00:00;203.13e-6
2014-10-27 04:15:00;204.96e-6
2014-10-27 04:30:00;211.52e-6
2014-10-27 04:45:00;217.88e-6
2014-10-27 05:00:00;224.58e-6
2014-10-27 05:15:00;236.75e-6
2014-10-27 05:30:00;254.85e-6
2014-10-27 05:45:00;280.41e-6
2014-10-27 06:00:00;319.29e-6
2014-10-27 06:15:00;358.51e-6
2014-10-27 06:30:00;422.49e-6
2014-10-27 06:45:00;434.59e-6
2014-10-27 07:00:00;460.67e-6
2014-10-27 07:15:00;470.50e-6
2014-10-27 07:30:00;473.41e-6
2014-10-27 07:45:00;463.11e-6
2014-10-27 08:00:00;453.38e-6
2014-10-27 08:15:00;432.43e-6
2014-10-27 08:30:00;411.33e-6
2014-10-27 08:45:00;389.74e-6
2014-10-27 09:00:00;373.96e-6
2014-10-27 09:15:00;364.57e-6
2014-10-27 09:30:00;362.41e-6
2014-10-27 09:45:00;362.42e-6
2014-10-27 10:00:00;364.22e-6
2014-10-27 10:15:00;364.39e-6
2014-10-27 10:30:00;366.48e-6
2014-10-27 10:45:00;374.77e-6
2014-10-27 11:00:00;391.06e-6
2014-10-27 11:15:00;411.04e-6
2014-10-27 11:30:00;417.90e-6
2014-10-27 11:45:00;413.62e-6
2014-10-27 12:00:00;397.13e-6
2014-10-27 12:15:00;386.16e-6
2014-10-27 12:30:00;378.23e-6
2014-10-27 12:45:00;376.64e-6
2014-10-27 13:00:00;375.15e-6
2014-10-27 13:15:00;376.73e-6
2014-10-27 13:30:00;379.73e-6
2014-10-27 13:45:00;384.19e-6
2014-10-27 14:00:00;389.42e-6
2014-10-27 14:15:00;390.85e-6
2014-10-27 14:30:00;388.54e-6
2014-10-27 14:45:00;383.27e-6
2014-10-27 15:00:00;375.13e-6
2014-10-27 15:15:00;364.93e-6
2014-10-27 15:30:00;355.96e-6
2014-10-27 15:45:00;347.90e-6
2014-10-27 16:00:00;343.09e-6
2014-10-27 16:15:00;334.30e-6
2014-10-27 16:30:00;340.67e-6
2014-10-27 16:45:00;351.49e-6
2014-10-27 17:00:00;366.62e-6
2014-10-27 17:15:00;384.30e-6
2014-10-27 17:30:00;406.77e-6
2014-10-27 17:45:00;436.98e-6
2014-10-27 18:00:00;467.69e-6
2014-10-27 18:15:00;503.87e-6
2014-10-27 18:30:00;538.57e-6
2014-10-27 18:45:00;569.67e-6
2014-10-27 19:00:00;588.13e-6
2014-10-27 19:15:00;599.25e-6
2014-10-27 19:30:00;615.18e-6
2014-10-27 19:45:00;614.53e-6
2014-10-27 20:00:00;610.90e-6
2014-10-27 20:15:00;600.52e-6
2014-10-27 20:30:00;584.11e-6
2014-10-27 20:45:00;564.75e-6
2014-10-27 21:00:00;546.41e-6
2014-10-27 21:15:00;526.35e-6
2014-10-27 21:30:00;505.01e-6
2014-10-27 21:45:00;481.08e-6
2014-10-27 22:00:00;454.33e-6
2014-10-27 22:15:00;422.72e-6
2014-10-27 22:30:00;388.30e-6
2014-10-27 22:45:00;352.03e-6
2014-10-27 23:00:00;315.96e-6
2014-10-27 23:15:00;276.65e-6
2014-10-27 23:30:00;246.44e-6
2014-10-27 23:45:00;218.99e-6
2014-10-28 00:00:00;190.93e-6
2014-10-28 00:15:00;174.76e-6
2014-10-28 00:30:00;164.20e-6
2014-10-28 00:45:00;157.35e-6
2014-10-28 01:00:00;156.56e-6
2014-10-28 01:15:00;159.55e-6
2014-10-28 01:30:00;165.53e-6
2014-10-28 01:45:00;179.92e-6
2014-10-28 02:00:00;195.64e-6
2014-10-28 02:15:00;208.15e-6
2014-10-28 02:30:00;217.75e-6
2014-10-28 02:45:00;222.45e-6
2014-10-28 03:00:00;220.54e-6
2014-10-28 03:15:00;213.07e-6
2014-10-28 03:30:00;205.07e-6
2014-10-28 03:45:00;200.26e-6
2014-10-28 04:00:00;203.94e-6
2014-10-28 04:15:00;205.78e-6
2014-10-28 04:30:00;212.36e-6
2014-10-28 04:45:00;218.75e-6
2014-10-28 05:00:00;225.48e-6
2014-10-28 05:15:00;237.69e-6
2014-10-28 05:30:00;255.86e-6
2014-10-28 05:45:00;281.53e-6
2014-10-28 06:00:00;320.56e-6
2014-10-28 06:15:00;359.94e-6
2014-10-28 06:30:00;424.18e-6
2014-10-28 06:45:00;436.32e-6
2014-10-28 07:00:00;462.50e-6
2014-10-28 07:15:00;472.37e-6
2014-10-28 07:30:00;475.29e-6
2014-10-28 07:45:00;464.95e-6
2014-10-28 08:00:00;455.18e-6
2014-10-28 08:15:00;434.15e-6
2014-10-28 08:30:00;412.97e-6
2014-10-28 08:45:00;391.29e-6
2014-10-28 09:00:00;375.44e-6
2014-10-28 09:15:00;366.03e-6
2014-10-28 09:30:00;363.85e-6
2014-10-28 09:45:00;363.86e-6
2014-10-28 10:00:00;365.67e-6
2014-10-28 10:15:00;365.84e-6
2014-10-28 10:30:00;367.94e-6
2014-10-28 10:45:00;376.26e-6
2014-10-28 11:00:00;392.61e-6
2014-10-28 11:15:00;412.67e-6
2014-10-28 11:30:00;419.57e-6
2014-10-28 11:45:00;415.27e-6
2014-10-28 12:00:00;398.71e-6
2014-10-28 12:15:00;387.69e-6
2014-10-28 12:30:00;379.74e-6
2014-10-28 12:45:00;378.14e-6
2014-10-28 13:00:00;376.64e-6
2014-10-28 13:15:00;378.23e-6
2014-10-28 13:30:00;381.24e-6
2014-10-28 13:45:00;385.72e-6
2014-10-28 14:00:00;390.97e-6
2014-10-28 14:15:00;392.40e-6
2014-10-28 14:30:00;390.09e-6
2014-10-28 14:45:00;384.80e-6
2014-10-28 15:00:00;376.62e-6
2014-10-28 15:15:00;366.38e-6
2014-10-28 15:30:00;357.38e-6
2014-10-28 15:45:00;349.28e-6
2014-10-28 16:00:00;344.46e-6
2014-10-28 16:15:00;335.63e-6
2014-10-28 16:30:00;342.03e-6
2014-10-28 16:45:00;352.89e-6
2014-10-28 17:00:00;368.08e-6
2014-10-28 17:15:00;385.83e-6
2014-10-28 17:30:00;408.39e-6
2014-10-28 17:45:00;438.72e-6
2014-10-28 18:00:00;469.55e-6
2014-10-28 18:15:00;505.88e-6
2014-10-28 18:30:00;540.72e-6
2014-10-28 18:45:00;571.94e-6
2014-10-28 19:00:00;590.47e-6
2014-10-28 19:15:00;601.64e-6
2014-10-28 19:30:00;617.63e-6
2014-10-28 19:45:00;616.98e-6
2014-10-28 20:00:00;613.33e-6
2014-10-28 20:15:00;602.91e-6
2014-10-28 20:30:00;586.43e-6
2014-10-28 20:45:00;567.00e-6
2014-10-28 21:00:00;548.58e-6
2014-10-28 21:15:00;528.45e-6
2014-10-28 21:30:00;507.02e-6
2014-10-28 21:45:00;483.00e-6
2014-10-28 22:00:00;456.14e-6
2014-10-28 22:15:00;424.40e-6
2014-10-28 22:30:00;389.85e-6
2014-10-28 22:45:00;353.43e-6
2014-10-28 23:00:00;317.22e-6
2014-10-28 23:15:00;277.76e-6
2014-10-28 23:30:00;247.42e-6
2014-10-28 23:45:00;219.86e-6
2014-10-29 00:00:00;191.69e-6
2014-10-29 00:15:00;175.46e-6
2014-10-29 00:30:00;164.85e-6
2014-10-29 00:45:00;157.98e-6
2014-10-29 01:00:00;157.18e-6
2014-10-29 01:15:00;160.19e-6
2014-10-29 01:30:00;166.19e-6
2014-10-29 01:45:00;180.64e-6
2014-10-29 02:00:00;196.41e-6
2014-10-29 02:15:00;208.98e-6
2014-10-29 02:30:00;218.62e-6
2014-10-29 02:45:00;223.34e-6
2014-10-29 03:00:00;221.42e-6
2014-10-29 03:15:00;213.91e-6
2014-10-29 03:30:00;205.88e-6
2014-10-29 03:45:00;201.06e-6
2014-10-29 04:00:00;204.75e-6
2014-10-29 04:15:00;206.60e-6
2014-10-29 04:30:00;213.21e-6
2014-10-29 04:45:00;219.62e-6
2014-10-29 05:00:00;226.38e-6
2014-10-29 05:15:00;238.64e-6
2014-10-29 05:30:00;256.88e-6
2014-10-29 05:45:00;282.65e-6
2014-10-29 06:00:00;321.83e-6
2014-10-29 06:15:00;361.37e-6
2014-10-29 06:30:00;425.86e-6
2014-10-29 06:45:00;438.05e-6
2014-10-29 07:00:00;464.34e-6
2014-10-29 07:15:00;474.25e-6
2014-10-29 07:30:00;477.18e-6
2014-10-29 07:45:00;466.80e-6
2014-10-29 08:00:00;457.00e-6
2014-10-29 08:15:00;435.88e-6
2014-10-29 08:30:00;414.61e-6
2014-10-29 08:45:00;392.85e-6
2014-10-29 09:00:00;376.94e-6
2014-10-29 09:15:00;367.48e-6
2014-10-29 09:30:00;365.30e-6
2014-10-29 09:45:00;365.31e-6
2014-10-29 10:00:00;367.13e-6
2014-10-29 10:15:00;367.29e-6
2014-10-29 10:30:00;369.41e-6
2014-10-29 10:45:00;377.76e-6
2014-10-29 11:00:00;394.18e-6
2014-10-29 11:15:00;414.31e-6
2014-10-29 11:30:00;421.23e-6
2014-10-29 11:45:00;416.92e-6
2014-10-29 12:00:00;400.30e-6
2014-10-29 12:15:00;389.24e-6
2014-10-29 12:30:00;381.25e-6
2014-10-29 12:45:00;379.65e-6
2014-10-29 13:00:00;378.14e-6
2014-10-29 13:15:00;379.74e-6
2014-10-29 13:30:00;382.76e-6
2014-10-29 13:45:00;387.25e-6
2014-10-29 14:00:00;392.52e-6
2014-10-29 14:15:00;393.96e-6
2014-10-29 14:30:00;391.64e-6
2014-10-29 14:45:00;386.33e-6
2014-10-29 15:00:00;378.12e-6
2014-10-29 15:15:00;367.84e-6
2014-10-29 15:30:00;358.80e-6
2014-10-29 15:45:00;350.67e-6
2014-10-29 16:00:00;345.83e-6
2014-10-29 16:15:00;336.96e-6
2014-10-29 16:30:00;343.39e-6
2014-10-29 16:45:00;354.29e-6
2014-10-29 17:00:00;369.54e-6
2014-10-29 17:15:00;387.37e-6
2014-10-29 17:30:00;410.01e-6
2014-10-29 17:45:00;440.47e-6
2014-10-29 18:00:00;471.42e-6
2014-10-29 18:15:00;507.89e-6
2014-10-29 18:30:00;542.87e-6
2014-10-29 18:45:00;574.22e-6
2014-10-29 19:00:00;592.82e-6
2014-10-29 19:15:00;604.03e-6
2014-10-29 19:30:00;620.08e-6
2014-10-29 19:45:00;619.43e-6
2014-10-29 20:00:00;615.77e-6
2014-10-29 20:15:00;605.31e-6
2014-10-29 20:30:00;588.77e-6
2014-10-29 20:45:00;569.25e-6
2014-10-29 21:00:00;550.77e-6
2014-10-29 21:15:00;530.55e-6
2014-10-29 21:30:00;509.04e-6
2014-10-29 21:45:00;484.92e-6
2014-10-29 22:00:00;457.95e-6
2014-10-29 22:15:00;426.09e-6
2014-10-29 22:30:00;391.40e-6
2014-10-29 22:45:00;354.84e-6
2014-10-29 23:00:00;318.48e-6
2014-10-29 23:15:00;278.86e-6
2014-10-29 23:30:00;248.40e-6
2014-10-29 23:45:00;220.74e-6
2014-10-30 00:00:00;192.46e-6
2014-10-30 00:15:00;176.15e-6
2014-10-30 00:30:00;165.51e-6
2014-10-30 00:45:00;158.61e-6
2014-10-30 01:00:00;157.80e-6
2014-10-30 01:15:00;160.82e-6
2014-10-30 01:30:00;166.85e-6
2014-10-30 01:45:00;181.35e-6
2014-10-30 02:00:00;197.19e-6
2014-10-30 02:15:00;209.81e-6
2014-10-30 02:30:00;219.49e-6
2014-10-30 02:45:00;224.22e-6
2014-10-30 03:00:00;222.30e-6
2014-10-30 03:15:00;214.76e-6
2014-10-30 03:30:00;206.70e-6
2014-10-30 03:45:00;201.85e-6
2014-10-30 04:00:00;205.56e-6
2014-10-30 04:15:00;207.42e-6
2014-10-30 04:30:00;214.06e-6
2014-10-30 04:45:00;220.49e-6
2014-10-30 05:00:00;227.28e-6
2014-10-30 05:15:00;239.59e-6
2014-10-30 05:30:00;257.90e-6
2014-10-30 05:45:00;283.77e-6
2014-10-30 06:00:00;323.11e-6
2014-10-30 06:15:00;362.80e-6
2014-10-30 06:30:00;427.56e-6
2014-10-30 06:45:00;439.79e-6
2014-10-30 07:00:00;466.19e-6
2014-10-30 07:15:00;476.13e-6
2014-10-30 07:30:00;479.08e-6
2014-10-30 07:45:00;468.66e-6
2014-10-30 08:00:00;458.81e-6
2014-10-30 08:15:00;437.61e-6
2014-10-30 08:30:00;416.26e-6
2014-10-30 08:45:00;394.41e-6
2014-10-30 09:00:00;378.44e-6
2014-10-30 09:15:00;368.94e-6
2014-10-30 09:30:00;366.75e-6
2014-10-30 09:45:00;366.76e-6
2014-10-30 10:00:00;368.59e-6
2014-10-30 10:15:00;368.75e-6
2014-10-30 10:30:00;370.88e-6
2014-10-30 10:45:00;379.26e-6
2014-10-30 11:00:00;395.74e-6
2014-10-30 11:15:00;415.96e-6
2014-10-30 11:30:00;422.91e-6
2014-10-30 11:45:00;418.57e-6
2014-10-30 12:00:00;401.89e-6
2014-10-30 12:15:00;390.78e-6
2014-10-30 12:30:00;382.76e-6
2014-10-30 12:45:00;381.15e-6
2014-10-30 13:00:00;379.64e-6
2014-10-30 13:15:00;381.24e-6
2014-10-30 13:30:00;384.28e-6
2014-10-30 13:45:00;388.79e-6
2014-10-30 14:00:00;394.08e-6
2014-10-30 14:15:00;395.53e-6
2014-10-30 14:30:00;393.20e-6
2014-10-30 14:45:00;387.86e-6
2014-10-30 15:00:00;379.62e-6
2014-10-30 15:15:00;369.30e-6
2014-10-30 15:30:00;360.23e-6
2014-10-30 15:45:00;352.07e-6
2014-10-30 16:00:00;347.20e-6
2014-10-30 16:15:00;338.30e-6
2014-10-30 16:30:00;344.76e-6
2014-10-30 16:45:00;355.70e-6
2014-10-30 17:00:00;371.01e-6
2014-10-30 17:15:00;388.91e-6
2014-10-30 17:30:00;411.64e-6
2014-10-30 17:45:00;442.22e-6
2014-10-30 18:00:00;473.29e-6
2014-10-30 18:15:00;509.91e-6
2014-10-30 18:30:00;545.02e-6
2014-10-30 18:45:00;576.50e-6
2014-10-30 19:00:00;595.17e-6
2014-10-30 19:15:00;606.43e-6
2014-10-30 19:30:00;622.55e-6
2014-10-30 19:45:00;621.89e-6
2014-10-30 20:00:00;618.22e-6
2014-10-30 20:15:00;607.72e-6
2014-10-30 20:30:00;591.11e-6
2014-10-30 20:45:00;571.51e-6
2014-10-30 21:00:00;552.95e-6
2014-10-30 21:15:00;532.66e-6
2014-10-30 21:30:00;511.06e-6
2014-10-30 21:45:00;486.85e-6
2014-10-30 22:00:00;459.77e-6
2014-10-30 22:15:00;427.78e-6
2014-10-30 22:30:00;392.95e-6
2014-10-30 22:45:00;356.24e-6
2014-10-30 23:00:00;319.75e-6
2014-10-30 23:15:00;279.97e-6
2014-10-30 23:30:00;249.39e-6
2014-10-30 23:45:00;221.61e-6
2014-10-31 00:00:00;250.03e-6
2014-10-31 00:15:00;226.47e-6
2014-10-31 00:30:00;206.89e-6
2014-10-31 00:45:00;192.53e-6
2014-10-31 01:00:00;183.84e-6
2014-10-31 01:15:00;181.80e-6
2014-10-31 01:30:00;182.69e-6
2014-10-31 01:45:00;194.42e-6
2014-10-31 02:00:00;207.63e-6
2014-10-31 02:15:00;218.78e-6
2014-10-31 02:30:00;227.51e-6
2014-10-31 02:45:00;232.45e-6
2014-10-31 03:00:00;230.07e-6
2014-10-31 03:15:00;221.16e-6
2014-10-31 03:30:00;214.48e-6
2014-10-31 03:45:00;211.22e-6
2014-10-31 04:00:00;216.99e-6
2014-10-31 04:15:00;220.87e-6
2014-10-31 04:30:00;224.06e-6
2014-10-31 04:45:00;213.27e-6
2014-10-31 05:00:00;205.27e-6
2014-10-31 05:15:00;198.97e-6
2014-10-31 05:30:00;197.61e-6
2014-10-31 05:45:00;203.87e-6
2014-10-31 06:00:00;224.69e-6
2014-10-31 06:15:00;251.34e-6
2014-10-31 06:30:00;297.82e-6
2014-10-31 06:45:00;314.16e-6
2014-10-31 07:00:00;353.81e-6
2014-10-31 07:15:00;389.06e-6
2014-10-31 07:30:00;439.39e-6
2014-10-31 07:45:00;484.52e-6
2014-10-31 08:00:00;528.93e-6
2014-10-31 08:15:00;563.12e-6
2014-10-31 08:30:00;582.77e-6
2014-10-31 08:45:00;601.48e-6
2014-10-31 09:00:00;615.92e-6
2014-10-31 09:15:00;627.63e-6
2014-10-31 09:30:00;635.34e-6
2014-10-31 09:45:00;643.94e-6
2014-10-31 10:00:00;655.56e-6
2014-10-31 10:15:00;670.10e-6
2014-10-31 10:30:00;687.91e-6
2014-10-31 10:45:00;715.37e-6
2014-10-31 11:00:00;754.09e-6
2014-10-31 11:15:00;804.31e-6
2014-10-31 11:30:00;813.61e-6
2014-10-31 11:45:00;785.84e-6
2014-10-31 12:00:00;725.29e-6
2014-10-31 12:15:00;666.57e-6
2014-10-31 12:30:00;622.33e-6
2014-10-31 12:45:00;597.46e-6
2014-10-31 13:00:00;570.22e-6
2014-10-31 13:15:00;550.49e-6
2014-10-31 13:30:00;535.14e-6
2014-10-31 13:45:00;524.76e-6
2014-10-31 14:00:00;518.37e-6
2014-10-31 14:15:00;511.29e-6
2014-10-31 14:30:00;503.13e-6
2014-10-31 14:45:00;494.34e-6
2014-10-31 15:00:00;484.37e-6
2014-10-31 15:15:00;473.53e-6
2014-10-31 15:30:00;464.36e-6
2014-10-31 15:45:00;455.81e-6
2014-10-31 16:00:00;450.68e-6
2014-10-31 16:15:00;440.15e-6
2014-10-31 16:30:00;447.63e-6
2014-10-31 16:45:00;458.70e-6
2014-10-31 17:00:00;469.03e-6
2014-10-31 17:15:00;484.79e-6
2014-10-31 17:30:00;504.28e-6
2014-10-31 17:45:00;528.24e-6
2014-10-31 18:00:00;554.20e-6
2014-10-31 18:15:00;582.05e-6
2014-10-31 18:30:00;606.88e-6
2014-10-31 18:45:00;624.02e-6
2014-10-31 19:00:00;626.72e-6
2014-10-31 19:15:00;624.20e-6
2014-10-31 19:30:00;610.68e-6
2014-10-31 19:45:00;605.60e-6
2014-10-31 20:00:00;603.06e-6
2014-10-31 20:15:00;590.19e-6
2014-10-31 20:30:00;571.82e-6
2014-10-31 20:45:00;556.08e-6
2014-10-31 21:00:00;534.44e-6
2014-10-31 21:15:00;519.23e-6
2014-10-31 21:30:00;500.07e-6
2014-10-31 21:45:00;479.84e-6
2014-10-31 22:00:00;456.53e-6
2014-10-31 22:15:00;428.72e-6
2014-10-31 22:30:00;398.05e-6
2014-10-31 22:45:00;366.04e-6
2014-10-31 23:00:00;333.21e-6
2014-10-31 23:15:00;300.22e-6
2014-10-31 23:30:00;269.16e-6
2014-10-31 23:45:00;240.76e-6
2014-11-01 00:00:00;231.49e-6
2014-11-01 00:15:00;223.41e-6
2014-11-01 00:30:00;221.50e-6
2014-11-01 00:45:00;224.13e-6
2014-11-01 01:00:00;233.12e-6
2014-11-01 01:15:00;247.06e-6
2014-11-01 01:30:00;261.10e-6
2014-11-01 01:45:00;274.05e-6
2014-11-01 02:00:00;284.82e-6
2014-11-01 02:15:00;291.93e-6
2014-11-01 02:30:00;293.60e-6
2014-11-01 02:45:00;291.96e-6
2014-11-01 03:00:00;284.89e-6
2014-11-01 03:15:00;272.22e-6
2014-11-01 03:30:00;255.38e-6
2014-11-01 03:45:00;238.72e-6
2014-11-01 04:00:00;227.99e-6
2014-11-01 04:15:00;217.51e-6
2014-11-01 04:30:00;210.20e-6
2014-11-01 04:45:00;201.27e-6
2014-11-01 05:00:00;193.90e-6
2014-11-01 05:15:00;193.19e-6
2014-11-01 05:30:00;200.21e-6
2014-11-01 05:45:00;218.45e-6
2014-11-01 06:00:00;251.98e-6
2014-11-01 06:15:00;288.55e-6
2014-11-01 06:30:00;350.28e-6
2014-11-01 06:45:00;363.49e-6
2014-11-01 07:00:00;391.43e-6
2014-11-01 07:15:00;411.25e-6
2014-11-01 07:30:00;443.73e-6
2014-11-01 07:45:00;456.93e-6
2014-11-01 08:00:00;474.99e-6
2014-11-01 08:15:00;488.61e-6
2014-11-01 08:30:00;476.01e-6
2014-11-01 08:45:00;477.75e-6
2014-11-01 09:00:00;480.81e-6
2014-11-01 09:15:00;488.41e-6
2014-11-01 09:30:00;495.93e-6
2014-11-01 09:45:00;503.37e-6
2014-11-01 10:00:00;510.98e-6
2014-11-01 10:15:00;518.70e-6
2014-11-01 10:30:00;528.40e-6
2014-11-01 10:45:00;546.77e-6
2014-11-01 11:00:00;575.21e-6
2014-11-01 11:15:00;623.13e-6
2014-11-01 11:30:00;639.65e-6
2014-11-01 11:45:00;629.46e-6
2014-11-01 12:00:00;587.51e-6
2014-11-01 12:15:00;540.28e-6
2014-11-01 12:30:00;516.04e-6
2014-11-01 12:45:00;506.58e-6
2014-11-01 13:00:00;496.56e-6
2014-11-01 13:15:00;493.85e-6
2014-11-01 13:30:00;496.58e-6
2014-11-01 13:45:00;505.11e-6
2014-11-01 14:00:00;518.45e-6
2014-11-01 14:15:00;531.58e-6
2014-11-01 14:30:00;543.31e-6
2014-11-01 14:45:00;553.46e-6
2014-11-01 15:00:00;561.24e-6
2014-11-01 15:15:00;567.51e-6
2014-11-01 15:30:00;574.97e-6
2014-11-01 15:45:00;583.67e-6
2014-11-01 16:00:00;595.70e-6
2014-11-01 16:15:00;604.67e-6
2014-11-01 16:30:00;627.90e-6
2014-11-01 16:45:00;652.09e-6
2014-11-01 17:00:00;675.11e-6
2014-11-01 17:15:00;691.47e-6
2014-11-01 17:30:00;706.19e-6
2014-11-01 17:45:00;717.83e-6
2014-11-01 18:00:00;727.14e-6
2014-11-01 18:15:00;730.61e-6
2014-11-01 18:30:00;737.01e-6
2014-11-01 18:45:00;725.02e-6
2014-11-01 19:00:00;704.55e-6
2014-11-01 19:15:00;680.01e-6
2014-11-01 19:30:00;649.20e-6
2014-11-01 19:45:00;629.04e-6
2014-11-01 20:00:00;617.70e-6
2014-11-01 20:15:00;600.57e-6
2014-11-01 20:30:00;582.04e-6
2014-11-01 20:45:00;567.85e-6
2014-11-01 21:00:00;552.59e-6
2014-11-01 21:15:00;534.26e-6
2014-11-01 21:30:00;511.99e-6
2014-11-01 21:45:00;485.82e-6
2014-11-01 22:00:00;454.69e-6
2014-11-01 22:15:00;419.86e-6
2014-11-01 22:30:00;386.83e-6
2014-11-01 22:45:00;355.83e-6
2014-11-01 23:00:00;327.42e-6
2014-11-01 23:15:00;301.53e-6
2014-11-01 23:30:00;279.70e-6
2014-11-01 23:45:00;271.41e-6
2014-11-02 00:00:00;256.22e-6
2014-11-02 00:15:00;254.83e-6
2014-11-02 00:30:00;259.18e-6
2014-11-02 00:45:00;268.95e-6
2014-11-02 01:00:00;278.91e-6
2014-11-02 01:15:00;291.61e-6
2014-11-02 01:30:00;300.81e-6
2014-11-02 01:45:00;310.56e-6
2014-11-02 02:00:00;317.73e-6
2014-11-02 02:15:00;321.11e-6
2014-11-02 02:30:00;322.36e-6
2014-11-02 02:45:00;319.40e-6
2014-11-02 03:00:00;309.39e-6
2014-11-02 03:15:00;293.61e-6
2014-11-02 03:30:00;274.31e-6
2014-11-02 03:45:00;257.17e-6
2014-11-02 04:00:00;247.50e-6
2014-11-02 04:15:00;235.77e-6
2014-11-02 04:30:00;227.84e-6
2014-11-02 04:45:00;217.56e-6
2014-11-02 05:00:00;208.37e-6
2014-11-02 05:15:00;205.01e-6
2014-11-02 05:30:00;208.56e-6
2014-11-02 05:45:00;222.52e-6
2014-11-02 06:00:00;250.95e-6
2014-11-02 06:15:00;283.17e-6
2014-11-02 06:30:00;338.51e-6
2014-11-02 06:45:00;350.90e-6
2014-11-02 07:00:00;384.23e-6
2014-11-02 07:15:00;414.87e-6
2014-11-02 07:30:00;468.17e-6
2014-11-02 07:45:00;508.71e-6
2014-11-02 08:00:00;553.07e-6
2014-11-02 08:15:00;595.36e-6
2014-11-02 08:30:00;608.06e-6
2014-11-02 08:45:00;624.05e-6
2014-11-02 09:00:00;632.31e-6
2014-11-02 09:15:00;644.62e-6
2014-11-02 09:30:00;654.56e-6
2014-11-02 09:45:00;665.14e-6
2014-11-02 10:00:00;678.37e-6
2014-11-02 10:15:00;696.13e-6
2014-11-02 10:30:00;714.67e-6
2014-11-02 10:45:00;743.02e-6
2014-11-02 11:00:00;781.13e-6
2014-11-02 11:15:00;838.12e-6
2014-11-02 11:30:00;844.31e-6
2014-11-02 11:45:00;809.43e-6
2014-11-02 12:00:00;739.05e-6
2014-11-02 12:15:00;667.88e-6
2014-11-02 12:30:00;624.57e-6
2014-11-02 12:45:00;604.00e-6
2014-11-02 13:00:00;580.67e-6
2014-11-02 13:15:00;566.33e-6
2014-11-02 13:30:00;557.52e-6
2014-11-02 13:45:00;554.82e-6
2014-11-02 14:00:00;557.07e-6
2014-11-02 14:15:00;559.09e-6
2014-11-02 14:30:00;560.06e-6
2014-11-02 14:45:00;560.43e-6
2014-11-02 15:00:00;559.76e-6
2014-11-02 15:15:00;558.99e-6
2014-11-02 15:30:00;561.12e-6
2014-11-02 15:45:00;565.90e-6
2014-11-02 16:00:00;575.53e-6
2014-11-02 16:15:00;581.61e-6
2014-11-02 16:30:00;605.57e-6
2014-11-02 16:45:00;626.78e-6
2014-11-02 17:00:00;650.66e-6
2014-11-02 17:15:00;668.61e-6
2014-11-02 17:30:00;686.50e-6
2014-11-02 17:45:00;702.42e-6
2014-11-02 18:00:00;717.89e-6
2014-11-02 18:15:00;723.91e-6
2014-11-02 18:30:00;733.84e-6
2014-11-02 18:45:00;728.97e-6
2014-11-02 19:00:00;715.69e-6
2014-11-02 19:15:00;694.28e-6
2014-11-02 19:30:00;658.60e-6
2014-11-02 19:45:00;640.19e-6
2014-11-02 20:00:00;630.27e-6
2014-11-02 20:15:00;611.23e-6
2014-11-02 20:30:00;588.72e-6
2014-11-02 20:45:00;573.08e-6
2014-11-02 21:00:00;551.57e-6
2014-11-02 21:15:00;528.64e-6
2014-11-02 21:30:00;500.14e-6
2014-11-02 21:45:00;467.10e-6
2014-11-02 22:00:00;427.66e-6
2014-11-02 22:15:00;384.32e-6
2014-11-02 22:30:00;343.49e-6
2014-11-02 22:45:00;305.99e-6
2014-11-02 23:00:00;274.10e-6
2014-11-02 23:15:00;243.03e-6
2014-11-02 23:30:00;226.95e-6
2014-11-02 23:45:00;216.06e-6
2014-11-03 00:00:00;195.36e-6
2014-11-03 00:15:00;199.02e-6
2014-11-03 00:30:00;211.33e-6
2014-11-03 00:45:00;226.29e-6
2014-11-03 01:00:00;241.70e-6
2014-11-03 01:15:00;257.92e-6
2014-11-03 01:30:00;272.24e-6
2014-11-03 01:45:00;285.00e-6
2014-11-03 02:00:00;295.99e-6
2014-11-03 02:15:00;300.71e-6
2014-11-03 02:30:00;301.40e-6
2014-11-03 02:45:00;299.40e-6
2014-11-03 03:00:00;291.30e-6
2014-11-03 03:15:00;278.97e-6
2014-11-03 03:30:00;262.62e-6
2014-11-03 03:45:00;244.81e-6
2014-11-03 04:00:00;234.69e-6
2014-11-03 04:15:00;223.57e-6
2014-11-03 04:30:00;220.39e-6
2014-11-03 04:45:00;226.49e-6
2014-11-03 05:00:00;232.17e-6
2014-11-03 05:15:00;247.23e-6
2014-11-03 05:30:00;270.21e-6
2014-11-03 05:45:00;303.20e-6
2014-11-03 06:00:00;349.56e-6
2014-11-03 06:15:00;393.25e-6
2014-11-03 06:30:00;466.03e-6
2014-11-03 06:45:00;470.41e-6
2014-11-03 07:00:00;486.13e-6
2014-11-03 07:15:00;492.55e-6
2014-11-03 07:30:00;494.57e-6
2014-11-03 07:45:00;477.14e-6
2014-11-03 08:00:00;466.71e-6
2014-11-03 08:15:00;450.26e-6
2014-11-03 08:30:00;425.61e-6
2014-11-03 08:45:00;403.38e-6
2014-11-03 09:00:00;383.09e-6
2014-11-03 09:15:00;374.59e-6
2014-11-03 09:30:00;374.71e-6
2014-11-03 09:45:00;376.57e-6
2014-11-03 10:00:00;380.42e-6
2014-11-03 10:15:00;382.16e-6
2014-11-03 10:30:00;385.34e-6
2014-11-03 10:45:00;394.39e-6
2014-11-03 11:00:00;410.13e-6
2014-11-03 11:15:00;430.83e-6
2014-11-03 11:30:00;435.57e-6
2014-11-03 11:45:00;427.53e-6
2014-11-03 12:00:00;406.38e-6
2014-11-03 12:15:00;394.61e-6
2014-11-03 12:30:00;388.89e-6
2014-11-03 12:45:00;390.13e-6
2014-11-03 13:00:00;391.73e-6
2014-11-03 13:15:00;397.16e-6
2014-11-03 13:30:00;404.85e-6
2014-11-03 13:45:00;414.69e-6
2014-11-03 14:00:00;425.85e-6
2014-11-03 14:15:00;433.73e-6
2014-11-03 14:30:00;437.90e-6
2014-11-03 14:45:00;439.17e-6
2014-11-03 15:00:00;437.90e-6
2014-11-03 15:15:00;435.50e-6
2014-11-03 15:30:00;435.43e-6
2014-11-03 15:45:00;438.17e-6
2014-11-03 16:00:00;445.70e-6
2014-11-03 16:15:00;450.62e-6
2014-11-03 16:30:00;471.37e-6
2014-11-03 16:45:00;495.25e-6
2014-11-03 17:00:00;524.55e-6
2014-11-03 17:15:00;547.89e-6
2014-11-03 17:30:00;571.45e-6
2014-11-03 17:45:00;595.54e-6
2014-11-03 18:00:00;615.36e-6
2014-11-03 18:15:00;633.22e-6
2014-11-03 18:30:00;648.83e-6
2014-11-03 18:45:00;656.95e-6
2014-11-03 19:00:00;656.46e-6
2014-11-03 19:15:00;651.99e-6
2014-11-03 19:30:00;654.26e-6
2014-11-03 19:45:00;641.91e-6
2014-11-03 20:00:00;632.33e-6
2014-11-03 20:15:00;615.04e-6
2014-11-03 20:30:00;594.03e-6
2014-11-03 20:45:00;573.79e-6
2014-11-03 21:00:00;555.39e-6
2014-11-03 21:15:00;530.35e-6
2014-11-03 21:30:00;501.83e-6
2014-11-03 21:45:00;468.06e-6
2014-11-03 22:00:00;428.47e-6
2014-11-03 22:15:00;384.84e-6
2014-11-03 22:30:00;343.41e-6
2014-11-03 22:45:00;304.30e-6
2014-11-03 23:00:00;271.02e-6
2014-11-03 23:15:00;235.59e-6
2014-11-03 23:30:00;220.16e-6
2014-11-03 23:45:00;210.78e-6
2014-11-04 00:00:00;196.13e-6
2014-11-04 00:15:00;199.80e-6
2014-11-04 00:30:00;212.16e-6
2014-11-04 00:45:00;227.18e-6
2014-11-04 01:00:00;242.65e-6
2014-11-04 01:15:00;258.93e-6
2014-11-04 01:30:00;273.31e-6
2014-11-04 01:45:00;286.12e-6
2014-11-04 02:00:00;297.16e-6
2014-11-04 02:15:00;301.90e-6
2014-11-04 02:30:00;302.59e-6
2014-11-04 02:45:00;300.57e-6
2014-11-04 03:00:00;292.45e-6
2014-11-04 03:15:00;280.07e-6
2014-11-04 03:30:00;263.65e-6
2014-11-04 03:45:00;245.77e-6
2014-11-04 04:00:00;235.62e-6
2014-11-04 04:15:00;224.45e-6
2014-11-04 04:30:00;221.26e-6
2014-11-04 04:45:00;227.38e-6
2014-11-04 05:00:00;233.08e-6
2014-11-04 05:15:00;248.20e-6
2014-11-04 05:30:00;271.27e-6
2014-11-04 05:45:00;304.39e-6
2014-11-04 06:00:00;350.94e-6
2014-11-04 06:15:00;394.79e-6
2014-11-04 06:30:00;467.86e-6
2014-11-04 06:45:00;472.26e-6
2014-11-04 07:00:00;488.04e-6
2014-11-04 07:15:00;494.49e-6
2014-11-04 07:30:00;496.52e-6
2014-11-04 07:45:00;479.01e-6
2014-11-04 08:00:00;468.55e-6
2014-11-04 08:15:00;452.03e-6
2014-11-04 08:30:00;427.28e-6
2014-11-04 08:45:00;404.97e-6
2014-11-04 09:00:00;384.60e-6
2014-11-04 09:15:00;376.06e-6
2014-11-04 09:30:00;376.18e-6
2014-11-04 09:45:00;378.05e-6
2014-11-04 10:00:00;381.91e-6
2014-11-04 10:15:00;383.66e-6
2014-11-04 10:30:00;386.85e-6
2014-11-04 10:45:00;395.94e-6
2014-11-04 11:00:00;411.75e-6
2014-11-04 11:15:00;432.52e-6
2014-11-04 11:30:00;437.29e-6
2014-11-04 11:45:00;429.21e-6
2014-11-04 12:00:00;407.98e-6
2014-11-04 12:15:00;396.17e-6
2014-11-04 12:30:00;390.42e-6
2014-11-04 12:45:00;391.66e-6
2014-11-04 13:00:00;393.27e-6
2014-11-04 13:15:00;398.72e-6
2014-11-04 13:30:00;406.44e-6
2014-11-04 13:45:00;416.32e-6
2014-11-04 14:00:00;427.52e-6
2014-11-04 14:15:00;435.43e-6
2014-11-04 14:30:00;439.62e-6
2014-11-04 14:45:00;440.90e-6
2014-11-04 15:00:00;439.62e-6
2014-11-04 15:15:00;437.21e-6
2014-11-04 15:30:00;437.14e-6
2014-11-04 15:45:00;439.89e-6
2014-11-04 16:00:00;447.45e-6
2014-11-04 16:15:00;452.39e-6
2014-11-04 16:30:00;473.23e-6
2014-11-04 16:45:00;497.19e-6
2014-11-04 17:00:00;526.61e-6
2014-11-04 17:15:00;550.05e-6
2014-11-04 17:30:00;573.70e-6
2014-11-04 17:45:00;597.88e-6
2014-11-04 18:00:00;617.78e-6
2014-11-04 18:15:00;635.71e-6
2014-11-04 18:30:00;651.38e-6
2014-11-04 18:45:00;659.54e-6
2014-11-04 19:00:00;659.04e-6
2014-11-04 19:15:00;654.55e-6
2014-11-04 19:30:00;656.83e-6
2014-11-04 19:45:00;644.44e-6
2014-11-04 20:00:00;634.82e-6
2014-11-04 20:15:00;617.46e-6
2014-11-04 20:30:00;596.36e-6
2014-11-04 20:45:00;576.04e-6
2014-11-04 21:00:00;557.57e-6
2014-11-04 21:15:00;532.43e-6
2014-11-04 21:30:00;503.80e-6
2014-11-04 21:45:00;469.90e-6
2014-11-04 22:00:00;430.16e-6
2014-11-04 22:15:00;386.36e-6
2014-11-04 22:30:00;344.76e-6
2014-11-04 22:45:00;305.49e-6
2014-11-04 23:00:00;272.09e-6
2014-11-04 23:15:00;236.51e-6
2014-11-04 23:30:00;221.03e-6
2014-11-04 23:45:00;211.61e-6
2014-11-05 00:00:00;196.90e-6
2014-11-05 00:15:00;200.59e-6
2014-11-05 00:30:00;212.99e-6
2014-11-05 00:45:00;228.07e-6
2014-11-05 01:00:00;243.60e-6
2014-11-05 01:15:00;259.94e-6
2014-11-05 01:30:00;274.38e-6
2014-11-05 01:45:00;287.25e-6
2014-11-05 02:00:00;298.32e-6
2014-11-05 02:15:00;303.08e-6
2014-11-05 02:30:00;303.77e-6
2014-11-05 02:45:00;301.75e-6
2014-11-05 03:00:00;293.60e-6
2014-11-05 03:15:00;281.17e-6
2014-11-05 03:30:00;264.68e-6
2014-11-05 03:45:00;246.74e-6
2014-11-05 04:00:00;236.54e-6
2014-11-05 04:15:00;225.33e-6
2014-11-05 04:30:00;222.13e-6
2014-11-05 04:45:00;228.27e-6
2014-11-05 05:00:00;234.00e-6
2014-11-05 05:15:00;249.18e-6
2014-11-05 05:30:00;272.34e-6
2014-11-05 05:45:00;305.58e-6
2014-11-05 06:00:00;352.31e-6
2014-11-05 06:15:00;396.34e-6
2014-11-05 06:30:00;469.70e-6
2014-11-05 06:45:00;474.11e-6
2014-11-05 07:00:00;489.96e-6
2014-11-05 07:15:00;496.43e-6
2014-11-05 07:30:00;498.47e-6
2014-11-05 07:45:00;480.89e-6
2014-11-05 08:00:00;470.39e-6
2014-11-05 08:15:00;453.80e-6
2014-11-05 08:30:00;428.96e-6
2014-11-05 08:45:00;406.56e-6
2014-11-05 09:00:00;386.10e-6
2014-11-05 09:15:00;377.53e-6
2014-11-05 09:30:00;377.65e-6
2014-11-05 09:45:00;379.53e-6
2014-11-05 10:00:00;383.41e-6
2014-11-05 10:15:00;385.16e-6
2014-11-05 10:30:00;388.37e-6
2014-11-05 10:45:00;397.49e-6
2014-11-05 11:00:00;413.36e-6
2014-11-05 11:15:00;434.22e-6
2014-11-05 11:30:00;439.00e-6
2014-11-05 11:45:00;430.89e-6
2014-11-05 12:00:00;409.58e-6
2014-11-05 12:15:00;397.72e-6
2014-11-05 12:30:00;391.95e-6
2014-11-05 12:45:00;393.20e-6
2014-11-05 13:00:00;394.81e-6
2014-11-05 13:15:00;400.28e-6
2014-11-05 13:30:00;408.04e-6
2014-11-05 13:45:00;417.95e-6
2014-11-05 14:00:00;429.20e-6
2014-11-05 14:15:00;437.14e-6
2014-11-05 14:30:00;441.35e-6
2014-11-05 14:45:00;442.62e-6
2014-11-05 15:00:00;441.35e-6
2014-11-05 15:15:00;438.92e-6
2014-11-05 15:30:00;438.85e-6
2014-11-05 15:45:00;441.62e-6
2014-11-05 16:00:00;449.20e-6
2014-11-05 16:15:00;454.16e-6
2014-11-05 16:30:00;475.08e-6
2014-11-05 16:45:00;499.14e-6
2014-11-05 17:00:00;528.68e-6
2014-11-05 17:15:00;552.20e-6
2014-11-05 17:30:00;575.95e-6
2014-11-05 17:45:00;600.22e-6
2014-11-05 18:00:00;620.20e-6
2014-11-05 18:15:00;638.20e-6
2014-11-05 18:30:00;653.94e-6
2014-11-05 18:45:00;662.12e-6
2014-11-05 19:00:00;661.63e-6
2014-11-05 19:15:00;657.12e-6
2014-11-05 19:30:00;659.41e-6
2014-11-05 19:45:00;646.96e-6
2014-11-05 20:00:00;637.30e-6
2014-11-05 20:15:00;619.88e-6
2014-11-05 20:30:00;598.70e-6
2014-11-05 20:45:00;578.30e-6
2014-11-05 21:00:00;559.76e-6
2014-11-05 21:15:00;534.52e-6
2014-11-05 21:30:00;505.77e-6
2014-11-05 21:45:00;471.74e-6
2014-11-05 22:00:00;431.84e-6
2014-11-05 22:15:00;387.87e-6
2014-11-05 22:30:00;346.11e-6
2014-11-05 22:45:00;306.69e-6
2014-11-05 23:00:00;273.15e-6
2014-11-05 23:15:00;237.44e-6
2014-11-05 23:30:00;221.90e-6
2014-11-05 23:45:00;212.44e-6
2014-11-06 00:00:00;197.67e-6
2014-11-06 00:15:00;201.37e-6
2014-11-06 00:30:00;213.82e-6
2014-11-06 00:45:00;228.97e-6
2014-11-06 01:00:00;244.55e-6
2014-11-06 01:15:00;260.96e-6
2014-11-06 01:30:00;275.45e-6
2014-11-06 01:45:00;288.37e-6
2014-11-06 02:00:00;299.49e-6
2014-11-06 02:15:00;304.26e-6
2014-11-06 02:30:00;304.96e-6
2014-11-06 02:45:00;302.93e-6
2014-11-06 03:00:00;294.74e-6
2014-11-06 03:15:00;282.26e-6
2014-11-06 03:30:00;265.72e-6
2014-11-06 03:45:00;247.70e-6
2014-11-06 04:00:00;237.46e-6
2014-11-06 04:15:00;226.21e-6
2014-11-06 04:30:00;223.00e-6
2014-11-06 04:45:00;229.16e-6
2014-11-06 05:00:00;234.91e-6
2014-11-06 05:15:00;250.15e-6
2014-11-06 05:30:00;273.40e-6
2014-11-06 05:45:00;306.78e-6
2014-11-06 06:00:00;353.69e-6
2014-11-06 06:15:00;397.89e-6
2014-11-06 06:30:00;471.53e-6
2014-11-06 06:45:00;475.96e-6
2014-11-06 07:00:00;491.87e-6
2014-11-06 07:15:00;498.37e-6
2014-11-06 07:30:00;500.41e-6
2014-11-06 07:45:00;482.77e-6
2014-11-06 08:00:00;472.22e-6
2014-11-06 08:15:00;455.57e-6
2014-11-06 08:30:00;430.63e-6
2014-11-06 08:45:00;408.15e-6
2014-11-06 09:00:00;387.61e-6
2014-11-06 09:15:00;379.01e-6
2014-11-06 09:30:00;379.13e-6
2014-11-06 09:45:00;381.02e-6
2014-11-06 10:00:00;384.91e-6
2014-11-06 10:15:00;386.67e-6
2014-11-06 10:30:00;389.89e-6
2014-11-06 10:45:00;399.04e-6
2014-11-06 11:00:00;414.98e-6
2014-11-06 11:15:00;435.91e-6
2014-11-06 11:30:00;440.72e-6
2014-11-06 11:45:00;432.57e-6
2014-11-06 12:00:00;411.18e-6
2014-11-06 12:15:00;399.27e-6
2014-11-06 12:30:00;393.48e-6
2014-11-06 12:45:00;394.73e-6
2014-11-06 13:00:00;396.35e-6
2014-11-06 13:15:00;401.85e-6
2014-11-06 13:30:00;409.63e-6
2014-11-06 13:45:00;419.58e-6
2014-11-06 14:00:00;430.87e-6
2014-11-06 14:15:00;438.85e-6
2014-11-06 14:30:00;443.07e-6
2014-11-06 14:45:00;444.35e-6
2014-11-06 15:00:00;443.07e-6
2014-11-06 15:15:00;440.64e-6
2014-11-06 15:30:00;440.57e-6
2014-11-06 15:45:00;443.34e-6
2014-11-06 16:00:00;450.96e-6
2014-11-06 16:15:00;455.94e-6
2014-11-06 16:30:00;476.94e-6
2014-11-06 16:45:00;501.10e-6
2014-11-06 17:00:00;530.74e-6
2014-11-06 17:15:00;554.36e-6
2014-11-06 17:30:00;578.20e-6
2014-11-06 17:45:00;602.57e-6
2014-11-06 18:00:00;622.63e-6
2014-11-06 18:15:00;640.70e-6
2014-11-06 18:30:00;656.49e-6
2014-11-06 18:45:00;664.71e-6
2014-11-06 19:00:00;664.21e-6
2014-11-06 19:15:00;659.68e-6
2014-11-06 19:30:00;661.99e-6
2014-11-06 19:45:00;649.49e-6
2014-11-06 20:00:00;639.80e-6
2014-11-06 20:15:00;622.30e-6
2014-11-06 20:30:00;601.04e-6
2014-11-06 20:45:00;580.56e-6
2014-11-06 21:00:00;561.95e-6
2014-11-06 21:15:00;536.61e-6
2014-11-06 21:30:00;507.75e-6
2014-11-06 21:45:00;473.58e-6
2014-11-06 22:00:00;433.53e-6
2014-11-06 22:15:00;389.39e-6
2014-11-06 22:30:00;347.47e-6
2014-11-06 22:45:00;307.89e-6
2014-11-06 23:00:00;274.22e-6
2014-11-06 23:15:00;238.37e-6
2014-11-06 23:30:00;222.76e-6
2014-11-06 23:45:00;213.27e-6
2014-11-07 00:00:00;198.44e-6
2014-11-07 00:15:00;202.16e-6
2014-11-07 00:30:00;214.65e-6
2014-11-07 00:45:00;229.86e-6
2014-11-07 01:00:00;245.50e-6
2014-11-07 01:15:00;261.98e-6
2014-11-07 01:30:00;276.52e-6
2014-11-07 01:45:00;289.49e-6
2014-11-07 02:00:00;300.65e-6
2014-11-07 02:15:00;305.45e-6
2014-11-07 02:30:00;306.15e-6
2014-11-07 02:45:00;304.11e-6
2014-11-07 03:00:00;295.89e-6
2014-11-07 03:15:00;283.36e-6
2014-11-07 03:30:00;266.75e-6
2014-11-07 03:45:00;248.67e-6
2014-11-07 04:00:00;238.39e-6
2014-11-07 04:15:00;227.09e-6
2014-11-07 04:30:00;223.86e-6
2014-11-07 04:45:00;230.06e-6
2014-11-07 05:00:00;235.83e-6
2014-11-07 05:15:00;251.12e-6
2014-11-07 05:30:00;274.47e-6
2014-11-07 05:45:00;307.97e-6
2014-11-07 06:00:00;355.07e-6
2014-11-07 06:15:00;399.44e-6
2014-11-07 06:30:00;473.37e-6
2014-11-07 06:45:00;477.82e-6
2014-11-07 07:00:00;493.79e-6
2014-11-07 07:15:00;500.31e-6
2014-11-07 07:30:00;502.36e-6
2014-11-07 07:45:00;484.65e-6
2014-11-07 08:00:00;474.06e-6
2014-11-07 08:15:00;457.35e-6
2014-11-07 08:30:00;432.31e-6
2014-11-07 08:45:00;409.74e-6
2014-11-07 09:00:00;389.12e-6
2014-11-07 09:15:00;380.49e-6
2014-11-07 09:30:00;380.61e-6
2014-11-07 09:45:00;382.50e-6
2014-11-07 10:00:00;386.41e-6
2014-11-07 10:15:00;388.18e-6
2014-11-07 10:30:00;391.41e-6
2014-11-07 10:45:00;400.60e-6
2014-11-07 11:00:00;416.59e-6
2014-11-07 11:15:00;437.61e-6
2014-11-07 11:30:00;442.43e-6
2014-11-07 11:45:00;434.26e-6
2014-11-07 12:00:00;412.78e-6
2014-11-07 12:15:00;400.83e-6
2014-11-07 12:30:00;395.02e-6
2014-11-07 12:45:00;396.27e-6
2014-11-07 13:00:00;397.90e-6
2014-11-07 13:15:00;403.41e-6
2014-11-07 13:30:00;411.23e-6
2014-11-07 13:45:00;421.22e-6
2014-11-07 14:00:00;432.55e-6
2014-11-07 14:15:00;440.56e-6
2014-11-07 14:30:00;444.80e-6
2014-11-07 14:45:00;446.09e-6
2014-11-07 15:00:00;444.80e-6
2014-11-07 15:15:00;442.36e-6
2014-11-07 15:30:00;442.28e-6
2014-11-07 15:45:00;445.07e-6
2014-11-07 16:00:00;452.71e-6
2014-11-07 16:15:00;457.71e-6
2014-11-07 16:30:00;478.80e-6
2014-11-07 16:45:00;503.05e-6
2014-11-07 17:00:00;532.81e-6
2014-11-07 17:15:00;556.52e-6
2014-11-07 17:30:00;580.45e-6
2014-11-07 17:45:00;604.92e-6
2014-11-07 18:00:00;625.05e-6
2014-11-07 18:15:00;643.19e-6
2014-11-07 18:30:00;659.05e-6
2014-11-07 18:45:00;667.30e-6
2014-11-07 19:00:00;666.80e-6
2014-11-07 19:15:00;662.25e-6
2014-11-07 19:30:00;664.57e-6
2014-11-07 19:45:00;652.02e-6
2014-11-07 20:00:00;642.29e-6
2014-11-07 20:15:00;624.73e-6
2014-11-07 20:30:00;603.38e-6
2014-11-07 20:45:00;582.82e-6
2014-11-07 21:00:00;564.14e-6
2014-11-07 21:15:00;538.70e-6
2014-11-07 21:30:00;509.73e-6
2014-11-07 21:45:00;475.43e-6
2014-11-07 22:00:00;435.22e-6
2014-11-07 22:15:00;390.90e-6
2014-11-07 22:30:00;348.82e-6
2014-11-07 22:45:00;309.09e-6
2014-11-07 23:00:00;275.29e-6
2014-11-07 23:15:00;239.30e-6
2014-11-07 23:30:00;223.63e-6
2014-11-07 23:45:00;214.10e-6
2014-11-08 00:00:00;237.92e-6
2014-11-08 00:15:00;229.61e-6
2014-11-08 00:30:00;227.65e-6
2014-11-08 00:45:00;230.35e-6
2014-11-08 01:00:00;239.59e-6
2014-11-08 01:15:00;253.92e-6
2014-11-08 01:30:00;268.35e-6
2014-11-08 01:45:00;281.65e-6
2014-11-08 02:00:00;292.72e-6
2014-11-08 02:15:00;300.03e-6
2014-11-08 02:30:00;301.75e-6
2014-11-08 02:45:00;300.06e-6
2014-11-08 03:00:00;292.80e-6
2014-11-08 03:15:00;279.77e-6
2014-11-08 03:30:00;262.47e-6
2014-11-08 03:45:00;245.34e-6
2014-11-08 04:00:00;234.32e-6
2014-11-08 04:15:00;223.55e-6
2014-11-08 04:30:00;216.03e-6
2014-11-08 04:45:00;206.86e-6
2014-11-08 05:00:00;199.28e-6
2014-11-08 05:15:00;198.55e-6
2014-11-08 05:30:00;205.76e-6
2014-11-08 05:45:00;224.52e-6
2014-11-08 06:00:00;258.98e-6
2014-11-08 06:15:00;296.56e-6
2014-11-08 06:30:00;360.00e-6
2014-11-08 06:45:00;373.58e-6
2014-11-08 07:00:00;402.29e-6
2014-11-08 07:15:00;422.66e-6
2014-11-08 07:30:00;456.05e-6
2014-11-08 07:45:00;469.62e-6
2014-11-08 08:00:00;488.17e-6
2014-11-08 08:15:00;502.17e-6
2014-11-08 08:30:00;489.22e-6
2014-11-08 08:45:00;491.01e-6
2014-11-08 09:00:00;494.16e-6
2014-11-08 09:15:00;501.96e-6
2014-11-08 09:30:00;509.69e-6
2014-11-08 09:45:00;517.34e-6
2014-11-08 10:00:00;525.17e-6
2014-11-08 10:15:00;533.10e-6
2014-11-08 10:30:00;543.07e-6
2014-11-08 10:45:00;561.94e-6
2014-11-08 11:00:00;591.17e-6
2014-11-08 11:15:00;640.42e-6
2014-11-08 11:30:00;657.40e-6
2014-11-08 11:45:00;646.93e-6
2014-11-08 12:00:00;603.81e-6
2014-11-08 12:15:00;555.28e-6
2014-11-08 12:30:00;530.36e-6
2014-11-08 12:45:00;520.64e-6
2014-11-08 13:00:00;510.34e-6
2014-11-08 13:15:00;507.56e-6
2014-11-08 13:30:00;510.36e-6
2014-11-08 13:45:00;519.13e-6
2014-11-08 14:00:00;532.84e-6
2014-11-08 14:15:00;546.33e-6
2014-11-08 14:30:00;558.39e-6
2014-11-08 14:45:00;568.82e-6
2014-11-08 15:00:00;576.82e-6
2014-11-08 15:15:00;583.26e-6
2014-11-08 15:30:00;590.92e-6
2014-11-08 15:45:00;599.87e-6
2014-11-08 16:00:00;612.23e-6
2014-11-08 16:15:00;621.45e-6
2014-11-08 16:30:00;645.33e-6
2014-11-08 16:45:00;670.19e-6
2014-11-08 17:00:00;693.85e-6
2014-11-08 17:15:00;710.66e-6
2014-11-08 17:30:00;725.80e-6
2014-11-08 17:45:00;737.76e-6
2014-11-08 18:00:00;747.32e-6
2014-11-08 18:15:00;750.89e-6
2014-11-08 18:30:00;757.47e-6
2014-11-08 18:45:00;745.14e-6
2014-11-08 19:00:00;724.10e-6
2014-11-08 19:15:00;698.89e-6
2014-11-08 19:30:00;667.22e-6
2014-11-08 19:45:00;646.50e-6
2014-11-08 20:00:00;634.84e-6
2014-11-08 20:15:00;617.24e-6
2014-11-08 20:30:00;598.19e-6
2014-11-08 20:45:00;583.61e-6
2014-11-08 21:00:00;567.93e-6
2014-11-08 21:15:00;549.09e-6
2014-11-08 21:30:00;526.21e-6
2014-11-08 21:45:00;499.31e-6
2014-11-08 22:00:00;467.32e-6
2014-11-08 22:15:00;431.51e-6
2014-11-08 22:30:00;397.57e-6
2014-11-08 22:45:00;365.71e-6
2014-11-08 23:00:00;336.51e-6
2014-11-08 23:15:00;309.90e-6
2014-11-08 23:30:00;287.46e-6
2014-11-08 23:45:00;278.94e-6
2014-11-09 00:00:00;263.31e-6
2014-11-09 00:15:00;261.88e-6
2014-11-09 00:30:00;266.35e-6
2014-11-09 00:45:00;276.39e-6
2014-11-09 01:00:00;286.62e-6
2014-11-09 01:15:00;299.68e-6
2014-11-09 01:30:00;309.14e-6
2014-11-09 01:45:00;319.16e-6
2014-11-09 02:00:00;326.52e-6
2014-11-09 02:15:00;329.99e-6
2014-11-09 02:30:00;331.28e-6
2014-11-09 02:45:00;328.24e-6
2014-11-09 03:00:00;317.95e-6
2014-11-09 03:15:00;301.74e-6
2014-11-09 03:30:00;281.90e-6
2014-11-09 03:45:00;264.29e-6
2014-11-09 04:00:00;254.35e-6
2014-11-09 04:15:00;242.30e-6
2014-11-09 04:30:00;234.14e-6
2014-11-09 04:45:00;223.58e-6
2014-11-09 05:00:00;214.14e-6
2014-11-09 05:15:00;210.68e-6
2014-11-09 05:30:00;214.33e-6
2014-11-09 05:45:00;228.68e-6
2014-11-09 06:00:00;257.90e-6
2014-11-09 06:15:00;291.00e-6
2014-11-09 06:30:00;347.88e-6
2014-11-09 06:45:00;360.61e-6
2014-11-09 07:00:00;394.86e-6
2014-11-09 07:15:00;426.35e-6
2014-11-09 07:30:00;481.12e-6
2014-11-09 07:45:00;522.79e-6
2014-11-09 08:00:00;568.38e-6
2014-11-09 08:15:00;611.83e-6
2014-11-09 08:30:00;624.88e-6
2014-11-09 08:45:00;641.32e-6
2014-11-09 09:00:00;649.80e-6
2014-11-09 09:15:00;662.46e-6
2014-11-09 09:30:00;672.67e-6
2014-11-09 09:45:00;683.55e-6
2014-11-09 10:00:00;697.15e-6
2014-11-09 10:15:00;715.40e-6
2014-11-09 10:30:00;734.44e-6
2014-11-09 10:45:00;763.58e-6
2014-11-09 11:00:00;802.74e-6
2014-11-09 11:15:00;861.31e-6
2014-11-09 11:30:00;867.68e-6
2014-11-09 11:45:00;831.82e-6
2014-11-09 12:00:00;759.50e-6
2014-11-09 12:15:00;686.36e-6
2014-11-09 12:30:00;641.86e-6
2014-11-09 12:45:00;620.72e-6
2014-11-09 13:00:00;596.74e-6
2014-11-09 13:15:00;582.00e-6
2014-11-09 13:30:00;572.95e-6
2014-11-09 13:45:00;570.17e-6
2014-11-09 14:00:00;572.48e-6
2014-11-09 14:15:00;574.56e-6
2014-11-09 14:30:00;575.56e-6
2014-11-09 14:45:00;575.94e-6
2014-11-09 15:00:00;575.25e-6
2014-11-09 15:15:00;574.46e-6
2014-11-09 15:30:00;576.65e-6
2014-11-09 15:45:00;581.56e-6
2014-11-09 16:00:00;591.45e-6
2014-11-09 16:15:00;597.70e-6
2014-11-09 16:30:00;622.33e-6
2014-11-09 16:45:00;644.13e-6
2014-11-09 17:00:00;668.67e-6
2014-11-09 17:15:00;687.12e-6
2014-11-09 17:30:00;705.50e-6
2014-11-09 17:45:00;721.86e-6
2014-11-09 18:00:00;737.75e-6
2014-11-09 18:15:00;743.95e-6
2014-11-09 18:30:00;754.14e-6
2014-11-09 18:45:00;749.14e-6
2014-11-09 19:00:00;735.49e-6
2014-11-09 19:15:00;713.49e-6
2014-11-09 19:30:00;676.82e-6
2014-11-09 19:45:00;657.90e-6
2014-11-09 20:00:00;647.71e-6
2014-11-09 20:15:00;628.15e-6
2014-11-09 20:30:00;605.01e-6
2014-11-09 20:45:00;588.94e-6
2014-11-09 21:00:00;566.83e-6
2014-11-09 21:15:00;543.27e-6
2014-11-09 21:30:00;513.98e-6
2014-11-09 21:45:00;480.02e-6
2014-11-09 22:00:00;439.49e-6
2014-11-09 22:15:00;394.96e-6
2014-11-09 22:30:00;353.00e-6
2014-11-09 22:45:00;314.46e-6
2014-11-09 23:00:00;281.69e-6
2014-11-09 23:15:00;249.75e-6
2014-11-09 23:30:00;233.23e-6
2014-11-09 23:45:00;222.04e-6
2014-11-10 00:00:00;200.75e-6
2014-11-10 00:15:00;204.51e-6
2014-11-10 00:30:00;217.15e-6
2014-11-10 00:45:00;232.53e-6
2014-11-10 01:00:00;248.36e-6
2014-11-10 01:15:00;265.03e-6
2014-11-10 01:30:00;279.74e-6
2014-11-10 01:45:00;292.86e-6
2014-11-10 02:00:00;304.16e-6
2014-11-10 02:15:00;309.01e-6
2014-11-10 02:30:00;309.72e-6
2014-11-10 02:45:00;307.65e-6
2014-11-10 03:00:00;299.34e-6
2014-11-10 03:15:00;286.67e-6
2014-11-10 03:30:00;269.86e-6
2014-11-10 03:45:00;251.56e-6
2014-11-10 04:00:00;241.17e-6
2014-11-10 04:15:00;229.74e-6
2014-11-10 04:30:00;226.47e-6
2014-11-10 04:45:00;232.74e-6
2014-11-10 05:00:00;238.58e-6
2014-11-10 05:15:00;254.05e-6
2014-11-10 05:30:00;277.66e-6
2014-11-10 05:45:00;311.56e-6
2014-11-10 06:00:00;359.20e-6
2014-11-10 06:15:00;404.09e-6
2014-11-10 06:30:00;478.89e-6
2014-11-10 06:45:00;483.39e-6
2014-11-10 07:00:00;499.54e-6
2014-11-10 07:15:00;506.14e-6
2014-11-10 07:30:00;508.22e-6
2014-11-10 07:45:00;490.30e-6
2014-11-10 08:00:00;479.59e-6
2014-11-10 08:15:00;462.67e-6
2014-11-10 08:30:00;437.35e-6
2014-11-10 08:45:00;414.51e-6
2014-11-10 09:00:00;393.66e-6
2014-11-10 09:15:00;384.92e-6
2014-11-10 09:30:00;385.04e-6
2014-11-10 09:45:00;386.96e-6
2014-11-10 10:00:00;390.91e-6
2014-11-10 10:15:00;392.70e-6
2014-11-10 10:30:00;395.97e-6
2014-11-10 10:45:00;405.27e-6
2014-11-10 11:00:00;421.45e-6
2014-11-10 11:15:00;442.71e-6
2014-11-10 11:30:00;447.59e-6
2014-11-10 11:45:00;439.32e-6
2014-11-10 12:00:00;417.59e-6
2014-11-10 12:15:00;405.50e-6
2014-11-10 12:30:00;399.62e-6
2014-11-10 12:45:00;400.89e-6
2014-11-10 13:00:00;402.53e-6
2014-11-10 13:15:00;408.11e-6
2014-11-10 13:30:00;416.02e-6
2014-11-10 13:45:00;426.13e-6
2014-11-10 14:00:00;437.59e-6
2014-11-10 14:15:00;445.69e-6
2014-11-10 14:30:00;449.98e-6
2014-11-10 14:45:00;451.28e-6
2014-11-10 15:00:00;449.98e-6
2014-11-10 15:15:00;447.51e-6
2014-11-10 15:30:00;447.43e-6
2014-11-10 15:45:00;450.25e-6
2014-11-10 16:00:00;457.99e-6
2014-11-10 16:15:00;463.04e-6
2014-11-10 16:30:00;484.38e-6
2014-11-10 16:45:00;508.91e-6
2014-11-10 17:00:00;539.02e-6
2014-11-10 17:15:00;563.00e-6
2014-11-10 17:30:00;587.21e-6
2014-11-10 17:45:00;611.96e-6
2014-11-10 18:00:00;632.34e-6
2014-11-10 18:15:00;650.68e-6
2014-11-10 18:30:00;666.73e-6
2014-11-10 18:45:00;675.07e-6
2014-11-10 19:00:00;674.57e-6
2014-11-10 19:15:00;669.97e-6
2014-11-10 19:30:00;672.31e-6
2014-11-10 19:45:00;659.62e-6
2014-11-10 20:00:00;649.77e-6
2014-11-10 20:15:00;632.01e-6
2014-11-10 20:30:00;610.41e-6
2014-11-10 20:45:00;589.61e-6
2014-11-10 21:00:00;570.71e-6
2014-11-10 21:15:00;544.98e-6
2014-11-10 21:30:00;515.67e-6
2014-11-10 21:45:00;480.96e-6
2014-11-10 22:00:00;440.29e-6
2014-11-10 22:15:00;395.46e-6
2014-11-10 22:30:00;352.88e-6
2014-11-10 22:45:00;312.69e-6
2014-11-10 23:00:00;278.50e-6
2014-11-10 23:15:00;242.09e-6
2014-11-10 23:30:00;226.24e-6
2014-11-10 23:45:00;216.60e-6
2014-11-11 00:00:00;201.52e-6
2014-11-11 00:15:00;205.30e-6
2014-11-11 00:30:00;217.99e-6
2014-11-11 00:45:00;233.43e-6
2014-11-11 01:00:00;249.32e-6
2014-11-11 01:15:00;266.05e-6
2014-11-11 01:30:00;280.82e-6
2014-11-11 01:45:00;293.99e-6
2014-11-11 02:00:00;305.32e-6
2014-11-11 02:15:00;310.19e-6
2014-11-11 02:30:00;310.90e-6
2014-11-11 02:45:00;308.83e-6
2014-11-11 03:00:00;300.49e-6
2014-11-11 03:15:00;287.77e-6
2014-11-11 03:30:00;270.90e-6
2014-11-11 03:45:00;252.53e-6
2014-11-11 04:00:00;242.09e-6
2014-11-11 04:15:00;230.62e-6
2014-11-11 04:30:00;227.34e-6
2014-11-11 04:45:00;233.63e-6
2014-11-11 05:00:00;239.49e-6
2014-11-11 05:15:00;255.03e-6
2014-11-11 05:30:00;278.73e-6
2014-11-11 05:45:00;312.76e-6
2014-11-11 06:00:00;360.58e-6
2014-11-11 06:15:00;405.64e-6
2014-11-11 06:30:00;480.72e-6
2014-11-11 06:45:00;485.24e-6
2014-11-11 07:00:00;501.46e-6
2014-11-11 07:15:00;508.08e-6
2014-11-11 07:30:00;510.17e-6
2014-11-11 07:45:00;492.18e-6
2014-11-11 08:00:00;481.43e-6
2014-11-11 08:15:00;464.45e-6
2014-11-11 08:30:00;439.03e-6
2014-11-11 08:45:00;416.10e-6
2014-11-11 09:00:00;395.17e-6
2014-11-11 09:15:00;386.40e-6
2014-11-11 09:30:00;386.52e-6
2014-11-11 09:45:00;388.44e-6
2014-11-11 10:00:00;392.41e-6
2014-11-11 10:15:00;394.20e-6
2014-11-11 10:30:00;397.48e-6
2014-11-11 10:45:00;406.82e-6
2014-11-11 11:00:00;423.06e-6
2014-11-11 11:15:00;444.41e-6
2014-11-11 11:30:00;449.31e-6
2014-11-11 11:45:00;441.00e-6
2014-11-11 12:00:00;419.19e-6
2014-11-11 12:15:00;407.05e-6
2014-11-11 12:30:00;401.15e-6
2014-11-11 12:45:00;402.43e-6
2014-11-11 13:00:00;404.08e-6
2014-11-11 13:15:00;409.68e-6
2014-11-11 13:30:00;417.61e-6
2014-11-11 13:45:00;427.76e-6
2014-11-11 14:00:00;439.27e-6
2014-11-11 14:15:00;447.40e-6
2014-11-11 14:30:00;451.71e-6
2014-11-11 14:45:00;453.01e-6
2014-11-11 15:00:00;451.71e-6
2014-11-11 15:15:00;449.23e-6
2014-11-11 15:30:00;449.15e-6
2014-11-11 15:45:00;451.98e-6
2014-11-11 16:00:00;459.75e-6
2014-11-11 16:15:00;464.82e-6
2014-11-11 16:30:00;486.23e-6
2014-11-11 16:45:00;510.86e-6
2014-11-11 17:00:00;541.09e-6
2014-11-11 17:15:00;565.16e-6
2014-11-11 17:30:00;589.46e-6
2014-11-11 17:45:00;614.31e-6
2014-11-11 18:00:00;634.76e-6
2014-11-11 18:15:00;653.18e-6
2014-11-11 18:30:00;669.29e-6
2014-11-11 18:45:00;677.66e-6
2014-11-11 19:00:00;677.16e-6
2014-11-11 19:15:00;672.54e-6
2014-11-11 19:30:00;674.89e-6
2014-11-11 19:45:00;662.15e-6
2014-11-11 20:00:00;652.26e-6
2014-11-11 20:15:00;634.43e-6
2014-11-11 20:30:00;612.75e-6
2014-11-11 20:45:00;591.87e-6
2014-11-11 21:00:00;572.90e-6
2014-11-11 21:15:00;547.07e-6
2014-11-11 21:30:00;517.65e-6
2014-11-11 21:45:00;482.81e-6
2014-11-11 22:00:00;441.98e-6
2014-11-11 22:15:00;396.98e-6
2014-11-11 22:30:00;354.24e-6
2014-11-11 22:45:00;313.89e-6
2014-11-11 23:00:00;279.57e-6
2014-11-11 23:15:00;243.02e-6
2014-11-11 23:30:00;227.11e-6
2014-11-11 23:45:00;217.43e-6
2014-11-12 00:00:00;202.29e-6
2014-11-12 00:15:00;206.08e-6
2014-11-12 00:30:00;218.82e-6
2014-11-12 00:45:00;234.32e-6
2014-11-12 01:00:00;250.27e-6
2014-11-12 01:15:00;267.06e-6
2014-11-12 01:30:00;281.89e-6
2014-11-12 01:45:00;295.11e-6
2014-11-12 02:00:00;306.49e-6
2014-11-12 02:15:00;311.38e-6
2014-11-12 02:30:00;312.09e-6
2014-11-12 02:45:00;310.01e-6
2014-11-12 03:00:00;301.64e-6
2014-11-12 03:15:00;288.86e-6
2014-11-12 03:30:00;271.93e-6
2014-11-12 03:45:00;253.49e-6
2014-11-12 04:00:00;243.02e-6
2014-11-12 04:15:00;231.50e-6
2014-11-12 04:30:00;228.21e-6
2014-11-12 04:45:00;234.52e-6
2014-11-12 05:00:00;240.41e-6
2014-11-12 05:15:00;256.00e-6
2014-11-12 05:30:00;279.79e-6
2014-11-12 05:45:00;313.95e-6
2014-11-12 06:00:00;361.96e-6
2014-11-12 06:15:00;407.19e-6
2014-11-12 06:30:00;482.56e-6
2014-11-12 06:45:00;487.09e-6
2014-11-12 07:00:00;503.37e-6
2014-11-12 07:15:00;510.02e-6
2014-11-12 07:30:00;512.11e-6
2014-11-12 07:45:00;494.06e-6
2014-11-12 08:00:00;483.27e-6
2014-11-12 08:15:00;466.22e-6
2014-11-12 08:30:00;440.70e-6
2014-11-12 08:45:00;417.69e-6
2014-11-12 09:00:00;396.68e-6
2014-11-12 09:15:00;387.87e-6
2014-11-12 09:30:00;388.00e-6
2014-11-12 09:45:00;389.92e-6
2014-11-12 10:00:00;393.91e-6
2014-11-12 10:15:00;395.71e-6
2014-11-12 10:30:00;399.00e-6
2014-11-12 10:45:00;408.37e-6
2014-11-12 11:00:00;424.68e-6
2014-11-12 11:15:00;446.11e-6
2014-11-12 11:30:00;451.02e-6
2014-11-12 11:45:00;442.69e-6
2014-11-12 12:00:00;420.80e-6
2014-11-12 12:15:00;408.61e-6
2014-11-12 12:30:00;402.68e-6
2014-11-12 12:45:00;403.96e-6
2014-11-12 13:00:00;405.62e-6
2014-11-12 13:15:00;411.24e-6
2014-11-12 13:30:00;419.21e-6
2014-11-12 13:45:00;429.39e-6
2014-11-12 14:00:00;440.95e-6
2014-11-12 14:15:00;449.11e-6
2014-11-12 14:30:00;453.43e-6
2014-11-12 14:45:00;454.74e-6
2014-11-12 15:00:00;453.43e-6
2014-11-12 15:15:00;450.94e-6
2014-11-12 15:30:00;450.87e-6
2014-11-12 15:45:00;453.71e-6
2014-11-12 16:00:00;461.50e-6
2014-11-12 16:15:00;466.60e-6
2014-11-12 16:30:00;488.09e-6
2014-11-12 16:45:00;512.81e-6
2014-11-12 17:00:00;543.15e-6
2014-11-12 17:15:00;567.32e-6
2014-11-12 17:30:00;591.72e-6
2014-11-12 17:45:00;616.66e-6
2014-11-12 18:00:00;637.19e-6
2014-11-12 18:15:00;655.68e-6
2014-11-12 18:30:00;671.84e-6
2014-11-12 18:45:00;680.25e-6
2014-11-12 19:00:00;679.74e-6
2014-11-12 19:15:00;675.11e-6
2014-11-12 19:30:00;677.47e-6
2014-11-12 19:45:00;664.68e-6
2014-11-12 20:00:00;654.76e-6
2014-11-12 20:15:00;636.85e-6
2014-11-12 20:30:00;615.09e-6
2014-11-12 20:45:00;594.14e-6
2014-11-12 21:00:00;575.09e-6
2014-11-12 21:15:00;549.16e-6
2014-11-12 21:30:00;519.62e-6
2014-11-12 21:45:00;484.65e-6
2014-11-12 22:00:00;443.67e-6
2014-11-12 22:15:00;398.49e-6
2014-11-12 22:30:00;355.59e-6
2014-11-12 22:45:00;315.09e-6
2014-11-12 23:00:00;280.63e-6
2014-11-12 23:15:00;243.94e-6
2014-11-12 23:30:00;227.97e-6
2014-11-12 23:45:00;218.26e-6
2014-11-13 00:00:00;203.06e-6
2014-11-13 00:15:00;206.86e-6
2014-11-13 00:30:00;219.65e-6
2014-11-13 00:45:00;235.21e-6
2014-11-13 01:00:00;251.22e-6
2014-11-13 01:15:00;268.08e-6
2014-11-13 01:30:00;282.96e-6
2014-11-13 01:45:00;296.23e-6
2014-11-13 02:00:00;307.66e-6
2014-11-13 02:15:00;312.56e-6
2014-11-13 02:30:00;313.28e-6
2014-11-13 02:45:00;311.19e-6
2014-11-13 03:00:00;302.78e-6
2014-11-13 03:15:00;289.96e-6
2014-11-13 03:30:00;272.96e-6
2014-11-13 03:45:00;254.46e-6
2014-11-13 04:00:00;243.94e-6
2014-11-13 04:15:00;232.38e-6
2014-11-13 04:30:00;229.08e-6
2014-11-13 04:45:00;235.41e-6
2014-11-13 05:00:00;241.32e-6
2014-11-13 05:15:00;256.97e-6
2014-11-13 05:30:00;280.86e-6
2014-11-13 05:45:00;315.14e-6
2014-11-13 06:00:00;363.33e-6
2014-11-13 06:15:00;408.74e-6
2014-11-13 06:30:00;484.39e-6
2014-11-13 06:45:00;488.95e-6
2014-11-13 07:00:00;505.29e-6
2014-11-13 07:15:00;511.96e-6
2014-11-13 07:30:00;514.06e-6
2014-11-13 07:45:00;495.94e-6
2014-11-13 08:00:00;485.10e-6
2014-11-13 08:15:00;468.00e-6
2014-11-13 08:30:00;442.38e-6
2014-11-13 08:45:00;419.28e-6
2014-11-13 09:00:00;398.18e-6
2014-11-13 09:15:00;389.35e-6
2014-11-13 09:30:00;389.47e-6
2014-11-13 09:45:00;391.41e-6
2014-11-13 10:00:00;395.41e-6
2014-11-13 10:15:00;397.22e-6
2014-11-13 10:30:00;400.52e-6
2014-11-13 10:45:00;409.93e-6
2014-11-13 11:00:00;426.29e-6
2014-11-13 11:15:00;447.80e-6
2014-11-13 11:30:00;452.74e-6
2014-11-13 11:45:00;444.37e-6
2014-11-13 12:00:00;422.40e-6
2014-11-13 12:15:00;410.16e-6
2014-11-13 12:30:00;404.22e-6
2014-11-13 12:45:00;405.50e-6
2014-11-13 13:00:00;407.16e-6
2014-11-13 13:15:00;412.80e-6
2014-11-13 13:30:00;420.80e-6
2014-11-13 13:45:00;431.03e-6
2014-11-13 14:00:00;442.62e-6
2014-11-13 14:15:00;450.81e-6
2014-11-13 14:30:00;455.15e-6
2014-11-13 14:45:00;456.47e-6
2014-11-13 15:00:00;455.16e-6
2014-11-13 15:15:00;452.66e-6
2014-11-13 15:30:00;452.58e-6
2014-11-13 15:45:00;455.43e-6
2014-11-13 16:00:00;463.26e-6
2014-11-13 16:15:00;468.37e-6
2014-11-13 16:30:00;489.95e-6
2014-11-13 16:45:00;514.76e-6
2014-11-13 17:00:00;545.22e-6
2014-11-13 17:15:00;569.48e-6
2014-11-13 17:30:00;593.97e-6
2014-11-13 17:45:00;619.00e-6
2014-11-13 18:00:00;639.61e-6
2014-11-13 18:15:00;658.17e-6
2014-11-13 18:30:00;674.40e-6
2014-11-13 18:45:00;682.84e-6
2014-11-13 19:00:00;682.33e-6
2014-11-13 19:15:00;677.68e-6
2014-11-13 19:30:00;680.04e-6
2014-11-13 19:45:00;667.20e-6
2014-11-13 20:00:00;657.25e-6
2014-11-13 20:15:00;639.28e-6
2014-11-13 20:30:00;617.43e-6
2014-11-13 20:45:00;596.39e-6
2014-11-13 21:00:00;577.27e-6
2014-11-13 21:15:00;551.25e-6
2014-11-13 21:30:00;521.60e-6
2014-11-13 21:45:00;486.50e-6
2014-11-13 22:00:00;445.35e-6
2014-11-13 22:15:00;400.01e-6
2014-11-13 22:30:00;356.94e-6
2014-11-13 22:45:00;316.29e-6
2014-11-13 23:00:00;281.70e-6
2014-11-13 23:15:00;244.87e-6
2014-11-13 23:30:00;228.84e-6
2014-11-13 23:45:00;219.09e-6
2014-11-14 00:00:00;203.83e-6
2014-11-14 00:15:00;207.65e-6
2014-11-14 00:30:00;220.48e-6
2014-11-14 00:45:00;236.10e-6
2014-11-14 01:00:00;252.17e-6
2014-11-14 01:15:00;269.09e-6
2014-11-14 01:30:00;284.03e-6
2014-11-14 01:45:00;297.35e-6
2014-11-14 02:00:00;308.82e-6
2014-11-14 02:15:00;313.74e-6
2014-11-14 02:30:00;314.46e-6
2014-11-14 02:45:00;312.37e-6
2014-11-14 03:00:00;303.93e-6
2014-11-14 03:15:00;291.06e-6
2014-11-14 03:30:00;274.00e-6
2014-11-14 03:45:00;255.42e-6
2014-11-14 04:00:00;244.86e-6
2014-11-14 04:15:00;233.26e-6
2014-11-14 04:30:00;229.94e-6
2014-11-14 04:45:00;236.30e-6
2014-11-14 05:00:00;242.23e-6
2014-11-14 05:15:00;257.95e-6
2014-11-14 05:30:00;281.92e-6
2014-11-14 05:45:00;316.34e-6
2014-11-14 06:00:00;364.71e-6
2014-11-14 06:15:00;410.29e-6
2014-11-14 06:30:00;486.23e-6
2014-11-14 06:45:00;490.80e-6
2014-11-14 07:00:00;507.20e-6
2014-11-14 07:15:00;513.90e-6
2014-11-14 07:30:00;516.01e-6
2014-11-14 07:45:00;497.81e-6
2014-11-14 08:00:00;486.94e-6
2014-11-14 08:15:00;469.77e-6
2014-11-14 08:30:00;444.05e-6
2014-11-14 08:45:00;420.86e-6
2014-11-14 09:00:00;399.69e-6
2014-11-14 09:15:00;390.82e-6
2014-11-14 09:30:00;390.94e-6
2014-11-14 09:45:00;392.89e-6
2014-11-14 10:00:00;396.90e-6
2014-11-14 10:15:00;398.72e-6
2014-11-14 10:30:00;402.04e-6
2014-11-14 10:45:00;411.48e-6
2014-11-14 11:00:00;427.91e-6
2014-11-14 11:15:00;449.50e-6
2014-11-14 11:30:00;454.45e-6
2014-11-14 11:45:00;446.05e-6
2014-11-14 12:00:00;423.99e-6
2014-11-14 12:15:00;411.71e-6
2014-11-14 12:30:00;405.75e-6
2014-11-14 12:45:00;407.03e-6
2014-11-14 13:00:00;408.71e-6
2014-11-14 13:15:00;414.37e-6
2014-11-14 13:30:00;422.40e-6
2014-11-14 13:45:00;432.66e-6
2014-11-14 14:00:00;444.30e-6
2014-11-14 14:15:00;452.52e-6
2014-11-14 14:30:00;456.88e-6
2014-11-14 14:45:00;458.20e-6
2014-11-14 15:00:00;456.88e-6
2014-11-14 15:15:00;454.37e-6
2014-11-14 15:30:00;454.29e-6
2014-11-14 15:45:00;457.16e-6
2014-11-14 16:00:00;465.01e-6
2014-11-14 16:15:00;470.14e-6
2014-11-14 16:30:00;491.80e-6
2014-11-14 16:45:00;516.71e-6
2014-11-14 17:00:00;547.28e-6
2014-11-14 17:15:00;571.63e-6
2014-11-14 17:30:00;596.21e-6
2014-11-14 17:45:00;621.34e-6
2014-11-14 18:00:00;642.03e-6
2014-11-14 18:15:00;660.66e-6
2014-11-14 18:30:00;676.95e-6
2014-11-14 18:45:00;685.42e-6
2014-11-14 19:00:00;684.91e-6
2014-11-14 19:15:00;680.24e-6
2014-11-14 19:30:00;682.62e-6
2014-11-14 19:45:00;669.73e-6
2014-11-14 20:00:00;659.73e-6
2014-11-14 20:15:00;641.69e-6
2014-11-14 20:30:00;619.77e-6
2014-11-14 20:45:00;598.65e-6
2014-11-14 21:00:00;579.46e-6
2014-11-14 21:15:00;553.33e-6
2014-11-14 21:30:00;523.57e-6
2014-11-14 21:45:00;488.34e-6
2014-11-14 22:00:00;447.04e-6
2014-11-14 22:15:00;401.52e-6
2014-11-14 22:30:00;358.29e-6
2014-11-14 22:45:00;317.48e-6
2014-11-14 23:00:00;282.77e-6
2014-11-14 23:15:00;245.80e-6
2014-11-14 23:30:00;229.71e-6
2014-11-14 23:45:00;219.92e-6
2014-11-15 00:00:00;244.35e-6
2014-11-15 00:15:00;235.82e-6
2014-11-15 00:30:00;233.80e-6
2014-11-15 00:45:00;236.58e-6
2014-11-15 01:00:00;246.07e-6
2014-11-15 01:15:00;260.79e-6
2014-11-15 01:30:00;275.61e-6
2014-11-15 01:45:00;289.27e-6
2014-11-15 02:00:00;300.64e-6
2014-11-15 02:15:00;308.15e-6
2014-11-15 02:30:00;309.91e-6
2014-11-15 02:45:00;308.18e-6
2014-11-15 03:00:00;300.72e-6
2014-11-15 03:15:00;287.34e-6
2014-11-15 03:30:00;269.57e-6
2014-11-15 03:45:00;251.98e-6
2014-11-15 04:00:00;240.66e-6
2014-11-15 04:15:00;229.59e-6
2014-11-15 04:30:00;221.87e-6
2014-11-15 04:45:00;212.45e-6
2014-11-15 05:00:00;204.67e-6
2014-11-15 05:15:00;203.92e-6
2014-11-15 05:30:00;211.33e-6
2014-11-15 05:45:00;230.59e-6
2014-11-15 06:00:00;265.98e-6
2014-11-15 06:15:00;304.58e-6
2014-11-15 06:30:00;369.74e-6
2014-11-15 06:45:00;383.69e-6
2014-11-15 07:00:00;413.17e-6
2014-11-15 07:15:00;434.09e-6
2014-11-15 07:30:00;468.38e-6
2014-11-15 07:45:00;482.31e-6
2014-11-15 08:00:00;501.37e-6
2014-11-15 08:15:00;515.75e-6
2014-11-15 08:30:00;502.45e-6
2014-11-15 08:45:00;504.29e-6
2014-11-15 09:00:00;507.52e-6
2014-11-15 09:15:00;515.53e-6
2014-11-15 09:30:00;523.48e-6
2014-11-15 09:45:00;531.33e-6
2014-11-15 10:00:00;539.37e-6
2014-11-15 10:15:00;547.52e-6
2014-11-15 10:30:00;557.75e-6
2014-11-15 10:45:00;577.14e-6
2014-11-15 11:00:00;607.15e-6
2014-11-15 11:15:00;657.74e-6
2014-11-15 11:30:00;675.18e-6
2014-11-15 11:45:00;664.42e-6
2014-11-15 12:00:00;620.14e-6
2014-11-15 12:15:00;570.29e-6
2014-11-15 12:30:00;544.70e-6
2014-11-15 12:45:00;534.72e-6
2014-11-15 13:00:00;524.14e-6
2014-11-15 13:15:00;521.28e-6
2014-11-15 13:30:00;524.16e-6
2014-11-15 13:45:00;533.16e-6
2014-11-15 14:00:00;547.24e-6
2014-11-15 14:15:00;561.10e-6
2014-11-15 14:30:00;573.48e-6
2014-11-15 14:45:00;584.20e-6
2014-11-15 15:00:00;592.41e-6
2014-11-15 15:15:00;599.03e-6
2014-11-15 15:30:00;606.90e-6
2014-11-15 15:45:00;616.09e-6
2014-11-15 16:00:00;628.79e-6
2014-11-15 16:15:00;638.25e-6
2014-11-15 16:30:00;662.78e-6
2014-11-15 16:45:00;688.31e-6
2014-11-15 17:00:00;712.61e-6
2014-11-15 17:15:00;729.87e-6
2014-11-15 17:30:00;745.42e-6
2014-11-15 17:45:00;757.70e-6
2014-11-15 18:00:00;767.53e-6
2014-11-15 18:15:00;771.19e-6
2014-11-15 18:30:00;777.95e-6
2014-11-15 18:45:00;765.29e-6
2014-11-15 19:00:00;743.68e-6
2014-11-15 19:15:00;717.78e-6
2014-11-15 19:30:00;685.26e-6
2014-11-15 19:45:00;663.98e-6
2014-11-15 20:00:00;652.01e-6
2014-11-15 20:15:00;633.93e-6
2014-11-15 20:30:00;614.37e-6
2014-11-15 20:45:00;599.39e-6
2014-11-15 21:00:00;583.29e-6
2014-11-15 21:15:00;563.93e-6
2014-11-15 21:30:00;540.43e-6
2014-11-15 21:45:00;512.81e-6
2014-11-15 22:00:00;479.95e-6
2014-11-15 22:15:00;443.18e-6
2014-11-15 22:30:00;408.32e-6
2014-11-15 22:45:00;375.59e-6
2014-11-15 23:00:00;345.61e-6
2014-11-15 23:15:00;318.28e-6
2014-11-15 23:30:00;295.24e-6
2014-11-15 23:45:00;286.48e-6
2014-11-16 00:00:00;270.40e-6
2014-11-16 00:15:00;268.93e-6
2014-11-16 00:30:00;273.52e-6
2014-11-16 00:45:00;283.83e-6
2014-11-16 01:00:00;294.34e-6
2014-11-16 01:15:00;307.75e-6
2014-11-16 01:30:00;317.46e-6
2014-11-16 01:45:00;327.74e-6
2014-11-16 02:00:00;335.31e-6
2014-11-16 02:15:00;338.87e-6
2014-11-16 02:30:00;340.20e-6
2014-11-16 02:45:00;337.08e-6
2014-11-16 03:00:00;326.50e-6
2014-11-16 03:15:00;309.86e-6
2014-11-16 03:30:00;289.49e-6
2014-11-16 03:45:00;271.40e-6
2014-11-16 04:00:00;261.19e-6
2014-11-16 04:15:00;248.82e-6
2014-11-16 04:30:00;240.44e-6
2014-11-16 04:45:00;229.59e-6
2014-11-16 05:00:00;219.90e-6
2014-11-16 05:15:00;216.35e-6
2014-11-16 05:30:00;220.10e-6
2014-11-16 05:45:00;234.84e-6
2014-11-16 06:00:00;264.84e-6
2014-11-16 06:15:00;298.83e-6
2014-11-16 06:30:00;357.24e-6
2014-11-16 06:45:00;370.31e-6
2014-11-16 07:00:00;405.49e-6
2014-11-16 07:15:00;437.82e-6
2014-11-16 07:30:00;494.07e-6
2014-11-16 07:45:00;536.86e-6
2014-11-16 08:00:00;583.67e-6
2014-11-16 08:15:00;628.30e-6
2014-11-16 08:30:00;641.70e-6
2014-11-16 08:45:00;658.57e-6
2014-11-16 09:00:00;667.29e-6
2014-11-16 09:15:00;680.29e-6
2014-11-16 09:30:00;690.77e-6
2014-11-16 09:45:00;701.95e-6
2014-11-16 10:00:00;715.91e-6
2014-11-16 10:15:00;734.65e-6
2014-11-16 10:30:00;754.21e-6
2014-11-16 10:45:00;784.13e-6
2014-11-16 11:00:00;824.34e-6
2014-11-16 11:15:00;884.49e-6
2014-11-16 11:30:00;891.03e-6
2014-11-16 11:45:00;854.21e-6
2014-11-16 12:00:00;779.94e-6
2014-11-16 12:15:00;704.83e-6
2014-11-16 12:30:00;659.13e-6
2014-11-16 12:45:00;637.42e-6
2014-11-16 13:00:00;612.80e-6
2014-11-16 13:15:00;597.66e-6
2014-11-16 13:30:00;588.37e-6
2014-11-16 13:45:00;585.52e-6
2014-11-16 14:00:00;587.89e-6
2014-11-16 14:15:00;590.03e-6
2014-11-16 14:30:00;591.05e-6
2014-11-16 14:45:00;591.44e-6
2014-11-16 15:00:00;590.73e-6
2014-11-16 15:15:00;589.92e-6
2014-11-16 15:30:00;592.17e-6
2014-11-16 15:45:00;597.22e-6
2014-11-16 16:00:00;607.37e-6
2014-11-16 16:15:00;613.79e-6
2014-11-16 16:30:00;639.07e-6
2014-11-16 16:45:00;661.46e-6
2014-11-16 17:00:00;686.66e-6
2014-11-16 17:15:00;705.61e-6
2014-11-16 17:30:00;724.49e-6
2014-11-16 17:45:00;741.29e-6
2014-11-16 18:00:00;757.61e-6
2014-11-16 18:15:00;763.97e-6
2014-11-16 18:30:00;774.44e-6
2014-11-16 18:45:00;769.30e-6
2014-11-16 19:00:00;755.29e-6
2014-11-16 19:15:00;732.69e-6
2014-11-16 19:30:00;695.04e-6
2014-11-16 19:45:00;675.61e-6
2014-11-16 20:00:00;665.14e-6
2014-11-16 20:15:00;645.05e-6
2014-11-16 20:30:00;621.29e-6
2014-11-16 20:45:00;604.78e-6
2014-11-16 21:00:00;582.08e-6
2014-11-16 21:15:00;557.89e-6
2014-11-16 21:30:00;527.81e-6
2014-11-16 21:45:00;492.94e-6
2014-11-16 22:00:00;451.32e-6
2014-11-16 22:15:00;405.59e-6
2014-11-16 22:30:00;362.50e-6
2014-11-16 22:45:00;322.92e-6
2014-11-16 23:00:00;289.27e-6
2014-11-16 23:15:00;256.47e-6
2014-11-16 23:30:00;239.51e-6
2014-11-16 23:45:00;228.02e-6
2014-11-17 00:00:00;206.13e-6
2014-11-17 00:15:00;209.99e-6
2014-11-17 00:30:00;222.97e-6
2014-11-17 00:45:00;238.76e-6
2014-11-17 01:00:00;255.02e-6
2014-11-17 01:15:00;272.13e-6
2014-11-17 01:30:00;287.24e-6
2014-11-17 01:45:00;300.71e-6
2014-11-17 02:00:00;312.30e-6
2014-11-17 02:15:00;317.28e-6
2014-11-17 02:30:00;318.01e-6
2014-11-17 02:45:00;315.89e-6
2014-11-17 03:00:00;307.36e-6
2014-11-17 03:15:00;294.34e-6
2014-11-17 03:30:00;277.09e-6
2014-11-17 03:45:00;258.30e-6
2014-11-17 04:00:00;247.63e-6
2014-11-17 04:15:00;235.89e-6
2014-11-17 04:30:00;232.54e-6
2014-11-17 04:45:00;238.97e-6
2014-11-17 05:00:00;244.96e-6
2014-11-17 05:15:00;260.85e-6
2014-11-17 05:30:00;285.10e-6
2014-11-17 05:45:00;319.90e-6
2014-11-17 06:00:00;368.82e-6
2014-11-17 06:15:00;414.92e-6
2014-11-17 06:30:00;491.71e-6
2014-11-17 06:45:00;496.33e-6
2014-11-17 07:00:00;512.92e-6
2014-11-17 07:15:00;519.69e-6
2014-11-17 07:30:00;521.83e-6
2014-11-17 07:45:00;503.43e-6
2014-11-17 08:00:00;492.43e-6
2014-11-17 08:15:00;475.06e-6
2014-11-17 08:30:00;449.06e-6
2014-11-17 08:45:00;425.61e-6
2014-11-17 09:00:00;404.20e-6
2014-11-17 09:15:00;395.23e-6
2014-11-17 09:30:00;395.35e-6
2014-11-17 09:45:00;397.32e-6
2014-11-17 10:00:00;401.38e-6
2014-11-17 10:15:00;403.21e-6
2014-11-17 10:30:00;406.57e-6
2014-11-17 10:45:00;416.12e-6
2014-11-17 11:00:00;432.73e-6
2014-11-17 11:15:00;454.56e-6
2014-11-17 11:30:00;459.57e-6
2014-11-17 11:45:00;451.08e-6
2014-11-17 12:00:00;428.78e-6
2014-11-17 12:15:00;416.36e-6
2014-11-17 12:30:00;410.32e-6
2014-11-17 12:45:00;411.62e-6
2014-11-17 13:00:00;413.31e-6
2014-11-17 13:15:00;419.04e-6
2014-11-17 13:30:00;427.16e-6
2014-11-17 13:45:00;437.54e-6
2014-11-17 14:00:00;449.31e-6
2014-11-17 14:15:00;457.62e-6
2014-11-17 14:30:00;462.03e-6
2014-11-17 14:45:00;463.37e-6
2014-11-17 15:00:00;462.03e-6
2014-11-17 15:15:00;459.49e-6
2014-11-17 15:30:00;459.42e-6
2014-11-17 15:45:00;462.31e-6
2014-11-17 16:00:00;470.25e-6
2014-11-17 16:15:00;475.44e-6
2014-11-17 16:30:00;497.35e-6
2014-11-17 16:45:00;522.54e-6
2014-11-17 17:00:00;553.45e-6
2014-11-17 17:15:00;578.08e-6
2014-11-17 17:30:00;602.94e-6
2014-11-17 17:45:00;628.35e-6
2014-11-17 18:00:00;649.27e-6
2014-11-17 18:15:00;668.11e-6
2014-11-17 18:30:00;684.58e-6
2014-11-17 18:45:00;693.15e-6
2014-11-17 19:00:00;692.63e-6
2014-11-17 19:15:00;687.91e-6
2014-11-17 19:30:00;690.31e-6
2014-11-17 19:45:00;677.28e-6
2014-11-17 20:00:00;667.17e-6
2014-11-17 20:15:00;648.93e-6
2014-11-17 20:30:00;626.76e-6
2014-11-17 20:45:00;605.40e-6
2014-11-17 21:00:00;585.99e-6
2014-11-17 21:15:00;559.57e-6
2014-11-17 21:30:00;529.48e-6
2014-11-17 21:45:00;493.84e-6
2014-11-17 22:00:00;452.08e-6
2014-11-17 22:15:00;406.05e-6
2014-11-17 22:30:00;362.33e-6
2014-11-17 22:45:00;321.06e-6
2014-11-17 23:00:00;285.95e-6
2014-11-17 23:15:00;248.57e-6
2014-11-17 23:30:00;232.30e-6
2014-11-17 23:45:00;222.40e-6
2014-11-18 00:00:00;206.89e-6
2014-11-18 00:15:00;210.77e-6
2014-11-18 00:30:00;223.80e-6
2014-11-18 00:45:00;239.65e-6
2014-11-18 01:00:00;255.96e-6
2014-11-18 01:15:00;273.13e-6
2014-11-18 01:30:00;288.30e-6
2014-11-18 01:45:00;301.82e-6
2014-11-18 02:00:00;313.46e-6
2014-11-18 02:15:00;318.46e-6
2014-11-18 02:30:00;319.19e-6
2014-11-18 02:45:00;317.06e-6
2014-11-18 03:00:00;308.49e-6
2014-11-18 03:15:00;295.43e-6
2014-11-18 03:30:00;278.11e-6
2014-11-18 03:45:00;259.26e-6
2014-11-18 04:00:00;248.54e-6
2014-11-18 04:15:00;236.76e-6
2014-11-18 04:30:00;233.40e-6
2014-11-18 04:45:00;239.85e-6
2014-11-18 05:00:00;245.87e-6
2014-11-18 05:15:00;261.82e-6
2014-11-18 05:30:00;286.15e-6
2014-11-18 05:45:00;321.09e-6
2014-11-18 06:00:00;370.19e-6
2014-11-18 06:15:00;416.45e-6
2014-11-18 06:30:00;493.53e-6
2014-11-18 06:45:00;498.17e-6
2014-11-18 07:00:00;514.82e-6
2014-11-18 07:15:00;521.62e-6
2014-11-18 07:30:00;523.76e-6
2014-11-18 07:45:00;505.29e-6
2014-11-18 08:00:00;494.25e-6
2014-11-18 08:15:00;476.82e-6
2014-11-18 08:30:00;450.72e-6
2014-11-18 08:45:00;427.18e-6
2014-11-18 09:00:00;405.69e-6
2014-11-18 09:15:00;396.69e-6
2014-11-18 09:30:00;396.82e-6
2014-11-18 09:45:00;398.79e-6
2014-11-18 10:00:00;402.86e-6
2014-11-18 10:15:00;404.71e-6
2014-11-18 10:30:00;408.07e-6
2014-11-18 10:45:00;417.66e-6
2014-11-18 11:00:00;434.33e-6
2014-11-18 11:15:00;456.25e-6
2014-11-18 11:30:00;461.28e-6
2014-11-18 11:45:00;452.75e-6
2014-11-18 12:00:00;430.36e-6
2014-11-18 12:15:00;417.90e-6
2014-11-18 12:30:00;411.84e-6
2014-11-18 12:45:00;413.15e-6
2014-11-18 13:00:00;414.84e-6
2014-11-18 13:15:00;420.59e-6
2014-11-18 13:30:00;428.74e-6
2014-11-18 13:45:00;439.16e-6
2014-11-18 14:00:00;450.97e-6
2014-11-18 14:15:00;459.32e-6
2014-11-18 14:30:00;463.74e-6
2014-11-18 14:45:00;465.08e-6
2014-11-18 15:00:00;463.74e-6
2014-11-18 15:15:00;461.19e-6
2014-11-18 15:30:00;461.12e-6
2014-11-18 15:45:00;464.02e-6
2014-11-18 16:00:00;471.99e-6
2014-11-18 16:15:00;477.20e-6
2014-11-18 16:30:00;499.19e-6
2014-11-18 16:45:00;524.47e-6
2014-11-18 17:00:00;555.50e-6
2014-11-18 17:15:00;580.22e-6
2014-11-18 17:30:00;605.17e-6
2014-11-18 17:45:00;630.68e-6
2014-11-18 18:00:00;651.67e-6
2014-11-18 18:15:00;670.58e-6
2014-11-18 18:30:00;687.12e-6
2014-11-18 18:45:00;695.72e-6
2014-11-18 19:00:00;695.20e-6
2014-11-18 19:15:00;690.46e-6
2014-11-18 19:30:00;692.87e-6
2014-11-18 19:45:00;679.79e-6
2014-11-18 20:00:00;669.64e-6
2014-11-18 20:15:00;651.33e-6
2014-11-18 20:30:00;629.08e-6
2014-11-18 20:45:00;607.64e-6
2014-11-18 21:00:00;588.16e-6
2014-11-18 21:15:00;561.64e-6
2014-11-18 21:30:00;531.44e-6
2014-11-18 21:45:00;495.67e-6
2014-11-18 22:00:00;453.75e-6
2014-11-18 22:15:00;407.55e-6
2014-11-18 22:30:00;363.68e-6
2014-11-18 22:45:00;322.25e-6
2014-11-18 23:00:00;287.01e-6
2014-11-18 23:15:00;249.49e-6
2014-11-18 23:30:00;233.16e-6
2014-11-18 23:45:00;223.22e-6
2014-11-19 00:00:00;273.41e-6
2014-11-19 00:15:00;271.93e-6
2014-11-19 00:30:00;276.57e-6
2014-11-19 00:45:00;286.99e-6
2014-11-19 01:00:00;297.62e-6
2014-11-19 01:15:00;311.18e-6
2014-11-19 01:30:00;321.00e-6
2014-11-19 01:45:00;331.40e-6
2014-11-19 02:00:00;339.04e-6
2014-11-19 02:15:00;342.65e-6
2014-11-19 02:30:00;343.99e-6
2014-11-19 02:45:00;340.83e-6
2014-11-19 03:00:00;330.14e-6
2014-11-19 03:15:00;313.31e-6
2014-11-19 03:30:00;292.72e-6
2014-11-19 03:45:00;274.43e-6
2014-11-19 04:00:00;264.10e-6
2014-11-19 04:15:00;251.59e-6
2014-11-19 04:30:00;243.12e-6
2014-11-19 04:45:00;232.15e-6
2014-11-19 05:00:00;222.35e-6
2014-11-19 05:15:00;218.76e-6
2014-11-19 05:30:00;222.55e-6
2014-11-19 05:45:00;237.45e-6
2014-11-19 06:00:00;267.79e-6
2014-11-19 06:15:00;302.17e-6
2014-11-19 06:30:00;361.22e-6
2014-11-19 06:45:00;374.44e-6
2014-11-19 07:00:00;410.01e-6
2014-11-19 07:15:00;442.70e-6
2014-11-19 07:30:00;499.58e-6
2014-11-19 07:45:00;542.84e-6
2014-11-19 08:00:00;590.18e-6
2014-11-19 08:15:00;635.30e-6
2014-11-19 08:30:00;648.85e-6
2014-11-19 08:45:00;665.92e-6
2014-11-19 09:00:00;674.73e-6
2014-11-19 09:15:00;687.87e-6
2014-11-19 09:30:00;698.47e-6
2014-11-19 09:45:00;709.77e-6
2014-11-19 10:00:00;723.89e-6
2014-11-19 10:15:00;742.84e-6
2014-11-19 10:30:00;762.61e-6
2014-11-19 10:45:00;792.87e-6
2014-11-19 11:00:00;833.53e-6
2014-11-19 11:15:00;894.35e-6
2014-11-19 11:30:00;900.96e-6
2014-11-19 11:45:00;863.73e-6
2014-11-19 12:00:00;788.63e-6
2014-11-19 12:15:00;712.69e-6
2014-11-19 12:30:00;666.48e-6
2014-11-19 12:45:00;644.53e-6
2014-11-19 13:00:00;619.63e-6
2014-11-19 13:15:00;604.32e-6
2014-11-19 13:30:00;594.93e-6
2014-11-19 13:45:00;592.04e-6
2014-11-19 14:00:00;594.44e-6
2014-11-19 14:15:00;596.60e-6
2014-11-19 14:30:00;597.64e-6
2014-11-19 14:45:00;598.03e-6
2014-11-19 15:00:00;597.31e-6
2014-11-19 15:15:00;596.49e-6
2014-11-19 15:30:00;598.77e-6
2014-11-19 15:45:00;603.87e-6
2014-11-19 16:00:00;614.14e-6
2014-11-19 16:15:00;620.63e-6
2014-11-19 16:30:00;646.20e-6
2014-11-19 16:45:00;668.84e-6
2014-11-19 17:00:00;694.32e-6
2014-11-19 17:15:00;713.47e-6
2014-11-19 17:30:00;732.56e-6
2014-11-19 17:45:00;749.55e-6
2014-11-19 18:00:00;766.05e-6
2014-11-19 18:15:00;772.48e-6
2014-11-19 18:30:00;783.07e-6
2014-11-19 18:45:00;777.88e-6
2014-11-19 19:00:00;763.70e-6
2014-11-19 19:15:00;740.86e-6
2014-11-19 19:30:00;702.78e-6
2014-11-19 19:45:00;683.14e-6
2014-11-19 20:00:00;672.55e-6
2014-11-19 20:15:00;652.24e-6
2014-11-19 20:30:00;628.21e-6
2014-11-19 20:45:00;611.53e-6
2014-11-19 21:00:00;588.57e-6
2014-11-19 21:15:00;564.11e-6
2014-11-19 21:30:00;533.69e-6
2014-11-19 21:45:00;498.44e-6
2014-11-19 22:00:00;456.35e-6
2014-11-19 22:15:00;410.11e-6
2014-11-19 22:30:00;366.54e-6
2014-11-19 22:45:00;326.52e-6
2014-11-19 23:00:00;292.49e-6
2014-11-19 23:15:00;259.33e-6
2014-11-19 23:30:00;242.18e-6
2014-11-19 23:45:00;230.56e-6
2014-11-20 00:00:00;208.41e-6
2014-11-20 00:15:00;212.31e-6
2014-11-20 00:30:00;225.44e-6
2014-11-20 00:45:00;241.41e-6
2014-11-20 01:00:00;257.84e-6
2014-11-20 01:15:00;275.14e-6
2014-11-20 01:30:00;290.42e-6
2014-11-20 01:45:00;304.04e-6
2014-11-20 02:00:00;315.76e-6
2014-11-20 02:15:00;320.80e-6
2014-11-20 02:30:00;321.53e-6
2014-11-20 02:45:00;319.39e-6
2014-11-20 03:00:00;310.76e-6
2014-11-20 03:15:00;297.60e-6
2014-11-20 03:30:00;280.16e-6
2014-11-20 03:45:00;261.16e-6
2014-11-20 04:00:00;250.37e-6
2014-11-20 04:15:00;238.50e-6
2014-11-20 04:30:00;235.11e-6
2014-11-20 04:45:00;241.62e-6
2014-11-20 05:00:00;247.68e-6
2014-11-20 05:15:00;263.74e-6
2014-11-20 05:30:00;288.26e-6
2014-11-20 05:45:00;323.45e-6
2014-11-20 06:00:00;372.91e-6
2014-11-20 06:15:00;419.51e-6
2014-11-20 06:30:00;497.16e-6
2014-11-20 06:45:00;501.83e-6
2014-11-20 07:00:00;518.60e-6
2014-11-20 07:15:00;525.45e-6
2014-11-20 07:30:00;527.61e-6
2014-11-20 07:45:00;509.00e-6
2014-11-20 08:00:00;497.88e-6
2014-11-20 08:15:00;480.33e-6
2014-11-20 08:30:00;454.03e-6
2014-11-20 08:45:00;430.32e-6
2014-11-20 09:00:00;408.67e-6
2014-11-20 09:15:00;399.61e-6
2014-11-20 09:30:00;399.73e-6
2014-11-20 09:45:00;401.72e-6
2014-11-20 10:00:00;405.82e-6
2014-11-20 10:15:00;407.68e-6
2014-11-20 10:30:00;411.07e-6
2014-11-20 10:45:00;420.73e-6
2014-11-20 11:00:00;437.53e-6
2014-11-20 11:15:00;459.60e-6
2014-11-20 11:30:00;464.67e-6
2014-11-20 11:45:00;456.08e-6
2014-11-20 12:00:00;433.52e-6
2014-11-20 12:15:00;420.97e-6
2014-11-20 12:30:00;414.87e-6
2014-11-20 12:45:00;416.18e-6
2014-11-20 13:00:00;417.89e-6
2014-11-20 13:15:00;423.68e-6
2014-11-20 13:30:00;431.89e-6
2014-11-20 13:45:00;442.38e-6
2014-11-20 14:00:00;454.29e-6
2014-11-20 14:15:00;462.69e-6
2014-11-20 14:30:00;467.15e-6
2014-11-20 14:45:00;468.50e-6
2014-11-20 15:00:00;467.15e-6
2014-11-20 15:15:00;464.58e-6
2014-11-20 15:30:00;464.51e-6
2014-11-20 15:45:00;467.43e-6
2014-11-20 16:00:00;475.46e-6
2014-11-20 16:15:00;480.71e-6
2014-11-20 16:30:00;502.86e-6
2014-11-20 16:45:00;528.32e-6
2014-11-20 17:00:00;559.58e-6
2014-11-20 17:15:00;584.48e-6
2014-11-20 17:30:00;609.62e-6
2014-11-20 17:45:00;635.31e-6
2014-11-20 18:00:00;656.46e-6
2014-11-20 18:15:00;675.51e-6
2014-11-20 18:30:00;692.17e-6
2014-11-20 18:45:00;700.83e-6
2014-11-20 19:00:00;700.31e-6
2014-11-20 19:15:00;695.53e-6
2014-11-20 19:30:00;697.96e-6
2014-11-20 19:45:00;684.78e-6
2014-11-20 20:00:00;674.56e-6
2014-11-20 20:15:00;656.12e-6
2014-11-20 20:30:00;633.70e-6
2014-11-20 20:45:00;612.11e-6
2014-11-20 21:00:00;592.48e-6
2014-11-20 21:15:00;565.77e-6
2014-11-20 21:30:00;535.34e-6
2014-11-20 21:45:00;499.32e-6
2014-11-20 22:00:00;457.09e-6
2014-11-20 22:15:00;410.55e-6
2014-11-20 22:30:00;366.35e-6
2014-11-20 22:45:00;324.62e-6
2014-11-20 23:00:00;289.12e-6
2014-11-20 23:15:00;251.32e-6
2014-11-20 23:30:00;234.87e-6
2014-11-20 23:45:00;224.86e-6
2014-11-21 00:00:00;209.17e-6
2014-11-21 00:15:00;213.09e-6
2014-11-21 00:30:00;226.26e-6
2014-11-21 00:45:00;242.28e-6
2014-11-21 01:00:00;258.78e-6
2014-11-21 01:15:00;276.14e-6
2014-11-21 01:30:00;291.47e-6
2014-11-21 01:45:00;305.14e-6
2014-11-21 02:00:00;316.91e-6
2014-11-21 02:15:00;321.96e-6
2014-11-21 02:30:00;322.70e-6
2014-11-21 02:45:00;320.55e-6
2014-11-21 03:00:00;311.89e-6
2014-11-21 03:15:00;298.68e-6
2014-11-21 03:30:00;281.17e-6
2014-11-21 03:45:00;262.11e-6
2014-11-21 04:00:00;251.28e-6
2014-11-21 04:15:00;239.37e-6
2014-11-21 04:30:00;235.97e-6
2014-11-21 04:45:00;242.49e-6
2014-11-21 05:00:00;248.58e-6
2014-11-21 05:15:00;264.70e-6
2014-11-21 05:30:00;289.30e-6
2014-11-21 05:45:00;324.62e-6
2014-11-21 06:00:00;374.26e-6
2014-11-21 06:15:00;421.03e-6
2014-11-21 06:30:00;498.96e-6
2014-11-21 06:45:00;503.65e-6
2014-11-21 07:00:00;520.48e-6
2014-11-21 07:15:00;527.36e-6
2014-11-21 07:30:00;529.52e-6
2014-11-21 07:45:00;510.85e-6
2014-11-21 08:00:00;499.69e-6
2014-11-21 08:15:00;482.07e-6
2014-11-21 08:30:00;455.68e-6
2014-11-21 08:45:00;431.89e-6
2014-11-21 09:00:00;410.16e-6
2014-11-21 09:15:00;401.06e-6
2014-11-21 09:30:00;401.18e-6
2014-11-21 09:45:00;403.18e-6
2014-11-21 10:00:00;407.30e-6
2014-11-21 10:15:00;409.16e-6
2014-11-21 10:30:00;412.57e-6
2014-11-21 10:45:00;422.26e-6
2014-11-21 11:00:00;439.12e-6
2014-11-21 11:15:00;461.27e-6
2014-11-21 11:30:00;466.35e-6
2014-11-21 11:45:00;457.73e-6
2014-11-21 12:00:00;435.10e-6
2014-11-21 12:15:00;422.50e-6
2014-11-21 12:30:00;416.37e-6
2014-11-21 12:45:00;417.69e-6
2014-11-21 13:00:00;419.41e-6
2014-11-21 13:15:00;425.22e-6
2014-11-21 13:30:00;433.46e-6
2014-11-21 13:45:00;443.99e-6
2014-11-21 14:00:00;455.94e-6
2014-11-21 14:15:00;464.37e-6
2014-11-21 14:30:00;468.84e-6
2014-11-21 14:45:00;470.20e-6
2014-11-21 15:00:00;468.85e-6
2014-11-21 15:15:00;466.27e-6
2014-11-21 15:30:00;466.19e-6
2014-11-21 15:45:00;469.13e-6
2014-11-21 16:00:00;477.19e-6
2014-11-21 16:15:00;482.46e-6
2014-11-21 16:30:00;504.68e-6
2014-11-21 16:45:00;530.24e-6
2014-11-21 17:00:00;561.62e-6
2014-11-21 17:15:00;586.61e-6
2014-11-21 17:30:00;611.83e-6
2014-11-21 17:45:00;637.62e-6
2014-11-21 18:00:00;658.85e-6
2014-11-21 18:15:00;677.96e-6
2014-11-21 18:30:00;694.68e-6
2014-11-21 18:45:00;703.37e-6
2014-11-21 19:00:00;702.85e-6
2014-11-21 19:15:00;698.06e-6
2014-11-21 19:30:00;700.49e-6
2014-11-21 19:45:00;687.27e-6
2014-11-21 20:00:00;677.01e-6
2014-11-21 20:15:00;658.50e-6
2014-11-21 20:30:00;636.00e-6
2014-11-21 20:45:00;614.33e-6
2014-11-21 21:00:00;594.63e-6
2014-11-21 21:15:00;567.82e-6
2014-11-21 21:30:00;537.29e-6
2014-11-21 21:45:00;501.13e-6
2014-11-21 22:00:00;458.75e-6
2014-11-21 22:15:00;412.04e-6
2014-11-21 22:30:00;367.68e-6
2014-11-21 22:45:00;325.80e-6
2014-11-21 23:00:00;290.17e-6
2014-11-21 23:15:00;252.24e-6
2014-11-21 23:30:00;235.72e-6
2014-11-21 23:45:00;225.68e-6
2014-11-22 00:00:00;250.71e-6
2014-11-22 00:15:00;241.96e-6
2014-11-22 00:30:00;239.89e-6
2014-11-22 00:45:00;242.74e-6
2014-11-22 01:00:00;252.48e-6
2014-11-22 01:15:00;267.58e-6
2014-11-22 01:30:00;282.78e-6
2014-11-22 01:45:00;296.80e-6
2014-11-22 02:00:00;308.46e-6
2014-11-22 02:15:00;316.17e-6
2014-11-22 02:30:00;317.98e-6
2014-11-22 02:45:00;316.20e-6
2014-11-22 03:00:00;308.55e-6
2014-11-22 03:15:00;294.82e-6
2014-11-22 03:30:00;276.58e-6
2014-11-22 03:45:00;258.54e-6
2014-11-22 04:00:00;246.92e-6
2014-11-22 04:15:00;235.57e-6
2014-11-22 04:30:00;227.65e-6
2014-11-22 04:45:00;217.98e-6
2014-11-22 05:00:00;209.99e-6
2014-11-22 05:15:00;209.23e-6
2014-11-22 05:30:00;216.83e-6
2014-11-22 05:45:00;236.59e-6
2014-11-22 06:00:00;272.90e-6
2014-11-22 06:15:00;312.51e-6
2014-11-22 06:30:00;379.36e-6
2014-11-22 06:45:00;393.67e-6
2014-11-22 07:00:00;423.92e-6
2014-11-22 07:15:00;445.39e-6
2014-11-22 07:30:00;480.57e-6
2014-11-22 07:45:00;494.87e-6
2014-11-22 08:00:00;514.42e-6
2014-11-22 08:15:00;529.18e-6
2014-11-22 08:30:00;515.53e-6
2014-11-22 08:45:00;517.41e-6
2014-11-22 09:00:00;520.73e-6
2014-11-22 09:15:00;528.95e-6
2014-11-22 09:30:00;537.10e-6
2014-11-22 09:45:00;545.16e-6
2014-11-22 10:00:00;553.41e-6
2014-11-22 10:15:00;561.77e-6
2014-11-22 10:30:00;572.27e-6
2014-11-22 10:45:00;592.16e-6
2014-11-22 11:00:00;622.96e-6
2014-11-22 11:15:00;674.86e-6
2014-11-22 11:30:00;692.75e-6
2014-11-22 11:45:00;681.71e-6
2014-11-22 12:00:00;636.28e-6
2014-11-22 12:15:00;585.14e-6
2014-11-22 12:30:00;558.88e-6
2014-11-22 12:45:00;548.63e-6
2014-11-22 13:00:00;537.78e-6
2014-11-22 13:15:00;534.85e-6
2014-11-22 13:30:00;537.81e-6
2014-11-22 13:45:00;547.04e-6
2014-11-22 14:00:00;561.49e-6
2014-11-22 14:15:00;575.71e-6
2014-11-22 14:30:00;588.41e-6
2014-11-22 14:45:00;599.41e-6
2014-11-22 15:00:00;607.83e-6
2014-11-22 15:15:00;614.63e-6
2014-11-22 15:30:00;622.70e-6
2014-11-22 15:45:00;632.12e-6
2014-11-22 16:00:00;645.15e-6
2014-11-22 16:15:00;654.87e-6
2014-11-22 16:30:00;680.03e-6
2014-11-22 16:45:00;706.22e-6
2014-11-22 17:00:00;731.16e-6
2014-11-22 17:15:00;748.87e-6
2014-11-22 17:30:00;764.82e-6
2014-11-22 17:45:00;777.43e-6
2014-11-22 18:00:00;787.51e-6
2014-11-22 18:15:00;791.26e-6
2014-11-22 18:30:00;798.20e-6
2014-11-22 18:45:00;785.21e-6
2014-11-22 19:00:00;763.04e-6
2014-11-22 19:15:00;736.47e-6
2014-11-22 19:30:00;703.10e-6
2014-11-22 19:45:00;681.27e-6
2014-11-22 20:00:00;668.98e-6
2014-11-22 20:15:00;650.43e-6
2014-11-22 20:30:00;630.36e-6
2014-11-22 20:45:00;614.99e-6
2014-11-22 21:00:00;598.47e-6
2014-11-22 21:15:00;578.61e-6
2014-11-22 21:30:00;554.50e-6
2014-11-22 21:45:00;526.16e-6
2014-11-22 22:00:00;492.44e-6
2014-11-22 22:15:00;454.72e-6
2014-11-22 22:30:00;418.95e-6
2014-11-22 22:45:00;385.37e-6
2014-11-22 23:00:00;354.60e-6
2014-11-22 23:15:00;326.56e-6
2014-11-22 23:30:00;302.92e-6
2014-11-22 23:45:00;293.94e-6
2014-11-23 00:00:00;277.39e-6
2014-11-23 00:15:00;275.89e-6
2014-11-23 00:30:00;280.59e-6
2014-11-23 00:45:00;291.17e-6
2014-11-23 01:00:00;301.95e-6
2014-11-23 01:15:00;315.70e-6
2014-11-23 01:30:00;325.67e-6
2014-11-23 01:45:00;336.22e-6
2014-11-23 02:00:00;343.98e-6
2014-11-23 02:15:00;347.64e-6
2014-11-23 02:30:00;348.99e-6
2014-11-23 02:45:00;345.79e-6
2014-11-23 03:00:00;334.95e-6
2014-11-23 03:15:00;317.87e-6
2014-11-23 03:30:00;296.98e-6
2014-11-23 03:45:00;278.42e-6
2014-11-23 04:00:00;267.95e-6
2014-11-23 04:15:00;255.25e-6
2014-11-23 04:30:00;246.66e-6
2014-11-23 04:45:00;235.53e-6
2014-11-23 05:00:00;225.59e-6
2014-11-23 05:15:00;221.94e-6
2014-11-23 05:30:00;225.79e-6
2014-11-23 05:45:00;240.91e-6
2014-11-23 06:00:00;271.69e-6
2014-11-23 06:15:00;306.56e-6
2014-11-23 06:30:00;366.48e-6
2014-11-23 06:45:00;379.89e-6
2014-11-23 07:00:00;415.97e-6
2014-11-23 07:15:00;449.14e-6
2014-11-23 07:30:00;506.85e-6
2014-11-23 07:45:00;550.74e-6
2014-11-23 08:00:00;598.77e-6
2014-11-23 08:15:00;644.55e-6
2014-11-23 08:30:00;658.30e-6
2014-11-23 08:45:00;675.61e-6
2014-11-23 09:00:00;684.55e-6
2014-11-23 09:15:00;697.88e-6
2014-11-23 09:30:00;708.64e-6
2014-11-23 09:45:00;720.10e-6
2014-11-23 10:00:00;734.42e-6
2014-11-23 10:15:00;753.65e-6
2014-11-23 10:30:00;773.71e-6
2014-11-23 10:45:00;804.41e-6
2014-11-23 11:00:00;845.66e-6
2014-11-23 11:15:00;907.36e-6
2014-11-23 11:30:00;914.07e-6
2014-11-23 11:45:00;876.30e-6
2014-11-23 12:00:00;800.11e-6
2014-11-23 12:15:00;723.06e-6
2014-11-23 12:30:00;676.18e-6
2014-11-23 12:45:00;653.91e-6
2014-11-23 13:00:00;628.65e-6
2014-11-23 13:15:00;613.12e-6
2014-11-23 13:30:00;603.58e-6
2014-11-23 13:45:00;600.66e-6
2014-11-23 14:00:00;603.09e-6
2014-11-23 14:15:00;605.29e-6
2014-11-23 14:30:00;606.34e-6
2014-11-23 14:45:00;606.73e-6
2014-11-23 15:00:00;606.01e-6
2014-11-23 15:15:00;605.18e-6
2014-11-23 15:30:00;607.48e-6
2014-11-23 15:45:00;612.66e-6
2014-11-23 16:00:00;623.08e-6
2014-11-23 16:15:00;629.66e-6
2014-11-23 16:30:00;655.60e-6
2014-11-23 16:45:00;678.57e-6
2014-11-23 17:00:00;704.42e-6
2014-11-23 17:15:00;723.86e-6
2014-11-23 17:30:00;743.22e-6
2014-11-23 17:45:00;760.46e-6
2014-11-23 18:00:00;777.20e-6
2014-11-23 18:15:00;783.72e-6
2014-11-23 18:30:00;794.47e-6
2014-11-23 18:45:00;789.20e-6
2014-11-23 19:00:00;774.82e-6
2014-11-23 19:15:00;751.64e-6
2014-11-23 19:30:00;713.01e-6
2014-11-23 19:45:00;693.08e-6
2014-11-23 20:00:00;682.34e-6
2014-11-23 20:15:00;661.73e-6
2014-11-23 20:30:00;637.36e-6
2014-11-23 20:45:00;620.43e-6
2014-11-23 21:00:00;597.14e-6
2014-11-23 21:15:00;572.32e-6
2014-11-23 21:30:00;541.46e-6
2014-11-23 21:45:00;505.69e-6
2014-11-23 22:00:00;462.99e-6
2014-11-23 22:15:00;416.07e-6
2014-11-23 22:30:00;371.87e-6
2014-11-23 22:45:00;331.27e-6
2014-11-23 23:00:00;296.75e-6
2014-11-23 23:15:00;263.11e-6
2014-11-23 23:30:00;245.70e-6
2014-11-23 23:45:00;233.92e-6
2014-11-24 00:00:00;211.42e-6
2014-11-24 00:15:00;215.38e-6
2014-11-24 00:30:00;228.70e-6
2014-11-24 00:45:00;244.90e-6
2014-11-24 01:00:00;261.57e-6
2014-11-24 01:15:00;279.12e-6
2014-11-24 01:30:00;294.62e-6
2014-11-24 01:45:00;308.43e-6
2014-11-24 02:00:00;320.33e-6
2014-11-24 02:15:00;325.43e-6
2014-11-24 02:30:00;326.18e-6
2014-11-24 02:45:00;324.01e-6
2014-11-24 03:00:00;315.25e-6
2014-11-24 03:15:00;301.90e-6
2014-11-24 03:30:00;284.21e-6
2014-11-24 03:45:00;264.94e-6
2014-11-24 04:00:00;253.99e-6
2014-11-24 04:15:00;241.95e-6
2014-11-24 04:30:00;238.51e-6
2014-11-24 04:45:00;245.11e-6
2014-11-24 05:00:00;251.26e-6
2014-11-24 05:15:00;267.55e-6
2014-11-24 05:30:00;292.42e-6
2014-11-24 05:45:00;328.12e-6
2014-11-24 06:00:00;378.30e-6
2014-11-24 06:15:00;425.57e-6
2014-11-24 06:30:00;504.34e-6
2014-11-24 06:45:00;509.08e-6
2014-11-24 07:00:00;526.09e-6
2014-11-24 07:15:00;533.04e-6
2014-11-24 07:30:00;535.23e-6
2014-11-24 07:45:00;516.36e-6
2014-11-24 08:00:00;505.08e-6
2014-11-24 08:15:00;487.27e-6
2014-11-24 08:30:00;460.60e-6
2014-11-24 08:45:00;436.54e-6
2014-11-24 09:00:00;414.58e-6
2014-11-24 09:15:00;405.38e-6
2014-11-24 09:30:00;405.51e-6
2014-11-24 09:45:00;407.52e-6
2014-11-24 10:00:00;411.69e-6
2014-11-24 10:15:00;413.57e-6
2014-11-24 10:30:00;417.01e-6
2014-11-24 10:45:00;426.81e-6
2014-11-24 11:00:00;443.85e-6
2014-11-24 11:15:00;466.24e-6
2014-11-24 11:30:00;471.38e-6
2014-11-24 11:45:00;462.67e-6
2014-11-24 12:00:00;439.79e-6
2014-11-24 12:15:00;427.05e-6
2014-11-24 12:30:00;420.86e-6
2014-11-24 12:45:00;422.20e-6
2014-11-24 13:00:00;423.93e-6
2014-11-24 13:15:00;429.80e-6
2014-11-24 13:30:00;438.13e-6
2014-11-24 13:45:00;448.78e-6
2014-11-24 14:00:00;460.85e-6
2014-11-24 14:15:00;469.38e-6
2014-11-24 14:30:00;473.90e-6
2014-11-24 14:45:00;475.27e-6
2014-11-24 15:00:00;473.90e-6
2014-11-24 15:15:00;471.30e-6
2014-11-24 15:30:00;471.22e-6
2014-11-24 15:45:00;474.19e-6
2014-11-24 16:00:00;482.33e-6
2014-11-24 16:15:00;487.66e-6
2014-11-24 16:30:00;510.12e-6
2014-11-24 16:45:00;535.96e-6
2014-11-24 17:00:00;567.67e-6
2014-11-24 17:15:00;592.93e-6
2014-11-24 17:30:00;618.43e-6
2014-11-24 17:45:00;644.49e-6
2014-11-24 18:00:00;665.95e-6
2014-11-24 18:15:00;685.27e-6
2014-11-24 18:30:00;702.17e-6
2014-11-24 18:45:00;710.96e-6
2014-11-24 19:00:00;710.43e-6
2014-11-24 19:15:00;705.58e-6
2014-11-24 19:30:00;708.05e-6
2014-11-24 19:45:00;694.68e-6
2014-11-24 20:00:00;684.31e-6
2014-11-24 20:15:00;665.60e-6
2014-11-24 20:30:00;642.86e-6
2014-11-24 20:45:00;620.95e-6
2014-11-24 21:00:00;601.04e-6
2014-11-24 21:15:00;573.94e-6
2014-11-24 21:30:00;543.08e-6
2014-11-24 21:45:00;506.53e-6
2014-11-24 22:00:00;463.69e-6
2014-11-24 22:15:00;416.48e-6
2014-11-24 22:30:00;371.64e-6
2014-11-24 22:45:00;329.31e-6
2014-11-24 23:00:00;293.30e-6
2014-11-24 23:15:00;254.95e-6
2014-11-24 23:30:00;238.26e-6
2014-11-24 23:45:00;228.11e-6
2014-11-25 00:00:00;212.17e-6
2014-11-25 00:15:00;216.14e-6
2014-11-25 00:30:00;229.50e-6
2014-11-25 00:45:00;245.76e-6
2014-11-25 01:00:00;262.49e-6
2014-11-25 01:15:00;280.10e-6
2014-11-25 01:30:00;295.65e-6
2014-11-25 01:45:00;309.52e-6
2014-11-25 02:00:00;321.45e-6
2014-11-25 02:15:00;326.58e-6
2014-11-25 02:30:00;327.33e-6
2014-11-25 02:45:00;325.15e-6
2014-11-25 03:00:00;316.36e-6
2014-11-25 03:15:00;302.97e-6
2014-11-25 03:30:00;285.21e-6
2014-11-25 03:45:00;265.87e-6
2014-11-25 04:00:00;254.88e-6
2014-11-25 04:15:00;242.80e-6
2014-11-25 04:30:00;239.35e-6
2014-11-25 04:45:00;245.97e-6
2014-11-25 05:00:00;252.14e-6
2014-11-25 05:15:00;268.50e-6
2014-11-25 05:30:00;293.45e-6
2014-11-25 05:45:00;329.28e-6
2014-11-25 06:00:00;379.63e-6
2014-11-25 06:15:00;427.07e-6
2014-11-25 06:30:00;506.12e-6
2014-11-25 06:45:00;510.88e-6
2014-11-25 07:00:00;527.95e-6
2014-11-25 07:15:00;534.92e-6
2014-11-25 07:30:00;537.12e-6
2014-11-25 07:45:00;518.18e-6
2014-11-25 08:00:00;506.86e-6
2014-11-25 08:15:00;488.99e-6
2014-11-25 08:30:00;462.22e-6
2014-11-25 08:45:00;438.08e-6
2014-11-25 09:00:00;416.04e-6
2014-11-25 09:15:00;406.81e-6
2014-11-25 09:30:00;406.94e-6
2014-11-25 09:45:00;408.96e-6
2014-11-25 10:00:00;413.14e-6
2014-11-25 10:15:00;415.03e-6
2014-11-25 10:30:00;418.48e-6
2014-11-25 10:45:00;428.31e-6
2014-11-25 11:00:00;445.41e-6
2014-11-25 11:15:00;467.89e-6
2014-11-25 11:30:00;473.04e-6
2014-11-25 11:45:00;464.30e-6
2014-11-25 12:00:00;441.34e-6
2014-11-25 12:15:00;428.56e-6
2014-11-25 12:30:00;422.35e-6
2014-11-25 12:45:00;423.69e-6
2014-11-25 13:00:00;425.43e-6
2014-11-25 13:15:00;431.32e-6
2014-11-25 13:30:00;439.68e-6
2014-11-25 13:45:00;450.36e-6
2014-11-25 14:00:00;462.48e-6
2014-11-25 14:15:00;471.03e-6
2014-11-25 14:30:00;475.57e-6
2014-11-25 14:45:00;476.95e-6
2014-11-25 15:00:00;475.57e-6
2014-11-25 15:15:00;472.96e-6
2014-11-25 15:30:00;472.88e-6
2014-11-25 15:45:00;475.86e-6
2014-11-25 16:00:00;484.03e-6
2014-11-25 16:15:00;489.38e-6
2014-11-25 16:30:00;511.92e-6
2014-11-25 16:45:00;537.85e-6
2014-11-25 17:00:00;569.67e-6
2014-11-25 17:15:00;595.02e-6
2014-11-25 17:30:00;620.61e-6
2014-11-25 17:45:00;646.76e-6
2014-11-25 18:00:00;668.30e-6
2014-11-25 18:15:00;687.69e-6
2014-11-25 18:30:00;704.65e-6
2014-11-25 18:45:00;713.46e-6
2014-11-25 19:00:00;712.93e-6
2014-11-25 19:15:00;708.07e-6
2014-11-25 19:30:00;710.54e-6
2014-11-25 19:45:00;697.13e-6
2014-11-25 20:00:00;686.72e-6
2014-11-25 20:15:00;667.95e-6
2014-11-25 20:30:00;645.13e-6
2014-11-25 20:45:00;623.14e-6
2014-11-25 21:00:00;603.16e-6
2014-11-25 21:15:00;575.97e-6
2014-11-25 21:30:00;544.99e-6
2014-11-25 21:45:00;508.32e-6
2014-11-25 22:00:00;465.33e-6
2014-11-25 22:15:00;417.95e-6
2014-11-25 22:30:00;372.95e-6
2014-11-25 22:45:00;330.47e-6
2014-11-25 23:00:00;294.33e-6
2014-11-25 23:15:00;255.85e-6
2014-11-25 23:30:00;239.10e-6
2014-11-25 23:45:00;228.91e-6
2014-11-26 00:00:00;212.91e-6
2014-11-26 00:15:00;216.90e-6
2014-11-26 00:30:00;230.31e-6
2014-11-26 00:45:00;246.62e-6
2014-11-26 01:00:00;263.41e-6
2014-11-26 01:15:00;281.08e-6
2014-11-26 01:30:00;296.69e-6
2014-11-26 01:45:00;310.60e-6
2014-11-26 02:00:00;322.58e-6
2014-11-26 02:15:00;327.72e-6
2014-11-26 02:30:00;328.48e-6
2014-11-26 02:45:00;326.29e-6
2014-11-26 03:00:00;317.47e-6
2014-11-26 03:15:00;304.03e-6
2014-11-26 03:30:00;286.21e-6
2014-11-26 03:45:00;266.80e-6
2014-11-26 04:00:00;255.77e-6
2014-11-26 04:15:00;243.65e-6
2014-11-26 04:30:00;240.19e-6
2014-11-26 04:45:00;246.83e-6
2014-11-26 05:00:00;253.03e-6
2014-11-26 05:15:00;269.44e-6
2014-11-26 05:30:00;294.48e-6
2014-11-26 05:45:00;330.43e-6
2014-11-26 06:00:00;380.96e-6
2014-11-26 06:15:00;428.57e-6
2014-11-26 06:30:00;507.89e-6
2014-11-26 06:45:00;512.66e-6
2014-11-26 07:00:00;529.80e-6
2014-11-26 07:15:00;536.79e-6
2014-11-26 07:30:00;539.00e-6
2014-11-26 07:45:00;519.99e-6
2014-11-26 08:00:00;508.63e-6
2014-11-26 08:15:00;490.70e-6
2014-11-26 08:30:00;463.84e-6
2014-11-26 08:45:00;439.62e-6
2014-11-26 09:00:00;417.50e-6
2014-11-26 09:15:00;408.23e-6
2014-11-26 09:30:00;408.36e-6
2014-11-26 09:45:00;410.39e-6
2014-11-26 10:00:00;414.59e-6
2014-11-26 10:15:00;416.48e-6
2014-11-26 10:30:00;419.95e-6
2014-11-26 10:45:00;429.81e-6
2014-11-26 11:00:00;446.97e-6
2014-11-26 11:15:00;469.52e-6
2014-11-26 11:30:00;474.70e-6
2014-11-26 11:45:00;465.93e-6
2014-11-26 12:00:00;442.89e-6
2014-11-26 12:15:00;430.06e-6
2014-11-26 12:30:00;423.82e-6
2014-11-26 12:45:00;425.17e-6
2014-11-26 13:00:00;426.91e-6
2014-11-26 13:15:00;432.83e-6
2014-11-26 13:30:00;441.22e-6
2014-11-26 13:45:00;451.93e-6
2014-11-26 14:00:00;464.09e-6
2014-11-26 14:15:00;472.68e-6
2014-11-26 14:30:00;477.23e-6
2014-11-26 14:45:00;478.62e-6
2014-11-26 15:00:00;477.24e-6
2014-11-26 15:15:00;474.61e-6
2014-11-26 15:30:00;474.54e-6
2014-11-26 15:45:00;477.52e-6
2014-11-26 16:00:00;485.73e-6
2014-11-26 16:15:00;491.09e-6
2014-11-26 16:30:00;513.71e-6
2014-11-26 16:45:00;539.73e-6
2014-11-26 17:00:00;571.67e-6
2014-11-26 17:15:00;597.10e-6
2014-11-26 17:30:00;622.78e-6
2014-11-26 17:45:00;649.03e-6
2014-11-26 18:00:00;670.63e-6
2014-11-26 18:15:00;690.09e-6
2014-11-26 18:30:00;707.11e-6
2014-11-26 18:45:00;715.96e-6
2014-11-26 19:00:00;715.43e-6
2014-11-26 19:15:00;710.55e-6
2014-11-26 19:30:00;713.03e-6
2014-11-26 19:45:00;699.57e-6
2014-11-26 20:00:00;689.13e-6
2014-11-26 20:15:00;670.28e-6
2014-11-26 20:30:00;647.38e-6
2014-11-26 20:45:00;625.32e-6
2014-11-26 21:00:00;605.27e-6
2014-11-26 21:15:00;577.98e-6
2014-11-26 21:30:00;546.90e-6
2014-11-26 21:45:00;510.10e-6
2014-11-26 22:00:00;466.96e-6
2014-11-26 22:15:00;419.41e-6
2014-11-26 22:30:00;374.26e-6
2014-11-26 22:45:00;331.63e-6
2014-11-26 23:00:00;295.36e-6
2014-11-26 23:15:00;256.75e-6
2014-11-26 23:30:00;239.94e-6
2014-11-26 23:45:00;229.72e-6
2014-11-27 00:00:00;213.65e-6
2014-11-27 00:15:00;217.65e-6
2014-11-27 00:30:00;231.11e-6
2014-11-27 00:45:00;247.47e-6
2014-11-27 01:00:00;264.32e-6
2014-11-27 01:15:00;282.06e-6
2014-11-27 01:30:00;297.72e-6
2014-11-27 01:45:00;311.68e-6
2014-11-27 02:00:00;323.70e-6
2014-11-27 02:15:00;328.86e-6
2014-11-27 02:30:00;329.62e-6
2014-11-27 02:45:00;327.42e-6
2014-11-27 03:00:00;318.57e-6
2014-11-27 03:15:00;305.08e-6
2014-11-27 03:30:00;287.20e-6
2014-11-27 03:45:00;267.73e-6
2014-11-27 04:00:00;256.66e-6
2014-11-27 04:15:00;244.50e-6
2014-11-27 04:30:00;241.02e-6
2014-11-27 04:45:00;247.69e-6
2014-11-27 05:00:00;253.90e-6
2014-11-27 05:15:00;270.37e-6
2014-11-27 05:30:00;295.50e-6
2014-11-27 05:45:00;331.58e-6
2014-11-27 06:00:00;382.28e-6
2014-11-27 06:15:00;430.06e-6
2014-11-27 06:30:00;509.65e-6
2014-11-27 06:45:00;514.44e-6
2014-11-27 07:00:00;531.64e-6
2014-11-27 07:15:00;538.66e-6
2014-11-27 07:30:00;540.87e-6
2014-11-27 07:45:00;521.80e-6
2014-11-27 08:00:00;510.40e-6
2014-11-27 08:15:00;492.40e-6
2014-11-27 08:30:00;465.45e-6
2014-11-27 08:45:00;441.14e-6
2014-11-27 09:00:00;418.95e-6
2014-11-27 09:15:00;409.65e-6
2014-11-27 09:30:00;409.78e-6
2014-11-27 09:45:00;411.82e-6
2014-11-27 10:00:00;416.02e-6
2014-11-27 10:15:00;417.93e-6
2014-11-27 10:30:00;421.41e-6
2014-11-27 10:45:00;431.30e-6
2014-11-27 11:00:00;448.52e-6
2014-11-27 11:15:00;471.15e-6
2014-11-27 11:30:00;476.35e-6
2014-11-27 11:45:00;467.54e-6
2014-11-27 12:00:00;444.42e-6
2014-11-27 12:15:00;431.55e-6
2014-11-27 12:30:00;425.29e-6
2014-11-27 12:45:00;426.64e-6
2014-11-27 13:00:00;428.40e-6
2014-11-27 13:15:00;434.33e-6
2014-11-27 13:30:00;442.75e-6
2014-11-27 13:45:00;453.50e-6
2014-11-27 14:00:00;465.71e-6
2014-11-27 14:15:00;474.32e-6
2014-11-27 14:30:00;478.89e-6
2014-11-27 14:45:00;480.28e-6
2014-11-27 15:00:00;478.89e-6
2014-11-27 15:15:00;476.26e-6
2014-11-27 15:30:00;476.18e-6
2014-11-27 15:45:00;479.18e-6
2014-11-27 16:00:00;487.41e-6
2014-11-27 16:15:00;492.79e-6
2014-11-27 16:30:00;515.50e-6
2014-11-27 16:45:00;541.60e-6
2014-11-27 17:00:00;573.65e-6
2014-11-27 17:15:00;599.18e-6
2014-11-27 17:30:00;624.94e-6
2014-11-27 17:45:00;651.28e-6
2014-11-27 18:00:00;672.96e-6
2014-11-27 18:15:00;692.49e-6
2014-11-27 18:30:00;709.56e-6
2014-11-27 18:45:00;718.45e-6
2014-11-27 19:00:00;717.91e-6
2014-11-27 19:15:00;713.01e-6
2014-11-27 19:30:00;715.50e-6
2014-11-27 19:45:00;702.00e-6
2014-11-27 20:00:00;691.52e-6
2014-11-27 20:15:00;672.61e-6
2014-11-27 20:30:00;649.63e-6
2014-11-27 20:45:00;627.49e-6
2014-11-27 21:00:00;607.37e-6
2014-11-27 21:15:00;579.99e-6
2014-11-27 21:30:00;548.80e-6
2014-11-27 21:45:00;511.87e-6
2014-11-27 22:00:00;468.58e-6
2014-11-27 22:15:00;420.87e-6
2014-11-27 22:30:00;375.56e-6
2014-11-27 22:45:00;332.78e-6
2014-11-27 23:00:00;296.39e-6
2014-11-27 23:15:00;257.64e-6
2014-11-27 23:30:00;240.77e-6
2014-11-27 23:45:00;230.51e-6
2014-11-28 00:00:00;214.38e-6
2014-11-28 00:15:00;218.40e-6
2014-11-28 00:30:00;231.90e-6
2014-11-28 00:45:00;248.33e-6
2014-11-28 01:00:00;265.23e-6
2014-11-28 01:15:00;283.03e-6
2014-11-28 01:30:00;298.74e-6
2014-11-28 01:45:00;312.75e-6
2014-11-28 02:00:00;324.81e-6
2014-11-28 02:15:00;329.99e-6
2014-11-28 02:30:00;330.75e-6
2014-11-28 02:45:00;328.55e-6
2014-11-28 03:00:00;319.67e-6
2014-11-28 03:15:00;306.13e-6
2014-11-28 03:30:00;288.19e-6
2014-11-28 03:45:00;268.65e-6
2014-11-28 04:00:00;257.54e-6
2014-11-28 04:15:00;245.34e-6
2014-11-28 04:30:00;241.85e-6
2014-11-28 04:45:00;248.54e-6
2014-11-28 05:00:00;254.78e-6
2014-11-28 05:15:00;271.30e-6
2014-11-28 05:30:00;296.52e-6
2014-11-28 05:45:00;332.72e-6
2014-11-28 06:00:00;383.60e-6
2014-11-28 06:15:00;431.54e-6
2014-11-28 06:30:00;511.41e-6
2014-11-28 06:45:00;516.21e-6
2014-11-28 07:00:00;533.46e-6
2014-11-28 07:15:00;540.51e-6
2014-11-28 07:30:00;542.73e-6
2014-11-28 07:45:00;523.59e-6
2014-11-28 08:00:00;512.16e-6
2014-11-28 08:15:00;494.09e-6
2014-11-28 08:30:00;467.05e-6
2014-11-28 08:45:00;442.66e-6
2014-11-28 09:00:00;420.39e-6
2014-11-28 09:15:00;411.06e-6
2014-11-28 09:30:00;411.19e-6
2014-11-28 09:45:00;413.23e-6
2014-11-28 10:00:00;417.46e-6
2014-11-28 10:15:00;419.37e-6
2014-11-28 10:30:00;422.86e-6
2014-11-28 10:45:00;432.79e-6
2014-11-28 11:00:00;450.07e-6
2014-11-28 11:15:00;472.77e-6
2014-11-28 11:30:00;477.98e-6
2014-11-28 11:45:00;469.15e-6
2014-11-28 12:00:00;445.95e-6
2014-11-28 12:15:00;433.04e-6
2014-11-28 12:30:00;426.76e-6
2014-11-28 12:45:00;428.11e-6
2014-11-28 13:00:00;429.87e-6
2014-11-28 13:15:00;435.82e-6
2014-11-28 13:30:00;444.27e-6
2014-11-28 13:45:00;455.06e-6
2014-11-28 14:00:00;467.31e-6
2014-11-28 14:15:00;475.95e-6
2014-11-28 14:30:00;480.54e-6
2014-11-28 14:45:00;481.93e-6
2014-11-28 15:00:00;480.54e-6
2014-11-28 15:15:00;477.90e-6
2014-11-28 15:30:00;477.82e-6
2014-11-28 15:45:00;480.83e-6
2014-11-28 16:00:00;489.09e-6
2014-11-28 16:15:00;494.49e-6
2014-11-28 16:30:00;517.27e-6
2014-11-28 16:45:00;543.47e-6
2014-11-28 17:00:00;575.62e-6
2014-11-28 17:15:00;601.24e-6
2014-11-28 17:30:00;627.09e-6
2014-11-28 17:45:00;653.52e-6
2014-11-28 18:00:00;675.28e-6
2014-11-28 18:15:00;694.87e-6
2014-11-28 18:30:00;712.01e-6
2014-11-28 18:45:00;720.92e-6
2014-11-28 19:00:00;720.38e-6
2014-11-28 19:15:00;715.47e-6
2014-11-28 19:30:00;717.96e-6
2014-11-28 19:45:00;704.41e-6
2014-11-28 20:00:00;693.90e-6
2014-11-28 20:15:00;674.92e-6
2014-11-28 20:30:00;651.86e-6
2014-11-28 20:45:00;629.65e-6
2014-11-28 21:00:00;609.46e-6
2014-11-28 21:15:00;581.99e-6
2014-11-28 21:30:00;550.69e-6
2014-11-28 21:45:00;513.63e-6
2014-11-28 22:00:00;470.19e-6
2014-11-28 22:15:00;422.31e-6
2014-11-28 22:30:00;376.85e-6
2014-11-28 22:45:00;333.92e-6
2014-11-28 23:00:00;297.41e-6
2014-11-28 23:15:00;258.53e-6
2014-11-28 23:30:00;241.60e-6
2014-11-28 23:45:00;231.31e-6
2014-11-29 00:00:00;256.91e-6
2014-11-29 00:15:00;247.94e-6
2014-11-29 00:30:00;245.83e-6
2014-11-29 00:45:00;248.74e-6
2014-11-29 01:00:00;258.72e-6
2014-11-29 01:15:00;274.20e-6
2014-11-29 01:30:00;289.78e-6
2014-11-29 01:45:00;304.14e-6
2014-11-29 02:00:00;316.09e-6
2014-11-29 02:15:00;323.99e-6
2014-11-29 02:30:00;325.84e-6
2014-11-29 02:45:00;324.02e-6
2014-11-29 03:00:00;316.18e-6
2014-11-29 03:15:00;302.11e-6
2014-11-29 03:30:00;283.43e-6
2014-11-29 03:45:00;264.93e-6
2014-11-29 04:00:00;253.03e-6
2014-11-29 04:15:00;241.40e-6
2014-11-29 04:30:00;233.28e-6
2014-11-29 04:45:00;223.38e-6
2014-11-29 05:00:00;215.19e-6
2014-11-29 05:15:00;214.41e-6
2014-11-29 05:30:00;222.19e-6
2014-11-29 05:45:00;242.44e-6
2014-11-29 06:00:00;279.65e-6
2014-11-29 06:15:00;320.24e-6
2014-11-29 06:30:00;388.75e-6
2014-11-29 06:45:00;403.41e-6
2014-11-29 07:00:00;434.41e-6
2014-11-29 07:15:00;456.41e-6
2014-11-29 07:30:00;492.46e-6
2014-11-29 07:45:00;507.11e-6
2014-11-29 08:00:00;527.15e-6
2014-11-29 08:15:00;542.27e-6
2014-11-29 08:30:00;528.28e-6
2014-11-29 08:45:00;530.21e-6
2014-11-29 09:00:00;533.61e-6
2014-11-29 09:15:00;542.04e-6
2014-11-29 09:30:00;550.39e-6
2014-11-29 09:45:00;558.65e-6
2014-11-29 10:00:00;567.10e-6
2014-11-29 10:15:00;575.67e-6
2014-11-29 10:30:00;586.43e-6
2014-11-29 10:45:00;606.81e-6
2014-11-29 11:00:00;638.37e-6
2014-11-29 11:15:00;691.55e-6
2014-11-29 11:30:00;709.89e-6
2014-11-29 11:45:00;698.58e-6
2014-11-29 12:00:00;652.02e-6
2014-11-29 12:15:00;599.61e-6
2014-11-29 12:30:00;572.71e-6
2014-11-29 12:45:00;562.21e-6
2014-11-29 13:00:00;551.09e-6
2014-11-29 13:15:00;548.09e-6
2014-11-29 13:30:00;551.11e-6
2014-11-29 13:45:00;560.57e-6
2014-11-29 14:00:00;575.38e-6
2014-11-29 14:15:00;589.95e-6
2014-11-29 14:30:00;602.97e-6
2014-11-29 14:45:00;614.24e-6
2014-11-29 15:00:00;622.87e-6
2014-11-29 15:15:00;629.83e-6
2014-11-29 15:30:00;638.10e-6
2014-11-29 15:45:00;647.76e-6
2014-11-29 16:00:00;661.11e-6
2014-11-29 16:15:00;671.07e-6
2014-11-29 16:30:00;696.86e-6
2014-11-29 16:45:00;723.69e-6
2014-11-29 17:00:00;749.24e-6
2014-11-29 17:15:00;767.40e-6
2014-11-29 17:30:00;783.74e-6
2014-11-29 17:45:00;796.66e-6
2014-11-29 18:00:00;806.99e-6
2014-11-29 18:15:00;810.84e-6
2014-11-29 18:30:00;817.95e-6
2014-11-29 18:45:00;804.63e-6
2014-11-29 19:00:00;781.91e-6
2014-11-29 19:15:00;754.69e-6
2014-11-29 19:30:00;720.49e-6
2014-11-29 19:45:00;698.12e-6
2014-11-29 20:00:00;685.53e-6
2014-11-29 20:15:00;666.53e-6
2014-11-29 20:30:00;645.95e-6
2014-11-29 20:45:00;630.21e-6
2014-11-29 21:00:00;613.27e-6
2014-11-29 21:15:00;592.93e-6
2014-11-29 21:30:00;568.22e-6
2014-11-29 21:45:00;539.17e-6
2014-11-29 22:00:00;504.63e-6
2014-11-29 22:15:00;465.97e-6
2014-11-29 22:30:00;429.31e-6
2014-11-29 22:45:00;394.90e-6
2014-11-29 23:00:00;363.38e-6
2014-11-29 23:15:00;334.64e-6
2014-11-29 23:30:00;310.42e-6
2014-11-29 23:45:00;301.21e-6
2014-11-30 00:00:00;284.20e-6
2014-11-30 00:15:00;282.65e-6
2014-11-30 00:30:00;287.48e-6
2014-11-30 00:45:00;298.31e-6
2014-11-30 01:00:00;309.36e-6
2014-11-30 01:15:00;323.45e-6
2014-11-30 01:30:00;333.66e-6
2014-11-30 01:45:00;344.47e-6
2014-11-30 02:00:00;352.42e-6
2014-11-30 02:15:00;356.16e-6
2014-11-30 02:30:00;357.56e-6
2014-11-30 02:45:00;354.28e-6
2014-11-30 03:00:00;343.17e-6
2014-11-30 03:15:00;325.67e-6
2014-11-30 03:30:00;304.26e-6
2014-11-30 03:45:00;285.25e-6
2014-11-30 04:00:00;274.52e-6
2014-11-30 04:15:00;261.51e-6
2014-11-30 04:30:00;252.71e-6
2014-11-30 04:45:00;241.31e-6
2014-11-30 05:00:00;231.12e-6
2014-11-30 05:15:00;227.39e-6
2014-11-30 05:30:00;231.33e-6
2014-11-30 05:45:00;246.82e-6
2014-11-30 06:00:00;278.35e-6
2014-11-30 06:15:00;314.08e-6
2014-11-30 06:30:00;375.47e-6
2014-11-30 06:45:00;389.21e-6
2014-11-30 07:00:00;426.18e-6
2014-11-30 07:15:00;460.16e-6
2014-11-30 07:30:00;519.28e-6
2014-11-30 07:45:00;564.26e-6
2014-11-30 08:00:00;613.46e-6
2014-11-30 08:15:00;660.36e-6
2014-11-30 08:30:00;674.45e-6
2014-11-30 08:45:00;692.18e-6
2014-11-30 09:00:00;701.34e-6
2014-11-30 09:15:00;715.00e-6
2014-11-30 09:30:00;726.02e-6
2014-11-30 09:45:00;737.76e-6
2014-11-30 10:00:00;752.44e-6
2014-11-30 10:15:00;772.14e-6
2014-11-30 10:30:00;792.69e-6
2014-11-30 10:45:00;824.14e-6
2014-11-30 11:00:00;866.41e-6
2014-11-30 11:15:00;929.62e-6
2014-11-30 11:30:00;936.50e-6
2014-11-30 11:45:00;897.80e-6
2014-11-30 12:00:00;819.74e-6
2014-11-30 12:15:00;740.80e-6
2014-11-30 12:30:00;692.77e-6
2014-11-30 12:45:00;669.95e-6
2014-11-30 13:00:00;644.07e-6
2014-11-30 13:15:00;628.16e-6
2014-11-30 13:30:00;618.39e-6
2014-11-30 13:45:00;615.40e-6
2014-11-30 14:00:00;617.89e-6
2014-11-30 14:15:00;620.13e-6
2014-11-30 14:30:00;621.21e-6
2014-11-30 14:45:00;621.62e-6
2014-11-30 15:00:00;620.87e-6
2014-11-30 15:15:00;620.02e-6
2014-11-30 15:30:00;622.39e-6
2014-11-30 15:45:00;627.69e-6
2014-11-30 16:00:00;638.36e-6
2014-11-30 16:15:00;645.11e-6
2014-11-30 16:30:00;671.68e-6
2014-11-30 16:45:00;695.22e-6
2014-11-30 17:00:00;721.70e-6
2014-11-30 17:15:00;741.61e-6
2014-11-30 17:30:00;761.46e-6
2014-11-30 17:45:00;779.11e-6
2014-11-30 18:00:00;796.27e-6
2014-11-30 18:15:00;802.95e-6
2014-11-30 18:30:00;813.96e-6
2014-11-30 18:45:00;808.56e-6
2014-11-30 19:00:00;793.83e-6
2014-11-30 19:15:00;770.08e-6
2014-11-30 19:30:00;730.50e-6
2014-11-30 19:45:00;710.08e-6
2014-11-30 20:00:00;699.08e-6
2014-11-30 20:15:00;677.97e-6
2014-11-30 20:30:00;652.99e-6
2014-11-30 20:45:00;635.65e-6
2014-11-30 21:00:00;611.79e-6
2014-11-30 21:15:00;586.36e-6
2014-11-30 21:30:00;554.74e-6
2014-11-30 21:45:00;518.10e-6
2014-11-30 22:00:00;474.35e-6
2014-11-30 22:15:00;426.28e-6
2014-11-30 22:30:00;380.99e-6
2014-11-30 22:45:00;339.40e-6
2014-11-30 23:00:00;304.03e-6
2014-11-30 23:15:00;269.56e-6
2014-11-30 23:30:00;251.73e-6
2014-11-30 23:45:00;239.65e-6
2014-12-01 00:00:00;216.56e-6
2014-12-01 00:15:00;220.62e-6
2014-12-01 00:30:00;234.26e-6
2014-12-01 00:45:00;250.85e-6
2014-12-01 01:00:00;267.93e-6
2014-12-01 01:15:00;285.90e-6
2014-12-01 01:30:00;301.78e-6
2014-12-01 01:45:00;315.93e-6
2014-12-01 02:00:00;328.12e-6
2014-12-01 02:15:00;333.35e-6
2014-12-01 02:30:00;334.11e-6
2014-12-01 02:45:00;331.89e-6
2014-12-01 03:00:00;322.92e-6
2014-12-01 03:15:00;309.25e-6
2014-12-01 03:30:00;291.12e-6
2014-12-01 03:45:00;271.38e-6
2014-12-01 04:00:00;260.16e-6
2014-12-01 04:15:00;247.83e-6
2014-12-01 04:30:00;244.31e-6
2014-12-01 04:45:00;251.07e-6
2014-12-01 05:00:00;257.37e-6
2014-12-01 05:15:00;274.06e-6
2014-12-01 05:30:00;299.53e-6
2014-12-01 05:45:00;336.10e-6
2014-12-01 06:00:00;387.50e-6
2014-12-01 06:15:00;435.92e-6
2014-12-01 06:30:00;516.61e-6
2014-12-01 06:45:00;521.46e-6
2014-12-01 07:00:00;538.89e-6
2014-12-01 07:15:00;546.01e-6
2014-12-01 07:30:00;548.25e-6
2014-12-01 07:45:00;528.92e-6
2014-12-01 08:00:00;517.36e-6
2014-12-01 08:15:00;499.12e-6
2014-12-01 08:30:00;471.80e-6
2014-12-01 08:45:00;447.16e-6
2014-12-01 09:00:00;424.66e-6
2014-12-01 09:15:00;415.24e-6
2014-12-01 09:30:00;415.37e-6
2014-12-01 09:45:00;417.44e-6
2014-12-01 10:00:00;421.70e-6
2014-12-01 10:15:00;423.63e-6
2014-12-01 10:30:00;427.16e-6
2014-12-01 10:45:00;437.19e-6
2014-12-01 11:00:00;454.64e-6
2014-12-01 11:15:00;477.58e-6
2014-12-01 11:30:00;482.84e-6
2014-12-01 11:45:00;473.92e-6
2014-12-01 12:00:00;450.49e-6
2014-12-01 12:15:00;437.44e-6
2014-12-01 12:30:00;431.10e-6
2014-12-01 12:45:00;432.47e-6
2014-12-01 13:00:00;434.24e-6
2014-12-01 13:15:00;440.26e-6
2014-12-01 13:30:00;448.79e-6
2014-12-01 13:45:00;459.69e-6
2014-12-01 14:00:00;472.06e-6
2014-12-01 14:15:00;480.79e-6
2014-12-01 14:30:00;485.42e-6
2014-12-01 14:45:00;486.83e-6
2014-12-01 15:00:00;485.42e-6
2014-12-01 15:15:00;482.76e-6
2014-12-01 15:30:00;482.68e-6
2014-12-01 15:45:00;485.72e-6
2014-12-01 16:00:00;494.06e-6
2014-12-01 16:15:00;499.52e-6
2014-12-01 16:30:00;522.53e-6
2014-12-01 16:45:00;548.99e-6
2014-12-01 17:00:00;581.48e-6
2014-12-01 17:15:00;607.35e-6
2014-12-01 17:30:00;633.47e-6
2014-12-01 17:45:00;660.17e-6
2014-12-01 18:00:00;682.14e-6
2014-12-01 18:15:00;701.94e-6
2014-12-01 18:30:00;719.25e-6
2014-12-01 18:45:00;728.25e-6
2014-12-01 19:00:00;727.70e-6
2014-12-01 19:15:00;722.74e-6
2014-12-01 19:30:00;725.27e-6
2014-12-01 19:45:00;711.57e-6
2014-12-01 20:00:00;700.95e-6
2014-12-01 20:15:00;681.79e-6
2014-12-01 20:30:00;658.49e-6
2014-12-01 20:45:00;636.06e-6
2014-12-01 21:00:00;615.66e-6
2014-12-01 21:15:00;587.90e-6
2014-12-01 21:30:00;556.29e-6
2014-12-01 21:45:00;518.85e-6
2014-12-01 22:00:00;474.97e-6
2014-12-01 22:15:00;426.61e-6
2014-12-01 22:30:00;380.68e-6
2014-12-01 22:45:00;337.32e-6
2014-12-01 23:00:00;300.43e-6
2014-12-01 23:15:00;261.16e-6
2014-12-01 23:30:00;244.06e-6
2014-12-01 23:45:00;233.66e-6
2014-12-02 00:00:00;217.28e-6
2014-12-02 00:15:00;221.35e-6
2014-12-02 00:30:00;235.04e-6
2014-12-02 00:45:00;251.68e-6
2014-12-02 01:00:00;268.82e-6
2014-12-02 01:15:00;286.85e-6
2014-12-02 01:30:00;302.78e-6
2014-12-02 01:45:00;316.98e-6
2014-12-02 02:00:00;329.20e-6
2014-12-02 02:15:00;334.45e-6
2014-12-02 02:30:00;335.22e-6
2014-12-02 02:45:00;332.99e-6
2014-12-02 03:00:00;323.99e-6
2014-12-02 03:15:00;310.27e-6
2014-12-02 03:30:00;292.08e-6
2014-12-02 03:45:00;272.28e-6
2014-12-02 04:00:00;261.03e-6
2014-12-02 04:15:00;248.65e-6
2014-12-02 04:30:00;245.12e-6
2014-12-02 04:45:00;251.90e-6
2014-12-02 05:00:00;258.22e-6
2014-12-02 05:15:00;274.97e-6
2014-12-02 05:30:00;300.53e-6
2014-12-02 05:45:00;337.21e-6
2014-12-02 06:00:00;388.78e-6
2014-12-02 06:15:00;437.37e-6
2014-12-02 06:30:00;518.32e-6
2014-12-02 06:45:00;523.19e-6
2014-12-02 07:00:00;540.67e-6
2014-12-02 07:15:00;547.81e-6
2014-12-02 07:30:00;550.06e-6
2014-12-02 07:45:00;530.67e-6
2014-12-02 08:00:00;519.08e-6
2014-12-02 08:15:00;500.77e-6
2014-12-02 08:30:00;473.36e-6
2014-12-02 08:45:00;448.64e-6
2014-12-02 09:00:00;426.07e-6
2014-12-02 09:15:00;416.61e-6
2014-12-02 09:30:00;416.75e-6
2014-12-02 09:45:00;418.82e-6
2014-12-02 10:00:00;423.10e-6
2014-12-02 10:15:00;425.03e-6
2014-12-02 10:30:00;428.57e-6
2014-12-02 10:45:00;438.64e-6
2014-12-02 11:00:00;456.15e-6
2014-12-02 11:15:00;479.16e-6
2014-12-02 11:30:00;484.44e-6
2014-12-02 11:45:00;475.49e-6
2014-12-02 12:00:00;451.98e-6
2014-12-02 12:15:00;438.89e-6
2014-12-02 12:30:00;432.52e-6
2014-12-02 12:45:00;433.90e-6
2014-12-02 13:00:00;435.68e-6
2014-12-02 13:15:00;441.72e-6
2014-12-02 13:30:00;450.27e-6
2014-12-02 13:45:00;461.21e-6
2014-12-02 14:00:00;473.62e-6
2014-12-02 14:15:00;482.39e-6
2014-12-02 14:30:00;487.03e-6
2014-12-02 14:45:00;488.44e-6
2014-12-02 15:00:00;487.03e-6
2014-12-02 15:15:00;484.36e-6
2014-12-02 15:30:00;484.28e-6
2014-12-02 15:45:00;487.33e-6
2014-12-02 16:00:00;495.70e-6
2014-12-02 16:15:00;501.17e-6
2014-12-02 16:30:00;524.26e-6
2014-12-02 16:45:00;550.81e-6
2014-12-02 17:00:00;583.40e-6
2014-12-02 17:15:00;609.36e-6
2014-12-02 17:30:00;635.56e-6
2014-12-02 17:45:00;662.35e-6
2014-12-02 18:00:00;684.40e-6
2014-12-02 18:15:00;704.26e-6
2014-12-02 18:30:00;721.63e-6
2014-12-02 18:45:00;730.66e-6
2014-12-02 19:00:00;730.12e-6
2014-12-02 19:15:00;725.14e-6
2014-12-02 19:30:00;727.67e-6
2014-12-02 19:45:00;713.93e-6
2014-12-02 20:00:00;703.27e-6
2014-12-02 20:15:00;684.05e-6
2014-12-02 20:30:00;660.67e-6
2014-12-02 20:45:00;638.16e-6
2014-12-02 21:00:00;617.70e-6
2014-12-02 21:15:00;589.85e-6
2014-12-02 21:30:00;558.13e-6
2014-12-02 21:45:00;520.57e-6
2014-12-02 22:00:00;476.54e-6
2014-12-02 22:15:00;428.02e-6
2014-12-02 22:30:00;381.94e-6
2014-12-02 22:45:00;338.44e-6
2014-12-02 23:00:00;301.43e-6
2014-12-02 23:15:00;262.02e-6
2014-12-02 23:30:00;244.87e-6
2014-12-02 23:45:00;234.43e-6
2014-12-03 00:00:00;217.99e-6
2014-12-03 00:15:00;222.08e-6
2014-12-03 00:30:00;235.81e-6
2014-12-03 00:45:00;252.51e-6
2014-12-03 01:00:00;269.70e-6
2014-12-03 01:15:00;287.79e-6
2014-12-03 01:30:00;303.77e-6
2014-12-03 01:45:00;318.02e-6
2014-12-03 02:00:00;330.28e-6
2014-12-03 02:15:00;335.55e-6
2014-12-03 02:30:00;336.32e-6
2014-12-03 02:45:00;334.08e-6
2014-12-03 03:00:00;325.05e-6
2014-12-03 03:15:00;311.29e-6
2014-12-03 03:30:00;293.04e-6
2014-12-03 03:45:00;273.17e-6
2014-12-03 04:00:00;261.88e-6
2014-12-03 04:15:00;249.47e-6
2014-12-03 04:30:00;245.92e-6
2014-12-03 04:45:00;252.73e-6
2014-12-03 05:00:00;259.07e-6
2014-12-03 05:15:00;275.87e-6
2014-12-03 05:30:00;301.51e-6
2014-12-03 05:45:00;338.32e-6
2014-12-03 06:00:00;390.06e-6
2014-12-03 06:15:00;438.80e-6
2014-12-03 06:30:00;520.02e-6
2014-12-03 06:45:00;524.90e-6
2014-12-03 07:00:00;542.45e-6
2014-12-03 07:15:00;549.61e-6
2014-12-03 07:30:00;551.87e-6
2014-12-03 07:45:00;532.41e-6
2014-12-03 08:00:00;520.78e-6
2014-12-03 08:15:00;502.42e-6
2014-12-03 08:30:00;474.91e-6
2014-12-03 08:45:00;450.11e-6
2014-12-03 09:00:00;427.47e-6
2014-12-03 09:15:00;417.98e-6
2014-12-03 09:30:00;418.11e-6
2014-12-03 09:45:00;420.19e-6
2014-12-03 10:00:00;424.49e-6
2014-12-03 10:15:00;426.43e-6
2014-12-03 10:30:00;429.98e-6
2014-12-03 10:45:00;440.07e-6
2014-12-03 11:00:00;457.65e-6
2014-12-03 11:15:00;480.73e-6
2014-12-03 11:30:00;486.03e-6
2014-12-03 11:45:00;477.05e-6
2014-12-03 12:00:00;453.46e-6
2014-12-03 12:15:00;440.33e-6
2014-12-03 12:30:00;433.94e-6
2014-12-03 12:45:00;435.32e-6
2014-12-03 13:00:00;437.11e-6
2014-12-03 13:15:00;443.16e-6
2014-12-03 13:30:00;451.75e-6
2014-12-03 13:45:00;462.73e-6
2014-12-03 14:00:00;475.18e-6
2014-12-03 14:15:00;483.97e-6
2014-12-03 14:30:00;488.63e-6
2014-12-03 14:45:00;490.04e-6
2014-12-03 15:00:00;488.63e-6
2014-12-03 15:15:00;485.95e-6
2014-12-03 15:30:00;485.87e-6
2014-12-03 15:45:00;488.93e-6
2014-12-03 16:00:00;497.33e-6
2014-12-03 16:15:00;502.82e-6
2014-12-03 16:30:00;525.98e-6
2014-12-03 16:45:00;552.62e-6
2014-12-03 17:00:00;585.32e-6
2014-12-03 17:15:00;611.36e-6
2014-12-03 17:30:00;637.65e-6
2014-12-03 17:45:00;664.53e-6
2014-12-03 18:00:00;686.65e-6
2014-12-03 18:15:00;706.57e-6
2014-12-03 18:30:00;724.00e-6
2014-12-03 18:45:00;733.06e-6
2014-12-03 19:00:00;732.51e-6
2014-12-03 19:15:00;727.52e-6
2014-12-03 19:30:00;730.06e-6
2014-12-03 19:45:00;716.27e-6
2014-12-03 20:00:00;705.58e-6
2014-12-03 20:15:00;686.29e-6
2014-12-03 20:30:00;662.84e-6
2014-12-03 20:45:00;640.26e-6
2014-12-03 21:00:00;619.73e-6
2014-12-03 21:15:00;591.79e-6
2014-12-03 21:30:00;559.96e-6
2014-12-03 21:45:00;522.28e-6
2014-12-03 22:00:00;478.11e-6
2014-12-03 22:15:00;429.43e-6
2014-12-03 22:30:00;383.19e-6
2014-12-03 22:45:00;339.55e-6
2014-12-03 23:00:00;302.42e-6
2014-12-03 23:15:00;262.88e-6
2014-12-03 23:30:00;245.67e-6
2014-12-03 23:45:00;235.20e-6
2014-12-04 00:00:00;218.70e-6
2014-12-04 00:15:00;222.80e-6
2014-12-04 00:30:00;236.57e-6
2014-12-04 00:45:00;253.33e-6
2014-12-04 01:00:00;270.57e-6
2014-12-04 01:15:00;288.73e-6
2014-12-04 01:30:00;304.76e-6
2014-12-04 01:45:00;319.05e-6
2014-12-04 02:00:00;331.35e-6
2014-12-04 02:15:00;336.64e-6
2014-12-04 02:30:00;337.41e-6
2014-12-04 02:45:00;335.16e-6
2014-12-04 03:00:00;326.11e-6
2014-12-04 03:15:00;312.30e-6
2014-12-04 03:30:00;293.99e-6
2014-12-04 03:45:00;274.06e-6
2014-12-04 04:00:00;262.73e-6
2014-12-04 04:15:00;250.28e-6
2014-12-04 04:30:00;246.72e-6
2014-12-04 04:45:00;253.55e-6
2014-12-04 05:00:00;259.91e-6
2014-12-04 05:15:00;276.77e-6
2014-12-04 05:30:00;302.49e-6
2014-12-04 05:45:00;339.42e-6
2014-12-04 06:00:00;391.32e-6
2014-12-04 06:15:00;440.23e-6
2014-12-04 06:30:00;521.71e-6
2014-12-04 06:45:00;526.61e-6
2014-12-04 07:00:00;544.21e-6
2014-12-04 07:15:00;551.40e-6
2014-12-04 07:30:00;553.66e-6
2014-12-04 07:45:00;534.14e-6
2014-12-04 08:00:00;522.47e-6
2014-12-04 08:15:00;504.05e-6
2014-12-04 08:30:00;476.45e-6
2014-12-04 08:45:00;451.57e-6
2014-12-04 09:00:00;428.86e-6
2014-12-04 09:15:00;419.34e-6
2014-12-04 09:30:00;419.47e-6
2014-12-04 09:45:00;421.56e-6
2014-12-04 10:00:00;425.86e-6
2014-12-04 10:15:00;427.81e-6
2014-12-04 10:30:00;431.37e-6
2014-12-04 10:45:00;441.50e-6
2014-12-04 11:00:00;459.13e-6
2014-12-04 11:15:00;482.29e-6
2014-12-04 11:30:00;487.61e-6
2014-12-04 11:45:00;478.60e-6
2014-12-04 12:00:00;454.93e-6
2014-12-04 12:15:00;441.76e-6
2014-12-04 12:30:00;435.35e-6
2014-12-04 12:45:00;436.73e-6
2014-12-04 13:00:00;438.53e-6
2014-12-04 13:15:00;444.60e-6
2014-12-04 13:30:00;453.22e-6
2014-12-04 13:45:00;464.23e-6
2014-12-04 14:00:00;476.72e-6
2014-12-04 14:15:00;485.54e-6
2014-12-04 14:30:00;490.21e-6
2014-12-04 14:45:00;491.63e-6
2014-12-04 15:00:00;490.22e-6
2014-12-04 15:15:00;487.52e-6
2014-12-04 15:30:00;487.44e-6
2014-12-04 15:45:00;490.51e-6
2014-12-04 16:00:00;498.94e-6
2014-12-04 16:15:00;504.45e-6
2014-12-04 16:30:00;527.69e-6
2014-12-04 16:45:00;554.41e-6
2014-12-04 17:00:00;587.22e-6
2014-12-04 17:15:00;613.35e-6
2014-12-04 17:30:00;639.72e-6
2014-12-04 17:45:00;666.68e-6
2014-12-04 18:00:00;688.88e-6
2014-12-04 18:15:00;708.87e-6
2014-12-04 18:30:00;726.35e-6
2014-12-04 18:45:00;735.44e-6
2014-12-04 19:00:00;734.89e-6
2014-12-04 19:15:00;729.88e-6
2014-12-04 19:30:00;732.42e-6
2014-12-04 19:45:00;718.60e-6
2014-12-04 20:00:00;707.87e-6
2014-12-04 20:15:00;688.52e-6
2014-12-04 20:30:00;664.99e-6
2014-12-04 20:45:00;642.33e-6
2014-12-04 21:00:00;621.74e-6
2014-12-04 21:15:00;593.71e-6
2014-12-04 21:30:00;561.78e-6
2014-12-04 21:45:00;523.97e-6
2014-12-04 22:00:00;479.66e-6
2014-12-04 22:15:00;430.82e-6
2014-12-04 22:30:00;384.44e-6
2014-12-04 22:45:00;340.65e-6
2014-12-04 23:00:00;303.40e-6
2014-12-04 23:15:00;263.73e-6
2014-12-04 23:30:00;246.47e-6
2014-12-04 23:45:00;235.96e-6
2014-12-05 00:00:00;219.40e-6
2014-12-05 00:15:00;223.51e-6
2014-12-05 00:30:00;237.33e-6
2014-12-05 00:45:00;254.14e-6
2014-12-05 01:00:00;271.44e-6
2014-12-05 01:15:00;289.65e-6
2014-12-05 01:30:00;305.74e-6
2014-12-05 01:45:00;320.08e-6
2014-12-05 02:00:00;332.42e-6
2014-12-05 02:15:00;337.72e-6
2014-12-05 02:30:00;338.49e-6
2014-12-05 02:45:00;336.24e-6
2014-12-05 03:00:00;327.15e-6
2014-12-05 03:15:00;313.30e-6
2014-12-05 03:30:00;294.93e-6
2014-12-05 03:45:00;274.94e-6
2014-12-05 04:00:00;263.57e-6
2014-12-05 04:15:00;251.08e-6
2014-12-05 04:30:00;247.51e-6
2014-12-05 04:45:00;254.36e-6
2014-12-05 05:00:00;260.74e-6
2014-12-05 05:15:00;277.66e-6
2014-12-05 05:30:00;303.46e-6
2014-12-05 05:45:00;340.51e-6
2014-12-05 06:00:00;392.58e-6
2014-12-05 06:15:00;441.64e-6
2014-12-05 06:30:00;523.38e-6
2014-12-05 06:45:00;528.30e-6
2014-12-05 07:00:00;545.96e-6
2014-12-05 07:15:00;553.17e-6
2014-12-05 07:30:00;555.44e-6
2014-12-05 07:45:00;535.85e-6
2014-12-05 08:00:00;524.15e-6
2014-12-05 08:15:00;505.66e-6
2014-12-05 08:30:00;477.98e-6
2014-12-05 08:45:00;453.02e-6
2014-12-05 09:00:00;430.23e-6
2014-12-05 09:15:00;420.68e-6
2014-12-05 09:30:00;420.82e-6
2014-12-05 09:45:00;422.91e-6
2014-12-05 10:00:00;427.23e-6
2014-12-05 10:15:00;429.19e-6
2014-12-05 10:30:00;432.76e-6
2014-12-05 10:45:00;442.92e-6
2014-12-05 11:00:00;460.61e-6
2014-12-05 11:15:00;483.84e-6
2014-12-05 11:30:00;489.18e-6
2014-12-05 11:45:00;480.14e-6
2014-12-05 12:00:00;456.39e-6
2014-12-05 12:15:00;443.18e-6
2014-12-05 12:30:00;436.75e-6
2014-12-05 12:45:00;438.14e-6
2014-12-05 13:00:00;439.94e-6
2014-12-05 13:15:00;446.03e-6
2014-12-05 13:30:00;454.67e-6
2014-12-05 13:45:00;465.72e-6
2014-12-05 14:00:00;478.25e-6
2014-12-05 14:15:00;487.10e-6
2014-12-05 14:30:00;491.79e-6
2014-12-05 14:45:00;493.21e-6
2014-12-05 15:00:00;491.79e-6
2014-12-05 15:15:00;489.09e-6
2014-12-05 15:30:00;489.01e-6
2014-12-05 15:45:00;492.09e-6
2014-12-05 16:00:00;500.54e-6
2014-12-05 16:15:00;506.07e-6
2014-12-05 16:30:00;529.38e-6
2014-12-05 16:45:00;556.19e-6
2014-12-05 17:00:00;589.10e-6
2014-12-05 17:15:00;615.31e-6
2014-12-05 17:30:00;641.77e-6
2014-12-05 17:45:00;668.82e-6
2014-12-05 18:00:00;691.09e-6
2014-12-05 18:15:00;711.14e-6
2014-12-05 18:30:00;728.68e-6
2014-12-05 18:45:00;737.80e-6
2014-12-05 19:00:00;737.25e-6
2014-12-05 19:15:00;732.22e-6
2014-12-05 19:30:00;734.78e-6
2014-12-05 19:45:00;720.90e-6
2014-12-05 20:00:00;710.14e-6
2014-12-05 20:15:00;690.73e-6
2014-12-05 20:30:00;667.13e-6
2014-12-05 20:45:00;644.40e-6
2014-12-05 21:00:00;623.73e-6
2014-12-05 21:15:00;595.61e-6
2014-12-05 21:30:00;563.58e-6
2014-12-05 21:45:00;525.65e-6
2014-12-05 22:00:00;481.20e-6
2014-12-05 22:15:00;432.20e-6
2014-12-05 22:30:00;385.67e-6
2014-12-05 22:45:00;341.74e-6
2014-12-05 23:00:00;304.37e-6
2014-12-05 23:15:00;264.58e-6
2014-12-05 23:30:00;247.26e-6
2014-12-05 23:45:00;236.72e-6
2014-12-06 00:00:00;262.86e-6
2014-12-06 00:15:00;253.69e-6
2014-12-06 00:30:00;251.52e-6
2014-12-06 00:45:00;254.51e-6
2014-12-06 01:00:00;264.72e-6
2014-12-06 01:15:00;280.55e-6
2014-12-06 01:30:00;296.49e-6
2014-12-06 01:45:00;311.19e-6
2014-12-06 02:00:00;323.42e-6
2014-12-06 02:15:00;331.50e-6
2014-12-06 02:30:00;333.39e-6
2014-12-06 02:45:00;331.53e-6
2014-12-06 03:00:00;323.51e-6
2014-12-06 03:15:00;309.11e-6
2014-12-06 03:30:00;290.00e-6
2014-12-06 03:45:00;271.07e-6
2014-12-06 04:00:00;258.89e-6
2014-12-06 04:15:00;246.99e-6
2014-12-06 04:30:00;238.68e-6
2014-12-06 04:45:00;228.55e-6
2014-12-06 05:00:00;220.18e-6
2014-12-06 05:15:00;219.38e-6
2014-12-06 05:30:00;227.34e-6
2014-12-06 05:45:00;248.06e-6
2014-12-06 06:00:00;286.13e-6
2014-12-06 06:15:00;327.66e-6
2014-12-06 06:30:00;397.76e-6
2014-12-06 06:45:00;412.76e-6
2014-12-06 07:00:00;444.48e-6
2014-12-06 07:15:00;466.98e-6
2014-12-06 07:30:00;503.87e-6
2014-12-06 07:45:00;518.86e-6
2014-12-06 08:00:00;539.37e-6
2014-12-06 08:15:00;554.83e-6
2014-12-06 08:30:00;540.53e-6
2014-12-06 08:45:00;542.50e-6
2014-12-06 09:00:00;545.98e-6
2014-12-06 09:15:00;554.60e-6
2014-12-06 09:30:00;563.14e-6
2014-12-06 09:45:00;571.59e-6
2014-12-06 10:00:00;580.24e-6
2014-12-06 10:15:00;589.01e-6
2014-12-06 10:30:00;600.02e-6
2014-12-06 10:45:00;620.87e-6
2014-12-06 11:00:00;653.16e-6
2014-12-06 11:15:00;707.58e-6
2014-12-06 11:30:00;726.34e-6
2014-12-06 11:45:00;714.77e-6
2014-12-06 12:00:00;667.13e-6
2014-12-06 12:15:00;613.51e-6
2014-12-06 12:30:00;585.98e-6
2014-12-06 12:45:00;575.24e-6
2014-12-06 13:00:00;563.86e-6
2014-12-06 13:15:00;560.79e-6
2014-12-06 13:30:00;563.88e-6
2014-12-06 13:45:00;573.57e-6
2014-12-06 14:00:00;588.71e-6
2014-12-06 14:15:00;603.62e-6
2014-12-06 14:30:00;616.94e-6
2014-12-06 14:45:00;628.47e-6
2014-12-06 15:00:00;637.30e-6
2014-12-06 15:15:00;644.43e-6
2014-12-06 15:30:00;652.89e-6
2014-12-06 15:45:00;662.77e-6
2014-12-06 16:00:00;676.44e-6
2014-12-06 16:15:00;686.62e-6
2014-12-06 16:30:00;713.01e-6
2014-12-06 16:45:00;740.47e-6
2014-12-06 17:00:00;766.61e-6
2014-12-06 17:15:00;785.18e-6
2014-12-06 17:30:00;801.91e-6
2014-12-06 17:45:00;815.12e-6
2014-12-06 18:00:00;825.69e-6
2014-12-06 18:15:00;829.63e-6
2014-12-06 18:30:00;836.90e-6
2014-12-06 18:45:00;823.28e-6
2014-12-06 19:00:00;800.04e-6
2014-12-06 19:15:00;772.18e-6
2014-12-06 19:30:00;737.19e-6
2014-12-06 19:45:00;714.30e-6
2014-12-06 20:00:00;701.42e-6
2014-12-06 20:15:00;681.97e-6
2014-12-06 20:30:00;660.92e-6
2014-12-06 20:45:00;644.81e-6
2014-12-06 21:00:00;627.49e-6
2014-12-06 21:15:00;606.67e-6
2014-12-06 21:30:00;581.39e-6
2014-12-06 21:45:00;551.67e-6
2014-12-06 22:00:00;516.32e-6
2014-12-06 22:15:00;476.77e-6
2014-12-06 22:30:00;439.26e-6
2014-12-06 22:45:00;404.06e-6
2014-12-06 23:00:00;371.80e-6
2014-12-06 23:15:00;342.40e-6
2014-12-06 23:30:00;317.61e-6
2014-12-06 23:45:00;308.19e-6
2014-12-07 00:00:00;290.71e-6
2014-12-07 00:15:00;289.13e-6
2014-12-07 00:30:00;294.07e-6
2014-12-07 00:45:00;305.15e-6
2014-12-07 01:00:00;316.45e-6
2014-12-07 01:15:00;330.87e-6
2014-12-07 01:30:00;341.31e-6
2014-12-07 01:45:00;352.37e-6
2014-12-07 02:00:00;360.50e-6
2014-12-07 02:15:00;364.33e-6
2014-12-07 02:30:00;365.75e-6
2014-12-07 02:45:00;362.40e-6
2014-12-07 03:00:00;351.03e-6
2014-12-07 03:15:00;333.14e-6
2014-12-07 03:30:00;311.24e-6
2014-12-07 03:45:00;291.79e-6
2014-12-07 04:00:00;280.81e-6
2014-12-07 04:15:00;267.51e-6
2014-12-07 04:30:00;258.51e-6
2014-12-07 04:45:00;246.84e-6
2014-12-07 05:00:00;236.42e-6
2014-12-07 05:15:00;232.60e-6
2014-12-07 05:30:00;236.63e-6
2014-12-07 05:45:00;252.48e-6
2014-12-07 06:00:00;284.74e-6
2014-12-07 06:15:00;321.29e-6
2014-12-07 06:30:00;384.08e-6
2014-12-07 06:45:00;398.13e-6
2014-12-07 07:00:00;435.95e-6
2014-12-07 07:15:00;470.71e-6
2014-12-07 07:30:00;531.19e-6
2014-12-07 07:45:00;577.19e-6
2014-12-07 08:00:00;627.52e-6
2014-12-07 08:15:00;675.50e-6
2014-12-07 08:30:00;689.91e-6
2014-12-07 08:45:00;708.05e-6
2014-12-07 09:00:00;717.42e-6
2014-12-07 09:15:00;731.40e-6
2014-12-07 09:30:00;742.67e-6
2014-12-07 09:45:00;754.68e-6
2014-12-07 10:00:00;769.69e-6
2014-12-07 10:15:00;789.84e-6
2014-12-07 10:30:00;810.87e-6
2014-12-07 10:45:00;843.04e-6
2014-12-07 11:00:00;886.28e-6
2014-12-07 11:15:00;950.94e-6
2014-12-07 11:30:00;957.97e-6
2014-12-07 11:45:00;918.39e-6
2014-12-07 12:00:00;838.53e-6
2014-12-07 12:15:00;757.79e-6
2014-12-07 12:30:00;708.65e-6
2014-12-07 12:45:00;685.31e-6
2014-12-07 13:00:00;658.84e-6
2014-12-07 13:15:00;642.56e-6
2014-12-07 13:30:00;632.57e-6
2014-12-07 13:45:00;629.51e-6
2014-12-07 14:00:00;632.06e-6
2014-12-07 14:15:00;634.35e-6
2014-12-07 14:30:00;635.46e-6
2014-12-07 14:45:00;635.87e-6
2014-12-07 15:00:00;635.11e-6
2014-12-07 15:15:00;634.24e-6
2014-12-07 15:30:00;636.66e-6
2014-12-07 15:45:00;642.08e-6
2014-12-07 16:00:00;653.00e-6
2014-12-07 16:15:00;659.90e-6
2014-12-07 16:30:00;687.09e-6
2014-12-07 16:45:00;711.16e-6
2014-12-07 17:00:00;738.25e-6
2014-12-07 17:15:00;758.62e-6
2014-12-07 17:30:00;778.92e-6
2014-12-07 17:45:00;796.98e-6
2014-12-07 18:00:00;814.53e-6
2014-12-07 18:15:00;821.36e-6
2014-12-07 18:30:00;832.62e-6
2014-12-07 18:45:00;827.10e-6
2014-12-07 19:00:00;812.03e-6
2014-12-07 19:15:00;787.74e-6
2014-12-07 19:30:00;747.26e-6
2014-12-07 19:45:00;726.36e-6
2014-12-07 20:00:00;715.11e-6
2014-12-07 20:15:00;693.51e-6
2014-12-07 20:30:00;667.96e-6
2014-12-07 20:45:00;650.22e-6
2014-12-07 21:00:00;625.82e-6
2014-12-07 21:15:00;599.81e-6
2014-12-07 21:30:00;567.46e-6
2014-12-07 21:45:00;529.98e-6
2014-12-07 22:00:00;485.23e-6
2014-12-07 22:15:00;436.06e-6
2014-12-07 22:30:00;389.73e-6
2014-12-07 22:45:00;347.18e-6
2014-12-07 23:00:00;311.00e-6
2014-12-07 23:15:00;275.74e-6
2014-12-07 23:30:00;257.50e-6
2014-12-07 23:45:00;245.15e-6
2014-12-08 00:00:00;221.48e-6
2014-12-08 00:15:00;225.62e-6
2014-12-08 00:30:00;239.57e-6
2014-12-08 00:45:00;256.54e-6
2014-12-08 01:00:00;274.00e-6
2014-12-08 01:15:00;292.39e-6
2014-12-08 01:30:00;308.62e-6
2014-12-08 01:45:00;323.10e-6
2014-12-08 02:00:00;335.56e-6
2014-12-08 02:15:00;340.91e-6
2014-12-08 02:30:00;341.69e-6
2014-12-08 02:45:00;339.41e-6
2014-12-08 03:00:00;330.24e-6
2014-12-08 03:15:00;316.26e-6
2014-12-08 03:30:00;297.72e-6
2014-12-08 03:45:00;277.53e-6
2014-12-08 04:00:00;266.06e-6
2014-12-08 04:15:00;253.45e-6
2014-12-08 04:30:00;249.85e-6
2014-12-08 04:45:00;256.76e-6
2014-12-08 05:00:00;263.20e-6
2014-12-08 05:15:00;280.28e-6
2014-12-08 05:30:00;306.33e-6
2014-12-08 05:45:00;343.72e-6
2014-12-08 06:00:00;396.28e-6
2014-12-08 06:15:00;445.81e-6
2014-12-08 06:30:00;528.32e-6
2014-12-08 06:45:00;533.29e-6
2014-12-08 07:00:00;551.11e-6
2014-12-08 07:15:00;558.39e-6
2014-12-08 07:30:00;560.68e-6
2014-12-08 07:45:00;540.91e-6
2014-12-08 08:00:00;529.10e-6
2014-12-08 08:15:00;510.44e-6
2014-12-08 08:30:00;482.50e-6
2014-12-08 08:45:00;457.30e-6
2014-12-08 09:00:00;434.29e-6
2014-12-08 09:15:00;424.66e-6
2014-12-08 09:30:00;424.79e-6
2014-12-08 09:45:00;426.90e-6
2014-12-08 10:00:00;431.26e-6
2014-12-08 10:15:00;433.24e-6
2014-12-08 10:30:00;436.84e-6
2014-12-08 10:45:00;447.10e-6
2014-12-08 11:00:00;464.95e-6
2014-12-08 11:15:00;488.41e-6
2014-12-08 11:30:00;493.80e-6
2014-12-08 11:45:00;484.67e-6
2014-12-08 12:00:00;460.70e-6
2014-12-08 12:15:00;447.36e-6
2014-12-08 12:30:00;440.87e-6
2014-12-08 12:45:00;442.27e-6
2014-12-08 13:00:00;444.09e-6
2014-12-08 13:15:00;450.24e-6
2014-12-08 13:30:00;458.97e-6
2014-12-08 13:45:00;470.12e-6
2014-12-08 14:00:00;482.76e-6
2014-12-08 14:15:00;491.70e-6
2014-12-08 14:30:00;496.43e-6
2014-12-08 14:45:00;497.87e-6
2014-12-08 15:00:00;496.43e-6
2014-12-08 15:15:00;493.71e-6
2014-12-08 15:30:00;493.63e-6
2014-12-08 15:45:00;496.74e-6
2014-12-08 16:00:00;505.27e-6
2014-12-08 16:15:00;510.85e-6
2014-12-08 16:30:00;534.38e-6
2014-12-08 16:45:00;561.44e-6
2014-12-08 17:00:00;594.66e-6
2014-12-08 17:15:00;621.12e-6
2014-12-08 17:30:00;647.83e-6
2014-12-08 17:45:00;675.14e-6
2014-12-08 18:00:00;697.61e-6
2014-12-08 18:15:00;717.86e-6
2014-12-08 18:30:00;735.56e-6
2014-12-08 18:45:00;744.76e-6
2014-12-08 19:00:00;744.21e-6
2014-12-08 19:15:00;739.13e-6
2014-12-08 19:30:00;741.71e-6
2014-12-08 19:45:00;727.71e-6
2014-12-08 20:00:00;716.85e-6
2014-12-08 20:15:00;697.25e-6
2014-12-08 20:30:00;673.43e-6
2014-12-08 20:45:00;650.48e-6
2014-12-08 21:00:00;629.62e-6
2014-12-08 21:15:00;601.24e-6
2014-12-08 21:30:00;568.90e-6
2014-12-08 21:45:00;530.62e-6
2014-12-08 22:00:00;485.74e-6
2014-12-08 22:15:00;436.28e-6
2014-12-08 22:30:00;389.31e-6
2014-12-08 22:45:00;344.97e-6
2014-12-08 23:00:00;307.25e-6
2014-12-08 23:15:00;267.08e-6
2014-12-08 23:30:00;249.59e-6
2014-12-08 23:45:00;238.96e-6
2014-12-09 00:00:00;222.15e-6
2014-12-09 00:15:00;226.32e-6
2014-12-09 00:30:00;240.31e-6
2014-12-09 00:45:00;257.33e-6
2014-12-09 01:00:00;274.84e-6
2014-12-09 01:15:00;293.28e-6
2014-12-09 01:30:00;309.57e-6
2014-12-09 01:45:00;324.09e-6
2014-12-09 02:00:00;336.58e-6
2014-12-09 02:15:00;341.95e-6
2014-12-09 02:30:00;342.74e-6
2014-12-09 02:45:00;340.45e-6
2014-12-09 03:00:00;331.25e-6
2014-12-09 03:15:00;317.23e-6
2014-12-09 03:30:00;298.63e-6
2014-12-09 03:45:00;278.38e-6
2014-12-09 04:00:00;266.88e-6
2014-12-09 04:15:00;254.23e-6
2014-12-09 04:30:00;250.62e-6
2014-12-09 04:45:00;257.55e-6
2014-12-09 05:00:00;264.01e-6
2014-12-09 05:15:00;281.14e-6
2014-12-09 05:30:00;307.26e-6
2014-12-09 05:45:00;344.78e-6
2014-12-09 06:00:00;397.50e-6
2014-12-09 06:15:00;447.18e-6
2014-12-09 06:30:00;529.94e-6
2014-12-09 06:45:00;534.92e-6
2014-12-09 07:00:00;552.80e-6
2014-12-09 07:15:00;560.10e-6
2014-12-09 07:30:00;562.40e-6
2014-12-09 07:45:00;542.57e-6
2014-12-09 08:00:00;530.72e-6
2014-12-09 08:15:00;512.00e-6
2014-12-09 08:30:00;483.97e-6
2014-12-09 08:45:00;458.70e-6
2014-12-09 09:00:00;435.62e-6
2014-12-09 09:15:00;425.96e-6
2014-12-09 09:30:00;426.09e-6
2014-12-09 09:45:00;428.21e-6
2014-12-09 10:00:00;432.59e-6
2014-12-09 10:15:00;434.56e-6
2014-12-09 10:30:00;438.18e-6
2014-12-09 10:45:00;448.47e-6
2014-12-09 11:00:00;466.38e-6
2014-12-09 11:15:00;489.91e-6
2014-12-09 11:30:00;495.31e-6
2014-12-09 11:45:00;486.15e-6
2014-12-09 12:00:00;462.11e-6
2014-12-09 12:15:00;448.73e-6
2014-12-09 12:30:00;442.22e-6
2014-12-09 12:45:00;443.63e-6
2014-12-09 13:00:00;445.45e-6
2014-12-09 13:15:00;451.62e-6
2014-12-09 13:30:00;460.37e-6
2014-12-09 13:45:00;471.56e-6
2014-12-09 14:00:00;484.24e-6
2014-12-09 14:15:00;493.20e-6
2014-12-09 14:30:00;497.95e-6
2014-12-09 14:45:00;499.39e-6
2014-12-09 15:00:00;497.95e-6
2014-12-09 15:15:00;495.22e-6
2014-12-09 15:30:00;495.14e-6
2014-12-09 15:45:00;498.26e-6
2014-12-09 16:00:00;506.82e-6
2014-12-09 16:15:00;512.41e-6
2014-12-09 16:30:00;536.02e-6
2014-12-09 16:45:00;563.16e-6
2014-12-09 17:00:00;596.49e-6
2014-12-09 17:15:00;623.03e-6
2014-12-09 17:30:00;649.82e-6
2014-12-09 17:45:00;677.20e-6
2014-12-09 18:00:00;699.75e-6
2014-12-09 18:15:00;720.05e-6
2014-12-09 18:30:00;737.81e-6
2014-12-09 18:45:00;747.04e-6
2014-12-09 19:00:00;746.49e-6
2014-12-09 19:15:00;741.40e-6
2014-12-09 19:30:00;743.98e-6
2014-12-09 19:45:00;729.94e-6
2014-12-09 20:00:00;719.04e-6
2014-12-09 20:15:00;699.39e-6
2014-12-09 20:30:00;675.49e-6
2014-12-09 20:45:00;652.47e-6
2014-12-09 21:00:00;631.55e-6
2014-12-09 21:15:00;603.08e-6
2014-12-09 21:30:00;570.64e-6
2014-12-09 21:45:00;532.24e-6
2014-12-09 22:00:00;487.23e-6
2014-12-09 22:15:00;437.62e-6
2014-12-09 22:30:00;390.51e-6
2014-12-09 22:45:00;346.03e-6
2014-12-09 23:00:00;308.19e-6
2014-12-09 23:15:00;267.90e-6
2014-12-09 23:30:00;250.36e-6
2014-12-09 23:45:00;239.69e-6
2014-12-10 00:00:00;222.83e-6
2014-12-10 00:15:00;227.00e-6
2014-12-10 00:30:00;241.03e-6
2014-12-10 00:45:00;258.10e-6
2014-12-10 01:00:00;275.67e-6
2014-12-10 01:15:00;294.17e-6
2014-12-10 01:30:00;310.51e-6
2014-12-10 01:45:00;325.07e-6
2014-12-10 02:00:00;337.60e-6
2014-12-10 02:15:00;342.99e-6
2014-12-10 02:30:00;343.77e-6
2014-12-10 02:45:00;341.48e-6
2014-12-10 03:00:00;332.25e-6
2014-12-10 03:15:00;318.19e-6
2014-12-10 03:30:00;299.53e-6
2014-12-10 03:45:00;279.22e-6
2014-12-10 04:00:00;267.69e-6
2014-12-10 04:15:00;255.00e-6
2014-12-10 04:30:00;251.37e-6
2014-12-10 04:45:00;258.33e-6
2014-12-10 05:00:00;264.81e-6
2014-12-10 05:15:00;281.99e-6
2014-12-10 05:30:00;308.19e-6
2014-12-10 05:45:00;345.82e-6
2014-12-10 06:00:00;398.70e-6
2014-12-10 06:15:00;448.53e-6
2014-12-10 06:30:00;531.54e-6
2014-12-10 06:45:00;536.54e-6
2014-12-10 07:00:00;554.47e-6
2014-12-10 07:15:00;561.79e-6
2014-12-10 07:30:00;564.10e-6
2014-12-10 07:45:00;544.21e-6
2014-12-10 08:00:00;532.32e-6
2014-12-10 08:15:00;513.55e-6
2014-12-10 08:30:00;485.44e-6
2014-12-10 08:45:00;460.09e-6
2014-12-10 09:00:00;436.94e-6
2014-12-10 09:15:00;427.24e-6
2014-12-10 09:30:00;427.38e-6
2014-12-10 09:45:00;429.50e-6
2014-12-10 10:00:00;433.89e-6
2014-12-10 10:15:00;435.88e-6
2014-12-10 10:30:00;439.51e-6
2014-12-10 10:45:00;449.83e-6
2014-12-10 11:00:00;467.79e-6
2014-12-10 11:15:00;491.39e-6
2014-12-10 11:30:00;496.80e-6
2014-12-10 11:45:00;487.62e-6
2014-12-10 12:00:00;463.51e-6
2014-12-10 12:15:00;450.09e-6
2014-12-10 12:30:00;443.56e-6
2014-12-10 12:45:00;444.97e-6
2014-12-10 13:00:00;446.80e-6
2014-12-10 13:15:00;452.99e-6
2014-12-10 13:30:00;461.76e-6
2014-12-10 13:45:00;472.98e-6
2014-12-10 14:00:00;485.71e-6
2014-12-10 14:15:00;494.69e-6
2014-12-10 14:30:00;499.46e-6
2014-12-10 14:45:00;500.90e-6
2014-12-10 15:00:00;499.46e-6
2014-12-10 15:15:00;496.72e-6
2014-12-10 15:30:00;496.63e-6
2014-12-10 15:45:00;499.76e-6
2014-12-10 16:00:00;508.35e-6
2014-12-10 16:15:00;513.96e-6
2014-12-10 16:30:00;537.64e-6
2014-12-10 16:45:00;564.87e-6
2014-12-10 17:00:00;598.29e-6
2014-12-10 17:15:00;624.91e-6
2014-12-10 17:30:00;651.78e-6
2014-12-10 17:45:00;679.25e-6
2014-12-10 18:00:00;701.87e-6
2014-12-10 18:15:00;722.23e-6
2014-12-10 18:30:00;740.04e-6
2014-12-10 18:45:00;749.30e-6
2014-12-10 19:00:00;748.74e-6
2014-12-10 19:15:00;743.64e-6
2014-12-10 19:30:00;746.23e-6
2014-12-10 19:45:00;732.15e-6
2014-12-10 20:00:00;721.22e-6
2014-12-10 20:15:00;701.50e-6
2014-12-10 20:30:00;677.53e-6
2014-12-10 20:45:00;654.44e-6
2014-12-10 21:00:00;633.46e-6
2014-12-10 21:15:00;604.90e-6
2014-12-10 21:30:00;572.37e-6
2014-12-10 21:45:00;533.85e-6
2014-12-10 22:00:00;488.70e-6
2014-12-10 22:15:00;438.94e-6
2014-12-10 22:30:00;391.69e-6
2014-12-10 22:45:00;347.07e-6
2014-12-10 23:00:00;309.12e-6
2014-12-10 23:15:00;268.71e-6
2014-12-10 23:30:00;251.11e-6
2014-12-10 23:45:00;240.41e-6
2014-12-11 00:00:00;223.49e-6
2014-12-11 00:15:00;227.68e-6
2014-12-11 00:30:00;241.75e-6
2014-12-11 00:45:00;258.87e-6
2014-12-11 01:00:00;276.50e-6
2014-12-11 01:15:00;295.05e-6
2014-12-11 01:30:00;311.43e-6
2014-12-11 01:45:00;326.04e-6
2014-12-11 02:00:00;338.61e-6
2014-12-11 02:15:00;344.01e-6
2014-12-11 02:30:00;344.80e-6
2014-12-11 02:45:00;342.50e-6
2014-12-11 03:00:00;333.25e-6
2014-12-11 03:15:00;319.14e-6
2014-12-11 03:30:00;300.43e-6
2014-12-11 03:45:00;280.06e-6
2014-12-11 04:00:00;268.48e-6
2014-12-11 04:15:00;255.76e-6
2014-12-11 04:30:00;252.12e-6
2014-12-11 04:45:00;259.10e-6
2014-12-11 05:00:00;265.60e-6
2014-12-11 05:15:00;282.83e-6
2014-12-11 05:30:00;309.11e-6
2014-12-11 05:45:00;346.85e-6
2014-12-11 06:00:00;399.89e-6
2014-12-11 06:15:00;449.87e-6
2014-12-11 06:30:00;533.13e-6
2014-12-11 06:45:00;538.14e-6
2014-12-11 07:00:00;556.12e-6
2014-12-11 07:15:00;563.47e-6
2014-12-11 07:30:00;565.78e-6
2014-12-11 07:45:00;545.83e-6
2014-12-11 08:00:00;533.91e-6
2014-12-11 08:15:00;515.08e-6
2014-12-11 08:30:00;486.89e-6
2014-12-11 08:45:00;461.46e-6
2014-12-11 09:00:00;438.24e-6
2014-12-11 09:15:00;428.52e-6
2014-12-11 09:30:00;428.65e-6
2014-12-11 09:45:00;430.79e-6
2014-12-11 10:00:00;435.19e-6
2014-12-11 10:15:00;437.18e-6
2014-12-11 10:30:00;440.82e-6
2014-12-11 10:45:00;451.17e-6
2014-12-11 11:00:00;469.18e-6
2014-12-11 11:15:00;492.85e-6
2014-12-11 11:30:00;498.29e-6
2014-12-11 11:45:00;489.08e-6
2014-12-11 12:00:00;464.89e-6
2014-12-11 12:15:00;451.43e-6
2014-12-11 12:30:00;444.88e-6
2014-12-11 12:45:00;446.30e-6
2014-12-11 13:00:00;448.13e-6
2014-12-11 13:15:00;454.34e-6
2014-12-11 13:30:00;463.14e-6
2014-12-11 13:45:00;474.39e-6
2014-12-11 14:00:00;487.16e-6
2014-12-11 14:15:00;496.17e-6
2014-12-11 14:30:00;500.95e-6
2014-12-11 14:45:00;502.40e-6
2014-12-11 15:00:00;500.95e-6
2014-12-11 15:15:00;498.20e-6
2014-12-11 15:30:00;498.12e-6
2014-12-11 15:45:00;501.25e-6
2014-12-11 16:00:00;509.86e-6
2014-12-11 16:15:00;515.49e-6
2014-12-11 16:30:00;539.24e-6
2014-12-11 16:45:00;566.55e-6
2014-12-11 17:00:00;600.07e-6
2014-12-11 17:15:00;626.77e-6
2014-12-11 17:30:00;653.72e-6
2014-12-11 17:45:00;681.28e-6
2014-12-11 18:00:00;703.96e-6
2014-12-11 18:15:00;724.39e-6
2014-12-11 18:30:00;742.25e-6
2014-12-11 18:45:00;751.54e-6
2014-12-11 19:00:00;750.98e-6
2014-12-11 19:15:00;745.86e-6
2014-12-11 19:30:00;748.46e-6
2014-12-11 19:45:00;734.33e-6
2014-12-11 20:00:00;723.37e-6
2014-12-11 20:15:00;703.59e-6
2014-12-11 20:30:00;679.55e-6
2014-12-11 20:45:00;656.40e-6
2014-12-11 21:00:00;635.35e-6
2014-12-11 21:15:00;606.71e-6
2014-12-11 21:30:00;574.08e-6
2014-12-11 21:45:00;535.44e-6
2014-12-11 22:00:00;490.16e-6
2014-12-11 22:15:00;440.25e-6
2014-12-11 22:30:00;392.86e-6
2014-12-11 22:45:00;348.11e-6
2014-12-11 23:00:00;310.04e-6
2014-12-11 23:15:00;269.51e-6
2014-12-11 23:30:00;251.86e-6
2014-12-11 23:45:00;241.13e-6
2014-12-12 00:00:00;224.15e-6
2014-12-12 00:15:00;228.35e-6
2014-12-12 00:30:00;242.46e-6
2014-12-12 00:45:00;259.64e-6
2014-12-12 01:00:00;277.31e-6
2014-12-12 01:15:00;295.92e-6
2014-12-12 01:30:00;312.35e-6
2014-12-12 01:45:00;327.00e-6
2014-12-12 02:00:00;339.61e-6
2014-12-12 02:15:00;345.02e-6
2014-12-12 02:30:00;345.81e-6
2014-12-12 02:45:00;343.51e-6
2014-12-12 03:00:00;334.23e-6
2014-12-12 03:15:00;320.07e-6
2014-12-12 03:30:00;301.31e-6
2014-12-12 03:45:00;280.88e-6
2014-12-12 04:00:00;269.27e-6
2014-12-12 04:15:00;256.51e-6
2014-12-12 04:30:00;252.87e-6
2014-12-12 04:45:00;259.86e-6
2014-12-12 05:00:00;266.38e-6
2014-12-12 05:15:00;283.66e-6
2014-12-12 05:30:00;310.02e-6
2014-12-12 05:45:00;347.87e-6
2014-12-12 06:00:00;401.07e-6
2014-12-12 06:15:00;451.19e-6
2014-12-12 06:30:00;534.70e-6
2014-12-12 06:45:00;539.72e-6
2014-12-12 07:00:00;557.76e-6
2014-12-12 07:15:00;565.13e-6
2014-12-12 07:30:00;567.45e-6
2014-12-12 07:45:00;547.44e-6
2014-12-12 08:00:00;535.48e-6
2014-12-12 08:15:00;516.60e-6
2014-12-12 08:30:00;488.32e-6
2014-12-12 08:45:00;462.82e-6
2014-12-12 09:00:00;439.53e-6
2014-12-12 09:15:00;429.78e-6
2014-12-12 09:30:00;429.92e-6
2014-12-12 09:45:00;432.05e-6
2014-12-12 10:00:00;436.47e-6
2014-12-12 10:15:00;438.46e-6
2014-12-12 10:30:00;442.11e-6
2014-12-12 10:45:00;452.50e-6
2014-12-12 11:00:00;470.56e-6
2014-12-12 11:15:00;494.30e-6
2014-12-12 11:30:00;499.75e-6
2014-12-12 11:45:00;490.52e-6
2014-12-12 12:00:00;466.26e-6
2014-12-12 12:15:00;452.76e-6
2014-12-12 12:30:00;446.19e-6
2014-12-12 12:45:00;447.61e-6
2014-12-12 13:00:00;449.45e-6
2014-12-12 13:15:00;455.67e-6
2014-12-12 13:30:00;464.50e-6
2014-12-12 13:45:00;475.79e-6
2014-12-12 14:00:00;488.59e-6
2014-12-12 14:15:00;497.63e-6
2014-12-12 14:30:00;502.42e-6
2014-12-12 14:45:00;503.88e-6
2014-12-12 15:00:00;502.42e-6
2014-12-12 15:15:00;499.66e-6
2014-12-12 15:30:00;499.58e-6
2014-12-12 15:45:00;502.73e-6
2014-12-12 16:00:00;511.37e-6
2014-12-12 16:15:00;517.01e-6
2014-12-12 16:30:00;540.83e-6
2014-12-12 16:45:00;568.22e-6
2014-12-12 17:00:00;601.84e-6
2014-12-12 17:15:00;628.62e-6
2014-12-12 17:30:00;655.65e-6
2014-12-12 17:45:00;683.28e-6
2014-12-12 18:00:00;706.03e-6
2014-12-12 18:15:00;726.52e-6
2014-12-12 18:30:00;744.43e-6
2014-12-12 18:45:00;753.75e-6
2014-12-12 19:00:00;753.19e-6
2014-12-12 19:15:00;748.05e-6
2014-12-12 19:30:00;750.66e-6
2014-12-12 19:45:00;736.49e-6
2014-12-12 20:00:00;725.50e-6
2014-12-12 20:15:00;705.66e-6
2014-12-12 20:30:00;681.55e-6
2014-12-12 20:45:00;658.33e-6
2014-12-12 21:00:00;637.22e-6
2014-12-12 21:15:00;608.49e-6
2014-12-12 21:30:00;575.77e-6
2014-12-12 21:45:00;537.02e-6
2014-12-12 22:00:00;491.60e-6
2014-12-12 22:15:00;441.55e-6
2014-12-12 22:30:00;394.01e-6
2014-12-12 22:45:00;349.13e-6
2014-12-12 23:00:00;310.95e-6
2014-12-12 23:15:00;270.30e-6
2014-12-12 23:30:00;252.60e-6
2014-12-12 23:45:00;241.84e-6
2014-12-13 00:00:00;268.47e-6
2014-12-13 00:15:00;259.10e-6
2014-12-13 00:30:00;256.89e-6
2014-12-13 00:45:00;259.94e-6
2014-12-13 01:00:00;270.37e-6
2014-12-13 01:15:00;286.54e-6
2014-12-13 01:30:00;302.82e-6
2014-12-13 01:45:00;317.83e-6
2014-12-13 02:00:00;330.32e-6
2014-12-13 02:15:00;338.57e-6
2014-12-13 02:30:00;340.51e-6
2014-12-13 02:45:00;338.61e-6
2014-12-13 03:00:00;330.41e-6
2014-12-13 03:15:00;315.71e-6
2014-12-13 03:30:00;296.18e-6
2014-12-13 03:45:00;276.86e-6
2014-12-13 04:00:00;264.42e-6
2014-12-13 04:15:00;252.26e-6
2014-12-13 04:30:00;243.78e-6
2014-12-13 04:45:00;233.43e-6
2014-12-13 05:00:00;224.88e-6
2014-12-13 05:15:00;224.06e-6
2014-12-13 05:30:00;232.19e-6
2014-12-13 05:45:00;253.36e-6
2014-12-13 06:00:00;292.24e-6
2014-12-13 06:15:00;334.66e-6
2014-12-13 06:30:00;406.24e-6
2014-12-13 06:45:00;421.57e-6
2014-12-13 07:00:00;453.96e-6
2014-12-13 07:15:00;476.95e-6
2014-12-13 07:30:00;514.63e-6
2014-12-13 07:45:00;529.94e-6
2014-12-13 08:00:00;550.88e-6
2014-12-13 08:15:00;566.68e-6
2014-12-13 08:30:00;552.06e-6
2014-12-13 08:45:00;554.08e-6
2014-12-13 09:00:00;557.63e-6
2014-12-13 09:15:00;566.44e-6
2014-12-13 09:30:00;575.16e-6
2014-12-13 09:45:00;583.79e-6
2014-12-13 10:00:00;592.62e-6
2014-12-13 10:15:00;601.58e-6
2014-12-13 10:30:00;612.83e-6
2014-12-13 10:45:00;634.12e-6
2014-12-13 11:00:00;667.11e-6
2014-12-13 11:15:00;722.68e-6
2014-12-13 11:30:00;741.85e-6
2014-12-13 11:45:00;730.02e-6
2014-12-13 12:00:00;681.37e-6
2014-12-13 12:15:00;626.60e-6
2014-12-13 12:30:00;598.49e-6
2014-12-13 12:45:00;587.51e-6
2014-12-13 13:00:00;575.89e-6
2014-12-13 13:15:00;572.76e-6
2014-12-13 13:30:00;575.92e-6
2014-12-13 13:45:00;585.81e-6
2014-12-13 14:00:00;601.28e-6
2014-12-13 14:15:00;616.51e-6
2014-12-13 14:30:00;630.11e-6
2014-12-13 14:45:00;641.89e-6
2014-12-13 15:00:00;650.91e-6
2014-12-13 15:15:00;658.18e-6
2014-12-13 15:30:00;666.83e-6
2014-12-13 15:45:00;676.92e-6
2014-12-13 16:00:00;690.87e-6
2014-12-13 16:15:00;701.27e-6
2014-12-13 16:30:00;728.22e-6
2014-12-13 16:45:00;756.27e-6
2014-12-13 17:00:00;782.97e-6
2014-12-13 17:15:00;801.94e-6
2014-12-13 17:30:00;819.02e-6
2014-12-13 17:45:00;832.52e-6
2014-12-13 18:00:00;843.32e-6
2014-12-13 18:15:00;847.34e-6
2014-12-13 18:30:00;854.77e-6
2014-12-13 18:45:00;840.85e-6
2014-12-13 19:00:00;817.11e-6
2014-12-13 19:15:00;788.66e-6
2014-12-13 19:30:00;752.93e-6
2014-12-13 19:45:00;729.54e-6
2014-12-13 20:00:00;716.39e-6
2014-12-13 20:15:00;696.53e-6
2014-12-13 20:30:00;675.03e-6
2014-12-13 20:45:00;658.57e-6
2014-12-13 21:00:00;640.88e-6
2014-12-13 21:15:00;619.62e-6
2014-12-13 21:30:00;593.80e-6
2014-12-13 21:45:00;563.44e-6
2014-12-13 22:00:00;527.34e-6
2014-12-13 22:15:00;486.94e-6
2014-12-13 22:30:00;448.63e-6
2014-12-13 22:45:00;412.68e-6
2014-12-13 23:00:00;379.73e-6
2014-12-13 23:15:00;349.71e-6
2014-12-13 23:30:00;324.39e-6
2014-12-13 23:45:00;314.77e-6
2014-12-14 00:00:00;296.83e-6
2014-12-14 00:15:00;295.22e-6
2014-12-14 00:30:00;300.26e-6
2014-12-14 00:45:00;311.58e-6
2014-12-14 01:00:00;323.12e-6
2014-12-14 01:15:00;337.83e-6
2014-12-14 01:30:00;348.50e-6
2014-12-14 01:45:00;359.79e-6
2014-12-14 02:00:00;368.09e-6
2014-12-14 02:15:00;372.00e-6
2014-12-14 02:30:00;373.46e-6
2014-12-14 02:45:00;370.03e-6
2014-12-14 03:00:00;358.43e-6
2014-12-14 03:15:00;340.15e-6
2014-12-14 03:30:00;317.79e-6
2014-12-14 03:45:00;297.94e-6
2014-12-14 04:00:00;286.73e-6
2014-12-14 04:15:00;273.14e-6
2014-12-14 04:30:00;263.95e-6
2014-12-14 04:45:00;252.04e-6
2014-12-14 05:00:00;241.40e-6
2014-12-14 05:15:00;237.50e-6
2014-12-14 05:30:00;241.61e-6
2014-12-14 05:45:00;257.80e-6
2014-12-14 06:00:00;290.73e-6
2014-12-14 06:15:00;328.05e-6
2014-12-14 06:30:00;392.17e-6
2014-12-14 06:45:00;406.52e-6
2014-12-14 07:00:00;445.13e-6
2014-12-14 07:15:00;480.63e-6
2014-12-14 07:30:00;542.38e-6
2014-12-14 07:45:00;589.35e-6
2014-12-14 08:00:00;640.74e-6
2014-12-14 08:15:00;689.73e-6
2014-12-14 08:30:00;704.44e-6
2014-12-14 08:45:00;722.96e-6
2014-12-14 09:00:00;732.53e-6
2014-12-14 09:15:00;746.80e-6
2014-12-14 09:30:00;758.31e-6
2014-12-14 09:45:00;770.58e-6
2014-12-14 10:00:00;785.90e-6
2014-12-14 10:15:00;806.48e-6
2014-12-14 10:30:00;827.95e-6
2014-12-14 10:45:00;860.79e-6
2014-12-14 11:00:00;904.94e-6
2014-12-14 11:15:00;970.97e-6
2014-12-14 11:30:00;978.14e-6
2014-12-14 11:45:00;937.73e-6
2014-12-14 12:00:00;856.19e-6
2014-12-14 12:15:00;773.74e-6
2014-12-14 12:30:00;723.57e-6
2014-12-14 12:45:00;699.74e-6
2014-12-14 13:00:00;672.71e-6
2014-12-14 13:15:00;656.09e-6
2014-12-14 13:30:00;645.89e-6
2014-12-14 13:45:00;642.77e-6
2014-12-14 14:00:00;645.37e-6
2014-12-14 14:15:00;647.71e-6
2014-12-14 14:30:00;648.84e-6
2014-12-14 14:45:00;649.26e-6
2014-12-14 15:00:00;648.49e-6
2014-12-14 15:15:00;647.60e-6
2014-12-14 15:30:00;650.06e-6
2014-12-14 15:45:00;655.61e-6
2014-12-14 16:00:00;666.75e-6
2014-12-14 16:15:00;673.80e-6
2014-12-14 16:30:00;701.56e-6
2014-12-14 16:45:00;726.14e-6
2014-12-14 17:00:00;753.80e-6
2014-12-14 17:15:00;774.60e-6
2014-12-14 17:30:00;795.32e-6
2014-12-14 17:45:00;813.76e-6
2014-12-14 18:00:00;831.68e-6
2014-12-14 18:15:00;838.66e-6
2014-12-14 18:30:00;850.16e-6
2014-12-14 18:45:00;844.52e-6
2014-12-14 19:00:00;829.13e-6
2014-12-14 19:15:00;804.32e-6
2014-12-14 19:30:00;762.99e-6
2014-12-14 19:45:00;741.66e-6
2014-12-14 20:00:00;730.17e-6
2014-12-14 20:15:00;708.12e-6
2014-12-14 20:30:00;682.03e-6
2014-12-14 20:45:00;663.91e-6
2014-12-14 21:00:00;638.99e-6
2014-12-14 21:15:00;612.44e-6
2014-12-14 21:30:00;579.41e-6
2014-12-14 21:45:00;541.14e-6
2014-12-14 22:00:00;495.45e-6
2014-12-14 22:15:00;445.24e-6
2014-12-14 22:30:00;397.94e-6
2014-12-14 22:45:00;354.49e-6
2014-12-14 23:00:00;317.55e-6
2014-12-14 23:15:00;281.55e-6
2014-12-14 23:30:00;262.92e-6
2014-12-14 23:45:00;250.31e-6
2014-12-15 00:00:00;226.08e-6
2014-12-15 00:15:00;230.31e-6
2014-12-15 00:30:00;244.55e-6
2014-12-15 00:45:00;261.87e-6
2014-12-15 01:00:00;279.70e-6
2014-12-15 01:15:00;298.46e-6
2014-12-15 01:30:00;315.03e-6
2014-12-15 01:45:00;329.81e-6
2014-12-15 02:00:00;342.53e-6
2014-12-15 02:15:00;347.99e-6
2014-12-15 02:30:00;348.79e-6
2014-12-15 02:45:00;346.46e-6
2014-12-15 03:00:00;337.10e-6
2014-12-15 03:15:00;322.83e-6
2014-12-15 03:30:00;303.90e-6
2014-12-15 03:45:00;283.30e-6
2014-12-15 04:00:00;271.59e-6
2014-12-15 04:15:00;258.72e-6
2014-12-15 04:30:00;255.04e-6
2014-12-15 04:45:00;262.10e-6
2014-12-15 05:00:00;268.67e-6
2014-12-15 05:15:00;286.10e-6
2014-12-15 05:30:00;312.69e-6
2014-12-15 05:45:00;350.86e-6
2014-12-15 06:00:00;404.52e-6
2014-12-15 06:15:00;455.07e-6
2014-12-15 06:30:00;539.30e-6
2014-12-15 06:45:00;544.36e-6
2014-12-15 07:00:00;562.56e-6
2014-12-15 07:15:00;569.99e-6
2014-12-15 07:30:00;572.33e-6
2014-12-15 07:45:00;552.15e-6
2014-12-15 08:00:00;540.09e-6
2014-12-15 08:15:00;521.04e-6
2014-12-15 08:30:00;492.52e-6
2014-12-15 08:45:00;466.80e-6
2014-12-15 09:00:00;443.31e-6
2014-12-15 09:15:00;433.48e-6
2014-12-15 09:30:00;433.61e-6
2014-12-15 09:45:00;435.77e-6
2014-12-15 10:00:00;440.22e-6
2014-12-15 10:15:00;442.24e-6
2014-12-15 10:30:00;445.92e-6
2014-12-15 10:45:00;456.39e-6
2014-12-15 11:00:00;474.61e-6
2014-12-15 11:15:00;498.56e-6
2014-12-15 11:30:00;504.05e-6
2014-12-15 11:45:00;494.74e-6
2014-12-15 12:00:00;470.27e-6
2014-12-15 12:15:00;456.65e-6
2014-12-15 12:30:00;450.03e-6
2014-12-15 12:45:00;451.46e-6
2014-12-15 13:00:00;453.31e-6
2014-12-15 13:15:00;459.59e-6
2014-12-15 13:30:00;468.50e-6
2014-12-15 13:45:00;479.88e-6
2014-12-15 14:00:00;492.79e-6
2014-12-15 14:15:00;501.91e-6
2014-12-15 14:30:00;506.74e-6
2014-12-15 14:45:00;508.21e-6
2014-12-15 15:00:00;506.75e-6
2014-12-15 15:15:00;503.96e-6
2014-12-15 15:30:00;503.88e-6
2014-12-15 15:45:00;507.05e-6
2014-12-15 16:00:00;515.76e-6
2014-12-15 16:15:00;521.46e-6
2014-12-15 16:30:00;545.48e-6
2014-12-15 16:45:00;573.11e-6
2014-12-15 17:00:00;607.02e-6
2014-12-15 17:15:00;634.03e-6
2014-12-15 17:30:00;661.29e-6
2014-12-15 17:45:00;689.16e-6
2014-12-15 18:00:00;712.10e-6
2014-12-15 18:15:00;732.77e-6
2014-12-15 18:30:00;750.84e-6
2014-12-15 18:45:00;760.23e-6
2014-12-15 19:00:00;759.67e-6
2014-12-15 19:15:00;754.49e-6
2014-12-15 19:30:00;757.12e-6
2014-12-15 19:45:00;742.83e-6
2014-12-15 20:00:00;731.74e-6
2014-12-15 20:15:00;711.73e-6
2014-12-15 20:30:00;687.41e-6
2014-12-15 20:45:00;663.99e-6
2014-12-15 21:00:00;642.70e-6
2014-12-15 21:15:00;613.72e-6
2014-12-15 21:30:00;580.72e-6
2014-12-15 21:45:00;541.64e-6
2014-12-15 22:00:00;495.83e-6
2014-12-15 22:15:00;445.35e-6
2014-12-15 22:30:00;397.40e-6
2014-12-15 22:45:00;352.13e-6
2014-12-15 23:00:00;313.63e-6
2014-12-15 23:15:00;272.63e-6
2014-12-15 23:30:00;254.78e-6
2014-12-15 23:45:00;243.92e-6
2014-12-16 00:00:00;226.70e-6
2014-12-16 00:15:00;230.95e-6
2014-12-16 00:30:00;245.23e-6
2014-12-16 00:45:00;262.60e-6
2014-12-16 01:00:00;280.47e-6
2014-12-16 01:15:00;299.29e-6
2014-12-16 01:30:00;315.91e-6
2014-12-16 01:45:00;330.72e-6
2014-12-16 02:00:00;343.48e-6
2014-12-16 02:15:00;348.95e-6
2014-12-16 02:30:00;349.75e-6
2014-12-16 02:45:00;347.42e-6
2014-12-16 03:00:00;338.04e-6
2014-12-16 03:15:00;323.72e-6
2014-12-16 03:30:00;304.75e-6
2014-12-16 03:45:00;284.08e-6
2014-12-16 04:00:00;272.34e-6
2014-12-16 04:15:00;259.43e-6
2014-12-16 04:30:00;255.75e-6
2014-12-16 04:45:00;262.82e-6
2014-12-16 05:00:00;269.42e-6
2014-12-16 05:15:00;286.89e-6
2014-12-16 05:30:00;313.56e-6
2014-12-16 05:45:00;351.84e-6
2014-12-16 06:00:00;405.64e-6
2014-12-16 06:15:00;456.33e-6
2014-12-16 06:30:00;540.79e-6
2014-12-16 06:45:00;545.87e-6
2014-12-16 07:00:00;564.12e-6
2014-12-16 07:15:00;571.57e-6
2014-12-16 07:30:00;573.91e-6
2014-12-16 07:45:00;553.68e-6
2014-12-16 08:00:00;541.58e-6
2014-12-16 08:15:00;522.49e-6
2014-12-16 08:30:00;493.88e-6
2014-12-16 08:45:00;468.09e-6
2014-12-16 09:00:00;444.54e-6
2014-12-16 09:15:00;434.68e-6
2014-12-16 09:30:00;434.82e-6
2014-12-16 09:45:00;436.98e-6
2014-12-16 10:00:00;441.44e-6
2014-12-16 10:15:00;443.46e-6
2014-12-16 10:30:00;447.15e-6
2014-12-16 10:45:00;457.65e-6
2014-12-16 11:00:00;475.93e-6
2014-12-16 11:15:00;499.94e-6
2014-12-16 11:30:00;505.45e-6
2014-12-16 11:45:00;496.11e-6
2014-12-16 12:00:00;471.58e-6
2014-12-16 12:15:00;457.92e-6
2014-12-16 12:30:00;451.28e-6
2014-12-16 12:45:00;452.71e-6
2014-12-16 13:00:00;454.57e-6
2014-12-16 13:15:00;460.87e-6
2014-12-16 13:30:00;469.80e-6
2014-12-16 13:45:00;481.21e-6
2014-12-16 14:00:00;494.16e-6
2014-12-16 14:15:00;503.30e-6
2014-12-16 14:30:00;508.15e-6
2014-12-16 14:45:00;509.62e-6
2014-12-16 15:00:00;508.15e-6
2014-12-16 15:15:00;505.36e-6
2014-12-16 15:30:00;505.28e-6
2014-12-16 15:45:00;508.46e-6
2014-12-16 16:00:00;517.19e-6
2014-12-16 16:15:00;522.90e-6
2014-12-16 16:30:00;546.99e-6
2014-12-16 16:45:00;574.69e-6
2014-12-16 17:00:00;608.70e-6
2014-12-16 17:15:00;635.78e-6
2014-12-16 17:30:00;663.12e-6
2014-12-16 17:45:00;691.07e-6
2014-12-16 18:00:00;714.08e-6
2014-12-16 18:15:00;734.80e-6
2014-12-16 18:30:00;752.92e-6
2014-12-16 18:45:00;762.34e-6
2014-12-16 19:00:00;761.77e-6
2014-12-16 19:15:00;756.58e-6
2014-12-16 19:30:00;759.22e-6
2014-12-16 19:45:00;744.89e-6
2014-12-16 20:00:00;733.77e-6
2014-12-16 20:15:00;713.71e-6
2014-12-16 20:30:00;689.32e-6
2014-12-16 20:45:00;665.83e-6
2014-12-16 21:00:00;644.48e-6
2014-12-16 21:15:00;615.43e-6
2014-12-16 21:30:00;582.33e-6
2014-12-16 21:45:00;543.14e-6
2014-12-16 22:00:00;497.21e-6
2014-12-16 22:15:00;446.58e-6
2014-12-16 22:30:00;398.50e-6
2014-12-16 22:45:00;353.11e-6
2014-12-16 23:00:00;314.50e-6
2014-12-16 23:15:00;273.38e-6
2014-12-16 23:30:00;255.48e-6
2014-12-16 23:45:00;244.60e-6
2014-12-17 00:00:00;227.32e-6
2014-12-17 00:15:00;231.58e-6
2014-12-17 00:30:00;245.90e-6
2014-12-17 00:45:00;263.31e-6
2014-12-17 01:00:00;281.24e-6
2014-12-17 01:15:00;300.11e-6
2014-12-17 01:30:00;316.77e-6
2014-12-17 01:45:00;331.62e-6
2014-12-17 02:00:00;344.41e-6
2014-12-17 02:15:00;349.91e-6
2014-12-17 02:30:00;350.71e-6
2014-12-17 02:45:00;348.37e-6
2014-12-17 03:00:00;338.96e-6
2014-12-17 03:15:00;324.61e-6
2014-12-17 03:30:00;305.58e-6
2014-12-17 03:45:00;284.86e-6
2014-12-17 04:00:00;273.09e-6
2014-12-17 04:15:00;260.14e-6
2014-12-17 04:30:00;256.45e-6
2014-12-17 04:45:00;263.54e-6
2014-12-17 05:00:00;270.15e-6
2014-12-17 05:15:00;287.67e-6
2014-12-17 05:30:00;314.41e-6
2014-12-17 05:45:00;352.80e-6
2014-12-17 06:00:00;406.74e-6
2014-12-17 06:15:00;457.58e-6
2014-12-17 06:30:00;542.27e-6
2014-12-17 06:45:00;547.36e-6
2014-12-17 07:00:00;565.66e-6
2014-12-17 07:15:00;573.13e-6
2014-12-17 07:30:00;575.48e-6
2014-12-17 07:45:00;555.19e-6
2014-12-17 08:00:00;543.06e-6
2014-12-17 08:15:00;523.91e-6
2014-12-17 08:30:00;495.23e-6
2014-12-17 08:45:00;469.37e-6
2014-12-17 09:00:00;445.76e-6
2014-12-17 09:15:00;435.86e-6
2014-12-17 09:30:00;436.00e-6
2014-12-17 09:45:00;438.17e-6
2014-12-17 10:00:00;442.65e-6
2014-12-17 10:15:00;444.67e-6
2014-12-17 10:30:00;448.37e-6
2014-12-17 10:45:00;458.90e-6
2014-12-17 11:00:00;477.23e-6
2014-12-17 11:15:00;501.30e-6
2014-12-17 11:30:00;506.83e-6
2014-12-17 11:45:00;497.46e-6
2014-12-17 12:00:00;472.86e-6
2014-12-17 12:15:00;459.17e-6
2014-12-17 12:30:00;452.51e-6
2014-12-17 12:45:00;453.95e-6
2014-12-17 13:00:00;455.81e-6
2014-12-17 13:15:00;462.12e-6
2014-12-17 13:30:00;471.08e-6
2014-12-17 13:45:00;482.52e-6
2014-12-17 14:00:00;495.51e-6
2014-12-17 14:15:00;504.68e-6
2014-12-17 14:30:00;509.53e-6
2014-12-17 14:45:00;511.01e-6
2014-12-17 15:00:00;509.54e-6
2014-12-17 15:15:00;506.74e-6
2014-12-17 15:30:00;506.65e-6
2014-12-17 15:45:00;509.85e-6
2014-12-17 16:00:00;518.60e-6
2014-12-17 16:15:00;524.33e-6
2014-12-17 16:30:00;548.48e-6
2014-12-17 16:45:00;576.26e-6
2014-12-17 17:00:00;610.36e-6
2014-12-17 17:15:00;637.52e-6
2014-12-17 17:30:00;664.93e-6
2014-12-17 17:45:00;692.96e-6
2014-12-17 18:00:00;716.03e-6
2014-12-17 18:15:00;736.80e-6
2014-12-17 18:30:00;754.97e-6
2014-12-17 18:45:00;764.42e-6
2014-12-17 19:00:00;763.85e-6
2014-12-17 19:15:00;758.64e-6
2014-12-17 19:30:00;761.29e-6
2014-12-17 19:45:00;746.92e-6
2014-12-17 20:00:00;735.77e-6
2014-12-17 20:15:00;715.65e-6
2014-12-17 20:30:00;691.20e-6
2014-12-17 20:45:00;667.65e-6
2014-12-17 21:00:00;646.24e-6
2014-12-17 21:15:00;617.11e-6
2014-12-17 21:30:00;583.92e-6
2014-12-17 21:45:00;544.62e-6
2014-12-17 22:00:00;498.56e-6
2014-12-17 22:15:00;447.80e-6
2014-12-17 22:30:00;399.59e-6
2014-12-17 22:45:00;354.07e-6
2014-12-17 23:00:00;315.36e-6
2014-12-17 23:15:00;274.13e-6
2014-12-17 23:30:00;256.18e-6
2014-12-17 23:45:00;245.26e-6
2014-12-18 00:00:00;227.93e-6
2014-12-18 00:15:00;232.20e-6
2014-12-18 00:30:00;246.56e-6
2014-12-18 00:45:00;264.02e-6
2014-12-18 01:00:00;281.99e-6
2014-12-18 01:15:00;300.91e-6
2014-12-18 01:30:00;317.62e-6
2014-12-18 01:45:00;332.51e-6
2014-12-18 02:00:00;345.34e-6
2014-12-18 02:15:00;350.84e-6
2014-12-18 02:30:00;351.65e-6
2014-12-18 02:45:00;349.31e-6
2014-12-18 03:00:00;339.87e-6
2014-12-18 03:15:00;325.48e-6
2014-12-18 03:30:00;306.40e-6
2014-12-18 03:45:00;285.62e-6
2014-12-18 04:00:00;273.82e-6
2014-12-18 04:15:00;260.84e-6
2014-12-18 04:30:00;257.13e-6
2014-12-18 04:45:00;264.25e-6
2014-12-18 05:00:00;270.88e-6
2014-12-18 05:15:00;288.45e-6
2014-12-18 05:30:00;315.26e-6
2014-12-18 05:45:00;353.74e-6
2014-12-18 06:00:00;407.84e-6
2014-12-18 06:15:00;458.80e-6
2014-12-18 06:30:00;543.72e-6
2014-12-18 06:45:00;548.83e-6
2014-12-18 07:00:00;567.17e-6
2014-12-18 07:15:00;574.66e-6
2014-12-18 07:30:00;577.02e-6
2014-12-18 07:45:00;556.68e-6
2014-12-18 08:00:00;544.52e-6
2014-12-18 08:15:00;525.32e-6
2014-12-18 08:30:00;496.56e-6
2014-12-18 08:45:00;470.63e-6
2014-12-18 09:00:00;446.95e-6
2014-12-18 09:15:00;437.03e-6
2014-12-18 09:30:00;437.17e-6
2014-12-18 09:45:00;439.35e-6
2014-12-18 10:00:00;443.83e-6
2014-12-18 10:15:00;445.87e-6
2014-12-18 10:30:00;449.58e-6
2014-12-18 10:45:00;460.13e-6
2014-12-18 11:00:00;478.51e-6
2014-12-18 11:15:00;502.65e-6
2014-12-18 11:30:00;508.19e-6
2014-12-18 11:45:00;498.80e-6
2014-12-18 12:00:00;474.13e-6
2014-12-18 12:15:00;460.40e-6
2014-12-18 12:30:00;453.72e-6
2014-12-18 12:45:00;455.16e-6
2014-12-18 13:00:00;457.03e-6
2014-12-18 13:15:00;463.36e-6
2014-12-18 13:30:00;472.34e-6
2014-12-18 13:45:00;483.82e-6
2014-12-18 14:00:00;496.84e-6
2014-12-18 14:15:00;506.03e-6
2014-12-18 14:30:00;510.90e-6
2014-12-18 14:45:00;512.38e-6
2014-12-18 15:00:00;510.90e-6
2014-12-18 15:15:00;508.10e-6
2014-12-18 15:30:00;508.01e-6
2014-12-18 15:45:00;511.21e-6
2014-12-18 16:00:00;520.00e-6
2014-12-18 16:15:00;525.74e-6
2014-12-18 16:30:00;549.96e-6
2014-12-18 16:45:00;577.81e-6
2014-12-18 17:00:00;612.00e-6
2014-12-18 17:15:00;639.23e-6
2014-12-18 17:30:00;666.71e-6
2014-12-18 17:45:00;694.82e-6
2014-12-18 18:00:00;717.95e-6
2014-12-18 18:15:00;738.78e-6
2014-12-18 18:30:00;757.00e-6
2014-12-18 18:45:00;766.47e-6
2014-12-18 19:00:00;765.90e-6
2014-12-18 19:15:00;760.68e-6
2014-12-18 19:30:00;763.33e-6
2014-12-18 19:45:00;748.92e-6
2014-12-18 20:00:00;737.74e-6
2014-12-18 20:15:00;717.57e-6
2014-12-18 20:30:00;693.06e-6
2014-12-18 20:45:00;669.44e-6
2014-12-18 21:00:00;647.98e-6
2014-12-18 21:15:00;618.76e-6
2014-12-18 21:30:00;585.48e-6
2014-12-18 21:45:00;546.08e-6
2014-12-18 22:00:00;499.90e-6
2014-12-18 22:15:00;449.00e-6
2014-12-18 22:30:00;400.66e-6
2014-12-18 22:45:00;355.02e-6
2014-12-18 23:00:00;316.20e-6
2014-12-18 23:15:00;274.86e-6
2014-12-18 23:30:00;256.87e-6
2014-12-18 23:45:00;245.92e-6
2014-12-19 00:00:00;228.53e-6
2014-12-19 00:15:00;232.81e-6
2014-12-19 00:30:00;247.21e-6
2014-12-19 00:45:00;264.71e-6
2014-12-19 01:00:00;282.73e-6
2014-12-19 01:15:00;301.70e-6
2014-12-19 01:30:00;318.46e-6
2014-12-19 01:45:00;333.39e-6
2014-12-19 02:00:00;346.25e-6
2014-12-19 02:15:00;351.77e-6
2014-12-19 02:30:00;352.58e-6
2014-12-19 02:45:00;350.23e-6
2014-12-19 03:00:00;340.76e-6
2014-12-19 03:15:00;326.34e-6
2014-12-19 03:30:00;307.20e-6
2014-12-19 03:45:00;286.38e-6
2014-12-19 04:00:00;274.54e-6
2014-12-19 04:15:00;261.53e-6
2014-12-19 04:30:00;257.81e-6
2014-12-19 04:45:00;264.94e-6
2014-12-19 05:00:00;271.59e-6
2014-12-19 05:15:00;289.21e-6
2014-12-19 05:30:00;316.09e-6
2014-12-19 05:45:00;354.67e-6
2014-12-19 06:00:00;408.91e-6
2014-12-19 06:15:00;460.01e-6
2014-12-19 06:30:00;545.16e-6
2014-12-19 06:45:00;550.28e-6
2014-12-19 07:00:00;568.67e-6
2014-12-19 07:15:00;576.18e-6
2014-12-19 07:30:00;578.54e-6
2014-12-19 07:45:00;558.15e-6
2014-12-19 08:00:00;545.95e-6
2014-12-19 08:15:00;526.70e-6
2014-12-19 08:30:00;497.87e-6
2014-12-19 08:45:00;471.87e-6
2014-12-19 09:00:00;448.13e-6
2014-12-19 09:15:00;438.19e-6
2014-12-19 09:30:00;438.32e-6
2014-12-19 09:45:00;440.50e-6
2014-12-19 10:00:00;445.01e-6
2014-12-19 10:15:00;447.04e-6
2014-12-19 10:30:00;450.76e-6
2014-12-19 10:45:00;461.35e-6
2014-12-19 11:00:00;479.77e-6
2014-12-19 11:15:00;503.97e-6
2014-12-19 11:30:00;509.53e-6
2014-12-19 11:45:00;500.11e-6
2014-12-19 12:00:00;475.38e-6
2014-12-19 12:15:00;461.61e-6
2014-12-19 12:30:00;454.92e-6
2014-12-19 12:45:00;456.36e-6
2014-12-19 13:00:00;458.24e-6
2014-12-19 13:15:00;464.59e-6
2014-12-19 13:30:00;473.59e-6
2014-12-19 13:45:00;485.09e-6
2014-12-19 14:00:00;498.15e-6
2014-12-19 14:15:00;507.36e-6
2014-12-19 14:30:00;512.25e-6
2014-12-19 14:45:00;513.73e-6
2014-12-19 15:00:00;512.25e-6
2014-12-19 15:15:00;509.44e-6
2014-12-19 15:30:00;509.35e-6
2014-12-19 15:45:00;512.56e-6
2014-12-19 16:00:00;521.37e-6
2014-12-19 16:15:00;527.12e-6
2014-12-19 16:30:00;551.41e-6
2014-12-19 16:45:00;579.33e-6
2014-12-19 17:00:00;613.61e-6
2014-12-19 17:15:00;640.91e-6
2014-12-19 17:30:00;668.47e-6
2014-12-19 17:45:00;696.65e-6
2014-12-19 18:00:00;719.84e-6
2014-12-19 18:15:00;740.73e-6
2014-12-19 18:30:00;758.99e-6
2014-12-19 18:45:00;768.49e-6
2014-12-19 19:00:00;767.92e-6
2014-12-19 19:15:00;762.68e-6
2014-12-19 19:30:00;765.35e-6
2014-12-19 19:45:00;750.90e-6
2014-12-19 20:00:00;739.69e-6
2014-12-19 20:15:00;719.47e-6
2014-12-19 20:30:00;694.88e-6
2014-12-19 20:45:00;671.21e-6
2014-12-19 21:00:00;649.68e-6
2014-12-19 21:15:00;620.39e-6
2014-12-19 21:30:00;587.03e-6
2014-12-19 21:45:00;547.52e-6
2014-12-19 22:00:00;501.22e-6
2014-12-19 22:15:00;450.18e-6
2014-12-19 22:30:00;401.72e-6
2014-12-19 22:45:00;355.96e-6
2014-12-19 23:00:00;317.04e-6
2014-12-19 23:15:00;275.59e-6
2014-12-19 23:30:00;257.55e-6
2014-12-19 23:45:00;246.57e-6
2014-12-20 00:00:00;273.64e-6
2014-12-20 00:15:00;264.09e-6
2014-12-20 00:30:00;261.83e-6
2014-12-20 00:45:00;264.94e-6
2014-12-20 01:00:00;275.57e-6
2014-12-20 01:15:00;292.05e-6
2014-12-20 01:30:00;308.65e-6
2014-12-20 01:45:00;323.95e-6
2014-12-20 02:00:00;336.68e-6
2014-12-20 02:15:00;345.09e-6
2014-12-20 02:30:00;347.06e-6
2014-12-20 02:45:00;345.12e-6
2014-12-20 03:00:00;336.77e-6
2014-12-20 03:15:00;321.78e-6
2014-12-20 03:30:00;301.88e-6
2014-12-20 03:45:00;282.19e-6
2014-12-20 04:00:00;269.51e-6
2014-12-20 04:15:00;257.12e-6
2014-12-20 04:30:00;248.47e-6
2014-12-20 04:45:00;237.92e-6
2014-12-20 05:00:00;229.20e-6
2014-12-20 05:15:00;228.37e-6
2014-12-20 05:30:00;236.66e-6
2014-12-20 05:45:00;258.23e-6
2014-12-20 06:00:00;297.86e-6
2014-12-20 06:15:00;341.10e-6
2014-12-20 06:30:00;414.06e-6
2014-12-20 06:45:00;429.68e-6
2014-12-20 07:00:00;462.70e-6
2014-12-20 07:15:00;486.13e-6
2014-12-20 07:30:00;524.53e-6
2014-12-20 07:45:00;540.13e-6
2014-12-20 08:00:00;561.48e-6
2014-12-20 08:15:00;577.58e-6
2014-12-20 08:30:00;562.69e-6
2014-12-20 08:45:00;564.74e-6
2014-12-20 09:00:00;568.36e-6
2014-12-20 09:15:00;577.34e-6
2014-12-20 09:30:00;586.23e-6
2014-12-20 09:45:00;595.03e-6
2014-12-20 10:00:00;604.03e-6
2014-12-20 10:15:00;613.15e-6
2014-12-20 10:30:00;624.62e-6
2014-12-20 10:45:00;646.33e-6
2014-12-20 11:00:00;679.94e-6
2014-12-20 11:15:00;736.59e-6
2014-12-20 11:30:00;756.12e-6
2014-12-20 11:45:00;744.07e-6
2014-12-20 12:00:00;694.48e-6
2014-12-20 12:15:00;638.66e-6
2014-12-20 12:30:00;610.00e-6
2014-12-20 12:45:00;598.82e-6
2014-12-20 13:00:00;586.97e-6
2014-12-20 13:15:00;583.78e-6
2014-12-20 13:30:00;587.00e-6
2014-12-20 13:45:00;597.08e-6
2014-12-20 14:00:00;612.85e-6
2014-12-20 14:15:00;628.37e-6
2014-12-20 14:30:00;642.24e-6
2014-12-20 14:45:00;654.24e-6
2014-12-20 15:00:00;663.43e-6
2014-12-20 15:15:00;670.85e-6
2014-12-20 15:30:00;679.66e-6
2014-12-20 15:45:00;689.94e-6
2014-12-20 16:00:00;704.17e-6
2014-12-20 16:15:00;714.77e-6
2014-12-20 16:30:00;742.24e-6
2014-12-20 16:45:00;770.82e-6
2014-12-20 17:00:00;798.04e-6
2014-12-20 17:15:00;817.37e-6
2014-12-20 17:30:00;834.78e-6
2014-12-20 17:45:00;848.54e-6
2014-12-20 18:00:00;859.54e-6
2014-12-20 18:15:00;863.64e-6
2014-12-20 18:30:00;871.22e-6
2014-12-20 18:45:00;857.03e-6
2014-12-20 19:00:00;832.83e-6
2014-12-20 19:15:00;803.83e-6
2014-12-20 19:30:00;767.41e-6
2014-12-20 19:45:00;743.58e-6
2014-12-20 20:00:00;730.18e-6
2014-12-20 20:15:00;709.93e-6
2014-12-20 20:30:00;688.02e-6
2014-12-20 20:45:00;671.25e-6
2014-12-20 21:00:00;653.21e-6
2014-12-20 21:15:00;631.54e-6
2014-12-20 21:30:00;605.22e-6
2014-12-20 21:45:00;574.29e-6
2014-12-20 22:00:00;537.49e-6
2014-12-20 22:15:00;496.31e-6
2014-12-20 22:30:00;457.27e-6
2014-12-20 22:45:00;420.62e-6
2014-12-20 23:00:00;387.04e-6
2014-12-20 23:15:00;356.43e-6
2014-12-20 23:30:00;330.63e-6
2014-12-20 23:45:00;320.83e-6
2014-12-21 00:00:00;302.45e-6
2014-12-21 00:15:00;300.81e-6
2014-12-21 00:30:00;305.94e-6
2014-12-21 00:45:00;317.47e-6
2014-12-21 01:00:00;329.23e-6
2014-12-21 01:15:00;344.23e-6
2014-12-21 01:30:00;355.09e-6
2014-12-21 01:45:00;366.60e-6
2014-12-21 02:00:00;375.05e-6
2014-12-21 02:15:00;379.04e-6
2014-12-21 02:30:00;380.52e-6
2014-12-21 02:45:00;377.03e-6
2014-12-21 03:00:00;365.21e-6
2014-12-21 03:15:00;346.59e-6
2014-12-21 03:30:00;323.81e-6
2014-12-21 03:45:00;303.57e-6
2014-12-21 04:00:00;292.15e-6
2014-12-21 04:15:00;278.31e-6
2014-12-21 04:30:00;268.94e-6
2014-12-21 04:45:00;256.81e-6
2014-12-21 05:00:00;245.97e-6
2014-12-21 05:15:00;242.00e-6
2014-12-21 05:30:00;246.19e-6
2014-12-21 05:45:00;262.67e-6
2014-12-21 06:00:00;296.23e-6
2014-12-21 06:15:00;334.26e-6
2014-12-21 06:30:00;399.59e-6
2014-12-21 06:45:00;414.21e-6
2014-12-21 07:00:00;453.56e-6
2014-12-21 07:15:00;489.72e-6
2014-12-21 07:30:00;552.64e-6
2014-12-21 07:45:00;600.50e-6
2014-12-21 08:00:00;652.86e-6
2014-12-21 08:15:00;702.78e-6
2014-12-21 08:30:00;717.77e-6
2014-12-21 08:45:00;736.64e-6
2014-12-21 09:00:00;746.39e-6
2014-12-21 09:15:00;760.93e-6
2014-12-21 09:30:00;772.66e-6
2014-12-21 09:45:00;785.16e-6
2014-12-21 10:00:00;800.77e-6
2014-12-21 10:15:00;821.74e-6
2014-12-21 10:30:00;843.61e-6
2014-12-21 10:45:00;877.08e-6
2014-12-21 11:00:00;922.06e-6
2014-12-21 11:15:00;989.34e-6
2014-12-21 11:30:00;996.65e-6
2014-12-21 11:45:00;955.47e-6
2014-12-21 12:00:00;872.39e-6
2014-12-21 12:15:00;788.38e-6
2014-12-21 12:30:00;737.27e-6
2014-12-21 12:45:00;712.98e-6
2014-12-21 13:00:00;685.44e-6
2014-12-21 13:15:00;668.51e-6
2014-12-21 13:30:00;658.11e-6
2014-12-21 13:45:00;654.93e-6
2014-12-21 14:00:00;657.58e-6
2014-12-21 14:15:00;659.97e-6
2014-12-21 14:30:00;661.12e-6
2014-12-21 14:45:00;661.55e-6
2014-12-21 15:00:00;660.76e-6
2014-12-21 15:15:00;659.85e-6
2014-12-21 15:30:00;662.36e-6
2014-12-21 15:45:00;668.01e-6
2014-12-21 16:00:00;679.37e-6
2014-12-21 16:15:00;686.55e-6
2014-12-21 16:30:00;714.83e-6
2014-12-21 16:45:00;739.87e-6
2014-12-21 17:00:00;768.06e-6
2014-12-21 17:15:00;789.25e-6
2014-12-21 17:30:00;810.37e-6
2014-12-21 17:45:00;829.16e-6
2014-12-21 18:00:00;847.42e-6
2014-12-21 18:15:00;854.53e-6
2014-12-21 18:30:00;866.24e-6
2014-12-21 18:45:00;860.50e-6
2014-12-21 19:00:00;844.82e-6
2014-12-21 19:15:00;819.54e-6
2014-12-21 19:30:00;777.43e-6
2014-12-21 19:45:00;755.69e-6
2014-12-21 20:00:00;743.99e-6
2014-12-21 20:15:00;721.52e-6
2014-12-21 20:30:00;694.94e-6
2014-12-21 20:45:00;676.48e-6
2014-12-21 21:00:00;651.09e-6
2014-12-21 21:15:00;624.03e-6
2014-12-21 21:30:00;590.37e-6
2014-12-21 21:45:00;551.38e-6
2014-12-21 22:00:00;504.82e-6
2014-12-21 22:15:00;453.66e-6
2014-12-21 22:30:00;405.47e-6
2014-12-21 22:45:00;361.20e-6
2014-12-21 23:00:00;323.56e-6
2014-12-21 23:15:00;286.88e-6
2014-12-21 23:30:00;267.90e-6
2014-12-21 23:45:00;255.05e-6
2014-12-22 00:00:00;230.28e-6
2014-12-22 00:15:00;234.59e-6
2014-12-22 00:30:00;249.10e-6
2014-12-22 00:45:00;266.74e-6
2014-12-22 01:00:00;284.90e-6
2014-12-22 01:15:00;304.01e-6
2014-12-22 01:30:00;320.89e-6
2014-12-22 01:45:00;335.94e-6
2014-12-22 02:00:00;348.90e-6
2014-12-22 02:15:00;354.46e-6
2014-12-22 02:30:00;355.27e-6
2014-12-22 02:45:00;352.91e-6
2014-12-22 03:00:00;343.37e-6
2014-12-22 03:15:00;328.83e-6
2014-12-22 03:30:00;309.55e-6
2014-12-22 03:45:00;288.57e-6
2014-12-22 04:00:00;276.64e-6
2014-12-22 04:15:00;263.53e-6
2014-12-22 04:30:00;259.78e-6
2014-12-22 04:45:00;266.97e-6
2014-12-22 05:00:00;273.67e-6
2014-12-22 05:15:00;291.42e-6
2014-12-22 05:30:00;318.50e-6
2014-12-22 05:45:00;357.39e-6
2014-12-22 06:00:00;412.04e-6
2014-12-22 06:15:00;463.53e-6
2014-12-22 06:30:00;549.32e-6
2014-12-22 06:45:00;554.49e-6
2014-12-22 07:00:00;573.02e-6
2014-12-22 07:15:00;580.58e-6
2014-12-22 07:30:00;582.97e-6
2014-12-22 07:45:00;562.41e-6
2014-12-22 08:00:00;550.13e-6
2014-12-22 08:15:00;530.73e-6
2014-12-22 08:30:00;501.68e-6
2014-12-22 08:45:00;475.48e-6
2014-12-22 09:00:00;451.56e-6
2014-12-22 09:15:00;441.54e-6
2014-12-22 09:30:00;441.68e-6
2014-12-22 09:45:00;443.87e-6
2014-12-22 10:00:00;448.41e-6
2014-12-22 10:15:00;450.46e-6
2014-12-22 10:30:00;454.21e-6
2014-12-22 10:45:00;464.88e-6
2014-12-22 11:00:00;483.44e-6
2014-12-22 11:15:00;507.83e-6
2014-12-22 11:30:00;513.42e-6
2014-12-22 11:45:00;503.94e-6
2014-12-22 12:00:00;479.02e-6
2014-12-22 12:15:00;465.14e-6
2014-12-22 12:30:00;458.40e-6
2014-12-22 12:45:00;459.85e-6
2014-12-22 13:00:00;461.74e-6
2014-12-22 13:15:00;468.14e-6
2014-12-22 13:30:00;477.21e-6
2014-12-22 13:45:00;488.80e-6
2014-12-22 14:00:00;501.96e-6
2014-12-22 14:15:00;511.24e-6
2014-12-22 14:30:00;516.17e-6
2014-12-22 14:45:00;517.66e-6
2014-12-22 15:00:00;516.17e-6
2014-12-22 15:15:00;513.33e-6
2014-12-22 15:30:00;513.25e-6
2014-12-22 15:45:00;516.48e-6
2014-12-22 16:00:00;525.35e-6
2014-12-22 16:15:00;531.15e-6
2014-12-22 16:30:00;555.62e-6
2014-12-22 16:45:00;583.76e-6
2014-12-22 17:00:00;618.30e-6
2014-12-22 17:15:00;645.81e-6
2014-12-22 17:30:00;673.58e-6
2014-12-22 17:45:00;701.97e-6
2014-12-22 18:00:00;725.34e-6
2014-12-22 18:15:00;746.39e-6
2014-12-22 18:30:00;764.80e-6
2014-12-22 18:45:00;774.37e-6
2014-12-22 19:00:00;773.79e-6
2014-12-22 19:15:00;768.51e-6
2014-12-22 19:30:00;771.20e-6
2014-12-22 19:45:00;756.64e-6
2014-12-22 20:00:00;745.34e-6
2014-12-22 20:15:00;724.97e-6
2014-12-22 20:30:00;700.20e-6
2014-12-22 20:45:00;676.34e-6
2014-12-22 21:00:00;654.65e-6
2014-12-22 21:15:00;625.14e-6
2014-12-22 21:30:00;591.52e-6
2014-12-22 21:45:00;551.71e-6
2014-12-22 22:00:00;505.05e-6
2014-12-22 22:15:00;453.63e-6
2014-12-22 22:30:00;404.79e-6
2014-12-22 22:45:00;358.68e-6
2014-12-22 23:00:00;319.46e-6
2014-12-22 23:15:00;277.69e-6
2014-12-22 23:30:00;259.51e-6
2014-12-22 23:45:00;248.46e-6
2014-12-23 00:00:00;230.84e-6
2014-12-23 00:15:00;235.17e-6
2014-12-23 00:30:00;249.70e-6
2014-12-23 00:45:00;267.39e-6
2014-12-23 01:00:00;285.59e-6
2014-12-23 01:15:00;304.75e-6
2014-12-23 01:30:00;321.68e-6
2014-12-23 01:45:00;336.76e-6
2014-12-23 02:00:00;349.75e-6
2014-12-23 02:15:00;355.33e-6
2014-12-23 02:30:00;356.14e-6
2014-12-23 02:45:00;353.77e-6
2014-12-23 03:00:00;344.21e-6
2014-12-23 03:15:00;329.63e-6
2014-12-23 03:30:00;310.31e-6
2014-12-23 03:45:00;289.27e-6
2014-12-23 04:00:00;277.32e-6
2014-12-23 04:15:00;264.17e-6
2014-12-23 04:30:00;260.42e-6
2014-12-23 04:45:00;267.62e-6
2014-12-23 05:00:00;274.34e-6
2014-12-23 05:15:00;292.13e-6
2014-12-23 05:30:00;319.28e-6
2014-12-23 05:45:00;358.26e-6
2014-12-23 06:00:00;413.04e-6
2014-12-23 06:15:00;464.66e-6
2014-12-23 06:30:00;550.67e-6
2014-12-23 06:45:00;555.84e-6
2014-12-23 07:00:00;574.42e-6
2014-12-23 07:15:00;582.00e-6
2014-12-23 07:30:00;584.39e-6
2014-12-23 07:45:00;563.79e-6
2014-12-23 08:00:00;551.47e-6
2014-12-23 08:15:00;532.03e-6
2014-12-23 08:30:00;502.90e-6
2014-12-23 08:45:00;476.64e-6
2014-12-23 09:00:00;452.66e-6
2014-12-23 09:15:00;442.62e-6
2014-12-23 09:30:00;442.76e-6
2014-12-23 09:45:00;444.96e-6
2014-12-23 10:00:00;449.50e-6
2014-12-23 10:15:00;451.56e-6
2014-12-23 10:30:00;455.32e-6
2014-12-23 10:45:00;466.01e-6
2014-12-23 11:00:00;484.62e-6
2014-12-23 11:15:00;509.07e-6
2014-12-23 11:30:00;514.68e-6
2014-12-23 11:45:00;505.17e-6
2014-12-23 12:00:00;480.19e-6
2014-12-23 12:15:00;466.28e-6
2014-12-23 12:30:00;459.52e-6
2014-12-23 12:45:00;460.98e-6
2014-12-23 13:00:00;462.87e-6
2014-12-23 13:15:00;469.28e-6
2014-12-23 13:30:00;478.38e-6
2014-12-23 13:45:00;490.00e-6
2014-12-23 14:00:00;503.18e-6
2014-12-23 14:15:00;512.49e-6
2014-12-23 14:30:00;517.43e-6
2014-12-23 14:45:00;518.93e-6
2014-12-23 15:00:00;517.43e-6
2014-12-23 15:15:00;514.59e-6
2014-12-23 15:30:00;514.50e-6
2014-12-23 15:45:00;517.74e-6
2014-12-23 16:00:00;526.64e-6
2014-12-23 16:15:00;532.45e-6
2014-12-23 16:30:00;556.98e-6
2014-12-23 16:45:00;585.19e-6
2014-12-23 17:00:00;619.81e-6
2014-12-23 17:15:00;647.39e-6
2014-12-23 17:30:00;675.23e-6
2014-12-23 17:45:00;703.69e-6
2014-12-23 18:00:00;727.12e-6
2014-12-23 18:15:00;748.22e-6
2014-12-23 18:30:00;766.67e-6
2014-12-23 18:45:00;776.26e-6
2014-12-23 19:00:00;775.68e-6
2014-12-23 19:15:00;770.39e-6
2014-12-23 19:30:00;773.08e-6
2014-12-23 19:45:00;758.49e-6
2014-12-23 20:00:00;747.17e-6
2014-12-23 20:15:00;726.74e-6
2014-12-23 20:30:00;701.91e-6
2014-12-23 20:45:00;677.99e-6
2014-12-23 21:00:00;656.25e-6
2014-12-23 21:15:00;626.66e-6
2014-12-23 21:30:00;592.96e-6
2014-12-23 21:45:00;553.06e-6
2014-12-23 22:00:00;506.29e-6
2014-12-23 22:15:00;454.73e-6
2014-12-23 22:30:00;405.78e-6
2014-12-23 22:45:00;359.56e-6
2014-12-23 23:00:00;320.24e-6
2014-12-23 23:15:00;278.37e-6
2014-12-23 23:30:00;260.15e-6
2014-12-23 23:45:00;249.06e-6
2014-12-24 00:00:00;276.35e-6
2014-12-24 00:15:00;266.71e-6
2014-12-24 00:30:00;264.43e-6
2014-12-24 00:45:00;267.57e-6
2014-12-24 01:00:00;278.30e-6
2014-12-24 01:15:00;294.95e-6
2014-12-24 01:30:00;311.71e-6
2014-12-24 01:45:00;327.16e-6
2014-12-24 02:00:00;340.01e-6
2014-12-24 02:15:00;348.51e-6
2014-12-24 02:30:00;350.50e-6
2014-12-24 02:45:00;348.54e-6
2014-12-24 03:00:00;340.11e-6
2014-12-24 03:15:00;324.97e-6
2014-12-24 03:30:00;304.88e-6
2014-12-24 03:45:00;284.98e-6
2014-12-24 04:00:00;272.18e-6
2014-12-24 04:15:00;259.67e-6
2014-12-24 04:30:00;250.93e-6
2014-12-24 04:45:00;240.28e-6
2014-12-24 05:00:00;231.48e-6
2014-12-24 05:15:00;230.63e-6
2014-12-24 05:30:00;239.01e-6
2014-12-24 05:45:00;260.79e-6
2014-12-24 06:00:00;300.82e-6
2014-12-24 06:15:00;344.48e-6
2014-12-24 06:30:00;418.17e-6
2014-12-24 06:45:00;433.94e-6
2014-12-24 07:00:00;467.29e-6
2014-12-24 07:15:00;490.95e-6
2014-12-24 07:30:00;529.73e-6
2014-12-24 07:45:00;545.49e-6
2014-12-24 08:00:00;567.05e-6
2014-12-24 08:15:00;583.31e-6
2014-12-24 08:30:00;568.26e-6
2014-12-24 08:45:00;570.34e-6
2014-12-24 09:00:00;574.00e-6
2014-12-24 09:15:00;583.06e-6
2014-12-24 09:30:00;592.04e-6
2014-12-24 09:45:00;600.93e-6
2014-12-24 10:00:00;610.02e-6
2014-12-24 10:15:00;619.23e-6
2014-12-24 10:30:00;630.81e-6
2014-12-24 10:45:00;652.73e-6
2014-12-24 11:00:00;686.68e-6
2014-12-24 11:15:00;743.89e-6
2014-12-24 11:30:00;763.62e-6
2014-12-24 11:45:00;751.45e-6
2014-12-24 12:00:00;701.37e-6
2014-12-24 12:15:00;644.99e-6
2014-12-24 12:30:00;616.05e-6
2014-12-24 12:45:00;604.76e-6
2014-12-24 13:00:00;592.79e-6
2014-12-24 13:15:00;589.56e-6
2014-12-24 13:30:00;592.82e-6
2014-12-24 13:45:00;603.00e-6
2014-12-24 14:00:00;618.92e-6
2014-12-24 14:15:00;634.60e-6
2014-12-24 14:30:00;648.60e-6
2014-12-24 14:45:00;660.72e-6
2014-12-24 15:00:00;670.01e-6
2014-12-24 15:15:00;677.50e-6
2014-12-24 15:30:00;686.40e-6
2014-12-24 15:45:00;696.78e-6
2014-12-24 16:00:00;711.15e-6
2014-12-24 16:15:00;721.85e-6
2014-12-24 16:30:00;749.60e-6
2014-12-24 16:45:00;778.46e-6
2014-12-24 17:00:00;805.95e-6
2014-12-24 17:15:00;825.48e-6
2014-12-24 17:30:00;843.06e-6
2014-12-24 17:45:00;856.95e-6
2014-12-24 18:00:00;868.06e-6
2014-12-24 18:15:00;872.20e-6
2014-12-24 18:30:00;879.85e-6
2014-12-24 18:45:00;865.53e-6
2014-12-24 19:00:00;841.09e-6
2014-12-24 19:15:00;811.80e-6
2014-12-24 19:30:00;775.02e-6
2014-12-24 19:45:00;750.95e-6
2014-12-24 20:00:00;737.41e-6
2014-12-24 20:15:00;716.97e-6
2014-12-24 20:30:00;694.84e-6
2014-12-24 20:45:00;677.90e-6
2014-12-24 21:00:00;659.69e-6
2014-12-24 21:15:00;637.80e-6
2014-12-24 21:30:00;611.22e-6
2014-12-24 21:45:00;579.98e-6
2014-12-24 22:00:00;542.82e-6
2014-12-24 22:15:00;501.23e-6
2014-12-24 22:30:00;461.80e-6
2014-12-24 22:45:00;424.79e-6
2014-12-24 23:00:00;390.88e-6
2014-12-24 23:15:00;359.97e-6
2014-12-24 23:30:00;333.91e-6
2014-12-24 23:45:00;324.01e-6
2014-12-25 00:00:00;305.39e-6
2014-12-25 00:15:00;303.73e-6
2014-12-25 00:30:00;308.92e-6
2014-12-25 00:45:00;320.56e-6
2014-12-25 01:00:00;332.43e-6
2014-12-25 01:15:00;347.57e-6
2014-12-25 01:30:00;358.54e-6
2014-12-25 01:45:00;370.16e-6
2014-12-25 02:00:00;378.70e-6
2014-12-25 02:15:00;382.72e-6
2014-12-25 02:30:00;384.22e-6
2014-12-25 02:45:00;380.70e-6
2014-12-25 03:00:00;368.76e-6
2014-12-25 03:15:00;349.96e-6
2014-12-25 03:30:00;326.95e-6
2014-12-25 03:45:00;306.52e-6
2014-12-25 04:00:00;294.99e-6
2014-12-25 04:15:00;281.01e-6
2014-12-25 04:30:00;271.56e-6
2014-12-25 04:45:00;259.31e-6
2014-12-25 05:00:00;248.35e-6
2014-12-25 05:15:00;244.35e-6
2014-12-25 05:30:00;248.58e-6
2014-12-25 05:45:00;265.22e-6
2014-12-25 06:00:00;299.11e-6
2014-12-25 06:15:00;337.51e-6
2014-12-25 06:30:00;403.47e-6
2014-12-25 06:45:00;418.23e-6
2014-12-25 07:00:00;457.96e-6
2014-12-25 07:15:00;494.48e-6
2014-12-25 07:30:00;558.01e-6
2014-12-25 07:45:00;606.33e-6
2014-12-25 08:00:00;659.20e-6
2014-12-25 08:15:00;709.60e-6
2014-12-25 08:30:00;724.74e-6
2014-12-25 08:45:00;743.80e-6
2014-12-25 09:00:00;753.64e-6
2014-12-25 09:15:00;768.32e-6
2014-12-25 09:30:00;780.16e-6
2014-12-25 09:45:00;792.78e-6
2014-12-25 10:00:00;808.55e-6
2014-12-25 10:15:00;829.72e-6
2014-12-25 10:30:00;851.81e-6
2014-12-25 10:45:00;885.60e-6
2014-12-25 11:00:00;931.02e-6
2014-12-25 11:15:00;998.95e-6
2014-12-25 11:30:00;1006.33e-6
2014-12-25 11:45:00;964.75e-6
2014-12-25 12:00:00;880.87e-6
2014-12-25 12:15:00;796.04e-6
2014-12-25 12:30:00;744.43e-6
2014-12-25 12:45:00;719.91e-6
2014-12-25 13:00:00;692.10e-6
2014-12-25 13:15:00;675.00e-6
2014-12-25 13:30:00;664.51e-6
2014-12-25 13:45:00;661.29e-6
2014-12-25 14:00:00;663.97e-6
2014-12-25 14:15:00;666.38e-6
2014-12-25 14:30:00;667.54e-6
2014-12-25 14:45:00;667.97e-6
2014-12-25 15:00:00;667.17e-6
2014-12-25 15:15:00;666.26e-6
2014-12-25 15:30:00;668.80e-6
2014-12-25 15:45:00;674.50e-6
2014-12-25 16:00:00;685.97e-6
2014-12-25 16:15:00;693.22e-6
2014-12-25 16:30:00;721.77e-6
2014-12-25 16:45:00;747.06e-6
2014-12-25 17:00:00;775.52e-6
2014-12-25 17:15:00;796.92e-6
2014-12-25 17:30:00;818.24e-6
2014-12-25 17:45:00;837.21e-6
2014-12-25 18:00:00;855.65e-6
2014-12-25 18:15:00;862.83e-6
2014-12-25 18:30:00;874.66e-6
2014-12-25 18:45:00;868.85e-6
2014-12-25 19:00:00;853.02e-6
2014-12-25 19:15:00;827.50e-6
2014-12-25 19:30:00;784.98e-6
2014-12-25 19:45:00;763.03e-6
2014-12-25 20:00:00;751.21e-6
2014-12-25 20:15:00;728.52e-6
2014-12-25 20:30:00;701.69e-6
2014-12-25 20:45:00;683.05e-6
2014-12-25 21:00:00;657.41e-6
2014-12-25 21:15:00;630.09e-6
2014-12-25 21:30:00;596.11e-6
2014-12-25 21:45:00;556.73e-6
2014-12-25 22:00:00;509.72e-6
2014-12-25 22:15:00;458.07e-6
2014-12-25 22:30:00;409.40e-6
2014-12-25 22:45:00;364.71e-6
2014-12-25 23:00:00;326.70e-6
2014-12-25 23:15:00;289.66e-6
2014-12-25 23:30:00;270.50e-6
2014-12-25 23:45:00;257.53e-6
2014-12-26 00:00:00;306.09e-6
2014-12-26 00:15:00;304.43e-6
2014-12-26 00:30:00;309.62e-6
2014-12-26 00:45:00;321.29e-6
2014-12-26 01:00:00;333.19e-6
2014-12-26 01:15:00;348.37e-6
2014-12-26 01:30:00;359.36e-6
2014-12-26 01:45:00;371.00e-6
2014-12-26 02:00:00;379.56e-6
2014-12-26 02:15:00;383.60e-6
2014-12-26 02:30:00;385.10e-6
2014-12-26 02:45:00;381.57e-6
2014-12-26 03:00:00;369.60e-6
2014-12-26 03:15:00;350.76e-6
2014-12-26 03:30:00;327.70e-6
2014-12-26 03:45:00;307.22e-6
2014-12-26 04:00:00;295.67e-6
2014-12-26 04:15:00;281.66e-6
2014-12-26 04:30:00;272.18e-6
2014-12-26 04:45:00;259.90e-6
2014-12-26 05:00:00;248.92e-6
2014-12-26 05:15:00;244.91e-6
2014-12-26 05:30:00;249.15e-6
2014-12-26 05:45:00;265.83e-6
2014-12-26 06:00:00;299.80e-6
2014-12-26 06:15:00;338.28e-6
2014-12-26 06:30:00;404.40e-6
2014-12-26 06:45:00;419.19e-6
2014-12-26 07:00:00;459.01e-6
2014-12-26 07:15:00;495.61e-6
2014-12-26 07:30:00;559.28e-6
2014-12-26 07:45:00;607.72e-6
2014-12-26 08:00:00;660.71e-6
2014-12-26 08:15:00;711.23e-6
2014-12-26 08:30:00;726.40e-6
2014-12-26 08:45:00;745.50e-6
2014-12-26 09:00:00;755.37e-6
2014-12-26 09:15:00;770.08e-6
2014-12-26 09:30:00;781.95e-6
2014-12-26 09:45:00;794.60e-6
2014-12-26 10:00:00;810.40e-6
2014-12-26 10:15:00;831.62e-6
2014-12-26 10:30:00;853.76e-6
2014-12-26 10:45:00;887.63e-6
2014-12-26 11:00:00;933.15e-6
2014-12-26 11:15:00;1001.24e-6
2014-12-26 11:30:00;1008.64e-6
2014-12-26 11:45:00;966.96e-6
2014-12-26 12:00:00;882.88e-6
2014-12-26 12:15:00;797.87e-6
2014-12-26 12:30:00;746.13e-6
2014-12-26 12:45:00;721.56e-6
2014-12-26 13:00:00;693.69e-6
2014-12-26 13:15:00;676.55e-6
2014-12-26 13:30:00;666.03e-6
2014-12-26 13:45:00;662.80e-6
2014-12-26 14:00:00;665.49e-6
2014-12-26 14:15:00;667.91e-6
2014-12-26 14:30:00;669.07e-6
2014-12-26 14:45:00;669.50e-6
2014-12-26 15:00:00;668.70e-6
2014-12-26 15:15:00;667.78e-6
2014-12-26 15:30:00;670.33e-6
2014-12-26 15:45:00;676.04e-6
2014-12-26 16:00:00;687.54e-6
2014-12-26 16:15:00;694.80e-6
2014-12-26 16:30:00;723.43e-6
2014-12-26 16:45:00;748.77e-6
2014-12-26 17:00:00;777.30e-6
2014-12-26 17:15:00;798.74e-6
2014-12-26 17:30:00;820.11e-6
2014-12-26 17:45:00;839.13e-6
2014-12-26 18:00:00;857.61e-6
2014-12-26 18:15:00;864.81e-6
2014-12-26 18:30:00;876.66e-6
2014-12-26 18:45:00;870.84e-6
2014-12-26 19:00:00;854.98e-6
2014-12-26 19:15:00;829.40e-6
2014-12-26 19:30:00;786.78e-6
2014-12-26 19:45:00;764.78e-6
2014-12-26 20:00:00;752.93e-6
2014-12-26 20:15:00;730.19e-6
2014-12-26 20:30:00;703.29e-6
2014-12-26 20:45:00;684.61e-6
2014-12-26 21:00:00;658.92e-6
2014-12-26 21:15:00;631.53e-6
2014-12-26 21:30:00;597.47e-6
2014-12-26 21:45:00;558.01e-6
2014-12-26 22:00:00;510.89e-6
2014-12-26 22:15:00;459.12e-6
2014-12-26 22:30:00;410.34e-6
2014-12-26 22:45:00;365.54e-6
2014-12-26 23:00:00;327.45e-6
2014-12-26 23:15:00;290.33e-6
2014-12-26 23:30:00;271.12e-6
2014-12-26 23:45:00;258.12e-6
2014-12-27 00:00:00;278.26e-6
2014-12-27 00:15:00;268.55e-6
2014-12-27 00:30:00;266.25e-6
2014-12-27 00:45:00;269.41e-6
2014-12-27 01:00:00;280.22e-6
2014-12-27 01:15:00;296.98e-6
2014-12-27 01:30:00;313.86e-6
2014-12-27 01:45:00;329.41e-6
2014-12-27 02:00:00;342.36e-6
2014-12-27 02:15:00;350.91e-6
2014-12-27 02:30:00;352.92e-6
2014-12-27 02:45:00;350.94e-6
2014-12-27 03:00:00;342.45e-6
2014-12-27 03:15:00;327.21e-6
2014-12-27 03:30:00;306.98e-6
2014-12-27 03:45:00;286.95e-6
2014-12-27 04:00:00;274.05e-6
2014-12-27 04:15:00;261.46e-6
2014-12-27 04:30:00;252.66e-6
2014-12-27 04:45:00;241.94e-6
2014-12-27 05:00:00;233.07e-6
2014-12-27 05:15:00;232.22e-6
2014-12-27 05:30:00;240.65e-6
2014-12-27 05:45:00;262.59e-6
2014-12-27 06:00:00;302.89e-6
2014-12-27 06:15:00;346.85e-6
2014-12-27 06:30:00;421.05e-6
2014-12-27 06:45:00;436.93e-6
2014-12-27 07:00:00;470.51e-6
2014-12-27 07:15:00;494.33e-6
2014-12-27 07:30:00;533.38e-6
2014-12-27 07:45:00;549.25e-6
2014-12-27 08:00:00;570.95e-6
2014-12-27 08:15:00;587.32e-6
2014-12-27 08:30:00;572.18e-6
2014-12-27 08:45:00;574.27e-6
2014-12-27 09:00:00;577.95e-6
2014-12-27 09:15:00;587.08e-6
2014-12-27 09:30:00;596.12e-6
2014-12-27 09:45:00;605.07e-6
2014-12-27 10:00:00;614.22e-6
2014-12-27 10:15:00;623.50e-6
2014-12-27 10:30:00;635.16e-6
2014-12-27 10:45:00;657.23e-6
2014-12-27 11:00:00;691.41e-6
2014-12-27 11:15:00;749.02e-6
2014-12-27 11:30:00;768.88e-6
2014-12-27 11:45:00;756.62e-6
2014-12-27 12:00:00;706.20e-6
2014-12-27 12:15:00;649.44e-6
2014-12-27 12:30:00;620.29e-6
2014-12-27 12:45:00;608.92e-6
2014-12-27 13:00:00;596.88e-6
2014-12-27 13:15:00;593.63e-6
2014-12-27 13:30:00;596.90e-6
2014-12-27 13:45:00;607.15e-6
2014-12-27 14:00:00;623.19e-6
2014-12-27 14:15:00;638.97e-6
2014-12-27 14:30:00;653.07e-6
2014-12-27 14:45:00;665.28e-6
2014-12-27 15:00:00;674.62e-6
2014-12-27 15:15:00;682.17e-6
2014-12-27 15:30:00;691.13e-6
2014-12-27 15:45:00;701.58e-6
2014-12-27 16:00:00;716.05e-6
2014-12-27 16:15:00;726.83e-6
2014-12-27 16:30:00;754.76e-6
2014-12-27 16:45:00;783.83e-6
2014-12-27 17:00:00;811.50e-6
2014-12-27 17:15:00;831.16e-6
2014-12-27 17:30:00;848.87e-6
2014-12-27 17:45:00;862.86e-6
2014-12-27 18:00:00;874.05e-6
2014-12-27 18:15:00;878.22e-6
2014-12-27 18:30:00;885.91e-6
2014-12-27 18:45:00;871.49e-6
2014-12-27 19:00:00;846.89e-6
2014-12-27 19:15:00;817.40e-6
2014-12-27 19:30:00;780.36e-6
2014-12-27 19:45:00;756.13e-6
2014-12-27 20:00:00;742.49e-6
2014-12-27 20:15:00;721.91e-6
2014-12-27 20:30:00;699.63e-6
2014-12-27 20:45:00;682.57e-6
2014-12-27 21:00:00;664.23e-6
2014-12-27 21:15:00;642.19e-6
2014-12-27 21:30:00;615.43e-6
2014-12-27 21:45:00;583.98e-6
2014-12-27 22:00:00;546.56e-6
2014-12-27 22:15:00;504.69e-6
2014-12-27 22:30:00;464.98e-6
2014-12-27 22:45:00;427.72e-6
2014-12-27 23:00:00;393.57e-6
2014-12-27 23:15:00;362.45e-6
2014-12-27 23:30:00;336.21e-6
2014-12-27 23:45:00;326.24e-6
2014-12-28 00:00:00;307.44e-6
2014-12-28 00:15:00;305.78e-6
2014-12-28 00:30:00;311.00e-6
2014-12-28 00:45:00;322.72e-6
2014-12-28 01:00:00;334.67e-6
2014-12-28 01:15:00;349.91e-6
2014-12-28 01:30:00;360.95e-6
2014-12-28 01:45:00;372.65e-6
2014-12-28 02:00:00;381.25e-6
2014-12-28 02:15:00;385.30e-6
2014-12-28 02:30:00;386.81e-6
2014-12-28 02:45:00;383.26e-6
2014-12-28 03:00:00;371.24e-6
2014-12-28 03:15:00;352.31e-6
2014-12-28 03:30:00;329.15e-6
2014-12-28 03:45:00;308.59e-6
2014-12-28 04:00:00;296.98e-6
2014-12-28 04:15:00;282.91e-6
2014-12-28 04:30:00;273.39e-6
2014-12-28 04:45:00;261.05e-6
2014-12-28 05:00:00;250.03e-6
2014-12-28 05:15:00;245.99e-6
2014-12-28 05:30:00;250.25e-6
2014-12-28 05:45:00;267.01e-6
2014-12-28 06:00:00;301.12e-6
2014-12-28 06:15:00;339.78e-6
2014-12-28 06:30:00;406.19e-6
2014-12-28 06:45:00;421.05e-6
2014-12-28 07:00:00;461.04e-6
2014-12-28 07:15:00;497.81e-6
2014-12-28 07:30:00;561.76e-6
2014-12-28 07:45:00;610.42e-6
2014-12-28 08:00:00;663.64e-6
2014-12-28 08:15:00;714.38e-6
2014-12-28 08:30:00;729.62e-6
2014-12-28 08:45:00;748.81e-6
2014-12-28 09:00:00;758.72e-6
2014-12-28 09:15:00;773.49e-6
2014-12-28 09:30:00;785.42e-6
2014-12-28 09:45:00;798.12e-6
2014-12-28 10:00:00;813.99e-6
2014-12-28 10:15:00;835.30e-6
2014-12-28 10:30:00;857.54e-6
2014-12-28 10:45:00;891.56e-6
2014-12-28 11:00:00;937.29e-6
2014-12-28 11:15:00;1005.67e-6
2014-12-28 11:30:00;1013.11e-6
2014-12-28 11:45:00;971.24e-6
2014-12-28 12:00:00;886.80e-6
2014-12-28 12:15:00;801.40e-6
2014-12-28 12:30:00;749.44e-6
2014-12-28 12:45:00;724.76e-6
2014-12-28 13:00:00;696.76e-6
2014-12-28 13:15:00;679.54e-6
2014-12-28 13:30:00;668.98e-6
2014-12-28 13:45:00;665.74e-6
2014-12-28 14:00:00;668.44e-6
2014-12-28 14:15:00;670.87e-6
2014-12-28 14:30:00;672.03e-6
2014-12-28 14:45:00;672.47e-6
2014-12-28 15:00:00;671.67e-6
2014-12-28 15:15:00;670.74e-6
2014-12-28 15:30:00;673.30e-6
2014-12-28 15:45:00;679.04e-6
2014-12-28 16:00:00;690.58e-6
2014-12-28 16:15:00;697.88e-6
2014-12-28 16:30:00;726.63e-6
2014-12-28 16:45:00;752.09e-6
2014-12-28 17:00:00;780.74e-6
2014-12-28 17:15:00;802.28e-6
2014-12-28 17:30:00;823.75e-6
2014-12-28 17:45:00;842.85e-6
2014-12-28 18:00:00;861.41e-6
2014-12-28 18:15:00;868.64e-6
2014-12-28 18:30:00;880.55e-6
2014-12-28 18:45:00;874.70e-6
2014-12-28 19:00:00;858.77e-6
2014-12-28 19:15:00;833.07e-6
2014-12-28 19:30:00;790.26e-6
2014-12-28 19:45:00;768.17e-6
2014-12-28 20:00:00;756.27e-6
2014-12-28 20:15:00;733.43e-6
2014-12-28 20:30:00;706.41e-6
2014-12-28 20:45:00;687.65e-6
2014-12-28 21:00:00;661.84e-6
2014-12-28 21:15:00;634.33e-6
2014-12-28 21:30:00;600.12e-6
2014-12-28 21:45:00;560.48e-6
2014-12-28 22:00:00;513.16e-6
2014-12-28 22:15:00;461.15e-6
2014-12-28 22:30:00;412.16e-6
2014-12-28 22:45:00;367.16e-6
2014-12-28 23:00:00;328.90e-6
2014-12-28 23:15:00;291.61e-6
2014-12-28 23:30:00;272.32e-6
2014-12-28 23:45:00;259.26e-6
2014-12-29 00:00:00;234.00e-6
2014-12-29 00:15:00;238.38e-6
2014-12-29 00:30:00;253.12e-6
2014-12-29 00:45:00;271.04e-6
2014-12-29 01:00:00;289.49e-6
2014-12-29 01:15:00;308.92e-6
2014-12-29 01:30:00;326.07e-6
2014-12-29 01:45:00;341.36e-6
2014-12-29 02:00:00;354.53e-6
2014-12-29 02:15:00;360.18e-6
2014-12-29 02:30:00;361.01e-6
2014-12-29 02:45:00;358.60e-6
2014-12-29 03:00:00;348.91e-6
2014-12-29 03:15:00;334.14e-6
2014-12-29 03:30:00;314.55e-6
2014-12-29 03:45:00;293.22e-6
2014-12-29 04:00:00;281.11e-6
2014-12-29 04:15:00;267.78e-6
2014-12-29 04:30:00;263.98e-6
2014-12-29 04:45:00;271.28e-6
2014-12-29 05:00:00;278.09e-6
2014-12-29 05:15:00;296.12e-6
2014-12-29 05:30:00;323.65e-6
2014-12-29 05:45:00;363.16e-6
2014-12-29 06:00:00;418.69e-6
2014-12-29 06:15:00;471.01e-6
2014-12-29 06:30:00;558.19e-6
2014-12-29 06:45:00;563.44e-6
2014-12-29 07:00:00;582.27e-6
2014-12-29 07:15:00;589.96e-6
2014-12-29 07:30:00;592.38e-6
2014-12-29 07:45:00;571.49e-6
2014-12-29 08:00:00;559.01e-6
2014-12-29 08:15:00;539.30e-6
2014-12-29 08:30:00;509.77e-6
2014-12-29 08:45:00;483.15e-6
2014-12-29 09:00:00;458.85e-6
2014-12-29 09:15:00;448.66e-6
2014-12-29 09:30:00;448.81e-6
2014-12-29 09:45:00;451.04e-6
2014-12-29 10:00:00;455.65e-6
2014-12-29 10:15:00;457.73e-6
2014-12-29 10:30:00;461.54e-6
2014-12-29 10:45:00;472.38e-6
2014-12-29 11:00:00;491.24e-6
2014-12-29 11:15:00;516.02e-6
2014-12-29 11:30:00;521.71e-6
2014-12-29 11:45:00;512.07e-6
2014-12-29 12:00:00;486.75e-6
2014-12-29 12:15:00;472.65e-6
2014-12-29 12:30:00;465.80e-6
2014-12-29 12:45:00;467.28e-6
2014-12-29 13:00:00;469.20e-6
2014-12-29 13:15:00;475.70e-6
2014-12-29 13:30:00;484.91e-6
2014-12-29 13:45:00;496.69e-6
2014-12-29 14:00:00;510.06e-6
2014-12-29 14:15:00;519.50e-6
2014-12-29 14:30:00;524.50e-6
2014-12-29 14:45:00;526.02e-6
2014-12-29 15:00:00;524.50e-6
2014-12-29 15:15:00;521.62e-6
2014-12-29 15:30:00;521.53e-6
2014-12-29 15:45:00;524.82e-6
2014-12-29 16:00:00;533.83e-6
2014-12-29 16:15:00;539.73e-6
2014-12-29 16:30:00;564.59e-6
2014-12-29 16:45:00;593.19e-6
2014-12-29 17:00:00;628.28e-6
2014-12-29 17:15:00;656.24e-6
2014-12-29 17:30:00;684.46e-6
2014-12-29 17:45:00;713.31e-6
2014-12-29 18:00:00;737.05e-6
2014-12-29 18:15:00;758.44e-6
2014-12-29 18:30:00;777.14e-6
2014-12-29 18:45:00;786.87e-6
2014-12-29 19:00:00;786.28e-6
2014-12-29 19:15:00;780.92e-6
2014-12-29 19:30:00;783.65e-6
2014-12-29 19:45:00;768.85e-6
2014-12-29 20:00:00;757.38e-6
2014-12-29 20:15:00;736.67e-6
2014-12-29 20:30:00;711.50e-6
2014-12-29 20:45:00;687.26e-6
2014-12-29 21:00:00;665.22e-6
2014-12-29 21:15:00;635.23e-6
2014-12-29 21:30:00;601.06e-6
2014-12-29 21:45:00;560.62e-6
2014-12-29 22:00:00;513.20e-6
2014-12-29 22:15:00;460.95e-6
2014-12-29 22:30:00;411.32e-6
2014-12-29 22:45:00;364.47e-6
2014-12-29 23:00:00;324.62e-6
2014-12-29 23:15:00;282.18e-6
2014-12-29 23:30:00;263.70e-6
2014-12-29 23:45:00;252.47e-6
2014-12-30 00:00:00;234.48e-6
2014-12-30 00:15:00;238.88e-6
2014-12-30 00:30:00;253.64e-6
2014-12-30 00:45:00;271.61e-6
2014-12-30 01:00:00;290.10e-6
2014-12-30 01:15:00;309.56e-6
2014-12-30 01:30:00;326.75e-6
2014-12-30 01:45:00;342.07e-6
2014-12-30 02:00:00;355.26e-6
2014-12-30 02:15:00;360.93e-6
2014-12-30 02:30:00;361.76e-6
2014-12-30 02:45:00;359.35e-6
2014-12-30 03:00:00;349.64e-6
2014-12-30 03:15:00;334.83e-6
2014-12-30 03:30:00;315.20e-6
2014-12-30 03:45:00;293.83e-6
2014-12-30 04:00:00;281.69e-6
2014-12-30 04:15:00;268.34e-6
2014-12-30 04:30:00;264.53e-6
2014-12-30 04:45:00;271.84e-6
2014-12-30 05:00:00;278.66e-6
2014-12-30 05:15:00;296.74e-6
2014-12-30 05:30:00;324.32e-6
2014-12-30 05:45:00;363.91e-6
2014-12-30 06:00:00;419.56e-6
2014-12-30 06:15:00;471.99e-6
2014-12-30 06:30:00;559.35e-6
2014-12-30 06:45:00;564.61e-6
2014-12-30 07:00:00;583.48e-6
2014-12-30 07:15:00;591.18e-6
2014-12-30 07:30:00;593.61e-6
2014-12-30 07:45:00;572.68e-6
2014-12-30 08:00:00;560.17e-6
2014-12-30 08:15:00;540.42e-6
2014-12-30 08:30:00;510.83e-6
2014-12-30 08:45:00;484.16e-6
2014-12-30 09:00:00;459.80e-6
2014-12-30 09:15:00;449.60e-6
2014-12-30 09:30:00;449.74e-6
2014-12-30 09:45:00;451.97e-6
2014-12-30 10:00:00;456.59e-6
2014-12-30 10:15:00;458.68e-6
2014-12-30 10:30:00;462.50e-6
2014-12-30 10:45:00;473.36e-6
2014-12-30 11:00:00;492.26e-6
2014-12-30 11:15:00;517.10e-6
2014-12-30 11:30:00;522.80e-6
2014-12-30 11:45:00;513.13e-6
2014-12-30 12:00:00;487.76e-6
2014-12-30 12:15:00;473.63e-6
2014-12-30 12:30:00;466.77e-6
2014-12-30 12:45:00;468.25e-6
2014-12-30 13:00:00;470.17e-6
2014-12-30 13:15:00;476.68e-6
2014-12-30 13:30:00;485.92e-6
2014-12-30 13:45:00;497.73e-6
2014-12-30 14:00:00;511.12e-6
2014-12-30 14:15:00;520.58e-6
2014-12-30 14:30:00;525.59e-6
2014-12-30 14:45:00;527.11e-6
2014-12-30 15:00:00;525.59e-6
2014-12-30 15:15:00;522.70e-6
2014-12-30 15:30:00;522.62e-6
2014-12-30 15:45:00;525.91e-6
2014-12-30 16:00:00;534.94e-6
2014-12-30 16:15:00;540.85e-6
2014-12-30 16:30:00;565.76e-6
2014-12-30 16:45:00;594.42e-6
2014-12-30 17:00:00;629.59e-6
2014-12-30 17:15:00;657.60e-6
2014-12-30 17:30:00;685.88e-6
2014-12-30 17:45:00;714.79e-6
2014-12-30 18:00:00;738.58e-6
2014-12-30 18:15:00;760.02e-6
2014-12-30 18:30:00;778.76e-6
2014-12-30 18:45:00;788.50e-6
2014-12-30 19:00:00;787.92e-6
2014-12-30 19:15:00;782.54e-6
2014-12-30 19:30:00;785.27e-6
2014-12-30 19:45:00;770.45e-6
2014-12-30 20:00:00;758.95e-6
2014-12-30 20:15:00;738.20e-6
2014-12-30 20:30:00;712.98e-6
2014-12-30 20:45:00;688.68e-6
2014-12-30 21:00:00;666.60e-6
2014-12-30 21:15:00;636.55e-6
2014-12-30 21:30:00;602.31e-6
2014-12-30 21:45:00;561.78e-6
2014-12-30 22:00:00;514.27e-6
2014-12-30 22:15:00;461.91e-6
2014-12-30 22:30:00;412.18e-6
2014-12-30 22:45:00;365.23e-6
2014-12-30 23:00:00;325.29e-6
2014-12-30 23:15:00;282.76e-6
2014-12-30 23:30:00;264.25e-6
2014-12-30 23:45:00;252.99e-6
2014-12-31 00:00:00;280.61e-6
2014-12-31 00:15:00;270.81e-6
2014-12-31 00:30:00;268.50e-6
2014-12-31 00:45:00;271.68e-6
2014-12-31 01:00:00;282.59e-6
2014-12-31 01:15:00;299.49e-6
2014-12-31 01:30:00;316.51e-6
2014-12-31 01:45:00;332.19e-6
2014-12-31 02:00:00;345.25e-6
2014-12-31 02:15:00;353.87e-6
2014-12-31 02:30:00;355.90e-6
2014-12-31 02:45:00;353.91e-6
2014-12-31 03:00:00;345.34e-6
2014-12-31 03:15:00;329.98e-6
2014-12-31 03:30:00;309.57e-6
2014-12-31 03:45:00;289.37e-6
2014-12-31 04:00:00;276.37e-6
2014-12-31 04:15:00;263.66e-6
2014-12-31 04:30:00;254.79e-6
2014-12-31 04:45:00;243.98e-6
2014-12-31 05:00:00;235.04e-6
2014-12-31 05:15:00;234.18e-6
2014-12-31 05:30:00;242.69e-6
2014-12-31 05:45:00;264.81e-6
2014-12-31 06:00:00;305.45e-6
2014-12-31 06:15:00;349.78e-6
2014-12-31 06:30:00;424.60e-6
2014-12-31 06:45:00;440.62e-6
2014-12-31 07:00:00;474.48e-6
2014-12-31 07:15:00;498.50e-6
2014-12-31 07:30:00;537.88e-6
2014-12-31 07:45:00;553.88e-6
2014-12-31 08:00:00;575.77e-6
2014-12-31 08:15:00;592.28e-6
2014-12-31 08:30:00;577.01e-6
2014-12-31 08:45:00;579.12e-6
2014-12-31 09:00:00;582.83e-6
2014-12-31 09:15:00;592.03e-6
2014-12-31 09:30:00;601.15e-6
2014-12-31 09:45:00;610.18e-6
2014-12-31 10:00:00;619.40e-6
2014-12-31 10:15:00;628.76e-6
2014-12-31 10:30:00;640.52e-6
2014-12-31 10:45:00;662.78e-6
2014-12-31 11:00:00;697.25e-6
2014-12-31 11:15:00;755.34e-6
2014-12-31 11:30:00;775.37e-6
2014-12-31 11:45:00;763.01e-6
2014-12-31 12:00:00;712.16e-6
2014-12-31 12:15:00;654.92e-6
2014-12-31 12:30:00;625.53e-6
2014-12-31 12:45:00;614.06e-6
2014-12-31 13:00:00;601.92e-6
2014-12-31 13:15:00;598.64e-6
2014-12-31 13:30:00;601.94e-6
2014-12-31 13:45:00;612.28e-6
2014-12-31 14:00:00;628.45e-6
2014-12-31 14:15:00;644.37e-6
2014-12-31 14:30:00;658.58e-6
2014-12-31 14:45:00;670.89e-6
2014-12-31 15:00:00;680.32e-6
2014-12-31 15:15:00;687.92e-6
2014-12-31 15:30:00;696.96e-6
2014-12-31 15:45:00;707.51e-6
2014-12-31 16:00:00;722.09e-6
2014-12-31 16:15:00;732.96e-6
2014-12-31 16:30:00;761.13e-6
2014-12-31 16:45:00;790.45e-6
2014-12-31 17:00:00;818.35e-6
2014-12-31 17:15:00;838.18e-6
2014-12-31 17:30:00;856.03e-6
2014-12-31 17:45:00;870.14e-6
2014-12-31 18:00:00;881.42e-6
2014-12-31 18:15:00;885.63e-6
2014-12-31 18:30:00;893.39e-6
2014-12-31 18:45:00;878.85e-6
2014-12-31 19:00:00;854.04e-6
2014-12-31 19:15:00;824.30e-6
2014-12-31 19:30:00;786.95e-6
2014-12-31 19:45:00;762.51e-6
2014-12-31 20:00:00;748.76e-6
2014-12-31 20:15:00;728.00e-6
2014-12-31 20:30:00;705.53e-6
2014-12-31 20:45:00;688.33e-6
2014-12-31 21:00:00;669.84e-6
2014-12-31 21:15:00;647.62e-6
2014-12-31 21:30:00;620.63e-6
2014-12-31 21:45:00;588.91e-6
2014-12-31 22:00:00;551.17e-6
2014-12-31 22:15:00;508.95e-6
2014-12-31 22:30:00;468.91e-6
2014-12-31 22:45:00;431.33e-6
2014-12-31 23:00:00;396.89e-6
2014-12-31 23:15:00;365.51e-6
2014-12-31 23:30:00;339.05e-6
2014-12-31 23:45:00;328.99e-6
